ISO-10303-21;
HEADER;
FILE_DESCRIPTION(('FreeCAD Model'),'2;1');
FILE_NAME('Open CASCADE Shape Model','2026-09-12T18:21:36',('Author'),(
    ''),'Open CASCADE STEP processor 7.8','FreeCAD','Unknown');
FILE_SCHEMA(('AUTOMOTIVE_DESIGN { 1 0 10303 214 1 1 1 1 }'));
ENDSEC;
DATA;
#1 = APPLICATION_PROTOCOL_DEFINITION('international standard',
  'automotive_design',2000,#2);
#2 = APPLICATION_CONTEXT(
  'core data for automotive mechanical design processes');
#3 = SHAPE_DEFINITION_REPRESENTATION(#4,#10);
#4 = PRODUCT_DEFINITION_SHAPE('','',#5);
#5 = PRODUCT_DEFINITION('design','',#6,#9);
#6 = PRODUCT_DEFINITION_FORMATION('','',#7);
#7 = PRODUCT('Fillet001','Fillet001','',(#8));
#8 = PRODUCT_CONTEXT('',#2,'mechanical');
#9 = PRODUCT_DEFINITION_CONTEXT('part definition',#2,'design');
#10 = ADVANCED_BREP_SHAPE_REPRESENTATION('',(#11,#15),#2559);
#11 = AXIS2_PLACEMENT_3D('',#12,#13,#14);
#12 = CARTESIAN_POINT('',(0.,0.,0.));
#13 = DIRECTION('',(0.,0.,1.));
#14 = DIRECTION('',(1.,0.,-0.));
#15 = MANIFOLD_SOLID_BREP('',#16);
#16 = CLOSED_SHELL('',(#17,#265,#351,#436,#521,#597,#652,#711,#1254,
    #1372,#1490,#1613,#1640,#1667,#1720,#1773,#1780,#1835,#1890,#1945,
    #2000,#2055,#2110,#2165,#2220,#2275,#2330,#2385,#2440,#2495,#2501,
    #2507,#2511,#2515,#2519,#2523,#2527,#2531,#2535,#2539,#2543,#2547,
    #2551,#2555));
#17 = ADVANCED_FACE('',(#18),#32,.T.);
#18 = FACE_BOUND('',#19,.T.);
#19 = EDGE_LOOP('',(#20,#55,#147,#175));
#20 = ORIENTED_EDGE('',*,*,#21,.T.);
#21 = EDGE_CURVE('',#22,#24,#26,.T.);
#22 = VERTEX_POINT('',#23);
#23 = CARTESIAN_POINT('',(5.,-8.881784197001E-16,3.));
#24 = VERTEX_POINT('',#25);
#25 = CARTESIAN_POINT('',(5.,-8.881784197001E-16,14.67));
#26 = SURFACE_CURVE('',#27,(#31,#43),.PCURVE_S1.);
#27 = LINE('',#28,#29);
#28 = CARTESIAN_POINT('',(5.,-8.9E-16,0.));
#29 = VECTOR('',#30,1.);
#30 = DIRECTION('',(0.,0.,1.));
#31 = PCURVE('',#32,#37);
#32 = CYLINDRICAL_SURFACE('',#33,5.);
#33 = AXIS2_PLACEMENT_3D('',#34,#35,#36);
#34 = CARTESIAN_POINT('',(5.,5.,0.));
#35 = DIRECTION('',(0.,0.,1.));
#36 = DIRECTION('',(-1.,0.,0.));
#37 = DEFINITIONAL_REPRESENTATION('',(#38),#42);
#38 = LINE('',#39,#40);
#39 = CARTESIAN_POINT('',(1.570796326795,0.));
#40 = VECTOR('',#41,1.);
#41 = DIRECTION('',(0.,1.));
#42 = ( GEOMETRIC_REPRESENTATION_CONTEXT(2) 
PARAMETRIC_REPRESENTATION_CONTEXT() REPRESENTATION_CONTEXT('2D SPACE',''
  ) );
#43 = PCURVE('',#44,#49);
#44 = PLANE('',#45);
#45 = AXIS2_PLACEMENT_3D('',#46,#47,#48);
#46 = CARTESIAN_POINT('',(0.,0.,0.));
#47 = DIRECTION('',(0.,1.,0.));
#48 = DIRECTION('',(0.,0.,1.));
#49 = DEFINITIONAL_REPRESENTATION('',(#50),#54);
#50 = LINE('',#51,#52);
#51 = CARTESIAN_POINT('',(0.,5.));
#52 = VECTOR('',#53,1.);
#53 = DIRECTION('',(1.,0.));
#54 = ( GEOMETRIC_REPRESENTATION_CONTEXT(2) 
PARAMETRIC_REPRESENTATION_CONTEXT() REPRESENTATION_CONTEXT('2D SPACE',''
  ) );
#55 = ORIENTED_EDGE('',*,*,#56,.F.);
#56 = EDGE_CURVE('',#57,#24,#59,.T.);
#57 = VERTEX_POINT('',#58);
#58 = CARTESIAN_POINT('',(-1.E-15,5.,12.67));
#59 = SURFACE_CURVE('',#60,(#75,#97),.PCURVE_S1.);
#60 = ( BOUNDED_CURVE() B_SPLINE_CURVE(13,(#61,#62,#63,#64,#65,#66,#67,
    #68,#69,#70,#71,#72,#73,#74),.UNSPECIFIED.,.F.,.F.) 
B_SPLINE_CURVE_WITH_KNOTS((14,14),(4.675286279754E-16,9.550494472593),
.PIECEWISE_BEZIER_KNOTS.) CURVE() GEOMETRIC_REPRESENTATION_ITEM() 
RATIONAL_B_SPLINE_CURVE((1.,1.,0.999999999999,1.000000000002,
    0.999999999997,1.000000000005,0.999999999994,1.000000000006,
    0.999999999995,1.000000000003,0.999999999999,1.000000000001,1.,1.)) 
REPRESENTATION_ITEM('') );
#61 = CARTESIAN_POINT('',(-8.881784197001E-16,5.,12.67));
#62 = CARTESIAN_POINT('',(4.218847493576E-13,4.136929046208,
    13.015228381517));
#63 = CARTESIAN_POINT('',(0.160625216669,3.273698583789,13.360760234555)
  );
#64 = CARTESIAN_POINT('',(0.489933848461,2.451070246659,13.685234825555)
  );
#65 = CARTESIAN_POINT('',(0.933283714607,1.703332362663,13.983722428158)
  );
#66 = CARTESIAN_POINT('',(1.601143953675,1.076512060952,14.201466917745)
  );
#67 = CARTESIAN_POINT('',(2.132795994635,0.605768062794,14.391134483505)
  );
#68 = CARTESIAN_POINT('',(3.00417342379,0.242397742585,14.489098234927)
  );
#69 = CARTESIAN_POINT('',(3.505837703557,0.20176604704,14.453823595446)
  );
#70 = CARTESIAN_POINT('',(3.916098116205,6.711506842662E-02,
    14.560271636705));
#71 = CARTESIAN_POINT('',(4.24934123153,4.204509375488E-02,
    14.599453188526));
#72 = CARTESIAN_POINT('',(4.516281304807,1.212422479866E-02,
    14.64841115013));
#73 = CARTESIAN_POINT('',(4.758340132939,1.456612608308E-13,14.67));
#74 = CARTESIAN_POINT('',(5.,-8.881784197001E-16,14.67));
#75 = PCURVE('',#32,#76);
#76 = DEFINITIONAL_REPRESENTATION('',(#77),#96);
#77 = B_SPLINE_CURVE_WITH_KNOTS('',9,(#78,#79,#80,#81,#82,#83,#84,#85,
    #86,#87,#88,#89,#90,#91,#92,#93,#94,#95),.UNSPECIFIED.,.F.,.F.,(10,8
    ,10),(4.675286279754E-16,4.775247236297,9.550494472593),
  .UNSPECIFIED.);
#78 = CARTESIAN_POINT('',(-6.661338147751E-16,12.67));
#79 = CARTESIAN_POINT('',(0.124665804436,12.919331608874));
#80 = CARTESIAN_POINT('',(0.249337623956,13.168665811815));
#81 = CARTESIAN_POINT('',(0.373434200592,13.41014648126));
#82 = CARTESIAN_POINT('',(0.496464951725,13.635935317344));
#83 = CARTESIAN_POINT('',(0.617620671998,13.838787599406));
#84 = CARTESIAN_POINT('',(0.735856950192,14.012009765675));
#85 = CARTESIAN_POINT('',(0.849415077472,14.151730629965));
#86 = CARTESIAN_POINT('',(0.955405703153,14.260161028959));
#87 = CARTESIAN_POINT('',(1.148116244502,14.428358326889));
#88 = CARTESIAN_POINT('',(1.234843337201,14.487939928721));
#89 = CARTESIAN_POINT('',(1.309797628045,14.530437803452));
#90 = CARTESIAN_POINT('',(1.371911213188,14.562283717602));
#91 = CARTESIAN_POINT('',(1.421022542955,14.602153183075));
#92 = CARTESIAN_POINT('',(1.463809042889,14.633394810779));
#93 = CARTESIAN_POINT('',(1.500941696741,14.658147265229));
#94 = CARTESIAN_POINT('',(1.535889901553,14.669999999998));
#95 = CARTESIAN_POINT('',(1.570796326795,14.67));
#96 = ( GEOMETRIC_REPRESENTATION_CONTEXT(2) 
PARAMETRIC_REPRESENTATION_CONTEXT() REPRESENTATION_CONTEXT('2D SPACE',''
  ) );
#97 = PCURVE('',#98,#141);
#98 = ( BOUNDED_SURFACE() B_SPLINE_SURFACE(2,13,(
    (#99,#100,#101,#102,#103,#104,#105,#106,#107,#108,#109,#110,#111
      ,#112)
    ,(#113,#114,#115,#116,#117,#118,#119,#120,#121,#122,#123,#124,#125
      ,#126)
    ,(#127,#128,#129,#130,#131,#132,#133,#134,#135,#136,#137,#138,#139
,#140
    )),.UNSPECIFIED.,.F.,.F.,.F.) B_SPLINE_SURFACE_WITH_KNOTS((3,3),(14,
    14),(0.,9.550494472593),(4.675286279754E-16,9.550494472593),
.PIECEWISE_BEZIER_KNOTS.) GEOMETRIC_REPRESENTATION_ITEM() 
RATIONAL_B_SPLINE_SURFACE((
    (1.,1.,0.999999999999,1.000000000002,0.999999999997,1.000000000005
      ,0.999999999994,1.000000000006,0.999999999995,1.000000000003
      ,0.999999999999,1.000000000001,1.,1.)
    ,(1.,1.000000001819,0.984003347848,0.950503138067,0.909348422316
      ,0.838454077323,0.806054471318,0.713965112395,0.704492105611
      ,0.697408859031,0.700137751864,0.704922579538,0.707106781186
      ,0.707106781187)
    ,(1.,1.,0.999999999999,1.000000000002,0.999999999997,1.000000000005
      ,0.999999999994,1.000000000006,0.999999999995,1.000000000003
,0.999999999999,1.000000000001,1.,1.
  ))) REPRESENTATION_ITEM('') SURFACE() );
#99 = CARTESIAN_POINT('',(-8.881784197001E-16,5.,12.67));
#100 = CARTESIAN_POINT('',(4.218847493576E-13,4.136929046208,
    13.015228381517));
#101 = CARTESIAN_POINT('',(0.160625216669,3.273698583789,13.360760234555
    ));
#102 = CARTESIAN_POINT('',(0.489933848461,2.451070246659,13.685234825555
    ));
#103 = CARTESIAN_POINT('',(0.933283714607,1.703332362663,13.983722428158
    ));
#104 = CARTESIAN_POINT('',(1.601143953675,1.076512060952,14.201466917745
    ));
#105 = CARTESIAN_POINT('',(2.132795994635,0.605768062794,14.391134483505
    ));
#106 = CARTESIAN_POINT('',(3.00417342379,0.242397742585,14.489098234927)
  );
#107 = CARTESIAN_POINT('',(3.505837703557,0.20176604704,14.453823595446)
  );
#108 = CARTESIAN_POINT('',(3.916098116205,6.711506842662E-02,
    14.560271636705));
#109 = CARTESIAN_POINT('',(4.24934123153,4.204509375488E-02,
    14.599453188526));
#110 = CARTESIAN_POINT('',(4.516281304807,1.212422479866E-02,
    14.64841115013));
#111 = CARTESIAN_POINT('',(4.758340132939,1.456612608308E-13,14.67));
#112 = CARTESIAN_POINT('',(5.,-8.881784197001E-16,14.67));
#113 = CARTESIAN_POINT('',(-8.881784197001E-16,5.,12.67));
#114 = CARTESIAN_POINT('',(1.09128572845E-08,4.395850333445,
    13.274149666555));
#115 = CARTESIAN_POINT('',(6.662833878277E-02,3.771526505998,
    13.898473494003));
#116 = CARTESIAN_POINT('',(0.196002846429,3.142297987867,14.52770201213)
  );
#117 = CARTESIAN_POINT('',(0.444905365012,2.513559712267,15.156440287739
    ));
#118 = CARTESIAN_POINT('',(0.634203458464,1.939591108857,15.73040889113)
  );
#119 = CARTESIAN_POINT('',(1.145497681989,1.391891863425,16.278108136591
    ));
#120 = CARTESIAN_POINT('',(1.35578881713,0.940644249221,16.729355750762)
  );
#121 = CARTESIAN_POINT('',(1.865582725945,0.573368050855,17.096631949158
    ));
#122 = CARTESIAN_POINT('',(2.543536219691,0.324677836355,17.345322163637
    ));
#123 = CARTESIAN_POINT('',(3.157825007747,0.15216050564,17.517839494364)
  );
#124 = CARTESIAN_POINT('',(3.788664815753,5.095947307995E-02,
    17.619040526919));
#125 = CARTESIAN_POINT('',(4.395850332347,-2.442490654175E-14,17.67));
#126 = CARTESIAN_POINT('',(5.,0.,17.67));
#127 = CARTESIAN_POINT('',(-8.881784197001E-16,5.,12.67));
#128 = CARTESIAN_POINT('',(3.392841563254E-13,4.654771618484,
    13.533070953791));
#129 = CARTESIAN_POINT('',(0.16062521667,4.309239765445,14.396301416211)
  );
#130 = CARTESIAN_POINT('',(0.489933848459,3.984765174446,15.218929753339
    ));
#131 = CARTESIAN_POINT('',(0.93328371461,3.686277571841,15.96666763734)
  );
#132 = CARTESIAN_POINT('',(1.601143953671,3.468533082256,16.593487939042
    ));
#133 = CARTESIAN_POINT('',(2.13279599464,3.278865516494,17.064231937213)
  );
#134 = CARTESIAN_POINT('',(3.004173423784,3.180901765074,17.427602257408
    ));
#135 = CARTESIAN_POINT('',(3.505837703561,3.216176404554,17.468233952965
    ));
#136 = CARTESIAN_POINT('',(3.916098116202,3.109728363296,17.602884931571
    ));
#137 = CARTESIAN_POINT('',(4.249341231531,3.070546811473,17.627954906246
    ));
#138 = CARTESIAN_POINT('',(4.516281304806,3.02158884987,17.657875775201)
  );
#139 = CARTESIAN_POINT('',(4.758340132939,3.,17.67));
#140 = CARTESIAN_POINT('',(5.,3.,17.67));
#141 = DEFINITIONAL_REPRESENTATION('',(#142),#146);
#142 = LINE('',#143,#144);
#143 = CARTESIAN_POINT('',(0.,0.));
#144 = VECTOR('',#145,1.);
#145 = DIRECTION('',(0.,1.));
#146 = ( GEOMETRIC_REPRESENTATION_CONTEXT(2) 
PARAMETRIC_REPRESENTATION_CONTEXT() REPRESENTATION_CONTEXT('2D SPACE',''
  ) );
#147 = ORIENTED_EDGE('',*,*,#148,.F.);
#148 = EDGE_CURVE('',#149,#57,#151,.T.);
#149 = VERTEX_POINT('',#150);
#150 = CARTESIAN_POINT('',(-1.E-15,5.,5.));
#151 = SURFACE_CURVE('',#152,(#156,#163),.PCURVE_S1.);
#152 = LINE('',#153,#154);
#153 = CARTESIAN_POINT('',(-8.9E-16,5.,0.));
#154 = VECTOR('',#155,1.);
#155 = DIRECTION('',(0.,0.,1.));
#156 = PCURVE('',#32,#157);
#157 = DEFINITIONAL_REPRESENTATION('',(#158),#162);
#158 = LINE('',#159,#160);
#159 = CARTESIAN_POINT('',(0.,0.));
#160 = VECTOR('',#161,1.);
#161 = DIRECTION('',(0.,1.));
#162 = ( GEOMETRIC_REPRESENTATION_CONTEXT(2) 
PARAMETRIC_REPRESENTATION_CONTEXT() REPRESENTATION_CONTEXT('2D SPACE',''
  ) );
#163 = PCURVE('',#164,#169);
#164 = PLANE('',#165);
#165 = AXIS2_PLACEMENT_3D('',#166,#167,#168);
#166 = CARTESIAN_POINT('',(0.,0.,0.));
#167 = DIRECTION('',(1.,0.,0.));
#168 = DIRECTION('',(0.,0.,1.));
#169 = DEFINITIONAL_REPRESENTATION('',(#170),#174);
#170 = LINE('',#171,#172);
#171 = CARTESIAN_POINT('',(0.,-5.));
#172 = VECTOR('',#173,1.);
#173 = DIRECTION('',(1.,0.));
#174 = ( GEOMETRIC_REPRESENTATION_CONTEXT(2) 
PARAMETRIC_REPRESENTATION_CONTEXT() REPRESENTATION_CONTEXT('2D SPACE',''
  ) );
#175 = ORIENTED_EDGE('',*,*,#176,.T.);
#176 = EDGE_CURVE('',#149,#22,#177,.T.);
#177 = SURFACE_CURVE('',#178,(#193,#215),.PCURVE_S1.);
#178 = ( BOUNDED_CURVE() B_SPLINE_CURVE(13,(#179,#180,#181,#182,#183,
    #184,#185,#186,#187,#188,#189,#190,#191,#192),.UNSPECIFIED.,.F.,.F.)
 B_SPLINE_CURVE_WITH_KNOTS((14,14),(0.,9.550494472593),
.PIECEWISE_BEZIER_KNOTS.) CURVE() GEOMETRIC_REPRESENTATION_ITEM() 
RATIONAL_B_SPLINE_CURVE((1.,1.,1.000000000001,0.999999999997,
    1.000000000005,0.999999999992,1.000000000009,0.999999999991,
    1.000000000007,0.999999999996,1.000000000002,0.999999999999,1.,1.)) 
REPRESENTATION_ITEM('') );
#179 = CARTESIAN_POINT('',(-8.881784197001E-16,5.,5.));
#180 = CARTESIAN_POINT('',(-4.476419235289E-13,4.136929046209,
    4.654771618484));
#181 = CARTESIAN_POINT('',(0.160625216673,3.273698583786,4.309239765443)
  );
#182 = CARTESIAN_POINT('',(0.489933848452,2.451070246666,3.984765174449)
  );
#183 = CARTESIAN_POINT('',(0.933283714622,1.703332362655,3.686277571837)
  );
#184 = CARTESIAN_POINT('',(1.601143953662,1.076512060957,3.468533082258)
  );
#185 = CARTESIAN_POINT('',(2.132795994642,0.605768062796,3.278865516493)
  );
#186 = CARTESIAN_POINT('',(3.004173423795,0.242397742578,3.180901765073)
  );
#187 = CARTESIAN_POINT('',(3.505837703546,0.201766047047,3.216176404554)
  );
#188 = CARTESIAN_POINT('',(3.916098116215,6.711506842065E-02,
    3.109728363295));
#189 = CARTESIAN_POINT('',(4.249341231524,4.204509375808E-02,
    3.070546811474));
#190 = CARTESIAN_POINT('',(4.516281304809,1.212422479743E-02,
    3.02158884987));
#191 = CARTESIAN_POINT('',(4.758340132938,4.223288385674E-13,3.));
#192 = CARTESIAN_POINT('',(5.,-8.881784197001E-16,3.));
#193 = PCURVE('',#32,#194);
#194 = DEFINITIONAL_REPRESENTATION('',(#195),#214);
#195 = B_SPLINE_CURVE_WITH_KNOTS('',9,(#196,#197,#198,#199,#200,#201,
    #202,#203,#204,#205,#206,#207,#208,#209,#210,#211,#212,#213),
  .UNSPECIFIED.,.F.,.F.,(10,8,10),(0.,4.775247236297,9.550494472593),
  .UNSPECIFIED.);
#196 = CARTESIAN_POINT('',(4.440892098501E-16,5.));
#197 = CARTESIAN_POINT('',(0.124665804436,4.750668391127));
#198 = CARTESIAN_POINT('',(0.249337623957,4.501334188184));
#199 = CARTESIAN_POINT('',(0.373434200592,4.259853518741));
#200 = CARTESIAN_POINT('',(0.496464951725,4.034064682657));
#201 = CARTESIAN_POINT('',(0.617620671998,3.831212400591));
#202 = CARTESIAN_POINT('',(0.735856950192,3.657990234327));
#203 = CARTESIAN_POINT('',(0.849415077472,3.518269370034));
#204 = CARTESIAN_POINT('',(0.955405703153,3.409838971041));
#205 = CARTESIAN_POINT('',(1.148116244502,3.241641673111));
#206 = CARTESIAN_POINT('',(1.234843337202,3.182060071278));
#207 = CARTESIAN_POINT('',(1.309797628042,3.139562196548));
#208 = CARTESIAN_POINT('',(1.371911213196,3.107716282397));
#209 = CARTESIAN_POINT('',(1.421022542944,3.067846816929));
#210 = CARTESIAN_POINT('',(1.463809042899,3.036605189216));
#211 = CARTESIAN_POINT('',(1.500941696736,3.011852734775));
#212 = CARTESIAN_POINT('',(1.535889901553,3.));
#213 = CARTESIAN_POINT('',(1.570796326795,3.));
#214 = ( GEOMETRIC_REPRESENTATION_CONTEXT(2) 
PARAMETRIC_REPRESENTATION_CONTEXT() REPRESENTATION_CONTEXT('2D SPACE',''
  ) );
#215 = PCURVE('',#216,#259);
#216 = ( BOUNDED_SURFACE() B_SPLINE_SURFACE(2,13,(
    (#217,#218,#219,#220,#221,#222,#223,#224,#225,#226,#227,#228,#229
      ,#230)
    ,(#231,#232,#233,#234,#235,#236,#237,#238,#239,#240,#241,#242,#243
      ,#244)
    ,(#245,#246,#247,#248,#249,#250,#251,#252,#253,#254,#255,#256,#257
,#258
    )),.UNSPECIFIED.,.F.,.F.,.F.) B_SPLINE_SURFACE_WITH_KNOTS((3,3),(14,
    14),(0.,9.550494472593),(0.,9.550494472593),
.PIECEWISE_BEZIER_KNOTS.) GEOMETRIC_REPRESENTATION_ITEM() 
RATIONAL_B_SPLINE_SURFACE((
    (1.,1.,1.000000000001,0.999999999997,1.000000000005,0.999999999992
      ,1.000000000009,0.999999999991,1.000000000007,0.999999999996
      ,1.000000000002,0.999999999999,1.,1.)
    ,(1.,1.,0.984003358459,0.950503104209,0.909348494547,0.838453966971
      ,0.806054595466,0.713965008936,0.704492168675,0.69740883194
      ,0.700137759391,0.704922578476,0.707106781187,0.707106781187)
    ,(1.,1.,1.000000000001,0.999999999997,1.000000000005,0.999999999992
      ,1.000000000009,0.999999999991,1.000000000007,0.999999999996
,1.000000000002,0.999999999999,1.,1.
  ))) REPRESENTATION_ITEM('') SURFACE() );
#217 = CARTESIAN_POINT('',(-8.881784197001E-16,5.,5.));
#218 = CARTESIAN_POINT('',(-4.476419235289E-13,4.136929046209,
    4.654771618484));
#219 = CARTESIAN_POINT('',(0.160625216673,3.273698583786,4.309239765443)
  );
#220 = CARTESIAN_POINT('',(0.489933848452,2.451070246666,3.984765174449)
  );
#221 = CARTESIAN_POINT('',(0.933283714622,1.703332362655,3.686277571837)
  );
#222 = CARTESIAN_POINT('',(1.601143953662,1.076512060957,3.468533082258)
  );
#223 = CARTESIAN_POINT('',(2.132795994642,0.605768062796,3.278865516493)
  );
#224 = CARTESIAN_POINT('',(3.004173423795,0.242397742578,3.180901765073)
  );
#225 = CARTESIAN_POINT('',(3.505837703546,0.201766047047,3.216176404554)
  );
#226 = CARTESIAN_POINT('',(3.916098116215,6.711506842065E-02,
    3.109728363295));
#227 = CARTESIAN_POINT('',(4.249341231524,4.204509375808E-02,
    3.070546811474));
#228 = CARTESIAN_POINT('',(4.516281304809,1.212422479743E-02,
    3.02158884987));
#229 = CARTESIAN_POINT('',(4.758340132938,4.223288385674E-13,3.));
#230 = CARTESIAN_POINT('',(5.,-8.881784197001E-16,3.));
#231 = CARTESIAN_POINT('',(-1.7763568394E-15,5.,5.));
#232 = CARTESIAN_POINT('',(-2.78443934576E-13,4.395850332347,
    4.395850332347));
#233 = CARTESIAN_POINT('',(6.662840275862E-02,3.771526519241,
    3.771526519241));
#234 = CARTESIAN_POINT('',(0.196002639702,3.142297921707,3.142297921707)
  );
#235 = CARTESIAN_POINT('',(0.444905806216,2.513559909738,2.513559909739)
  );
#236 = CARTESIAN_POINT('',(0.634202752321,1.939590706115,1.939590706113)
  );
#237 = CARTESIAN_POINT('',(1.145498429584,1.391892419079,1.391892419081)
  );
#238 = CARTESIAN_POINT('',(1.35578814425,0.94064366106,0.940643661058));
#239 = CARTESIAN_POINT('',(1.865583095961,0.573368447055,0.573368447057)
  );
#240 = CARTESIAN_POINT('',(2.543536085475,0.324677654775,0.324677654775)
  );
#241 = CARTESIAN_POINT('',(3.157825038277,0.152160557741,0.152160557741)
  );
#242 = CARTESIAN_POINT('',(3.78866481243,5.095946562738E-02,
    5.095946562756E-02));
#243 = CARTESIAN_POINT('',(4.395850332346,8.704148513061E-13,
    8.131273432355E-13));
#244 = CARTESIAN_POINT('',(5.,-4.440892098501E-16,-8.881784197001E-16));
#245 = CARTESIAN_POINT('',(-8.881784197001E-16,5.,5.));
#246 = CARTESIAN_POINT('',(-4.014566457045E-13,4.654771618484,
    4.136929046209));
#247 = CARTESIAN_POINT('',(0.160625216673,4.309239765443,3.273698583786)
  );
#248 = CARTESIAN_POINT('',(0.489933848452,3.98476517445,2.451070246665)
  );
#249 = CARTESIAN_POINT('',(0.933283714621,3.686277571834,1.703332362658)
  );
#250 = CARTESIAN_POINT('',(1.601143953663,3.468533082264,1.076512060953)
  );
#251 = CARTESIAN_POINT('',(2.13279599464,3.278865516487,0.6057680628));
#252 = CARTESIAN_POINT('',(3.004173423797,3.180901765079,0.242397742574)
  );
#253 = CARTESIAN_POINT('',(3.505837703545,3.21617640455,0.201766047049)
  );
#254 = CARTESIAN_POINT('',(3.916098116215,3.109728363297,
    6.711506842006E-02));
#255 = CARTESIAN_POINT('',(4.249341231524,3.070546811473,
    4.204509375811E-02));
#256 = CARTESIAN_POINT('',(4.516281304809,3.02158884987,
    1.212422479749E-02));
#257 = CARTESIAN_POINT('',(4.758340132938,3.,3.979039320257E-13));
#258 = CARTESIAN_POINT('',(5.,3.,-8.881784197001E-16));
#259 = DEFINITIONAL_REPRESENTATION('',(#260),#264);
#260 = LINE('',#261,#262);
#261 = CARTESIAN_POINT('',(0.,0.));
#262 = VECTOR('',#263,1.);
#263 = DIRECTION('',(0.,1.));
#264 = ( GEOMETRIC_REPRESENTATION_CONTEXT(2) 
PARAMETRIC_REPRESENTATION_CONTEXT() REPRESENTATION_CONTEXT('2D SPACE',''
  ) );
#265 = ADVANCED_FACE('',(#266),#44,.F.);
#266 = FACE_BOUND('',#267,.F.);
#267 = EDGE_LOOP('',(#268,#269,#297,#325));
#268 = ORIENTED_EDGE('',*,*,#21,.T.);
#269 = ORIENTED_EDGE('',*,*,#270,.T.);
#270 = EDGE_CURVE('',#24,#271,#273,.T.);
#271 = VERTEX_POINT('',#272);
#272 = CARTESIAN_POINT('',(19.8,-4.440892098501E-16,14.67));
#273 = SURFACE_CURVE('',#274,(#278,#285),.PCURVE_S1.);
#274 = LINE('',#275,#276);
#275 = CARTESIAN_POINT('',(5.,-4.440892098501E-16,14.67));
#276 = VECTOR('',#277,1.);
#277 = DIRECTION('',(1.,0.,0.));
#278 = PCURVE('',#44,#279);
#279 = DEFINITIONAL_REPRESENTATION('',(#280),#284);
#280 = LINE('',#281,#282);
#281 = CARTESIAN_POINT('',(14.67,5.));
#282 = VECTOR('',#283,1.);
#283 = DIRECTION('',(0.,1.));
#284 = ( GEOMETRIC_REPRESENTATION_CONTEXT(2) 
PARAMETRIC_REPRESENTATION_CONTEXT() REPRESENTATION_CONTEXT('2D SPACE',''
  ) );
#285 = PCURVE('',#286,#291);
#286 = CYLINDRICAL_SURFACE('',#287,3.);
#287 = AXIS2_PLACEMENT_3D('',#288,#289,#290);
#288 = CARTESIAN_POINT('',(5.,3.,14.67));
#289 = DIRECTION('',(1.,0.,0.));
#290 = DIRECTION('',(0.,-1.,0.));
#291 = DEFINITIONAL_REPRESENTATION('',(#292),#296);
#292 = LINE('',#293,#294);
#293 = CARTESIAN_POINT('',(-0.,0.));
#294 = VECTOR('',#295,1.);
#295 = DIRECTION('',(-0.,1.));
#296 = ( GEOMETRIC_REPRESENTATION_CONTEXT(2) 
PARAMETRIC_REPRESENTATION_CONTEXT() REPRESENTATION_CONTEXT('2D SPACE',''
  ) );
#297 = ORIENTED_EDGE('',*,*,#298,.F.);
#298 = EDGE_CURVE('',#299,#271,#301,.T.);
#299 = VERTEX_POINT('',#300);
#300 = CARTESIAN_POINT('',(19.8,-4.440892098501E-16,3.));
#301 = SURFACE_CURVE('',#302,(#306,#313),.PCURVE_S1.);
#302 = LINE('',#303,#304);
#303 = CARTESIAN_POINT('',(19.8,0.,0.));
#304 = VECTOR('',#305,1.);
#305 = DIRECTION('',(0.,0.,1.));
#306 = PCURVE('',#44,#307);
#307 = DEFINITIONAL_REPRESENTATION('',(#308),#312);
#308 = LINE('',#309,#310);
#309 = CARTESIAN_POINT('',(0.,19.8));
#310 = VECTOR('',#311,1.);
#311 = DIRECTION('',(1.,0.));
#312 = ( GEOMETRIC_REPRESENTATION_CONTEXT(2) 
PARAMETRIC_REPRESENTATION_CONTEXT() REPRESENTATION_CONTEXT('2D SPACE',''
  ) );
#313 = PCURVE('',#314,#319);
#314 = PLANE('',#315);
#315 = AXIS2_PLACEMENT_3D('',#316,#317,#318);
#316 = CARTESIAN_POINT('',(19.8,0.,0.));
#317 = DIRECTION('',(1.,0.,0.));
#318 = DIRECTION('',(0.,0.,1.));
#319 = DEFINITIONAL_REPRESENTATION('',(#320),#324);
#320 = LINE('',#321,#322);
#321 = CARTESIAN_POINT('',(0.,0.));
#322 = VECTOR('',#323,1.);
#323 = DIRECTION('',(1.,0.));
#324 = ( GEOMETRIC_REPRESENTATION_CONTEXT(2) 
PARAMETRIC_REPRESENTATION_CONTEXT() REPRESENTATION_CONTEXT('2D SPACE',''
  ) );
#325 = ORIENTED_EDGE('',*,*,#326,.F.);
#326 = EDGE_CURVE('',#22,#299,#327,.T.);
#327 = SURFACE_CURVE('',#328,(#332,#339),.PCURVE_S1.);
#328 = LINE('',#329,#330);
#329 = CARTESIAN_POINT('',(5.,-4.440892098501E-16,3.));
#330 = VECTOR('',#331,1.);
#331 = DIRECTION('',(1.,0.,0.));
#332 = PCURVE('',#44,#333);
#333 = DEFINITIONAL_REPRESENTATION('',(#334),#338);
#334 = LINE('',#335,#336);
#335 = CARTESIAN_POINT('',(3.,5.));
#336 = VECTOR('',#337,1.);
#337 = DIRECTION('',(0.,1.));
#338 = ( GEOMETRIC_REPRESENTATION_CONTEXT(2) 
PARAMETRIC_REPRESENTATION_CONTEXT() REPRESENTATION_CONTEXT('2D SPACE',''
  ) );
#339 = PCURVE('',#340,#345);
#340 = CYLINDRICAL_SURFACE('',#341,3.);
#341 = AXIS2_PLACEMENT_3D('',#342,#343,#344);
#342 = CARTESIAN_POINT('',(5.,3.,3.));
#343 = DIRECTION('',(1.,0.,0.));
#344 = DIRECTION('',(0.,-1.,0.));
#345 = DEFINITIONAL_REPRESENTATION('',(#346),#350);
#346 = LINE('',#347,#348);
#347 = CARTESIAN_POINT('',(0.,0.));
#348 = VECTOR('',#349,1.);
#349 = DIRECTION('',(0.,1.));
#350 = ( GEOMETRIC_REPRESENTATION_CONTEXT(2) 
PARAMETRIC_REPRESENTATION_CONTEXT() REPRESENTATION_CONTEXT('2D SPACE',''
  ) );
#351 = ADVANCED_FACE('',(#352),#216,.T.);
#352 = FACE_BOUND('',#353,.T.);
#353 = EDGE_LOOP('',(#354,#408,#435));
#354 = ORIENTED_EDGE('',*,*,#355,.T.);
#355 = EDGE_CURVE('',#149,#356,#358,.T.);
#356 = VERTEX_POINT('',#357);
#357 = CARTESIAN_POINT('',(5.,3.,-8.881784197001E-16));
#358 = SURFACE_CURVE('',#359,(#374,#381),.PCURVE_S1.);
#359 = ( BOUNDED_CURVE() B_SPLINE_CURVE(13,(#360,#361,#362,#363,#364,
    #365,#366,#367,#368,#369,#370,#371,#372,#373),.UNSPECIFIED.,.F.,.F.)
 B_SPLINE_CURVE_WITH_KNOTS((14,14),(0.,9.550494472593),
.PIECEWISE_BEZIER_KNOTS.) CURVE() GEOMETRIC_REPRESENTATION_ITEM() 
RATIONAL_B_SPLINE_CURVE((1.,1.,1.000000000001,0.999999999997,
    1.000000000005,0.999999999992,1.000000000009,0.999999999991,
    1.000000000007,0.999999999996,1.000000000002,0.999999999999,1.,1.)) 
REPRESENTATION_ITEM('') );
#360 = CARTESIAN_POINT('',(-8.881784197001E-16,5.,5.));
#361 = CARTESIAN_POINT('',(-4.014566457045E-13,4.654771618484,
    4.136929046209));
#362 = CARTESIAN_POINT('',(0.160625216673,4.309239765443,3.273698583786)
  );
#363 = CARTESIAN_POINT('',(0.489933848452,3.98476517445,2.451070246665)
  );
#364 = CARTESIAN_POINT('',(0.933283714621,3.686277571834,1.703332362658)
  );
#365 = CARTESIAN_POINT('',(1.601143953663,3.468533082264,1.076512060953)
  );
#366 = CARTESIAN_POINT('',(2.13279599464,3.278865516487,0.6057680628));
#367 = CARTESIAN_POINT('',(3.004173423797,3.180901765079,0.242397742574)
  );
#368 = CARTESIAN_POINT('',(3.505837703545,3.21617640455,0.201766047049)
  );
#369 = CARTESIAN_POINT('',(3.916098116215,3.109728363297,
    6.711506842006E-02));
#370 = CARTESIAN_POINT('',(4.249341231524,3.070546811473,
    4.204509375811E-02));
#371 = CARTESIAN_POINT('',(4.516281304809,3.02158884987,
    1.212422479749E-02));
#372 = CARTESIAN_POINT('',(4.758340132938,3.,3.979039320257E-13));
#373 = CARTESIAN_POINT('',(5.,3.,-8.881784197001E-16));
#374 = PCURVE('',#216,#375);
#375 = DEFINITIONAL_REPRESENTATION('',(#376),#380);
#376 = LINE('',#377,#378);
#377 = CARTESIAN_POINT('',(9.550494472593,0.));
#378 = VECTOR('',#379,1.);
#379 = DIRECTION('',(0.,1.));
#380 = ( GEOMETRIC_REPRESENTATION_CONTEXT(2) 
PARAMETRIC_REPRESENTATION_CONTEXT() REPRESENTATION_CONTEXT('2D SPACE',''
  ) );
#381 = PCURVE('',#382,#387);
#382 = CYLINDRICAL_SURFACE('',#383,5.);
#383 = AXIS2_PLACEMENT_3D('',#384,#385,#386);
#384 = CARTESIAN_POINT('',(5.,0.,5.));
#385 = DIRECTION('',(0.,1.,0.));
#386 = DIRECTION('',(-1.,0.,0.));
#387 = DEFINITIONAL_REPRESENTATION('',(#388),#407);
#388 = B_SPLINE_CURVE_WITH_KNOTS('',9,(#389,#390,#391,#392,#393,#394,
    #395,#396,#397,#398,#399,#400,#401,#402,#403,#404,#405,#406),
  .UNSPECIFIED.,.F.,.F.,(10,8,10),(0.,4.775247236297,9.550494472593),
  .UNSPECIFIED.);
#389 = CARTESIAN_POINT('',(-4.440892098501E-16,5.));
#390 = CARTESIAN_POINT('',(-0.124665804436,4.750668391127));
#391 = CARTESIAN_POINT('',(-0.249337623957,4.501334188184));
#392 = CARTESIAN_POINT('',(-0.373434200592,4.259853518741));
#393 = CARTESIAN_POINT('',(-0.496464951725,4.034064682656));
#394 = CARTESIAN_POINT('',(-0.617620671998,3.831212400592));
#395 = CARTESIAN_POINT('',(-0.735856950192,3.657990234326));
#396 = CARTESIAN_POINT('',(-0.849415077472,3.518269370034));
#397 = CARTESIAN_POINT('',(-0.955405703153,3.40983897104));
#398 = CARTESIAN_POINT('',(-1.148116244502,3.241641673111));
#399 = CARTESIAN_POINT('',(-1.234843337204,3.182060071277));
#400 = CARTESIAN_POINT('',(-1.309797628033,3.139562196552));
#401 = CARTESIAN_POINT('',(-1.371911213216,3.107716282387));
#402 = CARTESIAN_POINT('',(-1.421022542918,3.067846816941));
#403 = CARTESIAN_POINT('',(-1.463809042919,3.036605189207));
#404 = CARTESIAN_POINT('',(-1.500941696727,3.011852734779));
#405 = CARTESIAN_POINT('',(-1.535889901553,3.));
#406 = CARTESIAN_POINT('',(-1.570796326795,3.));
#407 = ( GEOMETRIC_REPRESENTATION_CONTEXT(2) 
PARAMETRIC_REPRESENTATION_CONTEXT() REPRESENTATION_CONTEXT('2D SPACE',''
  ) );
#408 = ORIENTED_EDGE('',*,*,#409,.F.);
#409 = EDGE_CURVE('',#22,#356,#410,.T.);
#410 = SURFACE_CURVE('',#411,(#415,#421),.PCURVE_S1.);
#411 = ( BOUNDED_CURVE() B_SPLINE_CURVE(2,(#412,#413,#414),
.UNSPECIFIED.,.F.,.F.) B_SPLINE_CURVE_WITH_KNOTS((3,3),(0.,
9.550494472593),.PIECEWISE_BEZIER_KNOTS.) CURVE() 
GEOMETRIC_REPRESENTATION_ITEM() RATIONAL_B_SPLINE_CURVE((1.,
0.707106781187,1.)) REPRESENTATION_ITEM('') );
#412 = CARTESIAN_POINT('',(5.,-8.881784197001E-16,3.));
#413 = CARTESIAN_POINT('',(5.,-4.440892098501E-16,-8.881784197001E-16));
#414 = CARTESIAN_POINT('',(5.,3.,-8.881784197001E-16));
#415 = PCURVE('',#216,#416);
#416 = DEFINITIONAL_REPRESENTATION('',(#417),#420);
#417 = B_SPLINE_CURVE_WITH_KNOTS('',1,(#418,#419),.UNSPECIFIED.,.F.,.F.,
  (2,2),(0.,9.550494472593),.PIECEWISE_BEZIER_KNOTS.);
#418 = CARTESIAN_POINT('',(0.,9.550494472593));
#419 = CARTESIAN_POINT('',(9.550494472593,9.550494472593));
#420 = ( GEOMETRIC_REPRESENTATION_CONTEXT(2) 
PARAMETRIC_REPRESENTATION_CONTEXT() REPRESENTATION_CONTEXT('2D SPACE',''
  ) );
#421 = PCURVE('',#340,#422);
#422 = DEFINITIONAL_REPRESENTATION('',(#423),#434);
#423 = B_SPLINE_CURVE_WITH_KNOTS('',9,(#424,#425,#426,#427,#428,#429,
    #430,#431,#432,#433),.UNSPECIFIED.,.F.,.F.,(10,10),(0.,
    9.550494472593),.PIECEWISE_BEZIER_KNOTS.);
#424 = CARTESIAN_POINT('',(0.,0.));
#425 = CARTESIAN_POINT('',(0.157134840264,0.));
#426 = CARTESIAN_POINT('',(0.325774875486,0.));
#427 = CARTESIAN_POINT('',(0.504565887826,0.));
#428 = CARTESIAN_POINT('',(0.690745646465,0.));
#429 = CARTESIAN_POINT('',(0.88005068033,0.));
#430 = CARTESIAN_POINT('',(1.066230438969,0.));
#431 = CARTESIAN_POINT('',(1.245021451308,0.));
#432 = CARTESIAN_POINT('',(1.413661486531,0.));
#433 = CARTESIAN_POINT('',(1.570796326795,0.));
#434 = ( GEOMETRIC_REPRESENTATION_CONTEXT(2) 
PARAMETRIC_REPRESENTATION_CONTEXT() REPRESENTATION_CONTEXT('2D SPACE',''
  ) );
#435 = ORIENTED_EDGE('',*,*,#176,.F.);
#436 = ADVANCED_FACE('',(#437),#98,.F.);
#437 = FACE_BOUND('',#438,.F.);
#438 = EDGE_LOOP('',(#439,#493,#520));
#439 = ORIENTED_EDGE('',*,*,#440,.T.);
#440 = EDGE_CURVE('',#57,#441,#443,.T.);
#441 = VERTEX_POINT('',#442);
#442 = CARTESIAN_POINT('',(5.,3.,17.67));
#443 = SURFACE_CURVE('',#444,(#459,#466),.PCURVE_S1.);
#444 = ( BOUNDED_CURVE() B_SPLINE_CURVE(13,(#445,#446,#447,#448,#449,
    #450,#451,#452,#453,#454,#455,#456,#457,#458),.UNSPECIFIED.,.F.,.F.)
 B_SPLINE_CURVE_WITH_KNOTS((14,14),(4.675286279754E-16,9.550494472593),
.PIECEWISE_BEZIER_KNOTS.) CURVE() GEOMETRIC_REPRESENTATION_ITEM() 
RATIONAL_B_SPLINE_CURVE((1.,1.,0.999999999999,1.000000000002,
    0.999999999997,1.000000000005,0.999999999994,1.000000000006,
    0.999999999995,1.000000000003,0.999999999999,1.000000000001,1.,1.)) 
REPRESENTATION_ITEM('') );
#445 = CARTESIAN_POINT('',(-8.881784197001E-16,5.,12.67));
#446 = CARTESIAN_POINT('',(3.392841563254E-13,4.654771618484,
    13.533070953791));
#447 = CARTESIAN_POINT('',(0.16062521667,4.309239765445,14.396301416211)
  );
#448 = CARTESIAN_POINT('',(0.489933848459,3.984765174446,15.218929753339
    ));
#449 = CARTESIAN_POINT('',(0.93328371461,3.686277571841,15.96666763734)
  );
#450 = CARTESIAN_POINT('',(1.601143953671,3.468533082256,16.593487939042
    ));
#451 = CARTESIAN_POINT('',(2.13279599464,3.278865516494,17.064231937213)
  );
#452 = CARTESIAN_POINT('',(3.004173423784,3.180901765074,17.427602257408
    ));
#453 = CARTESIAN_POINT('',(3.505837703561,3.216176404554,17.468233952965
    ));
#454 = CARTESIAN_POINT('',(3.916098116202,3.109728363296,17.602884931571
    ));
#455 = CARTESIAN_POINT('',(4.249341231531,3.070546811473,17.627954906246
    ));
#456 = CARTESIAN_POINT('',(4.516281304806,3.02158884987,17.657875775201)
  );
#457 = CARTESIAN_POINT('',(4.758340132939,3.,17.67));
#458 = CARTESIAN_POINT('',(5.,3.,17.67));
#459 = PCURVE('',#98,#460);
#460 = DEFINITIONAL_REPRESENTATION('',(#461),#465);
#461 = LINE('',#462,#463);
#462 = CARTESIAN_POINT('',(9.550494472593,0.));
#463 = VECTOR('',#464,1.);
#464 = DIRECTION('',(0.,1.));
#465 = ( GEOMETRIC_REPRESENTATION_CONTEXT(2) 
PARAMETRIC_REPRESENTATION_CONTEXT() REPRESENTATION_CONTEXT('2D SPACE',''
  ) );
#466 = PCURVE('',#467,#472);
#467 = CYLINDRICAL_SURFACE('',#468,5.);
#468 = AXIS2_PLACEMENT_3D('',#469,#470,#471);
#469 = CARTESIAN_POINT('',(5.,0.,12.67));
#470 = DIRECTION('',(0.,1.,0.));
#471 = DIRECTION('',(-1.,0.,0.));
#472 = DEFINITIONAL_REPRESENTATION('',(#473),#492);
#473 = B_SPLINE_CURVE_WITH_KNOTS('',9,(#474,#475,#476,#477,#478,#479,
    #480,#481,#482,#483,#484,#485,#486,#487,#488,#489,#490,#491),
  .UNSPECIFIED.,.F.,.F.,(10,8,10),(4.675286279754E-16,4.775247236297,
    9.550494472593),.UNSPECIFIED.);
#474 = CARTESIAN_POINT('',(-3.330669073875E-16,5.));
#475 = CARTESIAN_POINT('',(0.124665804437,4.750668391127));
#476 = CARTESIAN_POINT('',(0.249337623956,4.501334188183));
#477 = CARTESIAN_POINT('',(0.373434200593,4.259853518742));
#478 = CARTESIAN_POINT('',(0.496464951725,4.034064682657));
#479 = CARTESIAN_POINT('',(0.617620671998,3.831212400591));
#480 = CARTESIAN_POINT('',(0.735856950192,3.657990234328));
#481 = CARTESIAN_POINT('',(0.849415077472,3.518269370034));
#482 = CARTESIAN_POINT('',(0.955405703153,3.409838971041));
#483 = CARTESIAN_POINT('',(1.148116244502,3.241641673111));
#484 = CARTESIAN_POINT('',(1.234843337201,3.182060071278));
#485 = CARTESIAN_POINT('',(1.309797628046,3.139562196551));
#486 = CARTESIAN_POINT('',(1.371911213186,3.10771628239));
#487 = CARTESIAN_POINT('',(1.421022542958,3.067846816937));
#488 = CARTESIAN_POINT('',(1.463809042885,3.036605189211));
#489 = CARTESIAN_POINT('',(1.500941696744,3.011852734776));
#490 = CARTESIAN_POINT('',(1.535889901553,3.));
#491 = CARTESIAN_POINT('',(1.570796326795,3.));
#492 = ( GEOMETRIC_REPRESENTATION_CONTEXT(2) 
PARAMETRIC_REPRESENTATION_CONTEXT() REPRESENTATION_CONTEXT('2D SPACE',''
  ) );
#493 = ORIENTED_EDGE('',*,*,#494,.F.);
#494 = EDGE_CURVE('',#24,#441,#495,.T.);
#495 = SURFACE_CURVE('',#496,(#500,#506),.PCURVE_S1.);
#496 = ( BOUNDED_CURVE() B_SPLINE_CURVE(2,(#497,#498,#499),
.UNSPECIFIED.,.F.,.F.) B_SPLINE_CURVE_WITH_KNOTS((3,3),(0.,
9.550494472593),.PIECEWISE_BEZIER_KNOTS.) CURVE() 
GEOMETRIC_REPRESENTATION_ITEM() RATIONAL_B_SPLINE_CURVE((1.,
0.707106781187,1.)) REPRESENTATION_ITEM('') );
#497 = CARTESIAN_POINT('',(5.,-8.881784197001E-16,14.67));
#498 = CARTESIAN_POINT('',(5.,0.,17.67));
#499 = CARTESIAN_POINT('',(5.,3.,17.67));
#500 = PCURVE('',#98,#501);
#501 = DEFINITIONAL_REPRESENTATION('',(#502),#505);
#502 = B_SPLINE_CURVE_WITH_KNOTS('',1,(#503,#504),.UNSPECIFIED.,.F.,.F.,
  (2,2),(0.,9.550494472593),.PIECEWISE_BEZIER_KNOTS.);
#503 = CARTESIAN_POINT('',(0.,9.550494472593));
#504 = CARTESIAN_POINT('',(9.550494472593,9.550494472593));
#505 = ( GEOMETRIC_REPRESENTATION_CONTEXT(2) 
PARAMETRIC_REPRESENTATION_CONTEXT() REPRESENTATION_CONTEXT('2D SPACE',''
  ) );
#506 = PCURVE('',#286,#507);
#507 = DEFINITIONAL_REPRESENTATION('',(#508),#519);
#508 = B_SPLINE_CURVE_WITH_KNOTS('',9,(#509,#510,#511,#512,#513,#514,
    #515,#516,#517,#518),.UNSPECIFIED.,.F.,.F.,(10,10),(0.,
    9.550494472593),.PIECEWISE_BEZIER_KNOTS.);
#509 = CARTESIAN_POINT('',(0.,0.));
#510 = CARTESIAN_POINT('',(-0.157134840264,0.));
#511 = CARTESIAN_POINT('',(-0.325774875487,0.));
#512 = CARTESIAN_POINT('',(-0.504565887825,0.));
#513 = CARTESIAN_POINT('',(-0.690745646465,0.));
#514 = CARTESIAN_POINT('',(-0.88005068033,0.));
#515 = CARTESIAN_POINT('',(-1.066230438969,0.));
#516 = CARTESIAN_POINT('',(-1.245021451308,0.));
#517 = CARTESIAN_POINT('',(-1.413661486531,0.));
#518 = CARTESIAN_POINT('',(-1.570796326795,0.));
#519 = ( GEOMETRIC_REPRESENTATION_CONTEXT(2) 
PARAMETRIC_REPRESENTATION_CONTEXT() REPRESENTATION_CONTEXT('2D SPACE',''
  ) );
#520 = ORIENTED_EDGE('',*,*,#56,.F.);
#521 = ADVANCED_FACE('',(#522),#164,.F.);
#522 = FACE_BOUND('',#523,.F.);
#523 = EDGE_LOOP('',(#524,#525,#548,#576));
#524 = ORIENTED_EDGE('',*,*,#148,.F.);
#525 = ORIENTED_EDGE('',*,*,#526,.T.);
#526 = EDGE_CURVE('',#149,#527,#529,.T.);
#527 = VERTEX_POINT('',#528);
#528 = CARTESIAN_POINT('',(-1.E-15,7.25,5.));
#529 = SURFACE_CURVE('',#530,(#534,#541),.PCURVE_S1.);
#530 = LINE('',#531,#532);
#531 = CARTESIAN_POINT('',(-8.9E-16,0.,5.));
#532 = VECTOR('',#533,1.);
#533 = DIRECTION('',(0.,1.,0.));
#534 = PCURVE('',#164,#535);
#535 = DEFINITIONAL_REPRESENTATION('',(#536),#540);
#536 = LINE('',#537,#538);
#537 = CARTESIAN_POINT('',(5.,0.));
#538 = VECTOR('',#539,1.);
#539 = DIRECTION('',(0.,-1.));
#540 = ( GEOMETRIC_REPRESENTATION_CONTEXT(2) 
PARAMETRIC_REPRESENTATION_CONTEXT() REPRESENTATION_CONTEXT('2D SPACE',''
  ) );
#541 = PCURVE('',#382,#542);
#542 = DEFINITIONAL_REPRESENTATION('',(#543),#547);
#543 = LINE('',#544,#545);
#544 = CARTESIAN_POINT('',(-0.,0.));
#545 = VECTOR('',#546,1.);
#546 = DIRECTION('',(-0.,1.));
#547 = ( GEOMETRIC_REPRESENTATION_CONTEXT(2) 
PARAMETRIC_REPRESENTATION_CONTEXT() REPRESENTATION_CONTEXT('2D SPACE',''
  ) );
#548 = ORIENTED_EDGE('',*,*,#549,.T.);
#549 = EDGE_CURVE('',#527,#550,#552,.T.);
#550 = VERTEX_POINT('',#551);
#551 = CARTESIAN_POINT('',(-1.E-15,7.25,12.67));
#552 = SURFACE_CURVE('',#553,(#557,#564),.PCURVE_S1.);
#553 = LINE('',#554,#555);
#554 = CARTESIAN_POINT('',(-8.9E-16,7.25,0.));
#555 = VECTOR('',#556,1.);
#556 = DIRECTION('',(0.,0.,1.));
#557 = PCURVE('',#164,#558);
#558 = DEFINITIONAL_REPRESENTATION('',(#559),#563);
#559 = LINE('',#560,#561);
#560 = CARTESIAN_POINT('',(0.,-7.25));
#561 = VECTOR('',#562,1.);
#562 = DIRECTION('',(1.,0.));
#563 = ( GEOMETRIC_REPRESENTATION_CONTEXT(2) 
PARAMETRIC_REPRESENTATION_CONTEXT() REPRESENTATION_CONTEXT('2D SPACE',''
  ) );
#564 = PCURVE('',#565,#570);
#565 = CYLINDRICAL_SURFACE('',#566,5.);
#566 = AXIS2_PLACEMENT_3D('',#567,#568,#569);
#567 = CARTESIAN_POINT('',(5.,7.25,0.));
#568 = DIRECTION('',(0.,0.,1.));
#569 = DIRECTION('',(-1.,0.,0.));
#570 = DEFINITIONAL_REPRESENTATION('',(#571),#575);
#571 = LINE('',#572,#573);
#572 = CARTESIAN_POINT('',(-0.,0.));
#573 = VECTOR('',#574,1.);
#574 = DIRECTION('',(-0.,1.));
#575 = ( GEOMETRIC_REPRESENTATION_CONTEXT(2) 
PARAMETRIC_REPRESENTATION_CONTEXT() REPRESENTATION_CONTEXT('2D SPACE',''
  ) );
#576 = ORIENTED_EDGE('',*,*,#577,.F.);
#577 = EDGE_CURVE('',#57,#550,#578,.T.);
#578 = SURFACE_CURVE('',#579,(#583,#590),.PCURVE_S1.);
#579 = LINE('',#580,#581);
#580 = CARTESIAN_POINT('',(-8.9E-16,0.,12.67));
#581 = VECTOR('',#582,1.);
#582 = DIRECTION('',(0.,1.,0.));
#583 = PCURVE('',#164,#584);
#584 = DEFINITIONAL_REPRESENTATION('',(#585),#589);
#585 = LINE('',#586,#587);
#586 = CARTESIAN_POINT('',(12.67,0.));
#587 = VECTOR('',#588,1.);
#588 = DIRECTION('',(0.,-1.));
#589 = ( GEOMETRIC_REPRESENTATION_CONTEXT(2) 
PARAMETRIC_REPRESENTATION_CONTEXT() REPRESENTATION_CONTEXT('2D SPACE',''
  ) );
#590 = PCURVE('',#467,#591);
#591 = DEFINITIONAL_REPRESENTATION('',(#592),#596);
#592 = LINE('',#593,#594);
#593 = CARTESIAN_POINT('',(0.,0.));
#594 = VECTOR('',#595,1.);
#595 = DIRECTION('',(0.,1.));
#596 = ( GEOMETRIC_REPRESENTATION_CONTEXT(2) 
PARAMETRIC_REPRESENTATION_CONTEXT() REPRESENTATION_CONTEXT('2D SPACE',''
  ) );
#597 = ADVANCED_FACE('',(#598),#340,.T.);
#598 = FACE_BOUND('',#599,.T.);
#599 = EDGE_LOOP('',(#600,#601,#629,#651));
#600 = ORIENTED_EDGE('',*,*,#409,.T.);
#601 = ORIENTED_EDGE('',*,*,#602,.T.);
#602 = EDGE_CURVE('',#356,#603,#605,.T.);
#603 = VERTEX_POINT('',#604);
#604 = CARTESIAN_POINT('',(19.8,3.,-4.440892098501E-16));
#605 = SURFACE_CURVE('',#606,(#610,#617),.PCURVE_S1.);
#606 = LINE('',#607,#608);
#607 = CARTESIAN_POINT('',(5.,3.,-4.440892098501E-16));
#608 = VECTOR('',#609,1.);
#609 = DIRECTION('',(1.,0.,0.));
#610 = PCURVE('',#340,#611);
#611 = DEFINITIONAL_REPRESENTATION('',(#612),#616);
#612 = LINE('',#613,#614);
#613 = CARTESIAN_POINT('',(1.570796326795,0.));
#614 = VECTOR('',#615,1.);
#615 = DIRECTION('',(0.,1.));
#616 = ( GEOMETRIC_REPRESENTATION_CONTEXT(2) 
PARAMETRIC_REPRESENTATION_CONTEXT() REPRESENTATION_CONTEXT('2D SPACE',''
  ) );
#617 = PCURVE('',#618,#623);
#618 = PLANE('',#619);
#619 = AXIS2_PLACEMENT_3D('',#620,#621,#622);
#620 = CARTESIAN_POINT('',(0.,0.,0.));
#621 = DIRECTION('',(0.,0.,1.));
#622 = DIRECTION('',(1.,0.,0.));
#623 = DEFINITIONAL_REPRESENTATION('',(#624),#628);
#624 = LINE('',#625,#626);
#625 = CARTESIAN_POINT('',(5.,3.));
#626 = VECTOR('',#627,1.);
#627 = DIRECTION('',(1.,0.));
#628 = ( GEOMETRIC_REPRESENTATION_CONTEXT(2) 
PARAMETRIC_REPRESENTATION_CONTEXT() REPRESENTATION_CONTEXT('2D SPACE',''
  ) );
#629 = ORIENTED_EDGE('',*,*,#630,.F.);
#630 = EDGE_CURVE('',#299,#603,#631,.T.);
#631 = SURFACE_CURVE('',#632,(#637,#644),.PCURVE_S1.);
#632 = CIRCLE('',#633,3.);
#633 = AXIS2_PLACEMENT_3D('',#634,#635,#636);
#634 = CARTESIAN_POINT('',(19.8,3.,3.));
#635 = DIRECTION('',(1.,0.,0.));
#636 = DIRECTION('',(-0.,0.,1.));
#637 = PCURVE('',#340,#638);
#638 = DEFINITIONAL_REPRESENTATION('',(#639),#643);
#639 = LINE('',#640,#641);
#640 = CARTESIAN_POINT('',(-1.570796326795,14.8));
#641 = VECTOR('',#642,1.);
#642 = DIRECTION('',(1.,0.));
#643 = ( GEOMETRIC_REPRESENTATION_CONTEXT(2) 
PARAMETRIC_REPRESENTATION_CONTEXT() REPRESENTATION_CONTEXT('2D SPACE',''
  ) );
#644 = PCURVE('',#314,#645);
#645 = DEFINITIONAL_REPRESENTATION('',(#646),#650);
#646 = CIRCLE('',#647,3.);
#647 = AXIS2_PLACEMENT_2D('',#648,#649);
#648 = CARTESIAN_POINT('',(3.,-3.));
#649 = DIRECTION('',(1.,0.));
#650 = ( GEOMETRIC_REPRESENTATION_CONTEXT(2) 
PARAMETRIC_REPRESENTATION_CONTEXT() REPRESENTATION_CONTEXT('2D SPACE',''
  ) );
#651 = ORIENTED_EDGE('',*,*,#326,.F.);
#652 = ADVANCED_FACE('',(#653),#286,.T.);
#653 = FACE_BOUND('',#654,.F.);
#654 = EDGE_LOOP('',(#655,#656,#684,#710));
#655 = ORIENTED_EDGE('',*,*,#494,.T.);
#656 = ORIENTED_EDGE('',*,*,#657,.T.);
#657 = EDGE_CURVE('',#441,#658,#660,.T.);
#658 = VERTEX_POINT('',#659);
#659 = CARTESIAN_POINT('',(19.8,3.,17.67));
#660 = SURFACE_CURVE('',#661,(#665,#672),.PCURVE_S1.);
#661 = LINE('',#662,#663);
#662 = CARTESIAN_POINT('',(5.,3.,17.67));
#663 = VECTOR('',#664,1.);
#664 = DIRECTION('',(1.,0.,0.));
#665 = PCURVE('',#286,#666);
#666 = DEFINITIONAL_REPRESENTATION('',(#667),#671);
#667 = LINE('',#668,#669);
#668 = CARTESIAN_POINT('',(-1.570796326795,0.));
#669 = VECTOR('',#670,1.);
#670 = DIRECTION('',(-0.,1.));
#671 = ( GEOMETRIC_REPRESENTATION_CONTEXT(2) 
PARAMETRIC_REPRESENTATION_CONTEXT() REPRESENTATION_CONTEXT('2D SPACE',''
  ) );
#672 = PCURVE('',#673,#678);
#673 = PLANE('',#674);
#674 = AXIS2_PLACEMENT_3D('',#675,#676,#677);
#675 = CARTESIAN_POINT('',(0.,0.,17.67));
#676 = DIRECTION('',(0.,0.,1.));
#677 = DIRECTION('',(1.,0.,0.));
#678 = DEFINITIONAL_REPRESENTATION('',(#679),#683);
#679 = LINE('',#680,#681);
#680 = CARTESIAN_POINT('',(5.,3.));
#681 = VECTOR('',#682,1.);
#682 = DIRECTION('',(1.,0.));
#683 = ( GEOMETRIC_REPRESENTATION_CONTEXT(2) 
PARAMETRIC_REPRESENTATION_CONTEXT() REPRESENTATION_CONTEXT('2D SPACE',''
  ) );
#684 = ORIENTED_EDGE('',*,*,#685,.F.);
#685 = EDGE_CURVE('',#271,#658,#686,.T.);
#686 = SURFACE_CURVE('',#687,(#692,#699),.PCURVE_S1.);
#687 = CIRCLE('',#688,3.);
#688 = AXIS2_PLACEMENT_3D('',#689,#690,#691);
#689 = CARTESIAN_POINT('',(19.8,3.,14.67));
#690 = DIRECTION('',(-1.,0.,-0.));
#691 = DIRECTION('',(-0.,0.,1.));
#692 = PCURVE('',#286,#693);
#693 = DEFINITIONAL_REPRESENTATION('',(#694),#698);
#694 = LINE('',#695,#696);
#695 = CARTESIAN_POINT('',(4.712388980385,14.8));
#696 = VECTOR('',#697,1.);
#697 = DIRECTION('',(-1.,0.));
#698 = ( GEOMETRIC_REPRESENTATION_CONTEXT(2) 
PARAMETRIC_REPRESENTATION_CONTEXT() REPRESENTATION_CONTEXT('2D SPACE',''
  ) );
#699 = PCURVE('',#314,#700);
#700 = DEFINITIONAL_REPRESENTATION('',(#701),#709);
#701 = ( BOUNDED_CURVE() B_SPLINE_CURVE(2,(#702,#703,#704,#705,#706,#707
,#708),.UNSPECIFIED.,.T.,.F.) B_SPLINE_CURVE_WITH_KNOTS((1,2,2,2,2,1),(
    -2.094395102393,0.,2.094395102393,4.188790204786,6.28318530718,
8.377580409573),.UNSPECIFIED.) CURVE() GEOMETRIC_REPRESENTATION_ITEM() 
RATIONAL_B_SPLINE_CURVE((1.,0.5,1.,0.5,1.,0.5,1.)) REPRESENTATION_ITEM(
  '') );
#702 = CARTESIAN_POINT('',(17.67,-3.));
#703 = CARTESIAN_POINT('',(17.67,-8.196152422707));
#704 = CARTESIAN_POINT('',(13.17,-5.598076211353));
#705 = CARTESIAN_POINT('',(8.67,-3.));
#706 = CARTESIAN_POINT('',(13.17,-0.401923788647));
#707 = CARTESIAN_POINT('',(17.67,2.196152422707));
#708 = CARTESIAN_POINT('',(17.67,-3.));
#709 = ( GEOMETRIC_REPRESENTATION_CONTEXT(2) 
PARAMETRIC_REPRESENTATION_CONTEXT() REPRESENTATION_CONTEXT('2D SPACE',''
  ) );
#710 = ORIENTED_EDGE('',*,*,#270,.F.);
#711 = ADVANCED_FACE('',(#712,#851,#882,#913,#944,#975,#1006,#1037,#1068
    ,#1099,#1130,#1161,#1192,#1223),#314,.T.);
#712 = FACE_BOUND('',#713,.T.);
#713 = EDGE_LOOP('',(#714,#715,#716,#739,#768,#796,#829,#850));
#714 = ORIENTED_EDGE('',*,*,#298,.F.);
#715 = ORIENTED_EDGE('',*,*,#630,.T.);
#716 = ORIENTED_EDGE('',*,*,#717,.T.);
#717 = EDGE_CURVE('',#603,#718,#720,.T.);
#718 = VERTEX_POINT('',#719);
#719 = CARTESIAN_POINT('',(19.8,9.25,-4.440892098501E-16));
#720 = SURFACE_CURVE('',#721,(#725,#732),.PCURVE_S1.);
#721 = LINE('',#722,#723);
#722 = CARTESIAN_POINT('',(19.8,0.,0.));
#723 = VECTOR('',#724,1.);
#724 = DIRECTION('',(0.,1.,0.));
#725 = PCURVE('',#314,#726);
#726 = DEFINITIONAL_REPRESENTATION('',(#727),#731);
#727 = LINE('',#728,#729);
#728 = CARTESIAN_POINT('',(0.,0.));
#729 = VECTOR('',#730,1.);
#730 = DIRECTION('',(0.,-1.));
#731 = ( GEOMETRIC_REPRESENTATION_CONTEXT(2) 
PARAMETRIC_REPRESENTATION_CONTEXT() REPRESENTATION_CONTEXT('2D SPACE',''
  ) );
#732 = PCURVE('',#618,#733);
#733 = DEFINITIONAL_REPRESENTATION('',(#734),#738);
#734 = LINE('',#735,#736);
#735 = CARTESIAN_POINT('',(19.8,0.));
#736 = VECTOR('',#737,1.);
#737 = DIRECTION('',(0.,1.));
#738 = ( GEOMETRIC_REPRESENTATION_CONTEXT(2) 
PARAMETRIC_REPRESENTATION_CONTEXT() REPRESENTATION_CONTEXT('2D SPACE',''
  ) );
#739 = ORIENTED_EDGE('',*,*,#740,.T.);
#740 = EDGE_CURVE('',#718,#741,#743,.T.);
#741 = VERTEX_POINT('',#742);
#742 = CARTESIAN_POINT('',(19.8,12.25,3.));
#743 = SURFACE_CURVE('',#744,(#749,#756),.PCURVE_S1.);
#744 = CIRCLE('',#745,3.);
#745 = AXIS2_PLACEMENT_3D('',#746,#747,#748);
#746 = CARTESIAN_POINT('',(19.8,9.25,3.));
#747 = DIRECTION('',(1.,0.,0.));
#748 = DIRECTION('',(-0.,0.,1.));
#749 = PCURVE('',#314,#750);
#750 = DEFINITIONAL_REPRESENTATION('',(#751),#755);
#751 = CIRCLE('',#752,3.);
#752 = AXIS2_PLACEMENT_2D('',#753,#754);
#753 = CARTESIAN_POINT('',(3.,-9.25));
#754 = DIRECTION('',(1.,0.));
#755 = ( GEOMETRIC_REPRESENTATION_CONTEXT(2) 
PARAMETRIC_REPRESENTATION_CONTEXT() REPRESENTATION_CONTEXT('2D SPACE',''
  ) );
#756 = PCURVE('',#757,#762);
#757 = CYLINDRICAL_SURFACE('',#758,3.);
#758 = AXIS2_PLACEMENT_3D('',#759,#760,#761);
#759 = CARTESIAN_POINT('',(5.,9.25,3.));
#760 = DIRECTION('',(1.,0.,0.));
#761 = DIRECTION('',(0.,0.,-1.));
#762 = DEFINITIONAL_REPRESENTATION('',(#763),#767);
#763 = LINE('',#764,#765);
#764 = CARTESIAN_POINT('',(-3.14159265359,14.8));
#765 = VECTOR('',#766,1.);
#766 = DIRECTION('',(1.,0.));
#767 = ( GEOMETRIC_REPRESENTATION_CONTEXT(2) 
PARAMETRIC_REPRESENTATION_CONTEXT() REPRESENTATION_CONTEXT('2D SPACE',''
  ) );
#768 = ORIENTED_EDGE('',*,*,#769,.T.);
#769 = EDGE_CURVE('',#741,#770,#772,.T.);
#770 = VERTEX_POINT('',#771);
#771 = CARTESIAN_POINT('',(19.8,12.25,14.67));
#772 = SURFACE_CURVE('',#773,(#777,#784),.PCURVE_S1.);
#773 = LINE('',#774,#775);
#774 = CARTESIAN_POINT('',(19.8,12.25,0.));
#775 = VECTOR('',#776,1.);
#776 = DIRECTION('',(0.,0.,1.));
#777 = PCURVE('',#314,#778);
#778 = DEFINITIONAL_REPRESENTATION('',(#779),#783);
#779 = LINE('',#780,#781);
#780 = CARTESIAN_POINT('',(0.,-12.25));
#781 = VECTOR('',#782,1.);
#782 = DIRECTION('',(1.,0.));
#783 = ( GEOMETRIC_REPRESENTATION_CONTEXT(2) 
PARAMETRIC_REPRESENTATION_CONTEXT() REPRESENTATION_CONTEXT('2D SPACE',''
  ) );
#784 = PCURVE('',#785,#790);
#785 = PLANE('',#786);
#786 = AXIS2_PLACEMENT_3D('',#787,#788,#789);
#787 = CARTESIAN_POINT('',(0.,12.25,0.));
#788 = DIRECTION('',(0.,1.,0.));
#789 = DIRECTION('',(0.,0.,1.));
#790 = DEFINITIONAL_REPRESENTATION('',(#791),#795);
#791 = LINE('',#792,#793);
#792 = CARTESIAN_POINT('',(0.,19.8));
#793 = VECTOR('',#794,1.);
#794 = DIRECTION('',(1.,0.));
#795 = ( GEOMETRIC_REPRESENTATION_CONTEXT(2) 
PARAMETRIC_REPRESENTATION_CONTEXT() REPRESENTATION_CONTEXT('2D SPACE',''
  ) );
#796 = ORIENTED_EDGE('',*,*,#797,.F.);
#797 = EDGE_CURVE('',#798,#770,#800,.T.);
#798 = VERTEX_POINT('',#799);
#799 = CARTESIAN_POINT('',(19.8,9.25,17.67));
#800 = SURFACE_CURVE('',#801,(#806,#817),.PCURVE_S1.);
#801 = CIRCLE('',#802,3.);
#802 = AXIS2_PLACEMENT_3D('',#803,#804,#805);
#803 = CARTESIAN_POINT('',(19.8,9.25,14.67));
#804 = DIRECTION('',(-1.,0.,-0.));
#805 = DIRECTION('',(-0.,0.,1.));
#806 = PCURVE('',#314,#807);
#807 = DEFINITIONAL_REPRESENTATION('',(#808),#816);
#808 = ( BOUNDED_CURVE() B_SPLINE_CURVE(2,(#809,#810,#811,#812,#813,#814
,#815),.UNSPECIFIED.,.T.,.F.) B_SPLINE_CURVE_WITH_KNOTS((1,2,2,2,2,1),(
    -2.094395102393,0.,2.094395102393,4.188790204786,6.28318530718,
8.377580409573),.UNSPECIFIED.) CURVE() GEOMETRIC_REPRESENTATION_ITEM() 
RATIONAL_B_SPLINE_CURVE((1.,0.5,1.,0.5,1.,0.5,1.)) REPRESENTATION_ITEM(
  '') );
#809 = CARTESIAN_POINT('',(17.67,-9.25));
#810 = CARTESIAN_POINT('',(17.67,-14.4461524227));
#811 = CARTESIAN_POINT('',(13.17,-11.84807621135));
#812 = CARTESIAN_POINT('',(8.67,-9.25));
#813 = CARTESIAN_POINT('',(13.17,-6.651923788647));
#814 = CARTESIAN_POINT('',(17.67,-4.053847577293));
#815 = CARTESIAN_POINT('',(17.67,-9.25));
#816 = ( GEOMETRIC_REPRESENTATION_CONTEXT(2) 
PARAMETRIC_REPRESENTATION_CONTEXT() REPRESENTATION_CONTEXT('2D SPACE',''
  ) );
#817 = PCURVE('',#818,#823);
#818 = CYLINDRICAL_SURFACE('',#819,3.);
#819 = AXIS2_PLACEMENT_3D('',#820,#821,#822);
#820 = CARTESIAN_POINT('',(5.,9.25,14.67));
#821 = DIRECTION('',(1.,0.,0.));
#822 = DIRECTION('',(0.,0.,1.));
#823 = DEFINITIONAL_REPRESENTATION('',(#824),#828);
#824 = LINE('',#825,#826);
#825 = CARTESIAN_POINT('',(-0.,14.8));
#826 = VECTOR('',#827,1.);
#827 = DIRECTION('',(-1.,0.));
#828 = ( GEOMETRIC_REPRESENTATION_CONTEXT(2) 
PARAMETRIC_REPRESENTATION_CONTEXT() REPRESENTATION_CONTEXT('2D SPACE',''
  ) );
#829 = ORIENTED_EDGE('',*,*,#830,.F.);
#830 = EDGE_CURVE('',#658,#798,#831,.T.);
#831 = SURFACE_CURVE('',#832,(#836,#843),.PCURVE_S1.);
#832 = LINE('',#833,#834);
#833 = CARTESIAN_POINT('',(19.8,0.,17.67));
#834 = VECTOR('',#835,1.);
#835 = DIRECTION('',(0.,1.,0.));
#836 = PCURVE('',#314,#837);
#837 = DEFINITIONAL_REPRESENTATION('',(#838),#842);
#838 = LINE('',#839,#840);
#839 = CARTESIAN_POINT('',(17.67,0.));
#840 = VECTOR('',#841,1.);
#841 = DIRECTION('',(0.,-1.));
#842 = ( GEOMETRIC_REPRESENTATION_CONTEXT(2) 
PARAMETRIC_REPRESENTATION_CONTEXT() REPRESENTATION_CONTEXT('2D SPACE',''
  ) );
#843 = PCURVE('',#673,#844);
#844 = DEFINITIONAL_REPRESENTATION('',(#845),#849);
#845 = LINE('',#846,#847);
#846 = CARTESIAN_POINT('',(19.8,0.));
#847 = VECTOR('',#848,1.);
#848 = DIRECTION('',(0.,1.));
#849 = ( GEOMETRIC_REPRESENTATION_CONTEXT(2) 
PARAMETRIC_REPRESENTATION_CONTEXT() REPRESENTATION_CONTEXT('2D SPACE',''
  ) );
#850 = ORIENTED_EDGE('',*,*,#685,.F.);
#851 = FACE_BOUND('',#852,.T.);
#852 = EDGE_LOOP('',(#853));
#853 = ORIENTED_EDGE('',*,*,#854,.F.);
#854 = EDGE_CURVE('',#855,#855,#857,.T.);
#855 = VERTEX_POINT('',#856);
#856 = CARTESIAN_POINT('',(19.8,9.175,4.864859545013));
#857 = SURFACE_CURVE('',#858,(#863,#870),.PCURVE_S1.);
#858 = CIRCLE('',#859,0.175);
#859 = AXIS2_PLACEMENT_3D('',#860,#861,#862);
#860 = CARTESIAN_POINT('',(19.8,9.,4.864859545013));
#861 = DIRECTION('',(1.,0.,0.));
#862 = DIRECTION('',(0.,1.,0.));
#863 = PCURVE('',#314,#864);
#864 = DEFINITIONAL_REPRESENTATION('',(#865),#869);
#865 = CIRCLE('',#866,0.175);
#866 = AXIS2_PLACEMENT_2D('',#867,#868);
#867 = CARTESIAN_POINT('',(4.864859545013,-9.));
#868 = DIRECTION('',(0.,-1.));
#869 = ( GEOMETRIC_REPRESENTATION_CONTEXT(2) 
PARAMETRIC_REPRESENTATION_CONTEXT() REPRESENTATION_CONTEXT('2D SPACE',''
  ) );
#870 = PCURVE('',#871,#876);
#871 = CYLINDRICAL_SURFACE('',#872,0.175);
#872 = AXIS2_PLACEMENT_3D('',#873,#874,#875);
#873 = CARTESIAN_POINT('',(19.8,9.,4.864859545013));
#874 = DIRECTION('',(-1.,-0.,-0.));
#875 = DIRECTION('',(0.,1.,0.));
#876 = DEFINITIONAL_REPRESENTATION('',(#877),#881);
#877 = LINE('',#878,#879);
#878 = CARTESIAN_POINT('',(-0.,0.));
#879 = VECTOR('',#880,1.);
#880 = DIRECTION('',(-1.,0.));
#881 = ( GEOMETRIC_REPRESENTATION_CONTEXT(2) 
PARAMETRIC_REPRESENTATION_CONTEXT() REPRESENTATION_CONTEXT('2D SPACE',''
  ) );
#882 = FACE_BOUND('',#883,.T.);
#883 = EDGE_LOOP('',(#884));
#884 = ORIENTED_EDGE('',*,*,#885,.F.);
#885 = EDGE_CURVE('',#886,#886,#888,.T.);
#886 = VERTEX_POINT('',#887);
#887 = CARTESIAN_POINT('',(19.8,9.175,7.264859545013));
#888 = SURFACE_CURVE('',#889,(#894,#901),.PCURVE_S1.);
#889 = CIRCLE('',#890,0.175);
#890 = AXIS2_PLACEMENT_3D('',#891,#892,#893);
#891 = CARTESIAN_POINT('',(19.8,9.,7.264859545013));
#892 = DIRECTION('',(1.,0.,0.));
#893 = DIRECTION('',(0.,1.,0.));
#894 = PCURVE('',#314,#895);
#895 = DEFINITIONAL_REPRESENTATION('',(#896),#900);
#896 = CIRCLE('',#897,0.175);
#897 = AXIS2_PLACEMENT_2D('',#898,#899);
#898 = CARTESIAN_POINT('',(7.264859545013,-9.));
#899 = DIRECTION('',(0.,-1.));
#900 = ( GEOMETRIC_REPRESENTATION_CONTEXT(2) 
PARAMETRIC_REPRESENTATION_CONTEXT() REPRESENTATION_CONTEXT('2D SPACE',''
  ) );
#901 = PCURVE('',#902,#907);
#902 = CYLINDRICAL_SURFACE('',#903,0.175);
#903 = AXIS2_PLACEMENT_3D('',#904,#905,#906);
#904 = CARTESIAN_POINT('',(19.8,9.,7.264859545013));
#905 = DIRECTION('',(-1.,-0.,-0.));
#906 = DIRECTION('',(0.,1.,0.));
#907 = DEFINITIONAL_REPRESENTATION('',(#908),#912);
#908 = LINE('',#909,#910);
#909 = CARTESIAN_POINT('',(-0.,0.));
#910 = VECTOR('',#911,1.);
#911 = DIRECTION('',(-1.,0.));
#912 = ( GEOMETRIC_REPRESENTATION_CONTEXT(2) 
PARAMETRIC_REPRESENTATION_CONTEXT() REPRESENTATION_CONTEXT('2D SPACE',''
  ) );
#913 = FACE_BOUND('',#914,.T.);
#914 = EDGE_LOOP('',(#915));
#915 = ORIENTED_EDGE('',*,*,#916,.F.);
#916 = EDGE_CURVE('',#917,#917,#919,.T.);
#917 = VERTEX_POINT('',#918);
#918 = CARTESIAN_POINT('',(19.8,7.565,3.085));
#919 = SURFACE_CURVE('',#920,(#925,#932),.PCURVE_S1.);
#920 = CIRCLE('',#921,0.175);
#921 = AXIS2_PLACEMENT_3D('',#922,#923,#924);
#922 = CARTESIAN_POINT('',(19.8,7.39,3.085));
#923 = DIRECTION('',(1.,0.,0.));
#924 = DIRECTION('',(0.,1.,0.));
#925 = PCURVE('',#314,#926);
#926 = DEFINITIONAL_REPRESENTATION('',(#927),#931);
#927 = CIRCLE('',#928,0.175);
#928 = AXIS2_PLACEMENT_2D('',#929,#930);
#929 = CARTESIAN_POINT('',(3.085,-7.39));
#930 = DIRECTION('',(0.,-1.));
#931 = ( GEOMETRIC_REPRESENTATION_CONTEXT(2) 
PARAMETRIC_REPRESENTATION_CONTEXT() REPRESENTATION_CONTEXT('2D SPACE',''
  ) );
#932 = PCURVE('',#933,#938);
#933 = CYLINDRICAL_SURFACE('',#934,0.175);
#934 = AXIS2_PLACEMENT_3D('',#935,#936,#937);
#935 = CARTESIAN_POINT('',(19.8,7.39,3.085));
#936 = DIRECTION('',(-1.,-0.,-0.));
#937 = DIRECTION('',(0.,1.,0.));
#938 = DEFINITIONAL_REPRESENTATION('',(#939),#943);
#939 = LINE('',#940,#941);
#940 = CARTESIAN_POINT('',(-0.,0.));
#941 = VECTOR('',#942,1.);
#942 = DIRECTION('',(-1.,0.));
#943 = ( GEOMETRIC_REPRESENTATION_CONTEXT(2) 
PARAMETRIC_REPRESENTATION_CONTEXT() REPRESENTATION_CONTEXT('2D SPACE',''
  ) );
#944 = FACE_BOUND('',#945,.T.);
#945 = EDGE_LOOP('',(#946));
#946 = ORIENTED_EDGE('',*,*,#947,.F.);
#947 = EDGE_CURVE('',#948,#948,#950,.T.);
#948 = VERTEX_POINT('',#949);
#949 = CARTESIAN_POINT('',(19.8,9.175,10.405140454972));
#950 = SURFACE_CURVE('',#951,(#956,#963),.PCURVE_S1.);
#951 = CIRCLE('',#952,0.175);
#952 = AXIS2_PLACEMENT_3D('',#953,#954,#955);
#953 = CARTESIAN_POINT('',(19.8,9.,10.405140454972));
#954 = DIRECTION('',(1.,0.,0.));
#955 = DIRECTION('',(0.,1.,0.));
#956 = PCURVE('',#314,#957);
#957 = DEFINITIONAL_REPRESENTATION('',(#958),#962);
#958 = CIRCLE('',#959,0.175);
#959 = AXIS2_PLACEMENT_2D('',#960,#961);
#960 = CARTESIAN_POINT('',(10.405140454972,-9.));
#961 = DIRECTION('',(0.,-1.));
#962 = ( GEOMETRIC_REPRESENTATION_CONTEXT(2) 
PARAMETRIC_REPRESENTATION_CONTEXT() REPRESENTATION_CONTEXT('2D SPACE',''
  ) );
#963 = PCURVE('',#964,#969);
#964 = CYLINDRICAL_SURFACE('',#965,0.175);
#965 = AXIS2_PLACEMENT_3D('',#966,#967,#968);
#966 = CARTESIAN_POINT('',(19.8,9.,10.405140454972));
#967 = DIRECTION('',(-1.,-0.,-0.));
#968 = DIRECTION('',(0.,1.,0.));
#969 = DEFINITIONAL_REPRESENTATION('',(#970),#974);
#970 = LINE('',#971,#972);
#971 = CARTESIAN_POINT('',(-0.,0.));
#972 = VECTOR('',#973,1.);
#973 = DIRECTION('',(-1.,0.));
#974 = ( GEOMETRIC_REPRESENTATION_CONTEXT(2) 
PARAMETRIC_REPRESENTATION_CONTEXT() REPRESENTATION_CONTEXT('2D SPACE',''
  ) );
#975 = FACE_BOUND('',#976,.T.);
#976 = EDGE_LOOP('',(#977));
#977 = ORIENTED_EDGE('',*,*,#978,.F.);
#978 = EDGE_CURVE('',#979,#979,#981,.T.);
#979 = VERTEX_POINT('',#980);
#980 = CARTESIAN_POINT('',(19.8,9.175,12.805140454972));
#981 = SURFACE_CURVE('',#982,(#987,#994),.PCURVE_S1.);
#982 = CIRCLE('',#983,0.175);
#983 = AXIS2_PLACEMENT_3D('',#984,#985,#986);
#984 = CARTESIAN_POINT('',(19.8,9.,12.805140454972));
#985 = DIRECTION('',(1.,0.,0.));
#986 = DIRECTION('',(0.,1.,0.));
#987 = PCURVE('',#314,#988);
#988 = DEFINITIONAL_REPRESENTATION('',(#989),#993);
#989 = CIRCLE('',#990,0.175);
#990 = AXIS2_PLACEMENT_2D('',#991,#992);
#991 = CARTESIAN_POINT('',(12.805140454972,-9.));
#992 = DIRECTION('',(0.,-1.));
#993 = ( GEOMETRIC_REPRESENTATION_CONTEXT(2) 
PARAMETRIC_REPRESENTATION_CONTEXT() REPRESENTATION_CONTEXT('2D SPACE',''
  ) );
#994 = PCURVE('',#995,#1000);
#995 = CYLINDRICAL_SURFACE('',#996,0.175);
#996 = AXIS2_PLACEMENT_3D('',#997,#998,#999);
#997 = CARTESIAN_POINT('',(19.8,9.,12.805140454972));
#998 = DIRECTION('',(-1.,-0.,-0.));
#999 = DIRECTION('',(0.,1.,0.));
#1000 = DEFINITIONAL_REPRESENTATION('',(#1001),#1005);
#1001 = LINE('',#1002,#1003);
#1002 = CARTESIAN_POINT('',(-0.,0.));
#1003 = VECTOR('',#1004,1.);
#1004 = DIRECTION('',(-1.,0.));
#1005 = ( GEOMETRIC_REPRESENTATION_CONTEXT(2) 
PARAMETRIC_REPRESENTATION_CONTEXT() REPRESENTATION_CONTEXT('2D SPACE',''
  ) );
#1006 = FACE_BOUND('',#1007,.T.);
#1007 = EDGE_LOOP('',(#1008));
#1008 = ORIENTED_EDGE('',*,*,#1009,.F.);
#1009 = EDGE_CURVE('',#1010,#1010,#1012,.T.);
#1010 = VERTEX_POINT('',#1011);
#1011 = CARTESIAN_POINT('',(19.8,7.565,14.585));
#1012 = SURFACE_CURVE('',#1013,(#1018,#1025),.PCURVE_S1.);
#1013 = CIRCLE('',#1014,0.175);
#1014 = AXIS2_PLACEMENT_3D('',#1015,#1016,#1017);
#1015 = CARTESIAN_POINT('',(19.8,7.39,14.585));
#1016 = DIRECTION('',(1.,0.,0.));
#1017 = DIRECTION('',(0.,1.,0.));
#1018 = PCURVE('',#314,#1019);
#1019 = DEFINITIONAL_REPRESENTATION('',(#1020),#1024);
#1020 = CIRCLE('',#1021,0.175);
#1021 = AXIS2_PLACEMENT_2D('',#1022,#1023);
#1022 = CARTESIAN_POINT('',(14.585,-7.39));
#1023 = DIRECTION('',(0.,-1.));
#1024 = ( GEOMETRIC_REPRESENTATION_CONTEXT(2) 
PARAMETRIC_REPRESENTATION_CONTEXT() REPRESENTATION_CONTEXT('2D SPACE',''
  ) );
#1025 = PCURVE('',#1026,#1031);
#1026 = CYLINDRICAL_SURFACE('',#1027,0.175);
#1027 = AXIS2_PLACEMENT_3D('',#1028,#1029,#1030);
#1028 = CARTESIAN_POINT('',(19.8,7.39,14.585));
#1029 = DIRECTION('',(-1.,-0.,-0.));
#1030 = DIRECTION('',(0.,1.,0.));
#1031 = DEFINITIONAL_REPRESENTATION('',(#1032),#1036);
#1032 = LINE('',#1033,#1034);
#1033 = CARTESIAN_POINT('',(-0.,0.));
#1034 = VECTOR('',#1035,1.);
#1035 = DIRECTION('',(-1.,0.));
#1036 = ( GEOMETRIC_REPRESENTATION_CONTEXT(2) 
PARAMETRIC_REPRESENTATION_CONTEXT() REPRESENTATION_CONTEXT('2D SPACE',''
  ) );
#1037 = FACE_BOUND('',#1038,.T.);
#1038 = EDGE_LOOP('',(#1039));
#1039 = ORIENTED_EDGE('',*,*,#1040,.F.);
#1040 = EDGE_CURVE('',#1041,#1041,#1043,.T.);
#1041 = VERTEX_POINT('',#1042);
#1042 = CARTESIAN_POINT('',(19.8,5.035,3.085));
#1043 = SURFACE_CURVE('',#1044,(#1049,#1056),.PCURVE_S1.);
#1044 = CIRCLE('',#1045,0.175);
#1045 = AXIS2_PLACEMENT_3D('',#1046,#1047,#1048);
#1046 = CARTESIAN_POINT('',(19.8,4.86,3.085));
#1047 = DIRECTION('',(1.,0.,0.));
#1048 = DIRECTION('',(0.,1.,0.));
#1049 = PCURVE('',#314,#1050);
#1050 = DEFINITIONAL_REPRESENTATION('',(#1051),#1055);
#1051 = CIRCLE('',#1052,0.175);
#1052 = AXIS2_PLACEMENT_2D('',#1053,#1054);
#1053 = CARTESIAN_POINT('',(3.085,-4.86));
#1054 = DIRECTION('',(0.,-1.));
#1055 = ( GEOMETRIC_REPRESENTATION_CONTEXT(2) 
PARAMETRIC_REPRESENTATION_CONTEXT() REPRESENTATION_CONTEXT('2D SPACE',''
  ) );
#1056 = PCURVE('',#1057,#1062);
#1057 = CYLINDRICAL_SURFACE('',#1058,0.175);
#1058 = AXIS2_PLACEMENT_3D('',#1059,#1060,#1061);
#1059 = CARTESIAN_POINT('',(19.8,4.86,3.085));
#1060 = DIRECTION('',(-1.,-0.,-0.));
#1061 = DIRECTION('',(0.,1.,0.));
#1062 = DEFINITIONAL_REPRESENTATION('',(#1063),#1067);
#1063 = LINE('',#1064,#1065);
#1064 = CARTESIAN_POINT('',(-0.,0.));
#1065 = VECTOR('',#1066,1.);
#1066 = DIRECTION('',(-1.,0.));
#1067 = ( GEOMETRIC_REPRESENTATION_CONTEXT(2) 
PARAMETRIC_REPRESENTATION_CONTEXT() REPRESENTATION_CONTEXT('2D SPACE',''
  ) );
#1068 = FACE_BOUND('',#1069,.T.);
#1069 = EDGE_LOOP('',(#1070));
#1070 = ORIENTED_EDGE('',*,*,#1071,.F.);
#1071 = EDGE_CURVE('',#1072,#1072,#1074,.T.);
#1072 = VERTEX_POINT('',#1073);
#1073 = CARTESIAN_POINT('',(19.8,7.475,8.835));
#1074 = SURFACE_CURVE('',#1075,(#1080,#1087),.PCURVE_S1.);
#1075 = CIRCLE('',#1076,1.35);
#1076 = AXIS2_PLACEMENT_3D('',#1077,#1078,#1079);
#1077 = CARTESIAN_POINT('',(19.8,6.125,8.835));
#1078 = DIRECTION('',(1.,0.,0.));
#1079 = DIRECTION('',(0.,1.,0.));
#1080 = PCURVE('',#314,#1081);
#1081 = DEFINITIONAL_REPRESENTATION('',(#1082),#1086);
#1082 = CIRCLE('',#1083,1.35);
#1083 = AXIS2_PLACEMENT_2D('',#1084,#1085);
#1084 = CARTESIAN_POINT('',(8.835,-6.125));
#1085 = DIRECTION('',(0.,-1.));
#1086 = ( GEOMETRIC_REPRESENTATION_CONTEXT(2) 
PARAMETRIC_REPRESENTATION_CONTEXT() REPRESENTATION_CONTEXT('2D SPACE',''
  ) );
#1087 = PCURVE('',#1088,#1093);
#1088 = CYLINDRICAL_SURFACE('',#1089,1.35);
#1089 = AXIS2_PLACEMENT_3D('',#1090,#1091,#1092);
#1090 = CARTESIAN_POINT('',(19.8,6.125,8.835));
#1091 = DIRECTION('',(-1.,-0.,-0.));
#1092 = DIRECTION('',(0.,1.,0.));
#1093 = DEFINITIONAL_REPRESENTATION('',(#1094),#1098);
#1094 = LINE('',#1095,#1096);
#1095 = CARTESIAN_POINT('',(-0.,0.));
#1096 = VECTOR('',#1097,1.);
#1097 = DIRECTION('',(-1.,0.));
#1098 = ( GEOMETRIC_REPRESENTATION_CONTEXT(2) 
PARAMETRIC_REPRESENTATION_CONTEXT() REPRESENTATION_CONTEXT('2D SPACE',''
  ) );
#1099 = FACE_BOUND('',#1100,.T.);
#1100 = EDGE_LOOP('',(#1101));
#1101 = ORIENTED_EDGE('',*,*,#1102,.F.);
#1102 = EDGE_CURVE('',#1103,#1103,#1105,.T.);
#1103 = VERTEX_POINT('',#1104);
#1104 = CARTESIAN_POINT('',(19.8,3.425,4.86485954502));
#1105 = SURFACE_CURVE('',#1106,(#1111,#1118),.PCURVE_S1.);
#1106 = CIRCLE('',#1107,0.175);
#1107 = AXIS2_PLACEMENT_3D('',#1108,#1109,#1110);
#1108 = CARTESIAN_POINT('',(19.8,3.25,4.86485954502));
#1109 = DIRECTION('',(1.,0.,0.));
#1110 = DIRECTION('',(0.,1.,0.));
#1111 = PCURVE('',#314,#1112);
#1112 = DEFINITIONAL_REPRESENTATION('',(#1113),#1117);
#1113 = CIRCLE('',#1114,0.175);
#1114 = AXIS2_PLACEMENT_2D('',#1115,#1116);
#1115 = CARTESIAN_POINT('',(4.86485954502,-3.25));
#1116 = DIRECTION('',(0.,-1.));
#1117 = ( GEOMETRIC_REPRESENTATION_CONTEXT(2) 
PARAMETRIC_REPRESENTATION_CONTEXT() REPRESENTATION_CONTEXT('2D SPACE',''
  ) );
#1118 = PCURVE('',#1119,#1124);
#1119 = CYLINDRICAL_SURFACE('',#1120,0.175);
#1120 = AXIS2_PLACEMENT_3D('',#1121,#1122,#1123);
#1121 = CARTESIAN_POINT('',(19.8,3.25,4.86485954502));
#1122 = DIRECTION('',(-1.,-0.,-0.));
#1123 = DIRECTION('',(0.,1.,0.));
#1124 = DEFINITIONAL_REPRESENTATION('',(#1125),#1129);
#1125 = LINE('',#1126,#1127);
#1126 = CARTESIAN_POINT('',(-0.,0.));
#1127 = VECTOR('',#1128,1.);
#1128 = DIRECTION('',(-1.,0.));
#1129 = ( GEOMETRIC_REPRESENTATION_CONTEXT(2) 
PARAMETRIC_REPRESENTATION_CONTEXT() REPRESENTATION_CONTEXT('2D SPACE',''
  ) );
#1130 = FACE_BOUND('',#1131,.T.);
#1131 = EDGE_LOOP('',(#1132));
#1132 = ORIENTED_EDGE('',*,*,#1133,.F.);
#1133 = EDGE_CURVE('',#1134,#1134,#1136,.T.);
#1134 = VERTEX_POINT('',#1135);
#1135 = CARTESIAN_POINT('',(19.8,3.425,7.26485954502));
#1136 = SURFACE_CURVE('',#1137,(#1142,#1149),.PCURVE_S1.);
#1137 = CIRCLE('',#1138,0.175);
#1138 = AXIS2_PLACEMENT_3D('',#1139,#1140,#1141);
#1139 = CARTESIAN_POINT('',(19.8,3.25,7.26485954502));
#1140 = DIRECTION('',(1.,0.,0.));
#1141 = DIRECTION('',(0.,1.,0.));
#1142 = PCURVE('',#314,#1143);
#1143 = DEFINITIONAL_REPRESENTATION('',(#1144),#1148);
#1144 = CIRCLE('',#1145,0.175);
#1145 = AXIS2_PLACEMENT_2D('',#1146,#1147);
#1146 = CARTESIAN_POINT('',(7.26485954502,-3.25));
#1147 = DIRECTION('',(0.,-1.));
#1148 = ( GEOMETRIC_REPRESENTATION_CONTEXT(2) 
PARAMETRIC_REPRESENTATION_CONTEXT() REPRESENTATION_CONTEXT('2D SPACE',''
  ) );
#1149 = PCURVE('',#1150,#1155);
#1150 = CYLINDRICAL_SURFACE('',#1151,0.175);
#1151 = AXIS2_PLACEMENT_3D('',#1152,#1153,#1154);
#1152 = CARTESIAN_POINT('',(19.8,3.25,7.26485954502));
#1153 = DIRECTION('',(-1.,-0.,-0.));
#1154 = DIRECTION('',(0.,1.,0.));
#1155 = DEFINITIONAL_REPRESENTATION('',(#1156),#1160);
#1156 = LINE('',#1157,#1158);
#1157 = CARTESIAN_POINT('',(-0.,0.));
#1158 = VECTOR('',#1159,1.);
#1159 = DIRECTION('',(-1.,0.));
#1160 = ( GEOMETRIC_REPRESENTATION_CONTEXT(2) 
PARAMETRIC_REPRESENTATION_CONTEXT() REPRESENTATION_CONTEXT('2D SPACE',''
  ) );
#1161 = FACE_BOUND('',#1162,.T.);
#1162 = EDGE_LOOP('',(#1163));
#1163 = ORIENTED_EDGE('',*,*,#1164,.F.);
#1164 = EDGE_CURVE('',#1165,#1165,#1167,.T.);
#1165 = VERTEX_POINT('',#1166);
#1166 = CARTESIAN_POINT('',(19.8,5.035,14.585));
#1167 = SURFACE_CURVE('',#1168,(#1173,#1180),.PCURVE_S1.);
#1168 = CIRCLE('',#1169,0.175);
#1169 = AXIS2_PLACEMENT_3D('',#1170,#1171,#1172);
#1170 = CARTESIAN_POINT('',(19.8,4.86,14.585));
#1171 = DIRECTION('',(1.,0.,0.));
#1172 = DIRECTION('',(0.,1.,0.));
#1173 = PCURVE('',#314,#1174);
#1174 = DEFINITIONAL_REPRESENTATION('',(#1175),#1179);
#1175 = CIRCLE('',#1176,0.175);
#1176 = AXIS2_PLACEMENT_2D('',#1177,#1178);
#1177 = CARTESIAN_POINT('',(14.585,-4.86));
#1178 = DIRECTION('',(0.,-1.));
#1179 = ( GEOMETRIC_REPRESENTATION_CONTEXT(2) 
PARAMETRIC_REPRESENTATION_CONTEXT() REPRESENTATION_CONTEXT('2D SPACE',''
  ) );
#1180 = PCURVE('',#1181,#1186);
#1181 = CYLINDRICAL_SURFACE('',#1182,0.175);
#1182 = AXIS2_PLACEMENT_3D('',#1183,#1184,#1185);
#1183 = CARTESIAN_POINT('',(19.8,4.86,14.585));
#1184 = DIRECTION('',(-1.,-0.,-0.));
#1185 = DIRECTION('',(0.,1.,0.));
#1186 = DEFINITIONAL_REPRESENTATION('',(#1187),#1191);
#1187 = LINE('',#1188,#1189);
#1188 = CARTESIAN_POINT('',(-0.,0.));
#1189 = VECTOR('',#1190,1.);
#1190 = DIRECTION('',(-1.,0.));
#1191 = ( GEOMETRIC_REPRESENTATION_CONTEXT(2) 
PARAMETRIC_REPRESENTATION_CONTEXT() REPRESENTATION_CONTEXT('2D SPACE',''
  ) );
#1192 = FACE_BOUND('',#1193,.T.);
#1193 = EDGE_LOOP('',(#1194));
#1194 = ORIENTED_EDGE('',*,*,#1195,.F.);
#1195 = EDGE_CURVE('',#1196,#1196,#1198,.T.);
#1196 = VERTEX_POINT('',#1197);
#1197 = CARTESIAN_POINT('',(19.8,3.425,10.40514045498));
#1198 = SURFACE_CURVE('',#1199,(#1204,#1211),.PCURVE_S1.);
#1199 = CIRCLE('',#1200,0.175);
#1200 = AXIS2_PLACEMENT_3D('',#1201,#1202,#1203);
#1201 = CARTESIAN_POINT('',(19.8,3.25,10.40514045498));
#1202 = DIRECTION('',(1.,0.,0.));
#1203 = DIRECTION('',(0.,1.,0.));
#1204 = PCURVE('',#314,#1205);
#1205 = DEFINITIONAL_REPRESENTATION('',(#1206),#1210);
#1206 = CIRCLE('',#1207,0.175);
#1207 = AXIS2_PLACEMENT_2D('',#1208,#1209);
#1208 = CARTESIAN_POINT('',(10.40514045498,-3.25));
#1209 = DIRECTION('',(0.,-1.));
#1210 = ( GEOMETRIC_REPRESENTATION_CONTEXT(2) 
PARAMETRIC_REPRESENTATION_CONTEXT() REPRESENTATION_CONTEXT('2D SPACE',''
  ) );
#1211 = PCURVE('',#1212,#1217);
#1212 = CYLINDRICAL_SURFACE('',#1213,0.175);
#1213 = AXIS2_PLACEMENT_3D('',#1214,#1215,#1216);
#1214 = CARTESIAN_POINT('',(19.8,3.25,10.40514045498));
#1215 = DIRECTION('',(-1.,-0.,-0.));
#1216 = DIRECTION('',(0.,1.,0.));
#1217 = DEFINITIONAL_REPRESENTATION('',(#1218),#1222);
#1218 = LINE('',#1219,#1220);
#1219 = CARTESIAN_POINT('',(-0.,0.));
#1220 = VECTOR('',#1221,1.);
#1221 = DIRECTION('',(-1.,0.));
#1222 = ( GEOMETRIC_REPRESENTATION_CONTEXT(2) 
PARAMETRIC_REPRESENTATION_CONTEXT() REPRESENTATION_CONTEXT('2D SPACE',''
  ) );
#1223 = FACE_BOUND('',#1224,.T.);
#1224 = EDGE_LOOP('',(#1225));
#1225 = ORIENTED_EDGE('',*,*,#1226,.F.);
#1226 = EDGE_CURVE('',#1227,#1227,#1229,.T.);
#1227 = VERTEX_POINT('',#1228);
#1228 = CARTESIAN_POINT('',(19.8,3.425,12.80514045498));
#1229 = SURFACE_CURVE('',#1230,(#1235,#1242),.PCURVE_S1.);
#1230 = CIRCLE('',#1231,0.175);
#1231 = AXIS2_PLACEMENT_3D('',#1232,#1233,#1234);
#1232 = CARTESIAN_POINT('',(19.8,3.25,12.80514045498));
#1233 = DIRECTION('',(1.,0.,0.));
#1234 = DIRECTION('',(0.,1.,0.));
#1235 = PCURVE('',#314,#1236);
#1236 = DEFINITIONAL_REPRESENTATION('',(#1237),#1241);
#1237 = CIRCLE('',#1238,0.175);
#1238 = AXIS2_PLACEMENT_2D('',#1239,#1240);
#1239 = CARTESIAN_POINT('',(12.80514045498,-3.25));
#1240 = DIRECTION('',(0.,-1.));
#1241 = ( GEOMETRIC_REPRESENTATION_CONTEXT(2) 
PARAMETRIC_REPRESENTATION_CONTEXT() REPRESENTATION_CONTEXT('2D SPACE',''
  ) );
#1242 = PCURVE('',#1243,#1248);
#1243 = CYLINDRICAL_SURFACE('',#1244,0.175);
#1244 = AXIS2_PLACEMENT_3D('',#1245,#1246,#1247);
#1245 = CARTESIAN_POINT('',(19.8,3.25,12.80514045498));
#1246 = DIRECTION('',(-1.,-0.,-0.));
#1247 = DIRECTION('',(0.,1.,0.));
#1248 = DEFINITIONAL_REPRESENTATION('',(#1249),#1253);
#1249 = LINE('',#1250,#1251);
#1250 = CARTESIAN_POINT('',(-0.,0.));
#1251 = VECTOR('',#1252,1.);
#1252 = DIRECTION('',(-1.,0.));
#1253 = ( GEOMETRIC_REPRESENTATION_CONTEXT(2) 
PARAMETRIC_REPRESENTATION_CONTEXT() REPRESENTATION_CONTEXT('2D SPACE',''
  ) );
#1254 = ADVANCED_FACE('',(#1255),#382,.T.);
#1255 = FACE_BOUND('',#1256,.F.);
#1256 = EDGE_LOOP('',(#1257,#1280,#1370,#1371));
#1257 = ORIENTED_EDGE('',*,*,#1258,.T.);
#1258 = EDGE_CURVE('',#356,#1259,#1261,.T.);
#1259 = VERTEX_POINT('',#1260);
#1260 = CARTESIAN_POINT('',(5.,9.25,-8.881784197001E-16));
#1261 = SURFACE_CURVE('',#1262,(#1266,#1273),.PCURVE_S1.);
#1262 = LINE('',#1263,#1264);
#1263 = CARTESIAN_POINT('',(5.,0.,-8.9E-16));
#1264 = VECTOR('',#1265,1.);
#1265 = DIRECTION('',(0.,1.,0.));
#1266 = PCURVE('',#382,#1267);
#1267 = DEFINITIONAL_REPRESENTATION('',(#1268),#1272);
#1268 = LINE('',#1269,#1270);
#1269 = CARTESIAN_POINT('',(-1.570796326795,0.));
#1270 = VECTOR('',#1271,1.);
#1271 = DIRECTION('',(-0.,1.));
#1272 = ( GEOMETRIC_REPRESENTATION_CONTEXT(2) 
PARAMETRIC_REPRESENTATION_CONTEXT() REPRESENTATION_CONTEXT('2D SPACE',''
  ) );
#1273 = PCURVE('',#618,#1274);
#1274 = DEFINITIONAL_REPRESENTATION('',(#1275),#1279);
#1275 = LINE('',#1276,#1277);
#1276 = CARTESIAN_POINT('',(5.,0.));
#1277 = VECTOR('',#1278,1.);
#1278 = DIRECTION('',(0.,1.));
#1279 = ( GEOMETRIC_REPRESENTATION_CONTEXT(2) 
PARAMETRIC_REPRESENTATION_CONTEXT() REPRESENTATION_CONTEXT('2D SPACE',''
  ) );
#1280 = ORIENTED_EDGE('',*,*,#1281,.F.);
#1281 = EDGE_CURVE('',#527,#1259,#1282,.T.);
#1282 = SURFACE_CURVE('',#1283,(#1298,#1320),.PCURVE_S1.);
#1283 = ( BOUNDED_CURVE() B_SPLINE_CURVE(13,(#1284,#1285,#1286,#1287,
    #1288,#1289,#1290,#1291,#1292,#1293,#1294,#1295,#1296,#1297),
.UNSPECIFIED.,.F.,.F.) B_SPLINE_CURVE_WITH_KNOTS((14,14),(0.,
9.550494472593),.PIECEWISE_BEZIER_KNOTS.) CURVE() 
GEOMETRIC_REPRESENTATION_ITEM() RATIONAL_B_SPLINE_CURVE((1.,1.,1.,1.,1.,
0.999999999999,1.,1.,1.,1.,1.,1.,1.,1.)) REPRESENTATION_ITEM('') );
#1284 = CARTESIAN_POINT('',(-8.881784197001E-16,7.25,5.));
#1285 = CARTESIAN_POINT('',(1.199040866595E-14,7.595228381516,
    4.136929046209));
#1286 = CARTESIAN_POINT('',(0.160625216671,7.940760234556,3.273698583788
    ));
#1287 = CARTESIAN_POINT('',(0.489933848456,8.265234825553,2.451070246661
    ));
#1288 = CARTESIAN_POINT('',(0.933283714614,8.56372242816,1.703332362661)
  );
#1289 = CARTESIAN_POINT('',(1.60114395367,8.781466917745,1.076512060952)
  );
#1290 = CARTESIAN_POINT('',(2.132795994637,8.971134483504,0.605768062798
    ));
#1291 = CARTESIAN_POINT('',(3.004173423794,9.069098234928,0.242397742578
    ));
#1292 = CARTESIAN_POINT('',(3.50583770355,9.033823595445,0.201766047047)
  );
#1293 = CARTESIAN_POINT('',(3.91609811621,9.140271636706,
    6.711506842184E-02));
#1294 = CARTESIAN_POINT('',(4.249341231527,9.179453188526,
    4.204509375737E-02));
#1295 = CARTESIAN_POINT('',(4.516281304808,9.22841115013,
    1.212422479773E-02));
#1296 = CARTESIAN_POINT('',(4.758340132938,9.25,3.503863865717E-13));
#1297 = CARTESIAN_POINT('',(5.,9.25,-8.881784197001E-16));
#1298 = PCURVE('',#382,#1299);
#1299 = DEFINITIONAL_REPRESENTATION('',(#1300),#1319);
#1300 = B_SPLINE_CURVE_WITH_KNOTS('',9,(#1301,#1302,#1303,#1304,#1305,
    #1306,#1307,#1308,#1309,#1310,#1311,#1312,#1313,#1314,#1315,#1316,
    #1317,#1318),.UNSPECIFIED.,.F.,.F.,(10,8,10),(0.,4.775247236297,
    9.550494472593),.UNSPECIFIED.);
#1301 = CARTESIAN_POINT('',(-3.330669073875E-16,7.25));
#1302 = CARTESIAN_POINT('',(-0.124665804437,7.499331608872));
#1303 = CARTESIAN_POINT('',(-0.249337623956,7.748665811818));
#1304 = CARTESIAN_POINT('',(-0.373434200593,7.990146481257));
#1305 = CARTESIAN_POINT('',(-0.496464951725,8.215935317345));
#1306 = CARTESIAN_POINT('',(-0.617620671998,8.418787599408));
#1307 = CARTESIAN_POINT('',(-0.735856950192,8.592009765673));
#1308 = CARTESIAN_POINT('',(-0.849415077472,8.731730629966));
#1309 = CARTESIAN_POINT('',(-0.955405703153,8.84016102896));
#1310 = CARTESIAN_POINT('',(-1.148116244502,9.008358326889));
#1311 = CARTESIAN_POINT('',(-1.234843337202,9.067939928722));
#1312 = CARTESIAN_POINT('',(-1.309797628043,9.11043780345));
#1313 = CARTESIAN_POINT('',(-1.371911213193,9.142283717606));
#1314 = CARTESIAN_POINT('',(-1.421022542948,9.182153183068));
#1315 = CARTESIAN_POINT('',(-1.463809042895,9.213394810786));
#1316 = CARTESIAN_POINT('',(-1.500941696738,9.238147265224));
#1317 = CARTESIAN_POINT('',(-1.535889901553,9.25));
#1318 = CARTESIAN_POINT('',(-1.570796326795,9.25));
#1319 = ( GEOMETRIC_REPRESENTATION_CONTEXT(2) 
PARAMETRIC_REPRESENTATION_CONTEXT() REPRESENTATION_CONTEXT('2D SPACE',''
  ) );
#1320 = PCURVE('',#1321,#1364);
#1321 = ( BOUNDED_SURFACE() B_SPLINE_SURFACE(2,13,(
    (#1322,#1323,#1324,#1325,#1326,#1327,#1328,#1329,#1330,#1331,#1332
      ,#1333,#1334,#1335)
    ,(#1336,#1337,#1338,#1339,#1340,#1341,#1342,#1343,#1344,#1345,#1346
      ,#1347,#1348,#1349)
    ,(#1350,#1351,#1352,#1353,#1354,#1355,#1356,#1357,#1358,#1359,#1360
      ,#1361,#1362,#1363
)),.UNSPECIFIED.,.F.,.F.,.F.) B_SPLINE_SURFACE_WITH_KNOTS((3,3),(14,14),
  (0.,9.550494472593),(0.,9.550494472593),.PIECEWISE_BEZIER_KNOTS.) 
GEOMETRIC_REPRESENTATION_ITEM() RATIONAL_B_SPLINE_SURFACE((
    (1.,1.,1.,1.,1.,0.999999999999,1.,1.,1.,1.,1.,1.,1.,1.)
    ,(1.,1.,0.984003358459,0.950503104212,0.909348494542,0.838453966978
      ,0.806054595457,0.713965008944,0.704492168668,0.697408831944
      ,0.700137759389,0.704922578477,0.707106781187,0.707106781187)
    ,(1.,1.,1.,1.,1.,0.999999999999,1.,1.,1.,1.,1.,1.,1.,1.
))) REPRESENTATION_ITEM('') SURFACE() );
#1322 = CARTESIAN_POINT('',(-8.881784197001E-16,7.25,5.));
#1323 = CARTESIAN_POINT('',(1.199040866595E-14,7.595228381516,
    4.136929046209));
#1324 = CARTESIAN_POINT('',(0.160625216671,7.940760234556,3.273698583788
    ));
#1325 = CARTESIAN_POINT('',(0.489933848456,8.265234825553,2.451070246661
    ));
#1326 = CARTESIAN_POINT('',(0.933283714614,8.56372242816,1.703332362661)
  );
#1327 = CARTESIAN_POINT('',(1.60114395367,8.781466917745,1.076512060952)
  );
#1328 = CARTESIAN_POINT('',(2.132795994637,8.971134483504,0.605768062798
    ));
#1329 = CARTESIAN_POINT('',(3.004173423794,9.069098234928,0.242397742578
    ));
#1330 = CARTESIAN_POINT('',(3.50583770355,9.033823595445,0.201766047047)
  );
#1331 = CARTESIAN_POINT('',(3.91609811621,9.140271636706,
    6.711506842184E-02));
#1332 = CARTESIAN_POINT('',(4.249341231527,9.179453188526,
    4.204509375737E-02));
#1333 = CARTESIAN_POINT('',(4.516281304808,9.22841115013,
    1.212422479773E-02));
#1334 = CARTESIAN_POINT('',(4.758340132938,9.25,3.503863865717E-13));
#1335 = CARTESIAN_POINT('',(5.,9.25,-8.881784197001E-16));
#1336 = CARTESIAN_POINT('',(-4.440892098501E-16,7.25,5.));
#1337 = CARTESIAN_POINT('',(-6.661338147751E-14,7.854149667654,
    4.395850332346));
#1338 = CARTESIAN_POINT('',(6.662840275763E-02,8.478473480758,
    3.771526519242));
#1339 = CARTESIAN_POINT('',(0.196002639705,9.107702078295,3.142297921705
    ));
#1340 = CARTESIAN_POINT('',(0.444905806211,9.736440090259,2.513559909741
    ));
#1341 = CARTESIAN_POINT('',(0.634202752329,10.310409293885,
    1.939590706116));
#1342 = CARTESIAN_POINT('',(1.145498429578,10.858107580928,
    1.391892419071));
#1343 = CARTESIAN_POINT('',(1.355788144255,11.309356338927,
    0.940643661074));
#1344 = CARTESIAN_POINT('',(1.865583095963,11.67663155296,0.573368447039
    ));
#1345 = CARTESIAN_POINT('',(2.54353608547,11.925322345213,0.324677654788
    ));
#1346 = CARTESIAN_POINT('',(3.157825038282,12.097839442266,
    0.152160557734));
#1347 = CARTESIAN_POINT('',(3.788664812427,12.19904053437,
    5.095946563024E-02));
#1348 = CARTESIAN_POINT('',(4.395850332346,12.25,2.065014825803E-13));
#1349 = CARTESIAN_POINT('',(5.,12.25,-8.881784197001E-16));
#1350 = CARTESIAN_POINT('',(-8.881784197001E-16,7.25,5.));
#1351 = CARTESIAN_POINT('',(-9.325873406851E-15,8.113070953791,
    4.654771618484));
#1352 = CARTESIAN_POINT('',(0.160625216671,8.976301416212,4.309239765444
    ));
#1353 = CARTESIAN_POINT('',(0.489933848456,9.798929753338,3.984765174447
    ));
#1354 = CARTESIAN_POINT('',(0.933283714615,10.54666763734,3.686277571839
    ));
#1355 = CARTESIAN_POINT('',(1.601143953668,11.173487939047,
    3.468533082258));
#1356 = CARTESIAN_POINT('',(2.132795994639,11.644231937204,
    3.278865516492));
#1357 = CARTESIAN_POINT('',(3.004173423791,12.00760225742,3.180901765075
    ));
#1358 = CARTESIAN_POINT('',(3.505837703553,12.048233952955,
    3.216176404553));
#1359 = CARTESIAN_POINT('',(3.916098116208,12.182884931577,
    3.109728363296));
#1360 = CARTESIAN_POINT('',(4.249341231528,12.207954906244,
    3.070546811474));
#1361 = CARTESIAN_POINT('',(4.516281304808,12.237875775202,3.02158884987
    ));
#1362 = CARTESIAN_POINT('',(4.758340132938,12.25,3.));
#1363 = CARTESIAN_POINT('',(5.,12.25,3.));
#1364 = DEFINITIONAL_REPRESENTATION('',(#1365),#1369);
#1365 = LINE('',#1366,#1367);
#1366 = CARTESIAN_POINT('',(0.,0.));
#1367 = VECTOR('',#1368,1.);
#1368 = DIRECTION('',(0.,1.));
#1369 = ( GEOMETRIC_REPRESENTATION_CONTEXT(2) 
PARAMETRIC_REPRESENTATION_CONTEXT() REPRESENTATION_CONTEXT('2D SPACE',''
  ) );
#1370 = ORIENTED_EDGE('',*,*,#526,.F.);
#1371 = ORIENTED_EDGE('',*,*,#355,.T.);
#1372 = ADVANCED_FACE('',(#1373),#467,.T.);
#1373 = FACE_BOUND('',#1374,.T.);
#1374 = EDGE_LOOP('',(#1375,#1398,#1488,#1489));
#1375 = ORIENTED_EDGE('',*,*,#1376,.T.);
#1376 = EDGE_CURVE('',#441,#1377,#1379,.T.);
#1377 = VERTEX_POINT('',#1378);
#1378 = CARTESIAN_POINT('',(5.,9.25,17.67));
#1379 = SURFACE_CURVE('',#1380,(#1384,#1391),.PCURVE_S1.);
#1380 = LINE('',#1381,#1382);
#1381 = CARTESIAN_POINT('',(5.,0.,17.67));
#1382 = VECTOR('',#1383,1.);
#1383 = DIRECTION('',(0.,1.,0.));
#1384 = PCURVE('',#467,#1385);
#1385 = DEFINITIONAL_REPRESENTATION('',(#1386),#1390);
#1386 = LINE('',#1387,#1388);
#1387 = CARTESIAN_POINT('',(1.570796326795,0.));
#1388 = VECTOR('',#1389,1.);
#1389 = DIRECTION('',(0.,1.));
#1390 = ( GEOMETRIC_REPRESENTATION_CONTEXT(2) 
PARAMETRIC_REPRESENTATION_CONTEXT() REPRESENTATION_CONTEXT('2D SPACE',''
  ) );
#1391 = PCURVE('',#673,#1392);
#1392 = DEFINITIONAL_REPRESENTATION('',(#1393),#1397);
#1393 = LINE('',#1394,#1395);
#1394 = CARTESIAN_POINT('',(5.,0.));
#1395 = VECTOR('',#1396,1.);
#1396 = DIRECTION('',(0.,1.));
#1397 = ( GEOMETRIC_REPRESENTATION_CONTEXT(2) 
PARAMETRIC_REPRESENTATION_CONTEXT() REPRESENTATION_CONTEXT('2D SPACE',''
  ) );
#1398 = ORIENTED_EDGE('',*,*,#1399,.F.);
#1399 = EDGE_CURVE('',#550,#1377,#1400,.T.);
#1400 = SURFACE_CURVE('',#1401,(#1416,#1438),.PCURVE_S1.);
#1401 = ( BOUNDED_CURVE() B_SPLINE_CURVE(13,(#1402,#1403,#1404,#1405,
    #1406,#1407,#1408,#1409,#1410,#1411,#1412,#1413,#1414,#1415),
.UNSPECIFIED.,.F.,.F.) B_SPLINE_CURVE_WITH_KNOTS((14,14),(0.,
9.550494472593),.PIECEWISE_BEZIER_KNOTS.) CURVE() 
GEOMETRIC_REPRESENTATION_ITEM() RATIONAL_B_SPLINE_CURVE((1.,1.,
    0.999999999999,1.000000000002,0.999999999996,1.000000000005,
    0.999999999994,1.000000000006,0.999999999995,1.000000000003,
0.999999999999,1.,1.,1.)) REPRESENTATION_ITEM('') );
#1402 = CARTESIAN_POINT('',(-8.881784197001E-16,7.25,12.67));
#1403 = CARTESIAN_POINT('',(3.743672039036E-13,7.595228381517,
    13.533070953792));
#1404 = CARTESIAN_POINT('',(0.16062521667,7.940760234554,14.396301416211
    ));
#1405 = CARTESIAN_POINT('',(0.489933848455,8.265234825562,15.21892975334
    ));
#1406 = CARTESIAN_POINT('',(0.933283714625,8.563722428131,
    15.966667637341));
#1407 = CARTESIAN_POINT('',(1.601143953638,8.781466917807,
    16.593487939039));
#1408 = CARTESIAN_POINT('',(2.132795994688,8.971134483412,
    17.064231937219));
#1409 = CARTESIAN_POINT('',(3.004173423736,9.069098235022,
    17.427602257401));
#1410 = CARTESIAN_POINT('',(3.505837703594,9.033823595381,17.46823395297
    ));
#1411 = CARTESIAN_POINT('',(3.916098116189,9.14027163673,17.602884931568
    ));
#1412 = CARTESIAN_POINT('',(4.249341231534,9.179453188522,
    17.627954906247));
#1413 = CARTESIAN_POINT('',(4.516281304806,9.22841115013,17.657875775201
    ));
#1414 = CARTESIAN_POINT('',(4.758340132939,9.25,17.67));
#1415 = CARTESIAN_POINT('',(5.,9.25,17.67));
#1416 = PCURVE('',#467,#1417);
#1417 = DEFINITIONAL_REPRESENTATION('',(#1418),#1437);
#1418 = B_SPLINE_CURVE_WITH_KNOTS('',9,(#1419,#1420,#1421,#1422,#1423,
    #1424,#1425,#1426,#1427,#1428,#1429,#1430,#1431,#1432,#1433,#1434,
    #1435,#1436),.UNSPECIFIED.,.F.,.F.,(10,8,10),(0.,4.775247236297,
    9.550494472593),.UNSPECIFIED.);
#1419 = CARTESIAN_POINT('',(-1.110223024625E-16,7.25));
#1420 = CARTESIAN_POINT('',(0.124665804437,7.499331608873));
#1421 = CARTESIAN_POINT('',(0.249337623956,7.748665811817));
#1422 = CARTESIAN_POINT('',(0.373434200593,7.990146481259));
#1423 = CARTESIAN_POINT('',(0.496464951725,8.215935317344));
#1424 = CARTESIAN_POINT('',(0.617620671998,8.418787599408));
#1425 = CARTESIAN_POINT('',(0.735856950192,8.592009765674));
#1426 = CARTESIAN_POINT('',(0.849415077472,8.731730629965));
#1427 = CARTESIAN_POINT('',(0.955405703153,8.840161028959));
#1428 = CARTESIAN_POINT('',(1.148116244502,9.008358326889));
#1429 = CARTESIAN_POINT('',(1.234843337203,9.067939928722));
#1430 = CARTESIAN_POINT('',(1.309797628038,9.110437803452));
#1431 = CARTESIAN_POINT('',(1.371911213204,9.142283717602));
#1432 = CARTESIAN_POINT('',(1.421022542935,9.182153183073));
#1433 = CARTESIAN_POINT('',(1.463809042905,9.213394810784));
#1434 = CARTESIAN_POINT('',(1.500941696734,9.238147265224));
#1435 = CARTESIAN_POINT('',(1.535889901553,9.25));
#1436 = CARTESIAN_POINT('',(1.570796326795,9.25));
#1437 = ( GEOMETRIC_REPRESENTATION_CONTEXT(2) 
PARAMETRIC_REPRESENTATION_CONTEXT() REPRESENTATION_CONTEXT('2D SPACE',''
  ) );
#1438 = PCURVE('',#1439,#1482);
#1439 = ( BOUNDED_SURFACE() B_SPLINE_SURFACE(2,13,(
    (#1440,#1441,#1442,#1443,#1444,#1445,#1446,#1447,#1448,#1449,#1450
      ,#1451,#1452,#1453)
    ,(#1454,#1455,#1456,#1457,#1458,#1459,#1460,#1461,#1462,#1463,#1464
      ,#1465,#1466,#1467)
    ,(#1468,#1469,#1470,#1471,#1472,#1473,#1474,#1475,#1476,#1477,#1478
      ,#1479,#1480,#1481
)),.UNSPECIFIED.,.F.,.F.,.F.) B_SPLINE_SURFACE_WITH_KNOTS((3,3),(14,14),
  (0.,9.550494472593),(0.,9.550494472593),.PIECEWISE_BEZIER_KNOTS.) 
GEOMETRIC_REPRESENTATION_ITEM() RATIONAL_B_SPLINE_SURFACE((
    (1.,1.,0.999999999999,1.000000000002,0.999999999996,1.000000000005
      ,0.999999999994,1.000000000006,0.999999999995,1.000000000003
      ,0.999999999999,1.,1.,1.)
    ,(1.,0.999999998181,0.984003369067,0.950503070359,0.90934856676
      ,0.838453856645,0.806054719581,0.713964905509,0.704492231713
      ,0.697408804864,0.700137766911,0.704922577416,0.707106781186
      ,0.707106781187)
    ,(1.,1.,0.999999999999,1.000000000002,0.999999999996,1.000000000005
      ,0.999999999994,1.000000000006,0.999999999995,1.000000000003
,0.999999999999,1.,1.,1.))) REPRESENTATION_ITEM('') SURFACE() );
#1440 = CARTESIAN_POINT('',(-8.881784197001E-16,7.25,12.67));
#1441 = CARTESIAN_POINT('',(3.743672039036E-13,7.595228381517,
    13.533070953792));
#1442 = CARTESIAN_POINT('',(0.16062521667,7.940760234554,14.396301416211
    ));
#1443 = CARTESIAN_POINT('',(0.489933848455,8.265234825562,15.21892975334
    ));
#1444 = CARTESIAN_POINT('',(0.933283714625,8.563722428131,
    15.966667637341));
#1445 = CARTESIAN_POINT('',(1.601143953638,8.781466917807,
    16.593487939039));
#1446 = CARTESIAN_POINT('',(2.132795994688,8.971134483412,
    17.064231937219));
#1447 = CARTESIAN_POINT('',(3.004173423736,9.069098235022,
    17.427602257401));
#1448 = CARTESIAN_POINT('',(3.505837703594,9.033823595381,17.46823395297
    ));
#1449 = CARTESIAN_POINT('',(3.916098116189,9.14027163673,17.602884931568
    ));
#1450 = CARTESIAN_POINT('',(4.249341231534,9.179453188522,
    17.627954906247));
#1451 = CARTESIAN_POINT('',(4.516281304806,9.22841115013,17.657875775201
    ));
#1452 = CARTESIAN_POINT('',(4.758340132939,9.25,17.67));
#1453 = CARTESIAN_POINT('',(5.,9.25,17.67));
#1454 = CARTESIAN_POINT('',(-8.881784197001E-16,7.25,12.67));
#1455 = CARTESIAN_POINT('',(-1.091249757224E-08,7.854149668753,
    13.274149668753));
#1456 = CARTESIAN_POINT('',(6.662846673072E-02,8.478473467512,
    13.89847346751));
#1457 = CARTESIAN_POINT('',(0.196002432984,9.107702144462,
    14.527702144471));
#1458 = CARTESIAN_POINT('',(0.444906247412,9.736439892784,
    15.156439892754));
#1459 = CARTESIAN_POINT('',(0.634202046181,10.310409696619,
    15.730409696688));
#1460 = CARTESIAN_POINT('',(1.145499177198,10.858107025304,
    16.278107025203));
#1461 = CARTESIAN_POINT('',(1.35578747134,11.309356927039,
    16.729356927153));
#1462 = CARTESIAN_POINT('',(1.865583466015,11.676631156808,
    17.096631156729));
#1463 = CARTESIAN_POINT('',(2.543535951226,11.92532252676,
    17.345322526793));
#1464 = CARTESIAN_POINT('',(3.157825068827,12.097839390181,
    17.517839390174));
#1465 = CARTESIAN_POINT('',(3.788664809098,12.199040541816,
    17.619040541817));
#1466 = CARTESIAN_POINT('',(4.395850332347,12.25,17.67));
#1467 = CARTESIAN_POINT('',(5.,12.25,17.67));
#1468 = CARTESIAN_POINT('',(-8.881784197001E-16,7.25,12.67));
#1469 = CARTESIAN_POINT('',(3.517186542012E-13,8.113070953792,
    13.015228381517));
#1470 = CARTESIAN_POINT('',(0.16062521667,8.976301416211,13.360760234554
    ));
#1471 = CARTESIAN_POINT('',(0.489933848455,9.79892975334,13.685234825563
    ));
#1472 = CARTESIAN_POINT('',(0.933283714625,10.546667637341,
    13.983722428129));
#1473 = CARTESIAN_POINT('',(1.601143953639,11.173487939039,
    14.20146691781));
#1474 = CARTESIAN_POINT('',(2.132795994687,11.644231937218,
    14.39113448341));
#1475 = CARTESIAN_POINT('',(3.004173423737,12.007602257403,
    14.489098235024));
#1476 = CARTESIAN_POINT('',(3.505837703592,12.048233952968,
    14.453823595381));
#1477 = CARTESIAN_POINT('',(3.91609811619,12.18288493157,14.56027163673)
  );
#1478 = CARTESIAN_POINT('',(4.249341231533,12.207954906246,
    14.599453188523));
#1479 = CARTESIAN_POINT('',(4.516281304806,12.237875775201,
    14.64841115013));
#1480 = CARTESIAN_POINT('',(4.758340132939,12.25,14.67));
#1481 = CARTESIAN_POINT('',(5.,12.25,14.67));
#1482 = DEFINITIONAL_REPRESENTATION('',(#1483),#1487);
#1483 = LINE('',#1484,#1485);
#1484 = CARTESIAN_POINT('',(0.,0.));
#1485 = VECTOR('',#1486,1.);
#1486 = DIRECTION('',(0.,1.));
#1487 = ( GEOMETRIC_REPRESENTATION_CONTEXT(2) 
PARAMETRIC_REPRESENTATION_CONTEXT() REPRESENTATION_CONTEXT('2D SPACE',''
  ) );
#1488 = ORIENTED_EDGE('',*,*,#577,.F.);
#1489 = ORIENTED_EDGE('',*,*,#440,.T.);
#1490 = ADVANCED_FACE('',(#1491),#565,.T.);
#1491 = FACE_BOUND('',#1492,.F.);
#1492 = EDGE_LOOP('',(#1493,#1518,#1565,#1566));
#1493 = ORIENTED_EDGE('',*,*,#1494,.T.);
#1494 = EDGE_CURVE('',#1495,#1497,#1499,.T.);
#1495 = VERTEX_POINT('',#1496);
#1496 = CARTESIAN_POINT('',(5.,12.25,3.));
#1497 = VERTEX_POINT('',#1498);
#1498 = CARTESIAN_POINT('',(5.,12.25,14.67));
#1499 = SURFACE_CURVE('',#1500,(#1504,#1511),.PCURVE_S1.);
#1500 = LINE('',#1501,#1502);
#1501 = CARTESIAN_POINT('',(5.,12.25,0.));
#1502 = VECTOR('',#1503,1.);
#1503 = DIRECTION('',(0.,0.,1.));
#1504 = PCURVE('',#565,#1505);
#1505 = DEFINITIONAL_REPRESENTATION('',(#1506),#1510);
#1506 = LINE('',#1507,#1508);
#1507 = CARTESIAN_POINT('',(-1.570796326795,0.));
#1508 = VECTOR('',#1509,1.);
#1509 = DIRECTION('',(-0.,1.));
#1510 = ( GEOMETRIC_REPRESENTATION_CONTEXT(2) 
PARAMETRIC_REPRESENTATION_CONTEXT() REPRESENTATION_CONTEXT('2D SPACE',''
  ) );
#1511 = PCURVE('',#785,#1512);
#1512 = DEFINITIONAL_REPRESENTATION('',(#1513),#1517);
#1513 = LINE('',#1514,#1515);
#1514 = CARTESIAN_POINT('',(0.,5.));
#1515 = VECTOR('',#1516,1.);
#1516 = DIRECTION('',(1.,0.));
#1517 = ( GEOMETRIC_REPRESENTATION_CONTEXT(2) 
PARAMETRIC_REPRESENTATION_CONTEXT() REPRESENTATION_CONTEXT('2D SPACE',''
  ) );
#1518 = ORIENTED_EDGE('',*,*,#1519,.F.);
#1519 = EDGE_CURVE('',#550,#1497,#1520,.T.);
#1520 = SURFACE_CURVE('',#1521,(#1536,#1558),.PCURVE_S1.);
#1521 = ( BOUNDED_CURVE() B_SPLINE_CURVE(13,(#1522,#1523,#1524,#1525,
    #1526,#1527,#1528,#1529,#1530,#1531,#1532,#1533,#1534,#1535),
.UNSPECIFIED.,.F.,.F.) B_SPLINE_CURVE_WITH_KNOTS((14,14),(0.,
9.550494472593),.PIECEWISE_BEZIER_KNOTS.) CURVE() 
GEOMETRIC_REPRESENTATION_ITEM() RATIONAL_B_SPLINE_CURVE((1.,1.,
    0.999999999999,1.000000000002,0.999999999996,1.000000000005,
    0.999999999994,1.000000000006,0.999999999995,1.000000000003,
0.999999999999,1.,1.,1.)) REPRESENTATION_ITEM('') );
#1522 = CARTESIAN_POINT('',(-8.881784197001E-16,7.25,12.67));
#1523 = CARTESIAN_POINT('',(3.517186542012E-13,8.113070953792,
    13.015228381517));
#1524 = CARTESIAN_POINT('',(0.16062521667,8.976301416211,13.360760234554
    ));
#1525 = CARTESIAN_POINT('',(0.489933848455,9.79892975334,13.685234825563
    ));
#1526 = CARTESIAN_POINT('',(0.933283714625,10.546667637341,
    13.983722428129));
#1527 = CARTESIAN_POINT('',(1.601143953639,11.173487939039,
    14.20146691781));
#1528 = CARTESIAN_POINT('',(2.132795994687,11.644231937218,
    14.39113448341));
#1529 = CARTESIAN_POINT('',(3.004173423737,12.007602257403,
    14.489098235024));
#1530 = CARTESIAN_POINT('',(3.505837703592,12.048233952968,
    14.453823595381));
#1531 = CARTESIAN_POINT('',(3.91609811619,12.18288493157,14.56027163673)
  );
#1532 = CARTESIAN_POINT('',(4.249341231533,12.207954906246,
    14.599453188523));
#1533 = CARTESIAN_POINT('',(4.516281304806,12.237875775201,
    14.64841115013));
#1534 = CARTESIAN_POINT('',(4.758340132939,12.25,14.67));
#1535 = CARTESIAN_POINT('',(5.,12.25,14.67));
#1536 = PCURVE('',#565,#1537);
#1537 = DEFINITIONAL_REPRESENTATION('',(#1538),#1557);
#1538 = B_SPLINE_CURVE_WITH_KNOTS('',9,(#1539,#1540,#1541,#1542,#1543,
    #1544,#1545,#1546,#1547,#1548,#1549,#1550,#1551,#1552,#1553,#1554,
    #1555,#1556),.UNSPECIFIED.,.F.,.F.,(10,8,10),(0.,4.775247236297,
    9.550494472593),.UNSPECIFIED.);
#1539 = CARTESIAN_POINT('',(2.22044604925E-16,12.67));
#1540 = CARTESIAN_POINT('',(-0.124665804436,12.919331608876));
#1541 = CARTESIAN_POINT('',(-0.249337623956,13.168665811811));
#1542 = CARTESIAN_POINT('',(-0.373434200592,13.410146481264));
#1543 = CARTESIAN_POINT('',(-0.496464951725,13.635935317342));
#1544 = CARTESIAN_POINT('',(-0.617620671998,13.838787599406));
#1545 = CARTESIAN_POINT('',(-0.735856950192,14.012009765675));
#1546 = CARTESIAN_POINT('',(-0.849415077472,14.151730629965));
#1547 = CARTESIAN_POINT('',(-0.955405703153,14.260161028959));
#1548 = CARTESIAN_POINT('',(-1.148116244502,14.428358326889));
#1549 = CARTESIAN_POINT('',(-1.234843337203,14.48793992872));
#1550 = CARTESIAN_POINT('',(-1.309797628036,14.530437803457));
#1551 = CARTESIAN_POINT('',(-1.371911213208,14.56228371759));
#1552 = CARTESIAN_POINT('',(-1.421022542929,14.60215318309));
#1553 = CARTESIAN_POINT('',(-1.463809042909,14.633394810768));
#1554 = CARTESIAN_POINT('',(-1.500941696732,14.658147265235));
#1555 = CARTESIAN_POINT('',(-1.535889901553,14.669999999997));
#1556 = CARTESIAN_POINT('',(-1.570796326795,14.67));
#1557 = ( GEOMETRIC_REPRESENTATION_CONTEXT(2) 
PARAMETRIC_REPRESENTATION_CONTEXT() REPRESENTATION_CONTEXT('2D SPACE',''
  ) );
#1558 = PCURVE('',#1439,#1559);
#1559 = DEFINITIONAL_REPRESENTATION('',(#1560),#1564);
#1560 = LINE('',#1561,#1562);
#1561 = CARTESIAN_POINT('',(9.550494472593,0.));
#1562 = VECTOR('',#1563,1.);
#1563 = DIRECTION('',(0.,1.));
#1564 = ( GEOMETRIC_REPRESENTATION_CONTEXT(2) 
PARAMETRIC_REPRESENTATION_CONTEXT() REPRESENTATION_CONTEXT('2D SPACE',''
  ) );
#1565 = ORIENTED_EDGE('',*,*,#549,.F.);
#1566 = ORIENTED_EDGE('',*,*,#1567,.T.);
#1567 = EDGE_CURVE('',#527,#1495,#1568,.T.);
#1568 = SURFACE_CURVE('',#1569,(#1584,#1606),.PCURVE_S1.);
#1569 = ( BOUNDED_CURVE() B_SPLINE_CURVE(13,(#1570,#1571,#1572,#1573,
    #1574,#1575,#1576,#1577,#1578,#1579,#1580,#1581,#1582,#1583),
.UNSPECIFIED.,.F.,.F.) B_SPLINE_CURVE_WITH_KNOTS((14,14),(0.,
9.550494472593),.PIECEWISE_BEZIER_KNOTS.) CURVE() 
GEOMETRIC_REPRESENTATION_ITEM() RATIONAL_B_SPLINE_CURVE((1.,1.,1.,1.,1.,
0.999999999999,1.,1.,1.,1.,1.,1.,1.,1.)) REPRESENTATION_ITEM('') );
#1570 = CARTESIAN_POINT('',(-8.881784197001E-16,7.25,5.));
#1571 = CARTESIAN_POINT('',(-9.325873406851E-15,8.113070953791,
    4.654771618484));
#1572 = CARTESIAN_POINT('',(0.160625216671,8.976301416212,4.309239765444
    ));
#1573 = CARTESIAN_POINT('',(0.489933848456,9.798929753338,3.984765174447
    ));
#1574 = CARTESIAN_POINT('',(0.933283714615,10.54666763734,3.686277571839
    ));
#1575 = CARTESIAN_POINT('',(1.601143953668,11.173487939047,
    3.468533082258));
#1576 = CARTESIAN_POINT('',(2.132795994639,11.644231937204,
    3.278865516492));
#1577 = CARTESIAN_POINT('',(3.004173423791,12.00760225742,3.180901765075
    ));
#1578 = CARTESIAN_POINT('',(3.505837703553,12.048233952955,
    3.216176404553));
#1579 = CARTESIAN_POINT('',(3.916098116208,12.182884931577,
    3.109728363296));
#1580 = CARTESIAN_POINT('',(4.249341231528,12.207954906244,
    3.070546811474));
#1581 = CARTESIAN_POINT('',(4.516281304808,12.237875775202,3.02158884987
    ));
#1582 = CARTESIAN_POINT('',(4.758340132938,12.25,3.));
#1583 = CARTESIAN_POINT('',(5.,12.25,3.));
#1584 = PCURVE('',#565,#1585);
#1585 = DEFINITIONAL_REPRESENTATION('',(#1586),#1605);
#1586 = B_SPLINE_CURVE_WITH_KNOTS('',9,(#1587,#1588,#1589,#1590,#1591,
    #1592,#1593,#1594,#1595,#1596,#1597,#1598,#1599,#1600,#1601,#1602,
    #1603,#1604),.UNSPECIFIED.,.F.,.F.,(10,8,10),(0.,4.775247236297,
    9.550494472593),.UNSPECIFIED.);
#1587 = CARTESIAN_POINT('',(-2.22044604925E-16,5.));
#1588 = CARTESIAN_POINT('',(-0.124665804436,4.750668391127));
#1589 = CARTESIAN_POINT('',(-0.249337623956,4.501334188183));
#1590 = CARTESIAN_POINT('',(-0.373434200593,4.259853518742));
#1591 = CARTESIAN_POINT('',(-0.496464951725,4.034064682657));
#1592 = CARTESIAN_POINT('',(-0.617620671998,3.831212400591));
#1593 = CARTESIAN_POINT('',(-0.735856950192,3.657990234327));
#1594 = CARTESIAN_POINT('',(-0.849415077472,3.518269370034));
#1595 = CARTESIAN_POINT('',(-0.955405703153,3.409838971041));
#1596 = CARTESIAN_POINT('',(-1.148116244502,3.241641673111));
#1597 = CARTESIAN_POINT('',(-1.234843337201,3.182060071279));
#1598 = CARTESIAN_POINT('',(-1.309797628044,3.139562196546));
#1599 = CARTESIAN_POINT('',(-1.371911213192,3.1077162824));
#1600 = CARTESIAN_POINT('',(-1.421022542948,3.067846816925));
#1601 = CARTESIAN_POINT('',(-1.463809042896,3.036605189219));
#1602 = CARTESIAN_POINT('',(-1.500941696738,3.011852734774));
#1603 = CARTESIAN_POINT('',(-1.535889901553,3.));
#1604 = CARTESIAN_POINT('',(-1.570796326795,3.));
#1605 = ( GEOMETRIC_REPRESENTATION_CONTEXT(2) 
PARAMETRIC_REPRESENTATION_CONTEXT() REPRESENTATION_CONTEXT('2D SPACE',''
  ) );
#1606 = PCURVE('',#1321,#1607);
#1607 = DEFINITIONAL_REPRESENTATION('',(#1608),#1612);
#1608 = LINE('',#1609,#1610);
#1609 = CARTESIAN_POINT('',(9.550494472593,0.));
#1610 = VECTOR('',#1611,1.);
#1611 = DIRECTION('',(0.,1.));
#1612 = ( GEOMETRIC_REPRESENTATION_CONTEXT(2) 
PARAMETRIC_REPRESENTATION_CONTEXT() REPRESENTATION_CONTEXT('2D SPACE',''
  ) );
#1613 = ADVANCED_FACE('',(#1614),#618,.F.);
#1614 = FACE_BOUND('',#1615,.F.);
#1615 = EDGE_LOOP('',(#1616,#1617,#1618,#1619));
#1616 = ORIENTED_EDGE('',*,*,#1258,.F.);
#1617 = ORIENTED_EDGE('',*,*,#602,.T.);
#1618 = ORIENTED_EDGE('',*,*,#717,.T.);
#1619 = ORIENTED_EDGE('',*,*,#1620,.F.);
#1620 = EDGE_CURVE('',#1259,#718,#1621,.T.);
#1621 = SURFACE_CURVE('',#1622,(#1626,#1633),.PCURVE_S1.);
#1622 = LINE('',#1623,#1624);
#1623 = CARTESIAN_POINT('',(5.,9.25,-4.440892098501E-16));
#1624 = VECTOR('',#1625,1.);
#1625 = DIRECTION('',(1.,0.,0.));
#1626 = PCURVE('',#618,#1627);
#1627 = DEFINITIONAL_REPRESENTATION('',(#1628),#1632);
#1628 = LINE('',#1629,#1630);
#1629 = CARTESIAN_POINT('',(5.,9.25));
#1630 = VECTOR('',#1631,1.);
#1631 = DIRECTION('',(1.,0.));
#1632 = ( GEOMETRIC_REPRESENTATION_CONTEXT(2) 
PARAMETRIC_REPRESENTATION_CONTEXT() REPRESENTATION_CONTEXT('2D SPACE',''
  ) );
#1633 = PCURVE('',#757,#1634);
#1634 = DEFINITIONAL_REPRESENTATION('',(#1635),#1639);
#1635 = LINE('',#1636,#1637);
#1636 = CARTESIAN_POINT('',(0.,0.));
#1637 = VECTOR('',#1638,1.);
#1638 = DIRECTION('',(0.,1.));
#1639 = ( GEOMETRIC_REPRESENTATION_CONTEXT(2) 
PARAMETRIC_REPRESENTATION_CONTEXT() REPRESENTATION_CONTEXT('2D SPACE',''
  ) );
#1640 = ADVANCED_FACE('',(#1641),#673,.T.);
#1641 = FACE_BOUND('',#1642,.T.);
#1642 = EDGE_LOOP('',(#1643,#1644,#1645,#1646));
#1643 = ORIENTED_EDGE('',*,*,#1376,.F.);
#1644 = ORIENTED_EDGE('',*,*,#657,.T.);
#1645 = ORIENTED_EDGE('',*,*,#830,.T.);
#1646 = ORIENTED_EDGE('',*,*,#1647,.F.);
#1647 = EDGE_CURVE('',#1377,#798,#1648,.T.);
#1648 = SURFACE_CURVE('',#1649,(#1653,#1660),.PCURVE_S1.);
#1649 = LINE('',#1650,#1651);
#1650 = CARTESIAN_POINT('',(5.,9.25,17.67));
#1651 = VECTOR('',#1652,1.);
#1652 = DIRECTION('',(1.,0.,0.));
#1653 = PCURVE('',#673,#1654);
#1654 = DEFINITIONAL_REPRESENTATION('',(#1655),#1659);
#1655 = LINE('',#1656,#1657);
#1656 = CARTESIAN_POINT('',(5.,9.25));
#1657 = VECTOR('',#1658,1.);
#1658 = DIRECTION('',(1.,0.));
#1659 = ( GEOMETRIC_REPRESENTATION_CONTEXT(2) 
PARAMETRIC_REPRESENTATION_CONTEXT() REPRESENTATION_CONTEXT('2D SPACE',''
  ) );
#1660 = PCURVE('',#818,#1661);
#1661 = DEFINITIONAL_REPRESENTATION('',(#1662),#1666);
#1662 = LINE('',#1663,#1664);
#1663 = CARTESIAN_POINT('',(-0.,0.));
#1664 = VECTOR('',#1665,1.);
#1665 = DIRECTION('',(-0.,1.));
#1666 = ( GEOMETRIC_REPRESENTATION_CONTEXT(2) 
PARAMETRIC_REPRESENTATION_CONTEXT() REPRESENTATION_CONTEXT('2D SPACE',''
  ) );
#1667 = ADVANCED_FACE('',(#1668),#757,.T.);
#1668 = FACE_BOUND('',#1669,.T.);
#1669 = EDGE_LOOP('',(#1670,#1697,#1718,#1719));
#1670 = ORIENTED_EDGE('',*,*,#1671,.T.);
#1671 = EDGE_CURVE('',#1259,#1495,#1672,.T.);
#1672 = SURFACE_CURVE('',#1673,(#1677,#1691),.PCURVE_S1.);
#1673 = ( BOUNDED_CURVE() B_SPLINE_CURVE(2,(#1674,#1675,#1676),
.UNSPECIFIED.,.F.,.F.) B_SPLINE_CURVE_WITH_KNOTS((3,3),(0.,
9.550494472593),.PIECEWISE_BEZIER_KNOTS.) CURVE() 
GEOMETRIC_REPRESENTATION_ITEM() RATIONAL_B_SPLINE_CURVE((1.,
0.707106781187,1.)) REPRESENTATION_ITEM('') );
#1674 = CARTESIAN_POINT('',(5.,9.25,-8.881784197001E-16));
#1675 = CARTESIAN_POINT('',(5.,12.25,-8.881784197001E-16));
#1676 = CARTESIAN_POINT('',(5.,12.25,3.));
#1677 = PCURVE('',#757,#1678);
#1678 = DEFINITIONAL_REPRESENTATION('',(#1679),#1690);
#1679 = B_SPLINE_CURVE_WITH_KNOTS('',9,(#1680,#1681,#1682,#1683,#1684,
    #1685,#1686,#1687,#1688,#1689),.UNSPECIFIED.,.F.,.F.,(10,10),(0.,
    9.550494472593),.PIECEWISE_BEZIER_KNOTS.);
#1680 = CARTESIAN_POINT('',(1.110223024625E-16,0.));
#1681 = CARTESIAN_POINT('',(0.157134840264,0.));
#1682 = CARTESIAN_POINT('',(0.325774875487,0.));
#1683 = CARTESIAN_POINT('',(0.504565887825,0.));
#1684 = CARTESIAN_POINT('',(0.690745646465,0.));
#1685 = CARTESIAN_POINT('',(0.88005068033,0.));
#1686 = CARTESIAN_POINT('',(1.066230438969,0.));
#1687 = CARTESIAN_POINT('',(1.245021451308,0.));
#1688 = CARTESIAN_POINT('',(1.413661486531,0.));
#1689 = CARTESIAN_POINT('',(1.570796326795,0.));
#1690 = ( GEOMETRIC_REPRESENTATION_CONTEXT(2) 
PARAMETRIC_REPRESENTATION_CONTEXT() REPRESENTATION_CONTEXT('2D SPACE',''
  ) );
#1691 = PCURVE('',#1321,#1692);
#1692 = DEFINITIONAL_REPRESENTATION('',(#1693),#1696);
#1693 = B_SPLINE_CURVE_WITH_KNOTS('',1,(#1694,#1695),.UNSPECIFIED.,.F.,
  .F.,(2,2),(0.,9.550494472593),.PIECEWISE_BEZIER_KNOTS.);
#1694 = CARTESIAN_POINT('',(0.,9.550494472593));
#1695 = CARTESIAN_POINT('',(9.550494472593,9.550494472593));
#1696 = ( GEOMETRIC_REPRESENTATION_CONTEXT(2) 
PARAMETRIC_REPRESENTATION_CONTEXT() REPRESENTATION_CONTEXT('2D SPACE',''
  ) );
#1697 = ORIENTED_EDGE('',*,*,#1698,.T.);
#1698 = EDGE_CURVE('',#1495,#741,#1699,.T.);
#1699 = SURFACE_CURVE('',#1700,(#1704,#1711),.PCURVE_S1.);
#1700 = LINE('',#1701,#1702);
#1701 = CARTESIAN_POINT('',(5.,12.25,3.));
#1702 = VECTOR('',#1703,1.);
#1703 = DIRECTION('',(1.,0.,0.));
#1704 = PCURVE('',#757,#1705);
#1705 = DEFINITIONAL_REPRESENTATION('',(#1706),#1710);
#1706 = LINE('',#1707,#1708);
#1707 = CARTESIAN_POINT('',(1.570796326795,0.));
#1708 = VECTOR('',#1709,1.);
#1709 = DIRECTION('',(0.,1.));
#1710 = ( GEOMETRIC_REPRESENTATION_CONTEXT(2) 
PARAMETRIC_REPRESENTATION_CONTEXT() REPRESENTATION_CONTEXT('2D SPACE',''
  ) );
#1711 = PCURVE('',#785,#1712);
#1712 = DEFINITIONAL_REPRESENTATION('',(#1713),#1717);
#1713 = LINE('',#1714,#1715);
#1714 = CARTESIAN_POINT('',(3.,5.));
#1715 = VECTOR('',#1716,1.);
#1716 = DIRECTION('',(0.,1.));
#1717 = ( GEOMETRIC_REPRESENTATION_CONTEXT(2) 
PARAMETRIC_REPRESENTATION_CONTEXT() REPRESENTATION_CONTEXT('2D SPACE',''
  ) );
#1718 = ORIENTED_EDGE('',*,*,#740,.F.);
#1719 = ORIENTED_EDGE('',*,*,#1620,.F.);
#1720 = ADVANCED_FACE('',(#1721),#818,.T.);
#1721 = FACE_BOUND('',#1722,.F.);
#1722 = EDGE_LOOP('',(#1723,#1750,#1771,#1772));
#1723 = ORIENTED_EDGE('',*,*,#1724,.T.);
#1724 = EDGE_CURVE('',#1377,#1497,#1725,.T.);
#1725 = SURFACE_CURVE('',#1726,(#1730,#1744),.PCURVE_S1.);
#1726 = ( BOUNDED_CURVE() B_SPLINE_CURVE(2,(#1727,#1728,#1729),
.UNSPECIFIED.,.F.,.F.) B_SPLINE_CURVE_WITH_KNOTS((3,3),(0.,
9.550494472593),.PIECEWISE_BEZIER_KNOTS.) CURVE() 
GEOMETRIC_REPRESENTATION_ITEM() RATIONAL_B_SPLINE_CURVE((1.,
0.707106781187,1.)) REPRESENTATION_ITEM('') );
#1727 = CARTESIAN_POINT('',(5.,9.25,17.67));
#1728 = CARTESIAN_POINT('',(5.,12.25,17.67));
#1729 = CARTESIAN_POINT('',(5.,12.25,14.67));
#1730 = PCURVE('',#818,#1731);
#1731 = DEFINITIONAL_REPRESENTATION('',(#1732),#1743);
#1732 = B_SPLINE_CURVE_WITH_KNOTS('',9,(#1733,#1734,#1735,#1736,#1737,
    #1738,#1739,#1740,#1741,#1742),.UNSPECIFIED.,.F.,.F.,(10,10),(0.,
    9.550494472593),.PIECEWISE_BEZIER_KNOTS.);
#1733 = CARTESIAN_POINT('',(0.,0.));
#1734 = CARTESIAN_POINT('',(-0.157134840264,0.));
#1735 = CARTESIAN_POINT('',(-0.325774875486,0.));
#1736 = CARTESIAN_POINT('',(-0.504565887826,0.));
#1737 = CARTESIAN_POINT('',(-0.690745646465,0.));
#1738 = CARTESIAN_POINT('',(-0.88005068033,0.));
#1739 = CARTESIAN_POINT('',(-1.066230438969,0.));
#1740 = CARTESIAN_POINT('',(-1.245021451308,0.));
#1741 = CARTESIAN_POINT('',(-1.413661486531,0.));
#1742 = CARTESIAN_POINT('',(-1.570796326795,0.));
#1743 = ( GEOMETRIC_REPRESENTATION_CONTEXT(2) 
PARAMETRIC_REPRESENTATION_CONTEXT() REPRESENTATION_CONTEXT('2D SPACE',''
  ) );
#1744 = PCURVE('',#1439,#1745);
#1745 = DEFINITIONAL_REPRESENTATION('',(#1746),#1749);
#1746 = B_SPLINE_CURVE_WITH_KNOTS('',1,(#1747,#1748),.UNSPECIFIED.,.F.,
  .F.,(2,2),(0.,9.550494472593),.PIECEWISE_BEZIER_KNOTS.);
#1747 = CARTESIAN_POINT('',(0.,9.550494472593));
#1748 = CARTESIAN_POINT('',(9.550494472593,9.550494472593));
#1749 = ( GEOMETRIC_REPRESENTATION_CONTEXT(2) 
PARAMETRIC_REPRESENTATION_CONTEXT() REPRESENTATION_CONTEXT('2D SPACE',''
  ) );
#1750 = ORIENTED_EDGE('',*,*,#1751,.T.);
#1751 = EDGE_CURVE('',#1497,#770,#1752,.T.);
#1752 = SURFACE_CURVE('',#1753,(#1757,#1764),.PCURVE_S1.);
#1753 = LINE('',#1754,#1755);
#1754 = CARTESIAN_POINT('',(5.,12.25,14.67));
#1755 = VECTOR('',#1756,1.);
#1756 = DIRECTION('',(1.,0.,0.));
#1757 = PCURVE('',#818,#1758);
#1758 = DEFINITIONAL_REPRESENTATION('',(#1759),#1763);
#1759 = LINE('',#1760,#1761);
#1760 = CARTESIAN_POINT('',(-1.570796326795,0.));
#1761 = VECTOR('',#1762,1.);
#1762 = DIRECTION('',(-0.,1.));
#1763 = ( GEOMETRIC_REPRESENTATION_CONTEXT(2) 
PARAMETRIC_REPRESENTATION_CONTEXT() REPRESENTATION_CONTEXT('2D SPACE',''
  ) );
#1764 = PCURVE('',#785,#1765);
#1765 = DEFINITIONAL_REPRESENTATION('',(#1766),#1770);
#1766 = LINE('',#1767,#1768);
#1767 = CARTESIAN_POINT('',(14.67,5.));
#1768 = VECTOR('',#1769,1.);
#1769 = DIRECTION('',(0.,1.));
#1770 = ( GEOMETRIC_REPRESENTATION_CONTEXT(2) 
PARAMETRIC_REPRESENTATION_CONTEXT() REPRESENTATION_CONTEXT('2D SPACE',''
  ) );
#1771 = ORIENTED_EDGE('',*,*,#797,.F.);
#1772 = ORIENTED_EDGE('',*,*,#1647,.F.);
#1773 = ADVANCED_FACE('',(#1774),#785,.T.);
#1774 = FACE_BOUND('',#1775,.T.);
#1775 = EDGE_LOOP('',(#1776,#1777,#1778,#1779));
#1776 = ORIENTED_EDGE('',*,*,#1494,.T.);
#1777 = ORIENTED_EDGE('',*,*,#1751,.T.);
#1778 = ORIENTED_EDGE('',*,*,#769,.F.);
#1779 = ORIENTED_EDGE('',*,*,#1698,.F.);
#1780 = ADVANCED_FACE('',(#1781),#871,.T.);
#1781 = FACE_BOUND('',#1782,.F.);
#1782 = EDGE_LOOP('',(#1783,#1806,#1833,#1834));
#1783 = ORIENTED_EDGE('',*,*,#1784,.T.);
#1784 = EDGE_CURVE('',#855,#1785,#1787,.T.);
#1785 = VERTEX_POINT('',#1786);
#1786 = CARTESIAN_POINT('',(29.8,9.175,4.864859545013));
#1787 = SEAM_CURVE('',#1788,(#1792,#1799),.PCURVE_S1.);
#1788 = LINE('',#1789,#1790);
#1789 = CARTESIAN_POINT('',(19.8,9.175,4.864859545013));
#1790 = VECTOR('',#1791,1.);
#1791 = DIRECTION('',(1.,0.,0.));
#1792 = PCURVE('',#871,#1793);
#1793 = DEFINITIONAL_REPRESENTATION('',(#1794),#1798);
#1794 = LINE('',#1795,#1796);
#1795 = CARTESIAN_POINT('',(-0.,0.));
#1796 = VECTOR('',#1797,1.);
#1797 = DIRECTION('',(-0.,-1.));
#1798 = ( GEOMETRIC_REPRESENTATION_CONTEXT(2) 
PARAMETRIC_REPRESENTATION_CONTEXT() REPRESENTATION_CONTEXT('2D SPACE',''
  ) );
#1799 = PCURVE('',#871,#1800);
#1800 = DEFINITIONAL_REPRESENTATION('',(#1801),#1805);
#1801 = LINE('',#1802,#1803);
#1802 = CARTESIAN_POINT('',(-6.28318530718,0.));
#1803 = VECTOR('',#1804,1.);
#1804 = DIRECTION('',(-0.,-1.));
#1805 = ( GEOMETRIC_REPRESENTATION_CONTEXT(2) 
PARAMETRIC_REPRESENTATION_CONTEXT() REPRESENTATION_CONTEXT('2D SPACE',''
  ) );
#1806 = ORIENTED_EDGE('',*,*,#1807,.T.);
#1807 = EDGE_CURVE('',#1785,#1785,#1808,.T.);
#1808 = SURFACE_CURVE('',#1809,(#1814,#1821),.PCURVE_S1.);
#1809 = CIRCLE('',#1810,0.175);
#1810 = AXIS2_PLACEMENT_3D('',#1811,#1812,#1813);
#1811 = CARTESIAN_POINT('',(29.8,9.,4.864859545013));
#1812 = DIRECTION('',(1.,0.,0.));
#1813 = DIRECTION('',(0.,1.,0.));
#1814 = PCURVE('',#871,#1815);
#1815 = DEFINITIONAL_REPRESENTATION('',(#1816),#1820);
#1816 = LINE('',#1817,#1818);
#1817 = CARTESIAN_POINT('',(-0.,-10.));
#1818 = VECTOR('',#1819,1.);
#1819 = DIRECTION('',(-1.,0.));
#1820 = ( GEOMETRIC_REPRESENTATION_CONTEXT(2) 
PARAMETRIC_REPRESENTATION_CONTEXT() REPRESENTATION_CONTEXT('2D SPACE',''
  ) );
#1821 = PCURVE('',#1822,#1827);
#1822 = PLANE('',#1823);
#1823 = AXIS2_PLACEMENT_3D('',#1824,#1825,#1826);
#1824 = CARTESIAN_POINT('',(29.8,6.125,8.834999999998));
#1825 = DIRECTION('',(1.,0.,0.));
#1826 = DIRECTION('',(0.,0.,1.));
#1827 = DEFINITIONAL_REPRESENTATION('',(#1828),#1832);
#1828 = CIRCLE('',#1829,0.175);
#1829 = AXIS2_PLACEMENT_2D('',#1830,#1831);
#1830 = CARTESIAN_POINT('',(-3.970140454984,-2.875));
#1831 = DIRECTION('',(0.,-1.));
#1832 = ( GEOMETRIC_REPRESENTATION_CONTEXT(2) 
PARAMETRIC_REPRESENTATION_CONTEXT() REPRESENTATION_CONTEXT('2D SPACE',''
  ) );
#1833 = ORIENTED_EDGE('',*,*,#1784,.F.);
#1834 = ORIENTED_EDGE('',*,*,#854,.F.);
#1835 = ADVANCED_FACE('',(#1836),#902,.T.);
#1836 = FACE_BOUND('',#1837,.F.);
#1837 = EDGE_LOOP('',(#1838,#1861,#1888,#1889));
#1838 = ORIENTED_EDGE('',*,*,#1839,.T.);
#1839 = EDGE_CURVE('',#886,#1840,#1842,.T.);
#1840 = VERTEX_POINT('',#1841);
#1841 = CARTESIAN_POINT('',(29.8,9.175,7.264859545013));
#1842 = SEAM_CURVE('',#1843,(#1847,#1854),.PCURVE_S1.);
#1843 = LINE('',#1844,#1845);
#1844 = CARTESIAN_POINT('',(19.8,9.175,7.264859545013));
#1845 = VECTOR('',#1846,1.);
#1846 = DIRECTION('',(1.,0.,0.));
#1847 = PCURVE('',#902,#1848);
#1848 = DEFINITIONAL_REPRESENTATION('',(#1849),#1853);
#1849 = LINE('',#1850,#1851);
#1850 = CARTESIAN_POINT('',(-0.,0.));
#1851 = VECTOR('',#1852,1.);
#1852 = DIRECTION('',(-0.,-1.));
#1853 = ( GEOMETRIC_REPRESENTATION_CONTEXT(2) 
PARAMETRIC_REPRESENTATION_CONTEXT() REPRESENTATION_CONTEXT('2D SPACE',''
  ) );
#1854 = PCURVE('',#902,#1855);
#1855 = DEFINITIONAL_REPRESENTATION('',(#1856),#1860);
#1856 = LINE('',#1857,#1858);
#1857 = CARTESIAN_POINT('',(-6.28318530718,0.));
#1858 = VECTOR('',#1859,1.);
#1859 = DIRECTION('',(-0.,-1.));
#1860 = ( GEOMETRIC_REPRESENTATION_CONTEXT(2) 
PARAMETRIC_REPRESENTATION_CONTEXT() REPRESENTATION_CONTEXT('2D SPACE',''
  ) );
#1861 = ORIENTED_EDGE('',*,*,#1862,.T.);
#1862 = EDGE_CURVE('',#1840,#1840,#1863,.T.);
#1863 = SURFACE_CURVE('',#1864,(#1869,#1876),.PCURVE_S1.);
#1864 = CIRCLE('',#1865,0.175);
#1865 = AXIS2_PLACEMENT_3D('',#1866,#1867,#1868);
#1866 = CARTESIAN_POINT('',(29.8,9.,7.264859545013));
#1867 = DIRECTION('',(1.,0.,0.));
#1868 = DIRECTION('',(0.,1.,0.));
#1869 = PCURVE('',#902,#1870);
#1870 = DEFINITIONAL_REPRESENTATION('',(#1871),#1875);
#1871 = LINE('',#1872,#1873);
#1872 = CARTESIAN_POINT('',(-0.,-10.));
#1873 = VECTOR('',#1874,1.);
#1874 = DIRECTION('',(-1.,0.));
#1875 = ( GEOMETRIC_REPRESENTATION_CONTEXT(2) 
PARAMETRIC_REPRESENTATION_CONTEXT() REPRESENTATION_CONTEXT('2D SPACE',''
  ) );
#1876 = PCURVE('',#1877,#1882);
#1877 = PLANE('',#1878);
#1878 = AXIS2_PLACEMENT_3D('',#1879,#1880,#1881);
#1879 = CARTESIAN_POINT('',(29.8,6.125,8.834999999998));
#1880 = DIRECTION('',(1.,0.,0.));
#1881 = DIRECTION('',(0.,0.,1.));
#1882 = DEFINITIONAL_REPRESENTATION('',(#1883),#1887);
#1883 = CIRCLE('',#1884,0.175);
#1884 = AXIS2_PLACEMENT_2D('',#1885,#1886);
#1885 = CARTESIAN_POINT('',(-1.570140454984,-2.875));
#1886 = DIRECTION('',(0.,-1.));
#1887 = ( GEOMETRIC_REPRESENTATION_CONTEXT(2) 
PARAMETRIC_REPRESENTATION_CONTEXT() REPRESENTATION_CONTEXT('2D SPACE',''
  ) );
#1888 = ORIENTED_EDGE('',*,*,#1839,.F.);
#1889 = ORIENTED_EDGE('',*,*,#885,.F.);
#1890 = ADVANCED_FACE('',(#1891),#933,.T.);
#1891 = FACE_BOUND('',#1892,.F.);
#1892 = EDGE_LOOP('',(#1893,#1916,#1943,#1944));
#1893 = ORIENTED_EDGE('',*,*,#1894,.T.);
#1894 = EDGE_CURVE('',#917,#1895,#1897,.T.);
#1895 = VERTEX_POINT('',#1896);
#1896 = CARTESIAN_POINT('',(29.8,7.565,3.085));
#1897 = SEAM_CURVE('',#1898,(#1902,#1909),.PCURVE_S1.);
#1898 = LINE('',#1899,#1900);
#1899 = CARTESIAN_POINT('',(19.8,7.565,3.085));
#1900 = VECTOR('',#1901,1.);
#1901 = DIRECTION('',(1.,0.,0.));
#1902 = PCURVE('',#933,#1903);
#1903 = DEFINITIONAL_REPRESENTATION('',(#1904),#1908);
#1904 = LINE('',#1905,#1906);
#1905 = CARTESIAN_POINT('',(-0.,0.));
#1906 = VECTOR('',#1907,1.);
#1907 = DIRECTION('',(-0.,-1.));
#1908 = ( GEOMETRIC_REPRESENTATION_CONTEXT(2) 
PARAMETRIC_REPRESENTATION_CONTEXT() REPRESENTATION_CONTEXT('2D SPACE',''
  ) );
#1909 = PCURVE('',#933,#1910);
#1910 = DEFINITIONAL_REPRESENTATION('',(#1911),#1915);
#1911 = LINE('',#1912,#1913);
#1912 = CARTESIAN_POINT('',(-6.28318530718,0.));
#1913 = VECTOR('',#1914,1.);
#1914 = DIRECTION('',(-0.,-1.));
#1915 = ( GEOMETRIC_REPRESENTATION_CONTEXT(2) 
PARAMETRIC_REPRESENTATION_CONTEXT() REPRESENTATION_CONTEXT('2D SPACE',''
  ) );
#1916 = ORIENTED_EDGE('',*,*,#1917,.T.);
#1917 = EDGE_CURVE('',#1895,#1895,#1918,.T.);
#1918 = SURFACE_CURVE('',#1919,(#1924,#1931),.PCURVE_S1.);
#1919 = CIRCLE('',#1920,0.175);
#1920 = AXIS2_PLACEMENT_3D('',#1921,#1922,#1923);
#1921 = CARTESIAN_POINT('',(29.8,7.39,3.085));
#1922 = DIRECTION('',(1.,0.,0.));
#1923 = DIRECTION('',(0.,1.,0.));
#1924 = PCURVE('',#933,#1925);
#1925 = DEFINITIONAL_REPRESENTATION('',(#1926),#1930);
#1926 = LINE('',#1927,#1928);
#1927 = CARTESIAN_POINT('',(-0.,-10.));
#1928 = VECTOR('',#1929,1.);
#1929 = DIRECTION('',(-1.,0.));
#1930 = ( GEOMETRIC_REPRESENTATION_CONTEXT(2) 
PARAMETRIC_REPRESENTATION_CONTEXT() REPRESENTATION_CONTEXT('2D SPACE',''
  ) );
#1931 = PCURVE('',#1932,#1937);
#1932 = PLANE('',#1933);
#1933 = AXIS2_PLACEMENT_3D('',#1934,#1935,#1936);
#1934 = CARTESIAN_POINT('',(29.8,6.125,8.834999999998));
#1935 = DIRECTION('',(1.,0.,0.));
#1936 = DIRECTION('',(0.,0.,1.));
#1937 = DEFINITIONAL_REPRESENTATION('',(#1938),#1942);
#1938 = CIRCLE('',#1939,0.175);
#1939 = AXIS2_PLACEMENT_2D('',#1940,#1941);
#1940 = CARTESIAN_POINT('',(-5.749999999998,-1.265));
#1941 = DIRECTION('',(0.,-1.));
#1942 = ( GEOMETRIC_REPRESENTATION_CONTEXT(2) 
PARAMETRIC_REPRESENTATION_CONTEXT() REPRESENTATION_CONTEXT('2D SPACE',''
  ) );
#1943 = ORIENTED_EDGE('',*,*,#1894,.F.);
#1944 = ORIENTED_EDGE('',*,*,#916,.F.);
#1945 = ADVANCED_FACE('',(#1946),#964,.T.);
#1946 = FACE_BOUND('',#1947,.F.);
#1947 = EDGE_LOOP('',(#1948,#1971,#1998,#1999));
#1948 = ORIENTED_EDGE('',*,*,#1949,.T.);
#1949 = EDGE_CURVE('',#948,#1950,#1952,.T.);
#1950 = VERTEX_POINT('',#1951);
#1951 = CARTESIAN_POINT('',(29.8,9.175,10.405140454972));
#1952 = SEAM_CURVE('',#1953,(#1957,#1964),.PCURVE_S1.);
#1953 = LINE('',#1954,#1955);
#1954 = CARTESIAN_POINT('',(19.8,9.175,10.405140454972));
#1955 = VECTOR('',#1956,1.);
#1956 = DIRECTION('',(1.,0.,0.));
#1957 = PCURVE('',#964,#1958);
#1958 = DEFINITIONAL_REPRESENTATION('',(#1959),#1963);
#1959 = LINE('',#1960,#1961);
#1960 = CARTESIAN_POINT('',(-0.,0.));
#1961 = VECTOR('',#1962,1.);
#1962 = DIRECTION('',(-0.,-1.));
#1963 = ( GEOMETRIC_REPRESENTATION_CONTEXT(2) 
PARAMETRIC_REPRESENTATION_CONTEXT() REPRESENTATION_CONTEXT('2D SPACE',''
  ) );
#1964 = PCURVE('',#964,#1965);
#1965 = DEFINITIONAL_REPRESENTATION('',(#1966),#1970);
#1966 = LINE('',#1967,#1968);
#1967 = CARTESIAN_POINT('',(-6.28318530718,0.));
#1968 = VECTOR('',#1969,1.);
#1969 = DIRECTION('',(-0.,-1.));
#1970 = ( GEOMETRIC_REPRESENTATION_CONTEXT(2) 
PARAMETRIC_REPRESENTATION_CONTEXT() REPRESENTATION_CONTEXT('2D SPACE',''
  ) );
#1971 = ORIENTED_EDGE('',*,*,#1972,.T.);
#1972 = EDGE_CURVE('',#1950,#1950,#1973,.T.);
#1973 = SURFACE_CURVE('',#1974,(#1979,#1986),.PCURVE_S1.);
#1974 = CIRCLE('',#1975,0.175);
#1975 = AXIS2_PLACEMENT_3D('',#1976,#1977,#1978);
#1976 = CARTESIAN_POINT('',(29.8,9.,10.405140454972));
#1977 = DIRECTION('',(1.,0.,0.));
#1978 = DIRECTION('',(0.,1.,0.));
#1979 = PCURVE('',#964,#1980);
#1980 = DEFINITIONAL_REPRESENTATION('',(#1981),#1985);
#1981 = LINE('',#1982,#1983);
#1982 = CARTESIAN_POINT('',(-0.,-10.));
#1983 = VECTOR('',#1984,1.);
#1984 = DIRECTION('',(-1.,0.));
#1985 = ( GEOMETRIC_REPRESENTATION_CONTEXT(2) 
PARAMETRIC_REPRESENTATION_CONTEXT() REPRESENTATION_CONTEXT('2D SPACE',''
  ) );
#1986 = PCURVE('',#1987,#1992);
#1987 = PLANE('',#1988);
#1988 = AXIS2_PLACEMENT_3D('',#1989,#1990,#1991);
#1989 = CARTESIAN_POINT('',(29.8,6.125,8.834999999998));
#1990 = DIRECTION('',(1.,0.,0.));
#1991 = DIRECTION('',(0.,0.,1.));
#1992 = DEFINITIONAL_REPRESENTATION('',(#1993),#1997);
#1993 = CIRCLE('',#1994,0.175);
#1994 = AXIS2_PLACEMENT_2D('',#1995,#1996);
#1995 = CARTESIAN_POINT('',(1.570140454975,-2.875));
#1996 = DIRECTION('',(0.,-1.));
#1997 = ( GEOMETRIC_REPRESENTATION_CONTEXT(2) 
PARAMETRIC_REPRESENTATION_CONTEXT() REPRESENTATION_CONTEXT('2D SPACE',''
  ) );
#1998 = ORIENTED_EDGE('',*,*,#1949,.F.);
#1999 = ORIENTED_EDGE('',*,*,#947,.F.);
#2000 = ADVANCED_FACE('',(#2001),#995,.T.);
#2001 = FACE_BOUND('',#2002,.F.);
#2002 = EDGE_LOOP('',(#2003,#2026,#2053,#2054));
#2003 = ORIENTED_EDGE('',*,*,#2004,.T.);
#2004 = EDGE_CURVE('',#979,#2005,#2007,.T.);
#2005 = VERTEX_POINT('',#2006);
#2006 = CARTESIAN_POINT('',(29.8,9.175,12.805140454972));
#2007 = SEAM_CURVE('',#2008,(#2012,#2019),.PCURVE_S1.);
#2008 = LINE('',#2009,#2010);
#2009 = CARTESIAN_POINT('',(19.8,9.175,12.805140454972));
#2010 = VECTOR('',#2011,1.);
#2011 = DIRECTION('',(1.,0.,0.));
#2012 = PCURVE('',#995,#2013);
#2013 = DEFINITIONAL_REPRESENTATION('',(#2014),#2018);
#2014 = LINE('',#2015,#2016);
#2015 = CARTESIAN_POINT('',(-0.,0.));
#2016 = VECTOR('',#2017,1.);
#2017 = DIRECTION('',(-0.,-1.));
#2018 = ( GEOMETRIC_REPRESENTATION_CONTEXT(2) 
PARAMETRIC_REPRESENTATION_CONTEXT() REPRESENTATION_CONTEXT('2D SPACE',''
  ) );
#2019 = PCURVE('',#995,#2020);
#2020 = DEFINITIONAL_REPRESENTATION('',(#2021),#2025);
#2021 = LINE('',#2022,#2023);
#2022 = CARTESIAN_POINT('',(-6.28318530718,0.));
#2023 = VECTOR('',#2024,1.);
#2024 = DIRECTION('',(-0.,-1.));
#2025 = ( GEOMETRIC_REPRESENTATION_CONTEXT(2) 
PARAMETRIC_REPRESENTATION_CONTEXT() REPRESENTATION_CONTEXT('2D SPACE',''
  ) );
#2026 = ORIENTED_EDGE('',*,*,#2027,.T.);
#2027 = EDGE_CURVE('',#2005,#2005,#2028,.T.);
#2028 = SURFACE_CURVE('',#2029,(#2034,#2041),.PCURVE_S1.);
#2029 = CIRCLE('',#2030,0.175);
#2030 = AXIS2_PLACEMENT_3D('',#2031,#2032,#2033);
#2031 = CARTESIAN_POINT('',(29.8,9.,12.805140454972));
#2032 = DIRECTION('',(1.,0.,0.));
#2033 = DIRECTION('',(0.,1.,0.));
#2034 = PCURVE('',#995,#2035);
#2035 = DEFINITIONAL_REPRESENTATION('',(#2036),#2040);
#2036 = LINE('',#2037,#2038);
#2037 = CARTESIAN_POINT('',(-0.,-10.));
#2038 = VECTOR('',#2039,1.);
#2039 = DIRECTION('',(-1.,0.));
#2040 = ( GEOMETRIC_REPRESENTATION_CONTEXT(2) 
PARAMETRIC_REPRESENTATION_CONTEXT() REPRESENTATION_CONTEXT('2D SPACE',''
  ) );
#2041 = PCURVE('',#2042,#2047);
#2042 = PLANE('',#2043);
#2043 = AXIS2_PLACEMENT_3D('',#2044,#2045,#2046);
#2044 = CARTESIAN_POINT('',(29.8,6.125,8.834999999998));
#2045 = DIRECTION('',(1.,0.,0.));
#2046 = DIRECTION('',(0.,0.,1.));
#2047 = DEFINITIONAL_REPRESENTATION('',(#2048),#2052);
#2048 = CIRCLE('',#2049,0.175);
#2049 = AXIS2_PLACEMENT_2D('',#2050,#2051);
#2050 = CARTESIAN_POINT('',(3.970140454975,-2.875));
#2051 = DIRECTION('',(0.,-1.));
#2052 = ( GEOMETRIC_REPRESENTATION_CONTEXT(2) 
PARAMETRIC_REPRESENTATION_CONTEXT() REPRESENTATION_CONTEXT('2D SPACE',''
  ) );
#2053 = ORIENTED_EDGE('',*,*,#2004,.F.);
#2054 = ORIENTED_EDGE('',*,*,#978,.F.);
#2055 = ADVANCED_FACE('',(#2056),#1026,.T.);
#2056 = FACE_BOUND('',#2057,.F.);
#2057 = EDGE_LOOP('',(#2058,#2081,#2108,#2109));
#2058 = ORIENTED_EDGE('',*,*,#2059,.T.);
#2059 = EDGE_CURVE('',#1010,#2060,#2062,.T.);
#2060 = VERTEX_POINT('',#2061);
#2061 = CARTESIAN_POINT('',(29.8,7.565,14.585));
#2062 = SEAM_CURVE('',#2063,(#2067,#2074),.PCURVE_S1.);
#2063 = LINE('',#2064,#2065);
#2064 = CARTESIAN_POINT('',(19.8,7.565,14.585));
#2065 = VECTOR('',#2066,1.);
#2066 = DIRECTION('',(1.,0.,0.));
#2067 = PCURVE('',#1026,#2068);
#2068 = DEFINITIONAL_REPRESENTATION('',(#2069),#2073);
#2069 = LINE('',#2070,#2071);
#2070 = CARTESIAN_POINT('',(-0.,0.));
#2071 = VECTOR('',#2072,1.);
#2072 = DIRECTION('',(-0.,-1.));
#2073 = ( GEOMETRIC_REPRESENTATION_CONTEXT(2) 
PARAMETRIC_REPRESENTATION_CONTEXT() REPRESENTATION_CONTEXT('2D SPACE',''
  ) );
#2074 = PCURVE('',#1026,#2075);
#2075 = DEFINITIONAL_REPRESENTATION('',(#2076),#2080);
#2076 = LINE('',#2077,#2078);
#2077 = CARTESIAN_POINT('',(-6.28318530718,0.));
#2078 = VECTOR('',#2079,1.);
#2079 = DIRECTION('',(-0.,-1.));
#2080 = ( GEOMETRIC_REPRESENTATION_CONTEXT(2) 
PARAMETRIC_REPRESENTATION_CONTEXT() REPRESENTATION_CONTEXT('2D SPACE',''
  ) );
#2081 = ORIENTED_EDGE('',*,*,#2082,.T.);
#2082 = EDGE_CURVE('',#2060,#2060,#2083,.T.);
#2083 = SURFACE_CURVE('',#2084,(#2089,#2096),.PCURVE_S1.);
#2084 = CIRCLE('',#2085,0.175);
#2085 = AXIS2_PLACEMENT_3D('',#2086,#2087,#2088);
#2086 = CARTESIAN_POINT('',(29.8,7.39,14.585));
#2087 = DIRECTION('',(1.,0.,0.));
#2088 = DIRECTION('',(0.,1.,0.));
#2089 = PCURVE('',#1026,#2090);
#2090 = DEFINITIONAL_REPRESENTATION('',(#2091),#2095);
#2091 = LINE('',#2092,#2093);
#2092 = CARTESIAN_POINT('',(-0.,-10.));
#2093 = VECTOR('',#2094,1.);
#2094 = DIRECTION('',(-1.,0.));
#2095 = ( GEOMETRIC_REPRESENTATION_CONTEXT(2) 
PARAMETRIC_REPRESENTATION_CONTEXT() REPRESENTATION_CONTEXT('2D SPACE',''
  ) );
#2096 = PCURVE('',#2097,#2102);
#2097 = PLANE('',#2098);
#2098 = AXIS2_PLACEMENT_3D('',#2099,#2100,#2101);
#2099 = CARTESIAN_POINT('',(29.8,6.125,8.834999999998));
#2100 = DIRECTION('',(1.,0.,0.));
#2101 = DIRECTION('',(0.,0.,1.));
#2102 = DEFINITIONAL_REPRESENTATION('',(#2103),#2107);
#2103 = CIRCLE('',#2104,0.175);
#2104 = AXIS2_PLACEMENT_2D('',#2105,#2106);
#2105 = CARTESIAN_POINT('',(5.750000000002,-1.265));
#2106 = DIRECTION('',(0.,-1.));
#2107 = ( GEOMETRIC_REPRESENTATION_CONTEXT(2) 
PARAMETRIC_REPRESENTATION_CONTEXT() REPRESENTATION_CONTEXT('2D SPACE',''
  ) );
#2108 = ORIENTED_EDGE('',*,*,#2059,.F.);
#2109 = ORIENTED_EDGE('',*,*,#1009,.F.);
#2110 = ADVANCED_FACE('',(#2111),#1057,.T.);
#2111 = FACE_BOUND('',#2112,.F.);
#2112 = EDGE_LOOP('',(#2113,#2136,#2163,#2164));
#2113 = ORIENTED_EDGE('',*,*,#2114,.T.);
#2114 = EDGE_CURVE('',#1041,#2115,#2117,.T.);
#2115 = VERTEX_POINT('',#2116);
#2116 = CARTESIAN_POINT('',(29.8,5.035,3.085));
#2117 = SEAM_CURVE('',#2118,(#2122,#2129),.PCURVE_S1.);
#2118 = LINE('',#2119,#2120);
#2119 = CARTESIAN_POINT('',(19.8,5.035,3.085));
#2120 = VECTOR('',#2121,1.);
#2121 = DIRECTION('',(1.,0.,0.));
#2122 = PCURVE('',#1057,#2123);
#2123 = DEFINITIONAL_REPRESENTATION('',(#2124),#2128);
#2124 = LINE('',#2125,#2126);
#2125 = CARTESIAN_POINT('',(-0.,0.));
#2126 = VECTOR('',#2127,1.);
#2127 = DIRECTION('',(-0.,-1.));
#2128 = ( GEOMETRIC_REPRESENTATION_CONTEXT(2) 
PARAMETRIC_REPRESENTATION_CONTEXT() REPRESENTATION_CONTEXT('2D SPACE',''
  ) );
#2129 = PCURVE('',#1057,#2130);
#2130 = DEFINITIONAL_REPRESENTATION('',(#2131),#2135);
#2131 = LINE('',#2132,#2133);
#2132 = CARTESIAN_POINT('',(-6.28318530718,0.));
#2133 = VECTOR('',#2134,1.);
#2134 = DIRECTION('',(-0.,-1.));
#2135 = ( GEOMETRIC_REPRESENTATION_CONTEXT(2) 
PARAMETRIC_REPRESENTATION_CONTEXT() REPRESENTATION_CONTEXT('2D SPACE',''
  ) );
#2136 = ORIENTED_EDGE('',*,*,#2137,.T.);
#2137 = EDGE_CURVE('',#2115,#2115,#2138,.T.);
#2138 = SURFACE_CURVE('',#2139,(#2144,#2151),.PCURVE_S1.);
#2139 = CIRCLE('',#2140,0.175);
#2140 = AXIS2_PLACEMENT_3D('',#2141,#2142,#2143);
#2141 = CARTESIAN_POINT('',(29.8,4.86,3.085));
#2142 = DIRECTION('',(1.,0.,0.));
#2143 = DIRECTION('',(0.,1.,0.));
#2144 = PCURVE('',#1057,#2145);
#2145 = DEFINITIONAL_REPRESENTATION('',(#2146),#2150);
#2146 = LINE('',#2147,#2148);
#2147 = CARTESIAN_POINT('',(-0.,-10.));
#2148 = VECTOR('',#2149,1.);
#2149 = DIRECTION('',(-1.,0.));
#2150 = ( GEOMETRIC_REPRESENTATION_CONTEXT(2) 
PARAMETRIC_REPRESENTATION_CONTEXT() REPRESENTATION_CONTEXT('2D SPACE',''
  ) );
#2151 = PCURVE('',#2152,#2157);
#2152 = PLANE('',#2153);
#2153 = AXIS2_PLACEMENT_3D('',#2154,#2155,#2156);
#2154 = CARTESIAN_POINT('',(29.8,6.125,8.834999999998));
#2155 = DIRECTION('',(1.,0.,0.));
#2156 = DIRECTION('',(0.,0.,1.));
#2157 = DEFINITIONAL_REPRESENTATION('',(#2158),#2162);
#2158 = CIRCLE('',#2159,0.175);
#2159 = AXIS2_PLACEMENT_2D('',#2160,#2161);
#2160 = CARTESIAN_POINT('',(-5.749999999998,1.265));
#2161 = DIRECTION('',(0.,-1.));
#2162 = ( GEOMETRIC_REPRESENTATION_CONTEXT(2) 
PARAMETRIC_REPRESENTATION_CONTEXT() REPRESENTATION_CONTEXT('2D SPACE',''
  ) );
#2163 = ORIENTED_EDGE('',*,*,#2114,.F.);
#2164 = ORIENTED_EDGE('',*,*,#1040,.F.);
#2165 = ADVANCED_FACE('',(#2166),#1088,.T.);
#2166 = FACE_BOUND('',#2167,.F.);
#2167 = EDGE_LOOP('',(#2168,#2191,#2218,#2219));
#2168 = ORIENTED_EDGE('',*,*,#2169,.T.);
#2169 = EDGE_CURVE('',#1072,#2170,#2172,.T.);
#2170 = VERTEX_POINT('',#2171);
#2171 = CARTESIAN_POINT('',(24.3,7.475,8.835));
#2172 = SEAM_CURVE('',#2173,(#2177,#2184),.PCURVE_S1.);
#2173 = LINE('',#2174,#2175);
#2174 = CARTESIAN_POINT('',(19.8,7.475,8.835));
#2175 = VECTOR('',#2176,1.);
#2176 = DIRECTION('',(1.,0.,0.));
#2177 = PCURVE('',#1088,#2178);
#2178 = DEFINITIONAL_REPRESENTATION('',(#2179),#2183);
#2179 = LINE('',#2180,#2181);
#2180 = CARTESIAN_POINT('',(-0.,0.));
#2181 = VECTOR('',#2182,1.);
#2182 = DIRECTION('',(-0.,-1.));
#2183 = ( GEOMETRIC_REPRESENTATION_CONTEXT(2) 
PARAMETRIC_REPRESENTATION_CONTEXT() REPRESENTATION_CONTEXT('2D SPACE',''
  ) );
#2184 = PCURVE('',#1088,#2185);
#2185 = DEFINITIONAL_REPRESENTATION('',(#2186),#2190);
#2186 = LINE('',#2187,#2188);
#2187 = CARTESIAN_POINT('',(-6.28318530718,0.));
#2188 = VECTOR('',#2189,1.);
#2189 = DIRECTION('',(-0.,-1.));
#2190 = ( GEOMETRIC_REPRESENTATION_CONTEXT(2) 
PARAMETRIC_REPRESENTATION_CONTEXT() REPRESENTATION_CONTEXT('2D SPACE',''
  ) );
#2191 = ORIENTED_EDGE('',*,*,#2192,.T.);
#2192 = EDGE_CURVE('',#2170,#2170,#2193,.T.);
#2193 = SURFACE_CURVE('',#2194,(#2199,#2206),.PCURVE_S1.);
#2194 = CIRCLE('',#2195,1.35);
#2195 = AXIS2_PLACEMENT_3D('',#2196,#2197,#2198);
#2196 = CARTESIAN_POINT('',(24.3,6.125,8.835));
#2197 = DIRECTION('',(1.,0.,0.));
#2198 = DIRECTION('',(0.,1.,0.));
#2199 = PCURVE('',#1088,#2200);
#2200 = DEFINITIONAL_REPRESENTATION('',(#2201),#2205);
#2201 = LINE('',#2202,#2203);
#2202 = CARTESIAN_POINT('',(-0.,-4.5));
#2203 = VECTOR('',#2204,1.);
#2204 = DIRECTION('',(-1.,0.));
#2205 = ( GEOMETRIC_REPRESENTATION_CONTEXT(2) 
PARAMETRIC_REPRESENTATION_CONTEXT() REPRESENTATION_CONTEXT('2D SPACE',''
  ) );
#2206 = PCURVE('',#2207,#2212);
#2207 = PLANE('',#2208);
#2208 = AXIS2_PLACEMENT_3D('',#2209,#2210,#2211);
#2209 = CARTESIAN_POINT('',(24.3,6.125,8.835));
#2210 = DIRECTION('',(1.,0.,0.));
#2211 = DIRECTION('',(0.,0.,1.));
#2212 = DEFINITIONAL_REPRESENTATION('',(#2213),#2217);
#2213 = CIRCLE('',#2214,1.35);
#2214 = AXIS2_PLACEMENT_2D('',#2215,#2216);
#2215 = CARTESIAN_POINT('',(0.,0.));
#2216 = DIRECTION('',(0.,-1.));
#2217 = ( GEOMETRIC_REPRESENTATION_CONTEXT(2) 
PARAMETRIC_REPRESENTATION_CONTEXT() REPRESENTATION_CONTEXT('2D SPACE',''
  ) );
#2218 = ORIENTED_EDGE('',*,*,#2169,.F.);
#2219 = ORIENTED_EDGE('',*,*,#1071,.F.);
#2220 = ADVANCED_FACE('',(#2221),#1119,.T.);
#2221 = FACE_BOUND('',#2222,.F.);
#2222 = EDGE_LOOP('',(#2223,#2246,#2273,#2274));
#2223 = ORIENTED_EDGE('',*,*,#2224,.T.);
#2224 = EDGE_CURVE('',#1103,#2225,#2227,.T.);
#2225 = VERTEX_POINT('',#2226);
#2226 = CARTESIAN_POINT('',(29.8,3.425,4.86485954502));
#2227 = SEAM_CURVE('',#2228,(#2232,#2239),.PCURVE_S1.);
#2228 = LINE('',#2229,#2230);
#2229 = CARTESIAN_POINT('',(19.8,3.425,4.86485954502));
#2230 = VECTOR('',#2231,1.);
#2231 = DIRECTION('',(1.,0.,0.));
#2232 = PCURVE('',#1119,#2233);
#2233 = DEFINITIONAL_REPRESENTATION('',(#2234),#2238);
#2234 = LINE('',#2235,#2236);
#2235 = CARTESIAN_POINT('',(-0.,0.));
#2236 = VECTOR('',#2237,1.);
#2237 = DIRECTION('',(-0.,-1.));
#2238 = ( GEOMETRIC_REPRESENTATION_CONTEXT(2) 
PARAMETRIC_REPRESENTATION_CONTEXT() REPRESENTATION_CONTEXT('2D SPACE',''
  ) );
#2239 = PCURVE('',#1119,#2240);
#2240 = DEFINITIONAL_REPRESENTATION('',(#2241),#2245);
#2241 = LINE('',#2242,#2243);
#2242 = CARTESIAN_POINT('',(-6.28318530718,0.));
#2243 = VECTOR('',#2244,1.);
#2244 = DIRECTION('',(-0.,-1.));
#2245 = ( GEOMETRIC_REPRESENTATION_CONTEXT(2) 
PARAMETRIC_REPRESENTATION_CONTEXT() REPRESENTATION_CONTEXT('2D SPACE',''
  ) );
#2246 = ORIENTED_EDGE('',*,*,#2247,.T.);
#2247 = EDGE_CURVE('',#2225,#2225,#2248,.T.);
#2248 = SURFACE_CURVE('',#2249,(#2254,#2261),.PCURVE_S1.);
#2249 = CIRCLE('',#2250,0.175);
#2250 = AXIS2_PLACEMENT_3D('',#2251,#2252,#2253);
#2251 = CARTESIAN_POINT('',(29.8,3.25,4.86485954502));
#2252 = DIRECTION('',(1.,0.,0.));
#2253 = DIRECTION('',(0.,1.,0.));
#2254 = PCURVE('',#1119,#2255);
#2255 = DEFINITIONAL_REPRESENTATION('',(#2256),#2260);
#2256 = LINE('',#2257,#2258);
#2257 = CARTESIAN_POINT('',(-0.,-10.));
#2258 = VECTOR('',#2259,1.);
#2259 = DIRECTION('',(-1.,0.));
#2260 = ( GEOMETRIC_REPRESENTATION_CONTEXT(2) 
PARAMETRIC_REPRESENTATION_CONTEXT() REPRESENTATION_CONTEXT('2D SPACE',''
  ) );
#2261 = PCURVE('',#2262,#2267);
#2262 = PLANE('',#2263);
#2263 = AXIS2_PLACEMENT_3D('',#2264,#2265,#2266);
#2264 = CARTESIAN_POINT('',(29.8,6.125,8.834999999998));
#2265 = DIRECTION('',(1.,0.,0.));
#2266 = DIRECTION('',(0.,0.,1.));
#2267 = DEFINITIONAL_REPRESENTATION('',(#2268),#2272);
#2268 = CIRCLE('',#2269,0.175);
#2269 = AXIS2_PLACEMENT_2D('',#2270,#2271);
#2270 = CARTESIAN_POINT('',(-3.970140454977,2.875));
#2271 = DIRECTION('',(0.,-1.));
#2272 = ( GEOMETRIC_REPRESENTATION_CONTEXT(2) 
PARAMETRIC_REPRESENTATION_CONTEXT() REPRESENTATION_CONTEXT('2D SPACE',''
  ) );
#2273 = ORIENTED_EDGE('',*,*,#2224,.F.);
#2274 = ORIENTED_EDGE('',*,*,#1102,.F.);
#2275 = ADVANCED_FACE('',(#2276),#1150,.T.);
#2276 = FACE_BOUND('',#2277,.F.);
#2277 = EDGE_LOOP('',(#2278,#2301,#2328,#2329));
#2278 = ORIENTED_EDGE('',*,*,#2279,.T.);
#2279 = EDGE_CURVE('',#1134,#2280,#2282,.T.);
#2280 = VERTEX_POINT('',#2281);
#2281 = CARTESIAN_POINT('',(29.8,3.425,7.26485954502));
#2282 = SEAM_CURVE('',#2283,(#2287,#2294),.PCURVE_S1.);
#2283 = LINE('',#2284,#2285);
#2284 = CARTESIAN_POINT('',(19.8,3.425,7.26485954502));
#2285 = VECTOR('',#2286,1.);
#2286 = DIRECTION('',(1.,0.,0.));
#2287 = PCURVE('',#1150,#2288);
#2288 = DEFINITIONAL_REPRESENTATION('',(#2289),#2293);
#2289 = LINE('',#2290,#2291);
#2290 = CARTESIAN_POINT('',(-0.,0.));
#2291 = VECTOR('',#2292,1.);
#2292 = DIRECTION('',(-0.,-1.));
#2293 = ( GEOMETRIC_REPRESENTATION_CONTEXT(2) 
PARAMETRIC_REPRESENTATION_CONTEXT() REPRESENTATION_CONTEXT('2D SPACE',''
  ) );
#2294 = PCURVE('',#1150,#2295);
#2295 = DEFINITIONAL_REPRESENTATION('',(#2296),#2300);
#2296 = LINE('',#2297,#2298);
#2297 = CARTESIAN_POINT('',(-6.28318530718,0.));
#2298 = VECTOR('',#2299,1.);
#2299 = DIRECTION('',(-0.,-1.));
#2300 = ( GEOMETRIC_REPRESENTATION_CONTEXT(2) 
PARAMETRIC_REPRESENTATION_CONTEXT() REPRESENTATION_CONTEXT('2D SPACE',''
  ) );
#2301 = ORIENTED_EDGE('',*,*,#2302,.T.);
#2302 = EDGE_CURVE('',#2280,#2280,#2303,.T.);
#2303 = SURFACE_CURVE('',#2304,(#2309,#2316),.PCURVE_S1.);
#2304 = CIRCLE('',#2305,0.175);
#2305 = AXIS2_PLACEMENT_3D('',#2306,#2307,#2308);
#2306 = CARTESIAN_POINT('',(29.8,3.25,7.26485954502));
#2307 = DIRECTION('',(1.,0.,0.));
#2308 = DIRECTION('',(0.,1.,0.));
#2309 = PCURVE('',#1150,#2310);
#2310 = DEFINITIONAL_REPRESENTATION('',(#2311),#2315);
#2311 = LINE('',#2312,#2313);
#2312 = CARTESIAN_POINT('',(-0.,-10.));
#2313 = VECTOR('',#2314,1.);
#2314 = DIRECTION('',(-1.,0.));
#2315 = ( GEOMETRIC_REPRESENTATION_CONTEXT(2) 
PARAMETRIC_REPRESENTATION_CONTEXT() REPRESENTATION_CONTEXT('2D SPACE',''
  ) );
#2316 = PCURVE('',#2317,#2322);
#2317 = PLANE('',#2318);
#2318 = AXIS2_PLACEMENT_3D('',#2319,#2320,#2321);
#2319 = CARTESIAN_POINT('',(29.8,6.125,8.834999999998));
#2320 = DIRECTION('',(1.,0.,0.));
#2321 = DIRECTION('',(0.,0.,1.));
#2322 = DEFINITIONAL_REPRESENTATION('',(#2323),#2327);
#2323 = CIRCLE('',#2324,0.175);
#2324 = AXIS2_PLACEMENT_2D('',#2325,#2326);
#2325 = CARTESIAN_POINT('',(-1.570140454977,2.875));
#2326 = DIRECTION('',(0.,-1.));
#2327 = ( GEOMETRIC_REPRESENTATION_CONTEXT(2) 
PARAMETRIC_REPRESENTATION_CONTEXT() REPRESENTATION_CONTEXT('2D SPACE',''
  ) );
#2328 = ORIENTED_EDGE('',*,*,#2279,.F.);
#2329 = ORIENTED_EDGE('',*,*,#1133,.F.);
#2330 = ADVANCED_FACE('',(#2331),#1181,.T.);
#2331 = FACE_BOUND('',#2332,.F.);
#2332 = EDGE_LOOP('',(#2333,#2356,#2383,#2384));
#2333 = ORIENTED_EDGE('',*,*,#2334,.T.);
#2334 = EDGE_CURVE('',#1165,#2335,#2337,.T.);
#2335 = VERTEX_POINT('',#2336);
#2336 = CARTESIAN_POINT('',(29.8,5.035,14.585));
#2337 = SEAM_CURVE('',#2338,(#2342,#2349),.PCURVE_S1.);
#2338 = LINE('',#2339,#2340);
#2339 = CARTESIAN_POINT('',(19.8,5.035,14.585));
#2340 = VECTOR('',#2341,1.);
#2341 = DIRECTION('',(1.,0.,0.));
#2342 = PCURVE('',#1181,#2343);
#2343 = DEFINITIONAL_REPRESENTATION('',(#2344),#2348);
#2344 = LINE('',#2345,#2346);
#2345 = CARTESIAN_POINT('',(-0.,0.));
#2346 = VECTOR('',#2347,1.);
#2347 = DIRECTION('',(-0.,-1.));
#2348 = ( GEOMETRIC_REPRESENTATION_CONTEXT(2) 
PARAMETRIC_REPRESENTATION_CONTEXT() REPRESENTATION_CONTEXT('2D SPACE',''
  ) );
#2349 = PCURVE('',#1181,#2350);
#2350 = DEFINITIONAL_REPRESENTATION('',(#2351),#2355);
#2351 = LINE('',#2352,#2353);
#2352 = CARTESIAN_POINT('',(-6.28318530718,0.));
#2353 = VECTOR('',#2354,1.);
#2354 = DIRECTION('',(-0.,-1.));
#2355 = ( GEOMETRIC_REPRESENTATION_CONTEXT(2) 
PARAMETRIC_REPRESENTATION_CONTEXT() REPRESENTATION_CONTEXT('2D SPACE',''
  ) );
#2356 = ORIENTED_EDGE('',*,*,#2357,.T.);
#2357 = EDGE_CURVE('',#2335,#2335,#2358,.T.);
#2358 = SURFACE_CURVE('',#2359,(#2364,#2371),.PCURVE_S1.);
#2359 = CIRCLE('',#2360,0.175);
#2360 = AXIS2_PLACEMENT_3D('',#2361,#2362,#2363);
#2361 = CARTESIAN_POINT('',(29.8,4.86,14.585));
#2362 = DIRECTION('',(1.,0.,0.));
#2363 = DIRECTION('',(0.,1.,0.));
#2364 = PCURVE('',#1181,#2365);
#2365 = DEFINITIONAL_REPRESENTATION('',(#2366),#2370);
#2366 = LINE('',#2367,#2368);
#2367 = CARTESIAN_POINT('',(-0.,-10.));
#2368 = VECTOR('',#2369,1.);
#2369 = DIRECTION('',(-1.,0.));
#2370 = ( GEOMETRIC_REPRESENTATION_CONTEXT(2) 
PARAMETRIC_REPRESENTATION_CONTEXT() REPRESENTATION_CONTEXT('2D SPACE',''
  ) );
#2371 = PCURVE('',#2372,#2377);
#2372 = PLANE('',#2373);
#2373 = AXIS2_PLACEMENT_3D('',#2374,#2375,#2376);
#2374 = CARTESIAN_POINT('',(29.8,6.125,8.834999999998));
#2375 = DIRECTION('',(1.,0.,0.));
#2376 = DIRECTION('',(0.,0.,1.));
#2377 = DEFINITIONAL_REPRESENTATION('',(#2378),#2382);
#2378 = CIRCLE('',#2379,0.175);
#2379 = AXIS2_PLACEMENT_2D('',#2380,#2381);
#2380 = CARTESIAN_POINT('',(5.750000000002,1.265));
#2381 = DIRECTION('',(0.,-1.));
#2382 = ( GEOMETRIC_REPRESENTATION_CONTEXT(2) 
PARAMETRIC_REPRESENTATION_CONTEXT() REPRESENTATION_CONTEXT('2D SPACE',''
  ) );
#2383 = ORIENTED_EDGE('',*,*,#2334,.F.);
#2384 = ORIENTED_EDGE('',*,*,#1164,.F.);
#2385 = ADVANCED_FACE('',(#2386),#1212,.T.);
#2386 = FACE_BOUND('',#2387,.F.);
#2387 = EDGE_LOOP('',(#2388,#2411,#2438,#2439));
#2388 = ORIENTED_EDGE('',*,*,#2389,.T.);
#2389 = EDGE_CURVE('',#1196,#2390,#2392,.T.);
#2390 = VERTEX_POINT('',#2391);
#2391 = CARTESIAN_POINT('',(29.8,3.425,10.40514045498));
#2392 = SEAM_CURVE('',#2393,(#2397,#2404),.PCURVE_S1.);
#2393 = LINE('',#2394,#2395);
#2394 = CARTESIAN_POINT('',(19.8,3.425,10.40514045498));
#2395 = VECTOR('',#2396,1.);
#2396 = DIRECTION('',(1.,0.,0.));
#2397 = PCURVE('',#1212,#2398);
#2398 = DEFINITIONAL_REPRESENTATION('',(#2399),#2403);
#2399 = LINE('',#2400,#2401);
#2400 = CARTESIAN_POINT('',(-0.,0.));
#2401 = VECTOR('',#2402,1.);
#2402 = DIRECTION('',(-0.,-1.));
#2403 = ( GEOMETRIC_REPRESENTATION_CONTEXT(2) 
PARAMETRIC_REPRESENTATION_CONTEXT() REPRESENTATION_CONTEXT('2D SPACE',''
  ) );
#2404 = PCURVE('',#1212,#2405);
#2405 = DEFINITIONAL_REPRESENTATION('',(#2406),#2410);
#2406 = LINE('',#2407,#2408);
#2407 = CARTESIAN_POINT('',(-6.28318530718,0.));
#2408 = VECTOR('',#2409,1.);
#2409 = DIRECTION('',(-0.,-1.));
#2410 = ( GEOMETRIC_REPRESENTATION_CONTEXT(2) 
PARAMETRIC_REPRESENTATION_CONTEXT() REPRESENTATION_CONTEXT('2D SPACE',''
  ) );
#2411 = ORIENTED_EDGE('',*,*,#2412,.T.);
#2412 = EDGE_CURVE('',#2390,#2390,#2413,.T.);
#2413 = SURFACE_CURVE('',#2414,(#2419,#2426),.PCURVE_S1.);
#2414 = CIRCLE('',#2415,0.175);
#2415 = AXIS2_PLACEMENT_3D('',#2416,#2417,#2418);
#2416 = CARTESIAN_POINT('',(29.8,3.25,10.40514045498));
#2417 = DIRECTION('',(1.,0.,0.));
#2418 = DIRECTION('',(0.,1.,0.));
#2419 = PCURVE('',#1212,#2420);
#2420 = DEFINITIONAL_REPRESENTATION('',(#2421),#2425);
#2421 = LINE('',#2422,#2423);
#2422 = CARTESIAN_POINT('',(-0.,-10.));
#2423 = VECTOR('',#2424,1.);
#2424 = DIRECTION('',(-1.,0.));
#2425 = ( GEOMETRIC_REPRESENTATION_CONTEXT(2) 
PARAMETRIC_REPRESENTATION_CONTEXT() REPRESENTATION_CONTEXT('2D SPACE',''
  ) );
#2426 = PCURVE('',#2427,#2432);
#2427 = PLANE('',#2428);
#2428 = AXIS2_PLACEMENT_3D('',#2429,#2430,#2431);
#2429 = CARTESIAN_POINT('',(29.8,6.125,8.834999999998));
#2430 = DIRECTION('',(1.,0.,0.));
#2431 = DIRECTION('',(0.,0.,1.));
#2432 = DEFINITIONAL_REPRESENTATION('',(#2433),#2437);
#2433 = CIRCLE('',#2434,0.175);
#2434 = AXIS2_PLACEMENT_2D('',#2435,#2436);
#2435 = CARTESIAN_POINT('',(1.570140454982,2.875));
#2436 = DIRECTION('',(0.,-1.));
#2437 = ( GEOMETRIC_REPRESENTATION_CONTEXT(2) 
PARAMETRIC_REPRESENTATION_CONTEXT() REPRESENTATION_CONTEXT('2D SPACE',''
  ) );
#2438 = ORIENTED_EDGE('',*,*,#2389,.F.);
#2439 = ORIENTED_EDGE('',*,*,#1195,.F.);
#2440 = ADVANCED_FACE('',(#2441),#1243,.T.);
#2441 = FACE_BOUND('',#2442,.F.);
#2442 = EDGE_LOOP('',(#2443,#2466,#2493,#2494));
#2443 = ORIENTED_EDGE('',*,*,#2444,.T.);
#2444 = EDGE_CURVE('',#1227,#2445,#2447,.T.);
#2445 = VERTEX_POINT('',#2446);
#2446 = CARTESIAN_POINT('',(29.8,3.425,12.80514045498));
#2447 = SEAM_CURVE('',#2448,(#2452,#2459),.PCURVE_S1.);
#2448 = LINE('',#2449,#2450);
#2449 = CARTESIAN_POINT('',(19.8,3.425,12.80514045498));
#2450 = VECTOR('',#2451,1.);
#2451 = DIRECTION('',(1.,0.,0.));
#2452 = PCURVE('',#1243,#2453);
#2453 = DEFINITIONAL_REPRESENTATION('',(#2454),#2458);
#2454 = LINE('',#2455,#2456);
#2455 = CARTESIAN_POINT('',(-0.,0.));
#2456 = VECTOR('',#2457,1.);
#2457 = DIRECTION('',(-0.,-1.));
#2458 = ( GEOMETRIC_REPRESENTATION_CONTEXT(2) 
PARAMETRIC_REPRESENTATION_CONTEXT() REPRESENTATION_CONTEXT('2D SPACE',''
  ) );
#2459 = PCURVE('',#1243,#2460);
#2460 = DEFINITIONAL_REPRESENTATION('',(#2461),#2465);
#2461 = LINE('',#2462,#2463);
#2462 = CARTESIAN_POINT('',(-6.28318530718,0.));
#2463 = VECTOR('',#2464,1.);
#2464 = DIRECTION('',(-0.,-1.));
#2465 = ( GEOMETRIC_REPRESENTATION_CONTEXT(2) 
PARAMETRIC_REPRESENTATION_CONTEXT() REPRESENTATION_CONTEXT('2D SPACE',''
  ) );
#2466 = ORIENTED_EDGE('',*,*,#2467,.T.);
#2467 = EDGE_CURVE('',#2445,#2445,#2468,.T.);
#2468 = SURFACE_CURVE('',#2469,(#2474,#2481),.PCURVE_S1.);
#2469 = CIRCLE('',#2470,0.175);
#2470 = AXIS2_PLACEMENT_3D('',#2471,#2472,#2473);
#2471 = CARTESIAN_POINT('',(29.8,3.25,12.80514045498));
#2472 = DIRECTION('',(1.,0.,0.));
#2473 = DIRECTION('',(0.,1.,0.));
#2474 = PCURVE('',#1243,#2475);
#2475 = DEFINITIONAL_REPRESENTATION('',(#2476),#2480);
#2476 = LINE('',#2477,#2478);
#2477 = CARTESIAN_POINT('',(-0.,-10.));
#2478 = VECTOR('',#2479,1.);
#2479 = DIRECTION('',(-1.,0.));
#2480 = ( GEOMETRIC_REPRESENTATION_CONTEXT(2) 
PARAMETRIC_REPRESENTATION_CONTEXT() REPRESENTATION_CONTEXT('2D SPACE',''
  ) );
#2481 = PCURVE('',#2482,#2487);
#2482 = PLANE('',#2483);
#2483 = AXIS2_PLACEMENT_3D('',#2484,#2485,#2486);
#2484 = CARTESIAN_POINT('',(29.8,6.125,8.834999999998));
#2485 = DIRECTION('',(1.,0.,0.));
#2486 = DIRECTION('',(0.,0.,1.));
#2487 = DEFINITIONAL_REPRESENTATION('',(#2488),#2492);
#2488 = CIRCLE('',#2489,0.175);
#2489 = AXIS2_PLACEMENT_2D('',#2490,#2491);
#2490 = CARTESIAN_POINT('',(3.970140454982,2.875));
#2491 = DIRECTION('',(0.,-1.));
#2492 = ( GEOMETRIC_REPRESENTATION_CONTEXT(2) 
PARAMETRIC_REPRESENTATION_CONTEXT() REPRESENTATION_CONTEXT('2D SPACE',''
  ) );
#2493 = ORIENTED_EDGE('',*,*,#2444,.F.);
#2494 = ORIENTED_EDGE('',*,*,#1226,.F.);
#2495 = ADVANCED_FACE('',(#2496),#1321,.T.);
#2496 = FACE_BOUND('',#2497,.T.);
#2497 = EDGE_LOOP('',(#2498,#2499,#2500));
#2498 = ORIENTED_EDGE('',*,*,#1567,.T.);
#2499 = ORIENTED_EDGE('',*,*,#1671,.F.);
#2500 = ORIENTED_EDGE('',*,*,#1281,.F.);
#2501 = ADVANCED_FACE('',(#2502),#1439,.F.);
#2502 = FACE_BOUND('',#2503,.F.);
#2503 = EDGE_LOOP('',(#2504,#2505,#2506));
#2504 = ORIENTED_EDGE('',*,*,#1519,.T.);
#2505 = ORIENTED_EDGE('',*,*,#1724,.F.);
#2506 = ORIENTED_EDGE('',*,*,#1399,.F.);
#2507 = ADVANCED_FACE('',(#2508),#1822,.T.);
#2508 = FACE_BOUND('',#2509,.T.);
#2509 = EDGE_LOOP('',(#2510));
#2510 = ORIENTED_EDGE('',*,*,#1807,.T.);
#2511 = ADVANCED_FACE('',(#2512),#1877,.T.);
#2512 = FACE_BOUND('',#2513,.T.);
#2513 = EDGE_LOOP('',(#2514));
#2514 = ORIENTED_EDGE('',*,*,#1862,.T.);
#2515 = ADVANCED_FACE('',(#2516),#1932,.T.);
#2516 = FACE_BOUND('',#2517,.T.);
#2517 = EDGE_LOOP('',(#2518));
#2518 = ORIENTED_EDGE('',*,*,#1917,.T.);
#2519 = ADVANCED_FACE('',(#2520),#1987,.T.);
#2520 = FACE_BOUND('',#2521,.T.);
#2521 = EDGE_LOOP('',(#2522));
#2522 = ORIENTED_EDGE('',*,*,#1972,.T.);
#2523 = ADVANCED_FACE('',(#2524),#2042,.T.);
#2524 = FACE_BOUND('',#2525,.T.);
#2525 = EDGE_LOOP('',(#2526));
#2526 = ORIENTED_EDGE('',*,*,#2027,.T.);
#2527 = ADVANCED_FACE('',(#2528),#2097,.T.);
#2528 = FACE_BOUND('',#2529,.T.);
#2529 = EDGE_LOOP('',(#2530));
#2530 = ORIENTED_EDGE('',*,*,#2082,.T.);
#2531 = ADVANCED_FACE('',(#2532),#2152,.T.);
#2532 = FACE_BOUND('',#2533,.T.);
#2533 = EDGE_LOOP('',(#2534));
#2534 = ORIENTED_EDGE('',*,*,#2137,.T.);
#2535 = ADVANCED_FACE('',(#2536),#2207,.T.);
#2536 = FACE_BOUND('',#2537,.T.);
#2537 = EDGE_LOOP('',(#2538));
#2538 = ORIENTED_EDGE('',*,*,#2192,.T.);
#2539 = ADVANCED_FACE('',(#2540),#2262,.T.);
#2540 = FACE_BOUND('',#2541,.T.);
#2541 = EDGE_LOOP('',(#2542));
#2542 = ORIENTED_EDGE('',*,*,#2247,.T.);
#2543 = ADVANCED_FACE('',(#2544),#2317,.T.);
#2544 = FACE_BOUND('',#2545,.T.);
#2545 = EDGE_LOOP('',(#2546));
#2546 = ORIENTED_EDGE('',*,*,#2302,.T.);
#2547 = ADVANCED_FACE('',(#2548),#2372,.T.);
#2548 = FACE_BOUND('',#2549,.T.);
#2549 = EDGE_LOOP('',(#2550));
#2550 = ORIENTED_EDGE('',*,*,#2357,.T.);
#2551 = ADVANCED_FACE('',(#2552),#2427,.T.);
#2552 = FACE_BOUND('',#2553,.T.);
#2553 = EDGE_LOOP('',(#2554));
#2554 = ORIENTED_EDGE('',*,*,#2412,.T.);
#2555 = ADVANCED_FACE('',(#2556),#2482,.T.);
#2556 = FACE_BOUND('',#2557,.T.);
#2557 = EDGE_LOOP('',(#2558));
#2558 = ORIENTED_EDGE('',*,*,#2467,.T.);
#2559 = ( GEOMETRIC_REPRESENTATION_CONTEXT(3) 
GLOBAL_UNCERTAINTY_ASSIGNED_CONTEXT((#2563)) 
GLOBAL_UNIT_ASSIGNED_CONTEXT((#2560,#2561,#2562)) REPRESENTATION_CONTEXT
('Context #1','3D Context with UNIT and UNCERTAINTY') );
#2560 = ( LENGTH_UNIT() NAMED_UNIT(*) SI_UNIT(.MILLI.,.METRE.) );
#2561 = ( NAMED_UNIT(*) PLANE_ANGLE_UNIT() SI_UNIT($,.RADIAN.) );
#2562 = ( NAMED_UNIT(*) SI_UNIT($,.STERADIAN.) SOLID_ANGLE_UNIT() );
#2563 = UNCERTAINTY_MEASURE_WITH_UNIT(LENGTH_MEASURE(2.E-05),#2560,
  'distance_accuracy_value','confusion accuracy');
#2564 = PRODUCT_RELATED_PRODUCT_CATEGORY('part',$,(#7));
#2565 = MECHANICAL_DESIGN_GEOMETRIC_PRESENTATION_REPRESENTATION('',(
    #2566),#2559);
#2566 = STYLED_ITEM('color',(#2567),#15);
#2567 = PRESENTATION_STYLE_ASSIGNMENT((#2568,#2574));
#2568 = SURFACE_STYLE_USAGE(.BOTH.,#2569);
#2569 = SURFACE_SIDE_STYLE('',(#2570));
#2570 = SURFACE_STYLE_FILL_AREA(#2571);
#2571 = FILL_AREA_STYLE('',(#2572));
#2572 = FILL_AREA_STYLE_COLOUR('',#2573);
#2573 = COLOUR_RGB('',0.447058818107,0.474509808674,0.501960817233);
#2574 = CURVE_STYLE('',#2575,POSITIVE_LENGTH_MEASURE(0.1),#2576);
#2575 = DRAUGHTING_PRE_DEFINED_CURVE_FONT('continuous');
#2576 = COLOUR_RGB('',9.803921802644E-02,9.803921802644E-02,
  9.803921802644E-02);
ENDSEC;
END-ISO-10303-21;
