ISO-10303-21;
HEADER;
FILE_DESCRIPTION(('KiCad electronic assembly'),'2;1');
FILE_NAME('TS06-MAIN.step','2026-09-18T00:24:27',('Pcbnew'),('Kicad'),
  'Open CASCADE STEP processor 7.9','KiCad to STEP converter','Unknown'
  );
FILE_SCHEMA(('AUTOMOTIVE_DESIGN { 1 0 10303 214 1 1 1 1 }'));
ENDSEC;
DATA;
#1 = APPLICATION_PROTOCOL_DEFINITION('international standard',
  'automotive_design',2000,#2);
#2 = APPLICATION_CONTEXT(
  'core data for automotive mechanical design processes');
#3 = SHAPE_DEFINITION_REPRESENTATION(#4,#10);
#4 = PRODUCT_DEFINITION_SHAPE('','',#5);
#5 = PRODUCT_DEFINITION('design','',#6,#9);
#6 = PRODUCT_DEFINITION_FORMATION('','',#7);
#7 = PRODUCT('TS06-MAIN 1','TS06-MAIN 1','',(#8));
#8 = PRODUCT_CONTEXT('',#2,'mechanical');
#9 = PRODUCT_DEFINITION_CONTEXT('part definition',#2,'design');
#10 = SHAPE_REPRESENTATION('',(#11,#15),#19);
#11 = AXIS2_PLACEMENT_3D('',#12,#13,#14);
#12 = CARTESIAN_POINT('',(0.,0.,0.));
#13 = DIRECTION('',(0.,0.,1.));
#14 = DIRECTION('',(1.,0.,-0.));
#15 = AXIS2_PLACEMENT_3D('',#16,#17,#18);
#16 = CARTESIAN_POINT('',(0.,0.,0.));
#17 = DIRECTION('',(0.,0.,1.));
#18 = DIRECTION('',(1.,0.,-0.));
#19 = ( GEOMETRIC_REPRESENTATION_CONTEXT(3) 
GLOBAL_UNCERTAINTY_ASSIGNED_CONTEXT((#23)) GLOBAL_UNIT_ASSIGNED_CONTEXT(
(#20,#21,#22)) REPRESENTATION_CONTEXT('Context #1',
  '3D Context with UNIT and UNCERTAINTY') );
#20 = ( LENGTH_UNIT() NAMED_UNIT(*) SI_UNIT(.MILLI.,.METRE.) );
#21 = ( NAMED_UNIT(*) PLANE_ANGLE_UNIT() SI_UNIT($,.RADIAN.) );
#22 = ( NAMED_UNIT(*) SI_UNIT($,.STERADIAN.) SOLID_ANGLE_UNIT() );
#23 = UNCERTAINTY_MEASURE_WITH_UNIT(LENGTH_MEASURE(1.E-07),#20,
  'distance_accuracy_value','confusion accuracy');
#24 = PRODUCT_RELATED_PRODUCT_CATEGORY('part',$,(#7));
#25 = SHAPE_DEFINITION_REPRESENTATION(#26,#32);
#26 = PRODUCT_DEFINITION_SHAPE('','',#27);
#27 = PRODUCT_DEFINITION('design','',#28,#31);
#28 = PRODUCT_DEFINITION_FORMATION('','',#29);
#29 = PRODUCT('TS06-MAIN_PCB','TS06-MAIN_PCB','',(#30));
#30 = PRODUCT_CONTEXT('',#2,'mechanical');
#31 = PRODUCT_DEFINITION_CONTEXT('part definition',#2,'design');
#32 = ADVANCED_BREP_SHAPE_REPRESENTATION('',(#11,#33),#7506);
#33 = MANIFOLD_SOLID_BREP('',#34);
#34 = CLOSED_SHELL('',(#35,#75,#106,#137,#2209,#4281,#4293,#4310,#4332,
    #4349,#4366,#4378,#4400,#4417,#4434,#4446,#4463,#4480,#4497,#4514,
    #4531,#4548,#4565,#4582,#4599,#4616,#4633,#4655,#4672,#4689,#4701,
    #4718,#4735,#4752,#4769,#4786,#4803,#4820,#4837,#4854,#4871,#4888,
    #4905,#4922,#4939,#4956,#4973,#4990,#5007,#5024,#5041,#5058,#5075,
    #5092,#5109,#5126,#5143,#5160,#5177,#5194,#5211,#5228,#5245,#5262,
    #5279,#5296,#5313,#5330,#5347,#5364,#5381,#5398,#5415,#5432,#5449,
    #5466,#5483,#5500,#5517,#5534,#5551,#5568,#5585,#5602,#5619,#5636,
    #5653,#5670,#5687,#5704,#5721,#5738,#5755,#5772,#5789,#5806,#5823,
    #5840,#5857,#5874,#5891,#5908,#5925,#5942,#5959,#5976,#5993,#6010,
    #6027,#6044,#6061,#6078,#6095,#6112,#6129,#6146,#6163,#6180,#6197,
    #6214,#6231,#6248,#6265,#6282,#6299,#6316,#6333,#6350,#6367,#6384,
    #6401,#6418,#6435,#6452,#6469,#6486,#6503,#6520,#6537,#6554,#6571,
    #6588,#6605,#6622,#6639,#6656,#6673,#6690,#6707,#6724,#6741,#6758,
    #6775,#6792,#6809,#6826,#6843,#6860,#6877,#6894,#6911,#6928,#6945,
    #6962,#6979,#6996,#7013,#7030,#7047,#7064,#7081,#7098,#7115,#7132,
    #7149,#7166,#7183,#7200,#7217,#7234,#7251,#7268,#7285,#7302,#7319,
    #7336,#7353,#7370,#7387,#7404,#7421,#7438,#7455,#7472,#7489));
#35 = ADVANCED_FACE('',(#36),#70,.T.);
#36 = FACE_BOUND('',#37,.T.);
#37 = EDGE_LOOP('',(#38,#48,#56,#64));
#38 = ORIENTED_EDGE('',*,*,#39,.T.);
#39 = EDGE_CURVE('',#40,#42,#44,.T.);
#40 = VERTEX_POINT('',#41);
#41 = CARTESIAN_POINT('',(176.,-96.,0.));
#42 = VERTEX_POINT('',#43);
#43 = CARTESIAN_POINT('',(176.,-96.,1.51));
#44 = LINE('',#45,#46);
#45 = CARTESIAN_POINT('',(176.,-96.,0.));
#46 = VECTOR('',#47,1.);
#47 = DIRECTION('',(0.,0.,1.));
#48 = ORIENTED_EDGE('',*,*,#49,.T.);
#49 = EDGE_CURVE('',#42,#50,#52,.T.);
#50 = VERTEX_POINT('',#51);
#51 = CARTESIAN_POINT('',(0.,-96.,1.51));
#52 = LINE('',#53,#54);
#53 = CARTESIAN_POINT('',(176.,-96.,1.51));
#54 = VECTOR('',#55,1.);
#55 = DIRECTION('',(-1.,0.,0.));
#56 = ORIENTED_EDGE('',*,*,#57,.F.);
#57 = EDGE_CURVE('',#58,#50,#60,.T.);
#58 = VERTEX_POINT('',#59);
#59 = CARTESIAN_POINT('',(0.,-96.,0.));
#60 = LINE('',#61,#62);
#61 = CARTESIAN_POINT('',(0.,-96.,0.));
#62 = VECTOR('',#63,1.);
#63 = DIRECTION('',(0.,0.,1.));
#64 = ORIENTED_EDGE('',*,*,#65,.F.);
#65 = EDGE_CURVE('',#40,#58,#66,.T.);
#66 = LINE('',#67,#68);
#67 = CARTESIAN_POINT('',(176.,-96.,0.));
#68 = VECTOR('',#69,1.);
#69 = DIRECTION('',(-1.,0.,0.));
#70 = PLANE('',#71);
#71 = AXIS2_PLACEMENT_3D('',#72,#73,#74);
#72 = CARTESIAN_POINT('',(176.,-96.,0.));
#73 = DIRECTION('',(0.,-1.,0.));
#74 = DIRECTION('',(-1.,0.,0.));
#75 = ADVANCED_FACE('',(#76),#101,.T.);
#76 = FACE_BOUND('',#77,.T.);
#77 = EDGE_LOOP('',(#78,#88,#94,#95));
#78 = ORIENTED_EDGE('',*,*,#79,.T.);
#79 = EDGE_CURVE('',#80,#82,#84,.T.);
#80 = VERTEX_POINT('',#81);
#81 = CARTESIAN_POINT('',(176.,-0.,0.));
#82 = VERTEX_POINT('',#83);
#83 = CARTESIAN_POINT('',(176.,0.,1.51));
#84 = LINE('',#85,#86);
#85 = CARTESIAN_POINT('',(176.,-0.,0.));
#86 = VECTOR('',#87,1.);
#87 = DIRECTION('',(0.,0.,1.));
#88 = ORIENTED_EDGE('',*,*,#89,.T.);
#89 = EDGE_CURVE('',#82,#42,#90,.T.);
#90 = LINE('',#91,#92);
#91 = CARTESIAN_POINT('',(176.,0.,1.51));
#92 = VECTOR('',#93,1.);
#93 = DIRECTION('',(0.,-1.,0.));
#94 = ORIENTED_EDGE('',*,*,#39,.F.);
#95 = ORIENTED_EDGE('',*,*,#96,.F.);
#96 = EDGE_CURVE('',#80,#40,#97,.T.);
#97 = LINE('',#98,#99);
#98 = CARTESIAN_POINT('',(176.,-0.,0.));
#99 = VECTOR('',#100,1.);
#100 = DIRECTION('',(0.,-1.,0.));
#101 = PLANE('',#102);
#102 = AXIS2_PLACEMENT_3D('',#103,#104,#105);
#103 = CARTESIAN_POINT('',(176.,-0.,0.));
#104 = DIRECTION('',(1.,0.,-0.));
#105 = DIRECTION('',(0.,-1.,0.));
#106 = ADVANCED_FACE('',(#107),#132,.T.);
#107 = FACE_BOUND('',#108,.T.);
#108 = EDGE_LOOP('',(#109,#110,#118,#126));
#109 = ORIENTED_EDGE('',*,*,#57,.T.);
#110 = ORIENTED_EDGE('',*,*,#111,.T.);
#111 = EDGE_CURVE('',#50,#112,#114,.T.);
#112 = VERTEX_POINT('',#113);
#113 = CARTESIAN_POINT('',(0.,0.,1.51));
#114 = LINE('',#115,#116);
#115 = CARTESIAN_POINT('',(0.,-96.,1.51));
#116 = VECTOR('',#117,1.);
#117 = DIRECTION('',(0.,1.,0.));
#118 = ORIENTED_EDGE('',*,*,#119,.F.);
#119 = EDGE_CURVE('',#120,#112,#122,.T.);
#120 = VERTEX_POINT('',#121);
#121 = CARTESIAN_POINT('',(0.,-0.,0.));
#122 = LINE('',#123,#124);
#123 = CARTESIAN_POINT('',(0.,-0.,0.));
#124 = VECTOR('',#125,1.);
#125 = DIRECTION('',(0.,0.,1.));
#126 = ORIENTED_EDGE('',*,*,#127,.F.);
#127 = EDGE_CURVE('',#58,#120,#128,.T.);
#128 = LINE('',#129,#130);
#129 = CARTESIAN_POINT('',(0.,-96.,0.));
#130 = VECTOR('',#131,1.);
#131 = DIRECTION('',(0.,1.,0.));
#132 = PLANE('',#133);
#133 = AXIS2_PLACEMENT_3D('',#134,#135,#136);
#134 = CARTESIAN_POINT('',(0.,-96.,0.));
#135 = DIRECTION('',(-1.,0.,0.));
#136 = DIRECTION('',(0.,1.,0.));
#137 = ADVANCED_FACE('',(#138,#149,#160,#196,#232,#243,#254,#265,#276,
    #287,#298,#309,#320,#331,#342,#353,#389,#400,#411,#422,#433,#444,
    #455,#466,#477,#488,#499,#510,#521,#532,#543,#554,#565,#576,#587,
    #598,#609,#620,#631,#642,#653,#664,#675,#686,#697,#708,#719,#730,
    #741,#752,#763,#774,#785,#796,#807,#818,#829,#840,#851,#862,#873,
    #884,#895,#906,#917,#928,#939,#950,#961,#972,#983,#994,#1005,#1016,
    #1027,#1038,#1049,#1060,#1071,#1082,#1093,#1104,#1115,#1126,#1137,
    #1148,#1159,#1170,#1181,#1192,#1203,#1214,#1225,#1236,#1247,#1258,
    #1269,#1280,#1291,#1302,#1313,#1324,#1335,#1346,#1357,#1368,#1379,
    #1390,#1401,#1412,#1423,#1434,#1445,#1456,#1467,#1478,#1489,#1500,
    #1511,#1522,#1533,#1544,#1555,#1566,#1577,#1588,#1599,#1610,#1621,
    #1632,#1643,#1654,#1665,#1676,#1687,#1698,#1709,#1720,#1731,#1742,
    #1753,#1764,#1775,#1786,#1797,#1808,#1819,#1830,#1841,#1852,#1863,
    #1874,#1885,#1896,#1907,#1918,#1929,#1940,#1951,#1962,#1973,#1984,
    #1995,#2006,#2017,#2028,#2039,#2050,#2061,#2072,#2083,#2094,#2105,
    #2116,#2127,#2138,#2149,#2160,#2171,#2182,#2193),#2204,.F.);
#138 = FACE_BOUND('',#139,.F.);
#139 = EDGE_LOOP('',(#140,#141,#142,#148));
#140 = ORIENTED_EDGE('',*,*,#65,.F.);
#141 = ORIENTED_EDGE('',*,*,#96,.F.);
#142 = ORIENTED_EDGE('',*,*,#143,.F.);
#143 = EDGE_CURVE('',#120,#80,#144,.T.);
#144 = LINE('',#145,#146);
#145 = CARTESIAN_POINT('',(0.,-0.,0.));
#146 = VECTOR('',#147,1.);
#147 = DIRECTION('',(1.,0.,0.));
#148 = ORIENTED_EDGE('',*,*,#127,.F.);
#149 = FACE_BOUND('',#150,.F.);
#150 = EDGE_LOOP('',(#151));
#151 = ORIENTED_EDGE('',*,*,#152,.T.);
#152 = EDGE_CURVE('',#153,#153,#155,.T.);
#153 = VERTEX_POINT('',#154);
#154 = CARTESIAN_POINT('',(5.,-93.35,0.));
#155 = CIRCLE('',#156,1.35);
#156 = AXIS2_PLACEMENT_3D('',#157,#158,#159);
#157 = CARTESIAN_POINT('',(5.,-92.,0.));
#158 = DIRECTION('',(-0.,0.,-1.));
#159 = DIRECTION('',(-0.,-1.,0.));
#160 = FACE_BOUND('',#161,.F.);
#161 = EDGE_LOOP('',(#162,#173,#181,#190));
#162 = ORIENTED_EDGE('',*,*,#163,.T.);
#163 = EDGE_CURVE('',#164,#166,#168,.T.);
#164 = VERTEX_POINT('',#165);
#165 = CARTESIAN_POINT('',(8.5,-75.,0.));
#166 = VERTEX_POINT('',#167);
#167 = CARTESIAN_POINT('',(7.5,-75.,0.));
#168 = CIRCLE('',#169,0.5);
#169 = AXIS2_PLACEMENT_3D('',#170,#171,#172);
#170 = CARTESIAN_POINT('',(8.,-75.,0.));
#171 = DIRECTION('',(-0.,0.,-1.));
#172 = DIRECTION('',(-1.,0.,0.));
#173 = ORIENTED_EDGE('',*,*,#174,.T.);
#174 = EDGE_CURVE('',#166,#175,#177,.T.);
#175 = VERTEX_POINT('',#176);
#176 = CARTESIAN_POINT('',(7.5,-73.,0.));
#177 = LINE('',#178,#179);
#178 = CARTESIAN_POINT('',(7.5,-36.5,0.));
#179 = VECTOR('',#180,1.);
#180 = DIRECTION('',(-0.,1.,0.));
#181 = ORIENTED_EDGE('',*,*,#182,.T.);
#182 = EDGE_CURVE('',#175,#183,#185,.T.);
#183 = VERTEX_POINT('',#184);
#184 = CARTESIAN_POINT('',(8.5,-73.,0.));
#185 = CIRCLE('',#186,0.5);
#186 = AXIS2_PLACEMENT_3D('',#187,#188,#189);
#187 = CARTESIAN_POINT('',(8.,-73.,0.));
#188 = DIRECTION('',(0.,-0.,-1.));
#189 = DIRECTION('',(1.,0.,-0.));
#190 = ORIENTED_EDGE('',*,*,#191,.T.);
#191 = EDGE_CURVE('',#183,#164,#192,.T.);
#192 = LINE('',#193,#194);
#193 = CARTESIAN_POINT('',(8.5,-37.5,0.));
#194 = VECTOR('',#195,1.);
#195 = DIRECTION('',(0.,-1.,0.));
#196 = FACE_BOUND('',#197,.F.);
#197 = EDGE_LOOP('',(#198,#209,#217,#226));
#198 = ORIENTED_EDGE('',*,*,#199,.T.);
#199 = EDGE_CURVE('',#200,#202,#204,.T.);
#200 = VERTEX_POINT('',#201);
#201 = CARTESIAN_POINT('',(14.5,-75.,0.));
#202 = VERTEX_POINT('',#203);
#203 = CARTESIAN_POINT('',(13.5,-75.,0.));
#204 = CIRCLE('',#205,0.5);
#205 = AXIS2_PLACEMENT_3D('',#206,#207,#208);
#206 = CARTESIAN_POINT('',(14.,-75.,0.));
#207 = DIRECTION('',(-0.,0.,-1.));
#208 = DIRECTION('',(-1.,0.,0.));
#209 = ORIENTED_EDGE('',*,*,#210,.T.);
#210 = EDGE_CURVE('',#202,#211,#213,.T.);
#211 = VERTEX_POINT('',#212);
#212 = CARTESIAN_POINT('',(13.5,-73.,0.));
#213 = LINE('',#214,#215);
#214 = CARTESIAN_POINT('',(13.5,-36.5,0.));
#215 = VECTOR('',#216,1.);
#216 = DIRECTION('',(-0.,1.,0.));
#217 = ORIENTED_EDGE('',*,*,#218,.T.);
#218 = EDGE_CURVE('',#211,#219,#221,.T.);
#219 = VERTEX_POINT('',#220);
#220 = CARTESIAN_POINT('',(14.5,-73.,0.));
#221 = CIRCLE('',#222,0.5);
#222 = AXIS2_PLACEMENT_3D('',#223,#224,#225);
#223 = CARTESIAN_POINT('',(14.,-73.,0.));
#224 = DIRECTION('',(0.,-0.,-1.));
#225 = DIRECTION('',(1.,0.,-0.));
#226 = ORIENTED_EDGE('',*,*,#227,.T.);
#227 = EDGE_CURVE('',#219,#200,#228,.T.);
#228 = LINE('',#229,#230);
#229 = CARTESIAN_POINT('',(14.5,-37.5,0.));
#230 = VECTOR('',#231,1.);
#231 = DIRECTION('',(0.,-1.,0.));
#232 = FACE_BOUND('',#233,.F.);
#233 = EDGE_LOOP('',(#234));
#234 = ORIENTED_EDGE('',*,*,#235,.T.);
#235 = EDGE_CURVE('',#236,#236,#238,.T.);
#236 = VERTEX_POINT('',#237);
#237 = CARTESIAN_POINT('',(35.36,-74.854,0.));
#238 = CIRCLE('',#239,0.5);
#239 = AXIS2_PLACEMENT_3D('',#240,#241,#242);
#240 = CARTESIAN_POINT('',(35.36,-74.354,0.));
#241 = DIRECTION('',(-0.,0.,-1.));
#242 = DIRECTION('',(-0.,-1.,0.));
#243 = FACE_BOUND('',#244,.F.);
#244 = EDGE_LOOP('',(#245));
#245 = ORIENTED_EDGE('',*,*,#246,.T.);
#246 = EDGE_CURVE('',#247,#247,#249,.T.);
#247 = VERTEX_POINT('',#248);
#248 = CARTESIAN_POINT('',(37.9,-74.854,0.));
#249 = CIRCLE('',#250,0.5);
#250 = AXIS2_PLACEMENT_3D('',#251,#252,#253);
#251 = CARTESIAN_POINT('',(37.9,-74.354,0.));
#252 = DIRECTION('',(-0.,0.,-1.));
#253 = DIRECTION('',(-0.,-1.,0.));
#254 = FACE_BOUND('',#255,.F.);
#255 = EDGE_LOOP('',(#256));
#256 = ORIENTED_EDGE('',*,*,#257,.T.);
#257 = EDGE_CURVE('',#258,#258,#260,.T.);
#258 = VERTEX_POINT('',#259);
#259 = CARTESIAN_POINT('',(40.44,-74.854,0.));
#260 = CIRCLE('',#261,0.5);
#261 = AXIS2_PLACEMENT_3D('',#262,#263,#264);
#262 = CARTESIAN_POINT('',(40.44,-74.354,0.));
#263 = DIRECTION('',(-0.,0.,-1.));
#264 = DIRECTION('',(-0.,-1.,0.));
#265 = FACE_BOUND('',#266,.F.);
#266 = EDGE_LOOP('',(#267));
#267 = ORIENTED_EDGE('',*,*,#268,.T.);
#268 = EDGE_CURVE('',#269,#269,#271,.T.);
#269 = VERTEX_POINT('',#270);
#270 = CARTESIAN_POINT('',(80.,-93.35,0.));
#271 = CIRCLE('',#272,1.35);
#272 = AXIS2_PLACEMENT_3D('',#273,#274,#275);
#273 = CARTESIAN_POINT('',(80.,-92.,0.));
#274 = DIRECTION('',(-0.,0.,-1.));
#275 = DIRECTION('',(-0.,-1.,0.));
#276 = FACE_BOUND('',#277,.F.);
#277 = EDGE_LOOP('',(#278));
#278 = ORIENTED_EDGE('',*,*,#279,.T.);
#279 = EDGE_CURVE('',#280,#280,#282,.T.);
#280 = VERTEX_POINT('',#281);
#281 = CARTESIAN_POINT('',(87.19,-86.79,0.));
#282 = CIRCLE('',#283,0.4);
#283 = AXIS2_PLACEMENT_3D('',#284,#285,#286);
#284 = CARTESIAN_POINT('',(87.19,-86.39,0.));
#285 = DIRECTION('',(-0.,0.,-1.));
#286 = DIRECTION('',(-0.,-1.,0.));
#287 = FACE_BOUND('',#288,.F.);
#288 = EDGE_LOOP('',(#289));
#289 = ORIENTED_EDGE('',*,*,#290,.T.);
#290 = EDGE_CURVE('',#291,#291,#293,.T.);
#291 = VERTEX_POINT('',#292);
#292 = CARTESIAN_POINT('',(87.19,-84.25,0.));
#293 = CIRCLE('',#294,0.4);
#294 = AXIS2_PLACEMENT_3D('',#295,#296,#297);
#295 = CARTESIAN_POINT('',(87.19,-83.85,0.));
#296 = DIRECTION('',(-0.,0.,-1.));
#297 = DIRECTION('',(-0.,-1.,0.));
#298 = FACE_BOUND('',#299,.F.);
#299 = EDGE_LOOP('',(#300));
#300 = ORIENTED_EDGE('',*,*,#301,.T.);
#301 = EDGE_CURVE('',#302,#302,#304,.T.);
#302 = VERTEX_POINT('',#303);
#303 = CARTESIAN_POINT('',(87.19,-81.71,0.));
#304 = CIRCLE('',#305,0.4);
#305 = AXIS2_PLACEMENT_3D('',#306,#307,#308);
#306 = CARTESIAN_POINT('',(87.19,-81.31,0.));
#307 = DIRECTION('',(-0.,0.,-1.));
#308 = DIRECTION('',(-0.,-1.,0.));
#309 = FACE_BOUND('',#310,.F.);
#310 = EDGE_LOOP('',(#311));
#311 = ORIENTED_EDGE('',*,*,#312,.T.);
#312 = EDGE_CURVE('',#313,#313,#315,.T.);
#313 = VERTEX_POINT('',#314);
#314 = CARTESIAN_POINT('',(87.19,-79.17,0.));
#315 = CIRCLE('',#316,0.4);
#316 = AXIS2_PLACEMENT_3D('',#317,#318,#319);
#317 = CARTESIAN_POINT('',(87.19,-78.77,0.));
#318 = DIRECTION('',(-0.,0.,-1.));
#319 = DIRECTION('',(-0.,-1.,0.));
#320 = FACE_BOUND('',#321,.F.);
#321 = EDGE_LOOP('',(#322));
#322 = ORIENTED_EDGE('',*,*,#323,.T.);
#323 = EDGE_CURVE('',#324,#324,#326,.T.);
#324 = VERTEX_POINT('',#325);
#325 = CARTESIAN_POINT('',(87.19,-76.63,0.));
#326 = CIRCLE('',#327,0.4);
#327 = AXIS2_PLACEMENT_3D('',#328,#329,#330);
#328 = CARTESIAN_POINT('',(87.19,-76.23,0.));
#329 = DIRECTION('',(-0.,0.,-1.));
#330 = DIRECTION('',(-0.,-1.,0.));
#331 = FACE_BOUND('',#332,.F.);
#332 = EDGE_LOOP('',(#333));
#333 = ORIENTED_EDGE('',*,*,#334,.T.);
#334 = EDGE_CURVE('',#335,#335,#337,.T.);
#335 = VERTEX_POINT('',#336);
#336 = CARTESIAN_POINT('',(87.19,-74.09,0.));
#337 = CIRCLE('',#338,0.4);
#338 = AXIS2_PLACEMENT_3D('',#339,#340,#341);
#339 = CARTESIAN_POINT('',(87.19,-73.69,0.));
#340 = DIRECTION('',(-0.,0.,-1.));
#341 = DIRECTION('',(-0.,-1.,0.));
#342 = FACE_BOUND('',#343,.F.);
#343 = EDGE_LOOP('',(#344));
#344 = ORIENTED_EDGE('',*,*,#345,.T.);
#345 = EDGE_CURVE('',#346,#346,#348,.T.);
#346 = VERTEX_POINT('',#347);
#347 = CARTESIAN_POINT('',(87.19,-71.55,0.));
#348 = CIRCLE('',#349,0.4);
#349 = AXIS2_PLACEMENT_3D('',#350,#351,#352);
#350 = CARTESIAN_POINT('',(87.19,-71.15,0.));
#351 = DIRECTION('',(-0.,0.,-1.));
#352 = DIRECTION('',(-0.,-1.,0.));
#353 = FACE_BOUND('',#354,.F.);
#354 = EDGE_LOOP('',(#355,#366,#374,#383));
#355 = ORIENTED_EDGE('',*,*,#356,.T.);
#356 = EDGE_CURVE('',#357,#359,#361,.T.);
#357 = VERTEX_POINT('',#358);
#358 = CARTESIAN_POINT('',(12.,-68.8,0.));
#359 = VERTEX_POINT('',#360);
#360 = CARTESIAN_POINT('',(12.,-69.8,0.));
#361 = CIRCLE('',#362,0.5);
#362 = AXIS2_PLACEMENT_3D('',#363,#364,#365);
#363 = CARTESIAN_POINT('',(12.,-69.3,0.));
#364 = DIRECTION('',(-0.,0.,-1.));
#365 = DIRECTION('',(-0.,-1.,0.));
#366 = ORIENTED_EDGE('',*,*,#367,.T.);
#367 = EDGE_CURVE('',#359,#368,#370,.T.);
#368 = VERTEX_POINT('',#369);
#369 = CARTESIAN_POINT('',(10.,-69.8,0.));
#370 = LINE('',#371,#372);
#371 = CARTESIAN_POINT('',(5.,-69.8,0.));
#372 = VECTOR('',#373,1.);
#373 = DIRECTION('',(-1.,0.,0.));
#374 = ORIENTED_EDGE('',*,*,#375,.T.);
#375 = EDGE_CURVE('',#368,#376,#378,.T.);
#376 = VERTEX_POINT('',#377);
#377 = CARTESIAN_POINT('',(10.,-68.8,0.));
#378 = CIRCLE('',#379,0.5);
#379 = AXIS2_PLACEMENT_3D('',#380,#381,#382);
#380 = CARTESIAN_POINT('',(10.,-69.3,0.));
#381 = DIRECTION('',(-0.,0.,-1.));
#382 = DIRECTION('',(0.,1.,0.));
#383 = ORIENTED_EDGE('',*,*,#384,.T.);
#384 = EDGE_CURVE('',#376,#357,#385,.T.);
#385 = LINE('',#386,#387);
#386 = CARTESIAN_POINT('',(6.,-68.8,0.));
#387 = VECTOR('',#388,1.);
#388 = DIRECTION('',(1.,0.,-0.));
#389 = FACE_BOUND('',#390,.F.);
#390 = EDGE_LOOP('',(#391));
#391 = ORIENTED_EDGE('',*,*,#392,.T.);
#392 = EDGE_CURVE('',#393,#393,#395,.T.);
#393 = VERTEX_POINT('',#394);
#394 = CARTESIAN_POINT('',(11.94,-57.954,0.));
#395 = CIRCLE('',#396,0.45);
#396 = AXIS2_PLACEMENT_3D('',#397,#398,#399);
#397 = CARTESIAN_POINT('',(11.94,-57.504,0.));
#398 = DIRECTION('',(-0.,0.,-1.));
#399 = DIRECTION('',(-3.947459643112E-15,-1.,0.));
#400 = FACE_BOUND('',#401,.F.);
#401 = EDGE_LOOP('',(#402));
#402 = ORIENTED_EDGE('',*,*,#403,.T.);
#403 = EDGE_CURVE('',#404,#404,#406,.T.);
#404 = VERTEX_POINT('',#405);
#405 = CARTESIAN_POINT('',(14.48,-57.954,0.));
#406 = CIRCLE('',#407,0.45);
#407 = AXIS2_PLACEMENT_3D('',#408,#409,#410);
#408 = CARTESIAN_POINT('',(14.48,-57.504,0.));
#409 = DIRECTION('',(-0.,0.,-1.));
#410 = DIRECTION('',(-0.,-1.,0.));
#411 = FACE_BOUND('',#412,.F.);
#412 = EDGE_LOOP('',(#413));
#413 = ORIENTED_EDGE('',*,*,#414,.T.);
#414 = EDGE_CURVE('',#415,#415,#417,.T.);
#415 = VERTEX_POINT('',#416);
#416 = CARTESIAN_POINT('',(13.21,-49.425,0.));
#417 = CIRCLE('',#418,0.6);
#418 = AXIS2_PLACEMENT_3D('',#419,#420,#421);
#419 = CARTESIAN_POINT('',(13.21,-48.825,0.));
#420 = DIRECTION('',(-0.,0.,-1.));
#421 = DIRECTION('',(-0.,-1.,0.));
#422 = FACE_BOUND('',#423,.F.);
#423 = EDGE_LOOP('',(#424));
#424 = ORIENTED_EDGE('',*,*,#425,.T.);
#425 = EDGE_CURVE('',#426,#426,#428,.T.);
#426 = VERTEX_POINT('',#427);
#427 = CARTESIAN_POINT('',(35.3,-57.954,0.));
#428 = CIRCLE('',#429,0.45);
#429 = AXIS2_PLACEMENT_3D('',#430,#431,#432);
#430 = CARTESIAN_POINT('',(35.3,-57.504,0.));
#431 = DIRECTION('',(-0.,0.,-1.));
#432 = DIRECTION('',(-0.,-1.,0.));
#433 = FACE_BOUND('',#434,.F.);
#434 = EDGE_LOOP('',(#435));
#435 = ORIENTED_EDGE('',*,*,#436,.T.);
#436 = EDGE_CURVE('',#437,#437,#439,.T.);
#437 = VERTEX_POINT('',#438);
#438 = CARTESIAN_POINT('',(37.84,-57.954,0.));
#439 = CIRCLE('',#440,0.45);
#440 = AXIS2_PLACEMENT_3D('',#441,#442,#443);
#441 = CARTESIAN_POINT('',(37.84,-57.504,0.));
#442 = DIRECTION('',(-0.,0.,-1.));
#443 = DIRECTION('',(-0.,-1.,0.));
#444 = FACE_BOUND('',#445,.F.);
#445 = EDGE_LOOP('',(#446));
#446 = ORIENTED_EDGE('',*,*,#447,.T.);
#447 = EDGE_CURVE('',#448,#448,#450,.T.);
#448 = VERTEX_POINT('',#449);
#449 = CARTESIAN_POINT('',(36.57,-49.425,0.));
#450 = CIRCLE('',#451,0.6);
#451 = AXIS2_PLACEMENT_3D('',#452,#453,#454);
#452 = CARTESIAN_POINT('',(36.57,-48.825,0.));
#453 = DIRECTION('',(-0.,0.,-1.));
#454 = DIRECTION('',(-0.,-1.,0.));
#455 = FACE_BOUND('',#456,.F.);
#456 = EDGE_LOOP('',(#457));
#457 = ORIENTED_EDGE('',*,*,#458,.T.);
#458 = EDGE_CURVE('',#459,#459,#461,.T.);
#459 = VERTEX_POINT('',#460);
#460 = CARTESIAN_POINT('',(87.19,-69.01,0.));
#461 = CIRCLE('',#462,0.4);
#462 = AXIS2_PLACEMENT_3D('',#463,#464,#465);
#463 = CARTESIAN_POINT('',(87.19,-68.61,0.));
#464 = DIRECTION('',(-0.,0.,-1.));
#465 = DIRECTION('',(-0.,-1.,0.));
#466 = FACE_BOUND('',#467,.F.);
#467 = EDGE_LOOP('',(#468));
#468 = ORIENTED_EDGE('',*,*,#469,.T.);
#469 = EDGE_CURVE('',#470,#470,#472,.T.);
#470 = VERTEX_POINT('',#471);
#471 = CARTESIAN_POINT('',(62.72,-57.954,0.));
#472 = CIRCLE('',#473,0.45);
#473 = AXIS2_PLACEMENT_3D('',#474,#475,#476);
#474 = CARTESIAN_POINT('',(62.72,-57.504,0.));
#475 = DIRECTION('',(-0.,0.,-1.));
#476 = DIRECTION('',(-0.,-1.,0.));
#477 = FACE_BOUND('',#478,.F.);
#478 = EDGE_LOOP('',(#479));
#479 = ORIENTED_EDGE('',*,*,#480,.T.);
#480 = EDGE_CURVE('',#481,#481,#483,.T.);
#481 = VERTEX_POINT('',#482);
#482 = CARTESIAN_POINT('',(65.26,-57.954,0.));
#483 = CIRCLE('',#484,0.45);
#484 = AXIS2_PLACEMENT_3D('',#485,#486,#487);
#485 = CARTESIAN_POINT('',(65.26,-57.504,0.));
#486 = DIRECTION('',(-0.,0.,-1.));
#487 = DIRECTION('',(3.157967714489E-14,-1.,-0.));
#488 = FACE_BOUND('',#489,.F.);
#489 = EDGE_LOOP('',(#490));
#490 = ORIENTED_EDGE('',*,*,#491,.T.);
#491 = EDGE_CURVE('',#492,#492,#494,.T.);
#492 = VERTEX_POINT('',#493);
#493 = CARTESIAN_POINT('',(50.535,-50.5,0.));
#494 = CIRCLE('',#495,0.5);
#495 = AXIS2_PLACEMENT_3D('',#496,#497,#498);
#496 = CARTESIAN_POINT('',(50.535,-50.,0.));
#497 = DIRECTION('',(-0.,0.,-1.));
#498 = DIRECTION('',(-0.,-1.,0.));
#499 = FACE_BOUND('',#500,.F.);
#500 = EDGE_LOOP('',(#501));
#501 = ORIENTED_EDGE('',*,*,#502,.T.);
#502 = EDGE_CURVE('',#503,#503,#505,.T.);
#503 = VERTEX_POINT('',#504);
#504 = CARTESIAN_POINT('',(63.99,-49.425,0.));
#505 = CIRCLE('',#506,0.6);
#506 = AXIS2_PLACEMENT_3D('',#507,#508,#509);
#507 = CARTESIAN_POINT('',(63.99,-48.825,0.));
#508 = DIRECTION('',(-0.,0.,-1.));
#509 = DIRECTION('',(-0.,-1.,0.));
#510 = FACE_BOUND('',#511,.F.);
#511 = EDGE_LOOP('',(#512));
#512 = ORIENTED_EDGE('',*,*,#513,.T.);
#513 = EDGE_CURVE('',#514,#514,#516,.T.);
#514 = VERTEX_POINT('',#515);
#515 = CARTESIAN_POINT('',(86.1,-57.954,0.));
#516 = CIRCLE('',#517,0.45);
#517 = AXIS2_PLACEMENT_3D('',#518,#519,#520);
#518 = CARTESIAN_POINT('',(86.1,-57.504,0.));
#519 = DIRECTION('',(-0.,0.,-1.));
#520 = DIRECTION('',(-0.,-1.,0.));
#521 = FACE_BOUND('',#522,.F.);
#522 = EDGE_LOOP('',(#523));
#523 = ORIENTED_EDGE('',*,*,#524,.T.);
#524 = EDGE_CURVE('',#525,#525,#527,.T.);
#525 = VERTEX_POINT('',#526);
#526 = CARTESIAN_POINT('',(87.37,-49.425,0.));
#527 = CIRCLE('',#528,0.6);
#528 = AXIS2_PLACEMENT_3D('',#529,#530,#531);
#529 = CARTESIAN_POINT('',(87.37,-48.825,0.));
#530 = DIRECTION('',(-0.,0.,-1.));
#531 = DIRECTION('',(-0.,-1.,0.));
#532 = FACE_BOUND('',#533,.F.);
#533 = EDGE_LOOP('',(#534));
#534 = ORIENTED_EDGE('',*,*,#535,.T.);
#535 = EDGE_CURVE('',#536,#536,#538,.T.);
#536 = VERTEX_POINT('',#537);
#537 = CARTESIAN_POINT('',(94.81,-86.79,0.));
#538 = CIRCLE('',#539,0.4);
#539 = AXIS2_PLACEMENT_3D('',#540,#541,#542);
#540 = CARTESIAN_POINT('',(94.81,-86.39,0.));
#541 = DIRECTION('',(-0.,0.,-1.));
#542 = DIRECTION('',(-0.,-1.,0.));
#543 = FACE_BOUND('',#544,.F.);
#544 = EDGE_LOOP('',(#545));
#545 = ORIENTED_EDGE('',*,*,#546,.T.);
#546 = EDGE_CURVE('',#547,#547,#549,.T.);
#547 = VERTEX_POINT('',#548);
#548 = CARTESIAN_POINT('',(94.81,-84.25,0.));
#549 = CIRCLE('',#550,0.4);
#550 = AXIS2_PLACEMENT_3D('',#551,#552,#553);
#551 = CARTESIAN_POINT('',(94.81,-83.85,0.));
#552 = DIRECTION('',(-0.,0.,-1.));
#553 = DIRECTION('',(-0.,-1.,0.));
#554 = FACE_BOUND('',#555,.F.);
#555 = EDGE_LOOP('',(#556));
#556 = ORIENTED_EDGE('',*,*,#557,.T.);
#557 = EDGE_CURVE('',#558,#558,#560,.T.);
#558 = VERTEX_POINT('',#559);
#559 = CARTESIAN_POINT('',(94.81,-81.71,0.));
#560 = CIRCLE('',#561,0.4);
#561 = AXIS2_PLACEMENT_3D('',#562,#563,#564);
#562 = CARTESIAN_POINT('',(94.81,-81.31,0.));
#563 = DIRECTION('',(-0.,0.,-1.));
#564 = DIRECTION('',(-0.,-1.,0.));
#565 = FACE_BOUND('',#566,.F.);
#566 = EDGE_LOOP('',(#567));
#567 = ORIENTED_EDGE('',*,*,#568,.T.);
#568 = EDGE_CURVE('',#569,#569,#571,.T.);
#569 = VERTEX_POINT('',#570);
#570 = CARTESIAN_POINT('',(94.81,-79.17,0.));
#571 = CIRCLE('',#572,0.4);
#572 = AXIS2_PLACEMENT_3D('',#573,#574,#575);
#573 = CARTESIAN_POINT('',(94.81,-78.77,0.));
#574 = DIRECTION('',(-0.,0.,-1.));
#575 = DIRECTION('',(-0.,-1.,0.));
#576 = FACE_BOUND('',#577,.F.);
#577 = EDGE_LOOP('',(#578));
#578 = ORIENTED_EDGE('',*,*,#579,.T.);
#579 = EDGE_CURVE('',#580,#580,#582,.T.);
#580 = VERTEX_POINT('',#581);
#581 = CARTESIAN_POINT('',(94.81,-76.63,0.));
#582 = CIRCLE('',#583,0.4);
#583 = AXIS2_PLACEMENT_3D('',#584,#585,#586);
#584 = CARTESIAN_POINT('',(94.81,-76.23,0.));
#585 = DIRECTION('',(-0.,0.,-1.));
#586 = DIRECTION('',(-0.,-1.,0.));
#587 = FACE_BOUND('',#588,.F.);
#588 = EDGE_LOOP('',(#589));
#589 = ORIENTED_EDGE('',*,*,#590,.T.);
#590 = EDGE_CURVE('',#591,#591,#593,.T.);
#591 = VERTEX_POINT('',#592);
#592 = CARTESIAN_POINT('',(94.81,-74.09,0.));
#593 = CIRCLE('',#594,0.4);
#594 = AXIS2_PLACEMENT_3D('',#595,#596,#597);
#595 = CARTESIAN_POINT('',(94.81,-73.69,0.));
#596 = DIRECTION('',(-0.,0.,-1.));
#597 = DIRECTION('',(-0.,-1.,0.));
#598 = FACE_BOUND('',#599,.F.);
#599 = EDGE_LOOP('',(#600));
#600 = ORIENTED_EDGE('',*,*,#601,.T.);
#601 = EDGE_CURVE('',#602,#602,#604,.T.);
#602 = VERTEX_POINT('',#603);
#603 = CARTESIAN_POINT('',(94.81,-71.55,0.));
#604 = CIRCLE('',#605,0.4);
#605 = AXIS2_PLACEMENT_3D('',#606,#607,#608);
#606 = CARTESIAN_POINT('',(94.81,-71.15,0.));
#607 = DIRECTION('',(-0.,0.,-1.));
#608 = DIRECTION('',(-0.,-1.,0.));
#609 = FACE_BOUND('',#610,.F.);
#610 = EDGE_LOOP('',(#611));
#611 = ORIENTED_EDGE('',*,*,#612,.T.);
#612 = EDGE_CURVE('',#613,#613,#615,.T.);
#613 = VERTEX_POINT('',#614);
#614 = CARTESIAN_POINT('',(171.,-93.35,0.));
#615 = CIRCLE('',#616,1.35);
#616 = AXIS2_PLACEMENT_3D('',#617,#618,#619);
#617 = CARTESIAN_POINT('',(171.,-92.,0.));
#618 = DIRECTION('',(-0.,0.,-1.));
#619 = DIRECTION('',(-0.,-1.,0.));
#620 = FACE_BOUND('',#621,.F.);
#621 = EDGE_LOOP('',(#622));
#622 = ORIENTED_EDGE('',*,*,#623,.T.);
#623 = EDGE_CURVE('',#624,#624,#626,.T.);
#624 = VERTEX_POINT('',#625);
#625 = CARTESIAN_POINT('',(94.81,-69.01,0.));
#626 = CIRCLE('',#627,0.4);
#627 = AXIS2_PLACEMENT_3D('',#628,#629,#630);
#628 = CARTESIAN_POINT('',(94.81,-68.61,0.));
#629 = DIRECTION('',(-0.,0.,-1.));
#630 = DIRECTION('',(-0.,-1.,0.));
#631 = FACE_BOUND('',#632,.F.);
#632 = EDGE_LOOP('',(#633));
#633 = ORIENTED_EDGE('',*,*,#634,.T.);
#634 = EDGE_CURVE('',#635,#635,#637,.T.);
#635 = VERTEX_POINT('',#636);
#636 = CARTESIAN_POINT('',(88.64,-57.954,0.));
#637 = CIRCLE('',#638,0.45);
#638 = AXIS2_PLACEMENT_3D('',#639,#640,#641);
#639 = CARTESIAN_POINT('',(88.64,-57.504,0.));
#640 = DIRECTION('',(-0.,0.,-1.));
#641 = DIRECTION('',(-0.,-1.,0.));
#642 = FACE_BOUND('',#643,.F.);
#643 = EDGE_LOOP('',(#644));
#644 = ORIENTED_EDGE('',*,*,#645,.T.);
#645 = EDGE_CURVE('',#646,#646,#648,.T.);
#646 = VERTEX_POINT('',#647);
#647 = CARTESIAN_POINT('',(103.335,-58.959,0.));
#648 = CIRCLE('',#649,0.45);
#649 = AXIS2_PLACEMENT_3D('',#650,#651,#652);
#650 = CARTESIAN_POINT('',(103.335,-58.509,0.));
#651 = DIRECTION('',(-0.,0.,-1.));
#652 = DIRECTION('',(-3.157967714489E-14,-1.,0.));
#653 = FACE_BOUND('',#654,.F.);
#654 = EDGE_LOOP('',(#655));
#655 = ORIENTED_EDGE('',*,*,#656,.T.);
#656 = EDGE_CURVE('',#657,#657,#659,.T.);
#657 = VERTEX_POINT('',#658);
#658 = CARTESIAN_POINT('',(105.875,-58.959,0.));
#659 = CIRCLE('',#660,0.45);
#660 = AXIS2_PLACEMENT_3D('',#661,#662,#663);
#661 = CARTESIAN_POINT('',(105.875,-58.509,0.));
#662 = DIRECTION('',(-0.,0.,-1.));
#663 = DIRECTION('',(-0.,-1.,0.));
#664 = FACE_BOUND('',#665,.F.);
#665 = EDGE_LOOP('',(#666));
#666 = ORIENTED_EDGE('',*,*,#667,.T.);
#667 = EDGE_CURVE('',#668,#668,#670,.T.);
#668 = VERTEX_POINT('',#669);
#669 = CARTESIAN_POINT('',(103.2399,-51.3915,0.));
#670 = CIRCLE('',#671,0.5);
#671 = AXIS2_PLACEMENT_3D('',#672,#673,#674);
#672 = CARTESIAN_POINT('',(103.2399,-50.8915,0.));
#673 = DIRECTION('',(-0.,0.,-1.));
#674 = DIRECTION('',(-0.,-1.,0.));
#675 = FACE_BOUND('',#676,.F.);
#676 = EDGE_LOOP('',(#677));
#677 = ORIENTED_EDGE('',*,*,#678,.T.);
#678 = EDGE_CURVE('',#679,#679,#681,.T.);
#679 = VERTEX_POINT('',#680);
#680 = CARTESIAN_POINT('',(105.9699,-51.3915,0.));
#681 = CIRCLE('',#682,0.5);
#682 = AXIS2_PLACEMENT_3D('',#683,#684,#685);
#683 = CARTESIAN_POINT('',(105.9699,-50.8915,0.));
#684 = DIRECTION('',(-0.,0.,-1.));
#685 = DIRECTION('',(-0.,-1.,0.));
#686 = FACE_BOUND('',#687,.F.);
#687 = EDGE_LOOP('',(#688));
#688 = ORIENTED_EDGE('',*,*,#689,.T.);
#689 = EDGE_CURVE('',#690,#690,#692,.T.);
#690 = VERTEX_POINT('',#691);
#691 = CARTESIAN_POINT('',(101.8274,-49.3915,0.));
#692 = CIRCLE('',#693,0.5);
#693 = AXIS2_PLACEMENT_3D('',#694,#695,#696);
#694 = CARTESIAN_POINT('',(101.8274,-48.8915,0.));
#695 = DIRECTION('',(-0.,0.,-1.));
#696 = DIRECTION('',(-0.,-1.,0.));
#697 = FACE_BOUND('',#698,.F.);
#698 = EDGE_LOOP('',(#699));
#699 = ORIENTED_EDGE('',*,*,#700,.T.);
#700 = EDGE_CURVE('',#701,#701,#703,.T.);
#701 = VERTEX_POINT('',#702);
#702 = CARTESIAN_POINT('',(107.3824,-49.3915,0.));
#703 = CIRCLE('',#704,0.5);
#704 = AXIS2_PLACEMENT_3D('',#705,#706,#707);
#705 = CARTESIAN_POINT('',(107.3824,-48.8915,0.));
#706 = DIRECTION('',(-0.,0.,-1.));
#707 = DIRECTION('',(-0.,-1.,0.));
#708 = FACE_BOUND('',#709,.F.);
#709 = EDGE_LOOP('',(#710));
#710 = ORIENTED_EDGE('',*,*,#711,.T.);
#711 = EDGE_CURVE('',#712,#712,#714,.T.);
#712 = VERTEX_POINT('',#713);
#713 = CARTESIAN_POINT('',(116.335,-58.959,0.));
#714 = CIRCLE('',#715,0.45);
#715 = AXIS2_PLACEMENT_3D('',#716,#717,#718);
#716 = CARTESIAN_POINT('',(116.335,-58.509,0.));
#717 = DIRECTION('',(-0.,0.,-1.));
#718 = DIRECTION('',(-3.157967714489E-14,-1.,0.));
#719 = FACE_BOUND('',#720,.F.);
#720 = EDGE_LOOP('',(#721));
#721 = ORIENTED_EDGE('',*,*,#722,.T.);
#722 = EDGE_CURVE('',#723,#723,#725,.T.);
#723 = VERTEX_POINT('',#724);
#724 = CARTESIAN_POINT('',(118.875,-58.959,0.));
#725 = CIRCLE('',#726,0.45);
#726 = AXIS2_PLACEMENT_3D('',#727,#728,#729);
#727 = CARTESIAN_POINT('',(118.875,-58.509,0.));
#728 = DIRECTION('',(-0.,0.,-1.));
#729 = DIRECTION('',(-0.,-1.,0.));
#730 = FACE_BOUND('',#731,.F.);
#731 = EDGE_LOOP('',(#732));
#732 = ORIENTED_EDGE('',*,*,#733,.T.);
#733 = EDGE_CURVE('',#734,#734,#736,.T.);
#734 = VERTEX_POINT('',#735);
#735 = CARTESIAN_POINT('',(116.2399,-51.3915,0.));
#736 = CIRCLE('',#737,0.5);
#737 = AXIS2_PLACEMENT_3D('',#738,#739,#740);
#738 = CARTESIAN_POINT('',(116.2399,-50.8915,0.));
#739 = DIRECTION('',(-0.,0.,-1.));
#740 = DIRECTION('',(-0.,-1.,0.));
#741 = FACE_BOUND('',#742,.F.);
#742 = EDGE_LOOP('',(#743));
#743 = ORIENTED_EDGE('',*,*,#744,.T.);
#744 = EDGE_CURVE('',#745,#745,#747,.T.);
#745 = VERTEX_POINT('',#746);
#746 = CARTESIAN_POINT('',(118.9699,-51.3915,0.));
#747 = CIRCLE('',#748,0.5);
#748 = AXIS2_PLACEMENT_3D('',#749,#750,#751);
#749 = CARTESIAN_POINT('',(118.9699,-50.8915,0.));
#750 = DIRECTION('',(-0.,0.,-1.));
#751 = DIRECTION('',(-0.,-1.,0.));
#752 = FACE_BOUND('',#753,.F.);
#753 = EDGE_LOOP('',(#754));
#754 = ORIENTED_EDGE('',*,*,#755,.T.);
#755 = EDGE_CURVE('',#756,#756,#758,.T.);
#756 = VERTEX_POINT('',#757);
#757 = CARTESIAN_POINT('',(114.8274,-49.3915,0.));
#758 = CIRCLE('',#759,0.5);
#759 = AXIS2_PLACEMENT_3D('',#760,#761,#762);
#760 = CARTESIAN_POINT('',(114.8274,-48.8915,0.));
#761 = DIRECTION('',(-0.,0.,-1.));
#762 = DIRECTION('',(-0.,-1.,0.));
#763 = FACE_BOUND('',#764,.F.);
#764 = EDGE_LOOP('',(#765));
#765 = ORIENTED_EDGE('',*,*,#766,.T.);
#766 = EDGE_CURVE('',#767,#767,#769,.T.);
#767 = VERTEX_POINT('',#768);
#768 = CARTESIAN_POINT('',(120.3824,-49.3915,0.));
#769 = CIRCLE('',#770,0.5);
#770 = AXIS2_PLACEMENT_3D('',#771,#772,#773);
#771 = CARTESIAN_POINT('',(120.3824,-48.8915,0.));
#772 = DIRECTION('',(-0.,0.,-1.));
#773 = DIRECTION('',(-0.,-1.,0.));
#774 = FACE_BOUND('',#775,.F.);
#775 = EDGE_LOOP('',(#776));
#776 = ORIENTED_EDGE('',*,*,#777,.T.);
#777 = EDGE_CURVE('',#778,#778,#780,.T.);
#778 = VERTEX_POINT('',#779);
#779 = CARTESIAN_POINT('',(133.73,-57.954,0.));
#780 = CIRCLE('',#781,0.45);
#781 = AXIS2_PLACEMENT_3D('',#782,#783,#784);
#782 = CARTESIAN_POINT('',(133.73,-57.504,0.));
#783 = DIRECTION('',(-0.,0.,-1.));
#784 = DIRECTION('',(-6.315935428979E-14,-1.,0.));
#785 = FACE_BOUND('',#786,.F.);
#786 = EDGE_LOOP('',(#787));
#787 = ORIENTED_EDGE('',*,*,#788,.T.);
#788 = EDGE_CURVE('',#789,#789,#791,.T.);
#789 = VERTEX_POINT('',#790);
#790 = CARTESIAN_POINT('',(136.27,-57.954,0.));
#791 = CIRCLE('',#792,0.45);
#792 = AXIS2_PLACEMENT_3D('',#793,#794,#795);
#793 = CARTESIAN_POINT('',(136.27,-57.504,0.));
#794 = DIRECTION('',(-0.,0.,-1.));
#795 = DIRECTION('',(6.315935428978E-14,-1.,-0.));
#796 = FACE_BOUND('',#797,.F.);
#797 = EDGE_LOOP('',(#798));
#798 = ORIENTED_EDGE('',*,*,#799,.T.);
#799 = EDGE_CURVE('',#800,#800,#802,.T.);
#800 = VERTEX_POINT('',#801);
#801 = CARTESIAN_POINT('',(144.23,-57.954,0.));
#802 = CIRCLE('',#803,0.45);
#803 = AXIS2_PLACEMENT_3D('',#804,#805,#806);
#804 = CARTESIAN_POINT('',(144.23,-57.504,0.));
#805 = DIRECTION('',(-0.,0.,-1.));
#806 = DIRECTION('',(-6.315935428979E-14,-1.,0.));
#807 = FACE_BOUND('',#808,.F.);
#808 = EDGE_LOOP('',(#809));
#809 = ORIENTED_EDGE('',*,*,#810,.T.);
#810 = EDGE_CURVE('',#811,#811,#813,.T.);
#811 = VERTEX_POINT('',#812);
#812 = CARTESIAN_POINT('',(146.77,-57.954,0.));
#813 = CIRCLE('',#814,0.45);
#814 = AXIS2_PLACEMENT_3D('',#815,#816,#817);
#815 = CARTESIAN_POINT('',(146.77,-57.504,0.));
#816 = DIRECTION('',(-0.,0.,-1.));
#817 = DIRECTION('',(6.315935428978E-14,-1.,-0.));
#818 = FACE_BOUND('',#819,.F.);
#819 = EDGE_LOOP('',(#820));
#820 = ORIENTED_EDGE('',*,*,#821,.T.);
#821 = EDGE_CURVE('',#822,#822,#824,.T.);
#822 = VERTEX_POINT('',#823);
#823 = CARTESIAN_POINT('',(135.,-49.425,0.));
#824 = CIRCLE('',#825,0.6);
#825 = AXIS2_PLACEMENT_3D('',#826,#827,#828);
#826 = CARTESIAN_POINT('',(135.,-48.825,0.));
#827 = DIRECTION('',(-0.,0.,-1.));
#828 = DIRECTION('',(-0.,-1.,0.));
#829 = FACE_BOUND('',#830,.F.);
#830 = EDGE_LOOP('',(#831));
#831 = ORIENTED_EDGE('',*,*,#832,.T.);
#832 = EDGE_CURVE('',#833,#833,#835,.T.);
#833 = VERTEX_POINT('',#834);
#834 = CARTESIAN_POINT('',(154.73,-57.954,0.));
#835 = CIRCLE('',#836,0.45);
#836 = AXIS2_PLACEMENT_3D('',#837,#838,#839);
#837 = CARTESIAN_POINT('',(154.73,-57.504,0.));
#838 = DIRECTION('',(-0.,0.,-1.));
#839 = DIRECTION('',(-6.315935428979E-14,-1.,0.));
#840 = FACE_BOUND('',#841,.F.);
#841 = EDGE_LOOP('',(#842));
#842 = ORIENTED_EDGE('',*,*,#843,.T.);
#843 = EDGE_CURVE('',#844,#844,#846,.T.);
#844 = VERTEX_POINT('',#845);
#845 = CARTESIAN_POINT('',(157.27,-57.954,0.));
#846 = CIRCLE('',#847,0.45);
#847 = AXIS2_PLACEMENT_3D('',#848,#849,#850);
#848 = CARTESIAN_POINT('',(157.27,-57.504,0.));
#849 = DIRECTION('',(-0.,0.,-1.));
#850 = DIRECTION('',(6.315935428978E-14,-1.,-0.));
#851 = FACE_BOUND('',#852,.F.);
#852 = EDGE_LOOP('',(#853));
#853 = ORIENTED_EDGE('',*,*,#854,.T.);
#854 = EDGE_CURVE('',#855,#855,#857,.T.);
#855 = VERTEX_POINT('',#856);
#856 = CARTESIAN_POINT('',(156.,-49.425,0.));
#857 = CIRCLE('',#858,0.6);
#858 = AXIS2_PLACEMENT_3D('',#859,#860,#861);
#859 = CARTESIAN_POINT('',(156.,-48.825,0.));
#860 = DIRECTION('',(-0.,0.,-1.));
#861 = DIRECTION('',(-0.,-1.,0.));
#862 = FACE_BOUND('',#863,.F.);
#863 = EDGE_LOOP('',(#864));
#864 = ORIENTED_EDGE('',*,*,#865,.T.);
#865 = EDGE_CURVE('',#866,#866,#868,.T.);
#866 = VERTEX_POINT('',#867);
#867 = CARTESIAN_POINT('',(9.229,-48.434,0.));
#868 = CIRCLE('',#869,0.6);
#869 = AXIS2_PLACEMENT_3D('',#870,#871,#872);
#870 = CARTESIAN_POINT('',(9.229,-47.834,0.));
#871 = DIRECTION('',(-0.,0.,-1.));
#872 = DIRECTION('',(-0.,-1.,0.));
#873 = FACE_BOUND('',#874,.F.);
#874 = EDGE_LOOP('',(#875));
#875 = ORIENTED_EDGE('',*,*,#876,.T.);
#876 = EDGE_CURVE('',#877,#877,#879,.T.);
#877 = VERTEX_POINT('',#878);
#878 = CARTESIAN_POINT('',(7.468,-44.929,0.));
#879 = CIRCLE('',#880,0.6);
#880 = AXIS2_PLACEMENT_3D('',#881,#882,#883);
#881 = CARTESIAN_POINT('',(7.468,-44.329,0.));
#882 = DIRECTION('',(-0.,0.,-1.));
#883 = DIRECTION('',(-0.,-1.,0.));
#884 = FACE_BOUND('',#885,.F.);
#885 = EDGE_LOOP('',(#886));
#886 = ORIENTED_EDGE('',*,*,#887,.T.);
#887 = EDGE_CURVE('',#888,#888,#890,.T.);
#888 = VERTEX_POINT('',#889);
#889 = CARTESIAN_POINT('',(17.197,-48.434,0.));
#890 = CIRCLE('',#891,0.6);
#891 = AXIS2_PLACEMENT_3D('',#892,#893,#894);
#892 = CARTESIAN_POINT('',(17.197,-47.834,0.));
#893 = DIRECTION('',(-0.,0.,-1.));
#894 = DIRECTION('',(-5.921189464668E-15,-1.,0.));
#895 = FACE_BOUND('',#896,.F.);
#896 = EDGE_LOOP('',(#897));
#897 = ORIENTED_EDGE('',*,*,#898,.T.);
#898 = EDGE_CURVE('',#899,#899,#901,.T.);
#899 = VERTEX_POINT('',#900);
#900 = CARTESIAN_POINT('',(18.951,-44.929,0.));
#901 = CIRCLE('',#902,0.6);
#902 = AXIS2_PLACEMENT_3D('',#903,#904,#905);
#903 = CARTESIAN_POINT('',(18.951,-44.329,0.));
#904 = DIRECTION('',(-0.,0.,-1.));
#905 = DIRECTION('',(-0.,-1.,0.));
#906 = FACE_BOUND('',#907,.F.);
#907 = EDGE_LOOP('',(#908));
#908 = ORIENTED_EDGE('',*,*,#909,.T.);
#909 = EDGE_CURVE('',#910,#910,#912,.T.);
#910 = VERTEX_POINT('',#911);
#911 = CARTESIAN_POINT('',(7.468,-40.434,0.));
#912 = CIRCLE('',#913,0.6);
#913 = AXIS2_PLACEMENT_3D('',#914,#915,#916);
#914 = CARTESIAN_POINT('',(7.468,-39.834,0.));
#915 = DIRECTION('',(-0.,0.,-1.));
#916 = DIRECTION('',(-0.,-1.,0.));
#917 = FACE_BOUND('',#918,.F.);
#918 = EDGE_LOOP('',(#919));
#919 = ORIENTED_EDGE('',*,*,#920,.T.);
#920 = EDGE_CURVE('',#921,#921,#923,.T.);
#921 = VERTEX_POINT('',#922);
#922 = CARTESIAN_POINT('',(13.21,-42.334,0.));
#923 = CIRCLE('',#924,2.5);
#924 = AXIS2_PLACEMENT_3D('',#925,#926,#927);
#925 = CARTESIAN_POINT('',(13.21,-39.834,0.));
#926 = DIRECTION('',(-0.,0.,-1.));
#927 = DIRECTION('',(-0.,-1.,0.));
#928 = FACE_BOUND('',#929,.F.);
#929 = EDGE_LOOP('',(#930));
#930 = ORIENTED_EDGE('',*,*,#931,.T.);
#931 = EDGE_CURVE('',#932,#932,#934,.T.);
#932 = VERTEX_POINT('',#933);
#933 = CARTESIAN_POINT('',(18.951,-40.434,0.));
#934 = CIRCLE('',#935,0.6);
#935 = AXIS2_PLACEMENT_3D('',#936,#937,#938);
#936 = CARTESIAN_POINT('',(18.951,-39.834,0.));
#937 = DIRECTION('',(-0.,0.,-1.));
#938 = DIRECTION('',(-0.,-1.,0.));
#939 = FACE_BOUND('',#940,.F.);
#940 = EDGE_LOOP('',(#941));
#941 = ORIENTED_EDGE('',*,*,#942,.T.);
#942 = EDGE_CURVE('',#943,#943,#945,.T.);
#943 = VERTEX_POINT('',#944);
#944 = CARTESIAN_POINT('',(32.589,-48.434,0.));
#945 = CIRCLE('',#946,0.6);
#946 = AXIS2_PLACEMENT_3D('',#947,#948,#949);
#947 = CARTESIAN_POINT('',(32.589,-47.834,0.));
#948 = DIRECTION('',(-0.,0.,-1.));
#949 = DIRECTION('',(-0.,-1.,0.));
#950 = FACE_BOUND('',#951,.F.);
#951 = EDGE_LOOP('',(#952));
#952 = ORIENTED_EDGE('',*,*,#953,.T.);
#953 = EDGE_CURVE('',#954,#954,#956,.T.);
#954 = VERTEX_POINT('',#955);
#955 = CARTESIAN_POINT('',(30.828,-44.929,0.));
#956 = CIRCLE('',#957,0.6);
#957 = AXIS2_PLACEMENT_3D('',#958,#959,#960);
#958 = CARTESIAN_POINT('',(30.828,-44.329,0.));
#959 = DIRECTION('',(-0.,0.,-1.));
#960 = DIRECTION('',(-5.921189464668E-15,-1.,0.));
#961 = FACE_BOUND('',#962,.F.);
#962 = EDGE_LOOP('',(#963));
#963 = ORIENTED_EDGE('',*,*,#964,.T.);
#964 = EDGE_CURVE('',#965,#965,#967,.T.);
#965 = VERTEX_POINT('',#966);
#966 = CARTESIAN_POINT('',(40.557,-48.434,0.));
#967 = CIRCLE('',#968,0.6);
#968 = AXIS2_PLACEMENT_3D('',#969,#970,#971);
#969 = CARTESIAN_POINT('',(40.557,-47.834,0.));
#970 = DIRECTION('',(-0.,0.,-1.));
#971 = DIRECTION('',(-0.,-1.,0.));
#972 = FACE_BOUND('',#973,.F.);
#973 = EDGE_LOOP('',(#974));
#974 = ORIENTED_EDGE('',*,*,#975,.T.);
#975 = EDGE_CURVE('',#976,#976,#978,.T.);
#976 = VERTEX_POINT('',#977);
#977 = CARTESIAN_POINT('',(42.311,-44.929,0.));
#978 = CIRCLE('',#979,0.6);
#979 = AXIS2_PLACEMENT_3D('',#980,#981,#982);
#980 = CARTESIAN_POINT('',(42.311,-44.329,0.));
#981 = DIRECTION('',(-0.,0.,-1.));
#982 = DIRECTION('',(-0.,-1.,0.));
#983 = FACE_BOUND('',#984,.F.);
#984 = EDGE_LOOP('',(#985));
#985 = ORIENTED_EDGE('',*,*,#986,.T.);
#986 = EDGE_CURVE('',#987,#987,#989,.T.);
#987 = VERTEX_POINT('',#988);
#988 = CARTESIAN_POINT('',(30.828,-40.434,0.));
#989 = CIRCLE('',#990,0.6);
#990 = AXIS2_PLACEMENT_3D('',#991,#992,#993);
#991 = CARTESIAN_POINT('',(30.828,-39.834,0.));
#992 = DIRECTION('',(-0.,0.,-1.));
#993 = DIRECTION('',(-5.921189464668E-15,-1.,0.));
#994 = FACE_BOUND('',#995,.F.);
#995 = EDGE_LOOP('',(#996));
#996 = ORIENTED_EDGE('',*,*,#997,.T.);
#997 = EDGE_CURVE('',#998,#998,#1000,.T.);
#998 = VERTEX_POINT('',#999);
#999 = CARTESIAN_POINT('',(36.57,-42.334,0.));
#1000 = CIRCLE('',#1001,2.5);
#1001 = AXIS2_PLACEMENT_3D('',#1002,#1003,#1004);
#1002 = CARTESIAN_POINT('',(36.57,-39.834,0.));
#1003 = DIRECTION('',(-0.,0.,-1.));
#1004 = DIRECTION('',(-0.,-1.,0.));
#1005 = FACE_BOUND('',#1006,.F.);
#1006 = EDGE_LOOP('',(#1007));
#1007 = ORIENTED_EDGE('',*,*,#1008,.T.);
#1008 = EDGE_CURVE('',#1009,#1009,#1011,.T.);
#1009 = VERTEX_POINT('',#1010);
#1010 = CARTESIAN_POINT('',(42.311,-40.434,0.));
#1011 = CIRCLE('',#1012,0.6);
#1012 = AXIS2_PLACEMENT_3D('',#1013,#1014,#1015);
#1013 = CARTESIAN_POINT('',(42.311,-39.834,0.));
#1014 = DIRECTION('',(-0.,0.,-1.));
#1015 = DIRECTION('',(-0.,-1.,0.));
#1016 = FACE_BOUND('',#1017,.F.);
#1017 = EDGE_LOOP('',(#1018));
#1018 = ORIENTED_EDGE('',*,*,#1019,.T.);
#1019 = EDGE_CURVE('',#1020,#1020,#1022,.T.);
#1020 = VERTEX_POINT('',#1021);
#1021 = CARTESIAN_POINT('',(7.468,-35.94,0.));
#1022 = CIRCLE('',#1023,0.6);
#1023 = AXIS2_PLACEMENT_3D('',#1024,#1025,#1026);
#1024 = CARTESIAN_POINT('',(7.468,-35.34,0.));
#1025 = DIRECTION('',(-0.,0.,-1.));
#1026 = DIRECTION('',(-0.,-1.,0.));
#1027 = FACE_BOUND('',#1028,.F.);
#1028 = EDGE_LOOP('',(#1029));
#1029 = ORIENTED_EDGE('',*,*,#1030,.T.);
#1030 = EDGE_CURVE('',#1031,#1031,#1033,.T.);
#1031 = VERTEX_POINT('',#1032);
#1032 = CARTESIAN_POINT('',(9.229,-32.432,0.));
#1033 = CIRCLE('',#1034,0.6);
#1034 = AXIS2_PLACEMENT_3D('',#1035,#1036,#1037);
#1035 = CARTESIAN_POINT('',(9.229,-31.832,0.));
#1036 = DIRECTION('',(-0.,0.,-1.));
#1037 = DIRECTION('',(-0.,-1.,0.));
#1038 = FACE_BOUND('',#1039,.F.);
#1039 = EDGE_LOOP('',(#1040));
#1040 = ORIENTED_EDGE('',*,*,#1041,.T.);
#1041 = EDGE_CURVE('',#1042,#1042,#1044,.T.);
#1042 = VERTEX_POINT('',#1043);
#1043 = CARTESIAN_POINT('',(18.951,-35.94,0.));
#1044 = CIRCLE('',#1045,0.6);
#1045 = AXIS2_PLACEMENT_3D('',#1046,#1047,#1048);
#1046 = CARTESIAN_POINT('',(18.951,-35.34,0.));
#1047 = DIRECTION('',(-0.,0.,-1.));
#1048 = DIRECTION('',(-0.,-1.,0.));
#1049 = FACE_BOUND('',#1050,.F.);
#1050 = EDGE_LOOP('',(#1051));
#1051 = ORIENTED_EDGE('',*,*,#1052,.T.);
#1052 = EDGE_CURVE('',#1053,#1053,#1055,.T.);
#1053 = VERTEX_POINT('',#1054);
#1054 = CARTESIAN_POINT('',(17.197,-32.432,0.));
#1055 = CIRCLE('',#1056,0.6);
#1056 = AXIS2_PLACEMENT_3D('',#1057,#1058,#1059);
#1057 = CARTESIAN_POINT('',(17.197,-31.832,0.));
#1058 = DIRECTION('',(-0.,0.,-1.));
#1059 = DIRECTION('',(-5.921189464668E-15,-1.,0.));
#1060 = FACE_BOUND('',#1061,.F.);
#1061 = EDGE_LOOP('',(#1062));
#1062 = ORIENTED_EDGE('',*,*,#1063,.T.);
#1063 = EDGE_CURVE('',#1064,#1064,#1066,.T.);
#1064 = VERTEX_POINT('',#1065);
#1065 = CARTESIAN_POINT('',(13.21,-31.444,0.));
#1066 = CIRCLE('',#1067,0.6);
#1067 = AXIS2_PLACEMENT_3D('',#1068,#1069,#1070);
#1068 = CARTESIAN_POINT('',(13.21,-30.844,0.));
#1069 = DIRECTION('',(-0.,0.,-1.));
#1070 = DIRECTION('',(-0.,-1.,0.));
#1071 = FACE_BOUND('',#1072,.F.);
#1072 = EDGE_LOOP('',(#1073));
#1073 = ORIENTED_EDGE('',*,*,#1074,.T.);
#1074 = EDGE_CURVE('',#1075,#1075,#1077,.T.);
#1075 = VERTEX_POINT('',#1076);
#1076 = CARTESIAN_POINT('',(30.828,-35.94,0.));
#1077 = CIRCLE('',#1078,0.6);
#1078 = AXIS2_PLACEMENT_3D('',#1079,#1080,#1081);
#1079 = CARTESIAN_POINT('',(30.828,-35.34,0.));
#1080 = DIRECTION('',(-0.,0.,-1.));
#1081 = DIRECTION('',(-5.921189464668E-15,-1.,0.));
#1082 = FACE_BOUND('',#1083,.F.);
#1083 = EDGE_LOOP('',(#1084));
#1084 = ORIENTED_EDGE('',*,*,#1085,.T.);
#1085 = EDGE_CURVE('',#1086,#1086,#1088,.T.);
#1086 = VERTEX_POINT('',#1087);
#1087 = CARTESIAN_POINT('',(32.589,-32.432,0.));
#1088 = CIRCLE('',#1089,0.6);
#1089 = AXIS2_PLACEMENT_3D('',#1090,#1091,#1092);
#1090 = CARTESIAN_POINT('',(32.589,-31.832,0.));
#1091 = DIRECTION('',(-0.,0.,-1.));
#1092 = DIRECTION('',(-0.,-1.,0.));
#1093 = FACE_BOUND('',#1094,.F.);
#1094 = EDGE_LOOP('',(#1095));
#1095 = ORIENTED_EDGE('',*,*,#1096,.T.);
#1096 = EDGE_CURVE('',#1097,#1097,#1099,.T.);
#1097 = VERTEX_POINT('',#1098);
#1098 = CARTESIAN_POINT('',(42.311,-35.94,0.));
#1099 = CIRCLE('',#1100,0.6);
#1100 = AXIS2_PLACEMENT_3D('',#1101,#1102,#1103);
#1101 = CARTESIAN_POINT('',(42.311,-35.34,0.));
#1102 = DIRECTION('',(-0.,0.,-1.));
#1103 = DIRECTION('',(-0.,-1.,0.));
#1104 = FACE_BOUND('',#1105,.F.);
#1105 = EDGE_LOOP('',(#1106));
#1106 = ORIENTED_EDGE('',*,*,#1107,.T.);
#1107 = EDGE_CURVE('',#1108,#1108,#1110,.T.);
#1108 = VERTEX_POINT('',#1109);
#1109 = CARTESIAN_POINT('',(40.557,-32.432,0.));
#1110 = CIRCLE('',#1111,0.6);
#1111 = AXIS2_PLACEMENT_3D('',#1112,#1113,#1114);
#1112 = CARTESIAN_POINT('',(40.557,-31.832,0.));
#1113 = DIRECTION('',(-0.,0.,-1.));
#1114 = DIRECTION('',(-0.,-1.,0.));
#1115 = FACE_BOUND('',#1116,.F.);
#1116 = EDGE_LOOP('',(#1117));
#1117 = ORIENTED_EDGE('',*,*,#1118,.T.);
#1118 = EDGE_CURVE('',#1119,#1119,#1121,.T.);
#1119 = VERTEX_POINT('',#1120);
#1120 = CARTESIAN_POINT('',(36.57,-31.444,0.));
#1121 = CIRCLE('',#1122,0.6);
#1122 = AXIS2_PLACEMENT_3D('',#1123,#1124,#1125);
#1123 = CARTESIAN_POINT('',(36.57,-30.844,0.));
#1124 = DIRECTION('',(-0.,0.,-1.));
#1125 = DIRECTION('',(-0.,-1.,0.));
#1126 = FACE_BOUND('',#1127,.F.);
#1127 = EDGE_LOOP('',(#1128));
#1128 = ORIENTED_EDGE('',*,*,#1129,.T.);
#1129 = EDGE_CURVE('',#1130,#1130,#1132,.T.);
#1130 = VERTEX_POINT('',#1131);
#1131 = CARTESIAN_POINT('',(50.535,-45.5,0.));
#1132 = CIRCLE('',#1133,0.5);
#1133 = AXIS2_PLACEMENT_3D('',#1134,#1135,#1136);
#1134 = CARTESIAN_POINT('',(50.535,-45.,0.));
#1135 = DIRECTION('',(-0.,0.,-1.));
#1136 = DIRECTION('',(-0.,-1.,0.));
#1137 = FACE_BOUND('',#1138,.F.);
#1138 = EDGE_LOOP('',(#1139));
#1139 = ORIENTED_EDGE('',*,*,#1140,.T.);
#1140 = EDGE_CURVE('',#1141,#1141,#1143,.T.);
#1141 = VERTEX_POINT('',#1142);
#1142 = CARTESIAN_POINT('',(60.009,-48.434,0.));
#1143 = CIRCLE('',#1144,0.6);
#1144 = AXIS2_PLACEMENT_3D('',#1145,#1146,#1147);
#1145 = CARTESIAN_POINT('',(60.009,-47.834,0.));
#1146 = DIRECTION('',(-0.,0.,-1.));
#1147 = DIRECTION('',(-0.,-1.,0.));
#1148 = FACE_BOUND('',#1149,.F.);
#1149 = EDGE_LOOP('',(#1150));
#1150 = ORIENTED_EDGE('',*,*,#1151,.T.);
#1151 = EDGE_CURVE('',#1152,#1152,#1154,.T.);
#1152 = VERTEX_POINT('',#1153);
#1153 = CARTESIAN_POINT('',(58.248,-44.929,0.));
#1154 = CIRCLE('',#1155,0.6);
#1155 = AXIS2_PLACEMENT_3D('',#1156,#1157,#1158);
#1156 = CARTESIAN_POINT('',(58.248,-44.329,0.));
#1157 = DIRECTION('',(-0.,0.,-1.));
#1158 = DIRECTION('',(-1.184237892934E-14,-1.,0.));
#1159 = FACE_BOUND('',#1160,.F.);
#1160 = EDGE_LOOP('',(#1161));
#1161 = ORIENTED_EDGE('',*,*,#1162,.T.);
#1162 = EDGE_CURVE('',#1163,#1163,#1165,.T.);
#1163 = VERTEX_POINT('',#1164);
#1164 = CARTESIAN_POINT('',(58.248,-40.434,0.));
#1165 = CIRCLE('',#1166,0.6);
#1166 = AXIS2_PLACEMENT_3D('',#1167,#1168,#1169);
#1167 = CARTESIAN_POINT('',(58.248,-39.834,0.));
#1168 = DIRECTION('',(-0.,0.,-1.));
#1169 = DIRECTION('',(-1.184237892934E-14,-1.,0.));
#1170 = FACE_BOUND('',#1171,.F.);
#1171 = EDGE_LOOP('',(#1172));
#1172 = ORIENTED_EDGE('',*,*,#1173,.T.);
#1173 = EDGE_CURVE('',#1174,#1174,#1176,.T.);
#1174 = VERTEX_POINT('',#1175);
#1175 = CARTESIAN_POINT('',(63.99,-42.334,0.));
#1176 = CIRCLE('',#1177,2.5);
#1177 = AXIS2_PLACEMENT_3D('',#1178,#1179,#1180);
#1178 = CARTESIAN_POINT('',(63.99,-39.834,0.));
#1179 = DIRECTION('',(-0.,0.,-1.));
#1180 = DIRECTION('',(2.84217094304E-15,-1.,-0.));
#1181 = FACE_BOUND('',#1182,.F.);
#1182 = EDGE_LOOP('',(#1183));
#1183 = ORIENTED_EDGE('',*,*,#1184,.T.);
#1184 = EDGE_CURVE('',#1185,#1185,#1187,.T.);
#1185 = VERTEX_POINT('',#1186);
#1186 = CARTESIAN_POINT('',(67.977,-48.434,0.));
#1187 = CIRCLE('',#1188,0.6);
#1188 = AXIS2_PLACEMENT_3D('',#1189,#1190,#1191);
#1189 = CARTESIAN_POINT('',(67.977,-47.834,0.));
#1190 = DIRECTION('',(-0.,0.,-1.));
#1191 = DIRECTION('',(-0.,-1.,0.));
#1192 = FACE_BOUND('',#1193,.F.);
#1193 = EDGE_LOOP('',(#1194));
#1194 = ORIENTED_EDGE('',*,*,#1195,.T.);
#1195 = EDGE_CURVE('',#1196,#1196,#1198,.T.);
#1196 = VERTEX_POINT('',#1197);
#1197 = CARTESIAN_POINT('',(69.731,-44.929,0.));
#1198 = CIRCLE('',#1199,0.6);
#1199 = AXIS2_PLACEMENT_3D('',#1200,#1201,#1202);
#1200 = CARTESIAN_POINT('',(69.731,-44.329,0.));
#1201 = DIRECTION('',(-0.,0.,-1.));
#1202 = DIRECTION('',(-0.,-1.,0.));
#1203 = FACE_BOUND('',#1204,.F.);
#1204 = EDGE_LOOP('',(#1205));
#1205 = ORIENTED_EDGE('',*,*,#1206,.T.);
#1206 = EDGE_CURVE('',#1207,#1207,#1209,.T.);
#1207 = VERTEX_POINT('',#1208);
#1208 = CARTESIAN_POINT('',(83.389,-48.434,0.));
#1209 = CIRCLE('',#1210,0.6);
#1210 = AXIS2_PLACEMENT_3D('',#1211,#1212,#1213);
#1211 = CARTESIAN_POINT('',(83.389,-47.834,0.));
#1212 = DIRECTION('',(-0.,0.,-1.));
#1213 = DIRECTION('',(-2.368475785867E-14,-1.,0.));
#1214 = FACE_BOUND('',#1215,.F.);
#1215 = EDGE_LOOP('',(#1216));
#1216 = ORIENTED_EDGE('',*,*,#1217,.T.);
#1217 = EDGE_CURVE('',#1218,#1218,#1220,.T.);
#1218 = VERTEX_POINT('',#1219);
#1219 = CARTESIAN_POINT('',(81.628,-44.929,0.));
#1220 = CIRCLE('',#1221,0.6);
#1221 = AXIS2_PLACEMENT_3D('',#1222,#1223,#1224);
#1222 = CARTESIAN_POINT('',(81.628,-44.329,0.));
#1223 = DIRECTION('',(-0.,0.,-1.));
#1224 = DIRECTION('',(-0.,-1.,0.));
#1225 = FACE_BOUND('',#1226,.F.);
#1226 = EDGE_LOOP('',(#1227));
#1227 = ORIENTED_EDGE('',*,*,#1228,.T.);
#1228 = EDGE_CURVE('',#1229,#1229,#1231,.T.);
#1229 = VERTEX_POINT('',#1230);
#1230 = CARTESIAN_POINT('',(69.731,-40.434,0.));
#1231 = CIRCLE('',#1232,0.6);
#1232 = AXIS2_PLACEMENT_3D('',#1233,#1234,#1235);
#1233 = CARTESIAN_POINT('',(69.731,-39.834,0.));
#1234 = DIRECTION('',(-0.,0.,-1.));
#1235 = DIRECTION('',(-0.,-1.,0.));
#1236 = FACE_BOUND('',#1237,.F.);
#1237 = EDGE_LOOP('',(#1238));
#1238 = ORIENTED_EDGE('',*,*,#1239,.T.);
#1239 = EDGE_CURVE('',#1240,#1240,#1242,.T.);
#1240 = VERTEX_POINT('',#1241);
#1241 = CARTESIAN_POINT('',(81.628,-40.434,0.));
#1242 = CIRCLE('',#1243,0.6);
#1243 = AXIS2_PLACEMENT_3D('',#1244,#1245,#1246);
#1244 = CARTESIAN_POINT('',(81.628,-39.834,0.));
#1245 = DIRECTION('',(-0.,0.,-1.));
#1246 = DIRECTION('',(-0.,-1.,0.));
#1247 = FACE_BOUND('',#1248,.F.);
#1248 = EDGE_LOOP('',(#1249));
#1249 = ORIENTED_EDGE('',*,*,#1250,.T.);
#1250 = EDGE_CURVE('',#1251,#1251,#1253,.T.);
#1251 = VERTEX_POINT('',#1252);
#1252 = CARTESIAN_POINT('',(87.37,-42.334,0.));
#1253 = CIRCLE('',#1254,2.5);
#1254 = AXIS2_PLACEMENT_3D('',#1255,#1256,#1257);
#1255 = CARTESIAN_POINT('',(87.37,-39.834,0.));
#1256 = DIRECTION('',(-0.,0.,-1.));
#1257 = DIRECTION('',(-0.,-1.,0.));
#1258 = FACE_BOUND('',#1259,.F.);
#1259 = EDGE_LOOP('',(#1260));
#1260 = ORIENTED_EDGE('',*,*,#1261,.T.);
#1261 = EDGE_CURVE('',#1262,#1262,#1264,.T.);
#1262 = VERTEX_POINT('',#1263);
#1263 = CARTESIAN_POINT('',(50.535,-36.5,0.));
#1264 = CIRCLE('',#1265,0.5);
#1265 = AXIS2_PLACEMENT_3D('',#1266,#1267,#1268);
#1266 = CARTESIAN_POINT('',(50.535,-36.,0.));
#1267 = DIRECTION('',(-0.,0.,-1.));
#1268 = DIRECTION('',(-0.,-1.,0.));
#1269 = FACE_BOUND('',#1270,.F.);
#1270 = EDGE_LOOP('',(#1271));
#1271 = ORIENTED_EDGE('',*,*,#1272,.T.);
#1272 = EDGE_CURVE('',#1273,#1273,#1275,.T.);
#1273 = VERTEX_POINT('',#1274);
#1274 = CARTESIAN_POINT('',(50.535,-31.5,0.));
#1275 = CIRCLE('',#1276,0.5);
#1276 = AXIS2_PLACEMENT_3D('',#1277,#1278,#1279);
#1277 = CARTESIAN_POINT('',(50.535,-31.,0.));
#1278 = DIRECTION('',(-0.,0.,-1.));
#1279 = DIRECTION('',(-0.,-1.,0.));
#1280 = FACE_BOUND('',#1281,.F.);
#1281 = EDGE_LOOP('',(#1282));
#1282 = ORIENTED_EDGE('',*,*,#1283,.T.);
#1283 = EDGE_CURVE('',#1284,#1284,#1286,.T.);
#1284 = VERTEX_POINT('',#1285);
#1285 = CARTESIAN_POINT('',(58.248,-35.94,0.));
#1286 = CIRCLE('',#1287,0.6);
#1287 = AXIS2_PLACEMENT_3D('',#1288,#1289,#1290);
#1288 = CARTESIAN_POINT('',(58.248,-35.34,0.));
#1289 = DIRECTION('',(-0.,0.,-1.));
#1290 = DIRECTION('',(-1.184237892934E-14,-1.,0.));
#1291 = FACE_BOUND('',#1292,.F.);
#1292 = EDGE_LOOP('',(#1293));
#1293 = ORIENTED_EDGE('',*,*,#1294,.T.);
#1294 = EDGE_CURVE('',#1295,#1295,#1297,.T.);
#1295 = VERTEX_POINT('',#1296);
#1296 = CARTESIAN_POINT('',(60.009,-32.432,0.));
#1297 = CIRCLE('',#1298,0.6);
#1298 = AXIS2_PLACEMENT_3D('',#1299,#1300,#1301);
#1299 = CARTESIAN_POINT('',(60.009,-31.832,0.));
#1300 = DIRECTION('',(-0.,0.,-1.));
#1301 = DIRECTION('',(-0.,-1.,0.));
#1302 = FACE_BOUND('',#1303,.F.);
#1303 = EDGE_LOOP('',(#1304));
#1304 = ORIENTED_EDGE('',*,*,#1305,.T.);
#1305 = EDGE_CURVE('',#1306,#1306,#1308,.T.);
#1306 = VERTEX_POINT('',#1307);
#1307 = CARTESIAN_POINT('',(63.99,-31.444,0.));
#1308 = CIRCLE('',#1309,0.6);
#1309 = AXIS2_PLACEMENT_3D('',#1310,#1311,#1312);
#1310 = CARTESIAN_POINT('',(63.99,-30.844,0.));
#1311 = DIRECTION('',(-0.,0.,-1.));
#1312 = DIRECTION('',(-0.,-1.,0.));
#1313 = FACE_BOUND('',#1314,.F.);
#1314 = EDGE_LOOP('',(#1315));
#1315 = ORIENTED_EDGE('',*,*,#1316,.T.);
#1316 = EDGE_CURVE('',#1317,#1317,#1319,.T.);
#1317 = VERTEX_POINT('',#1318);
#1318 = CARTESIAN_POINT('',(69.731,-35.94,0.));
#1319 = CIRCLE('',#1320,0.6);
#1320 = AXIS2_PLACEMENT_3D('',#1321,#1322,#1323);
#1321 = CARTESIAN_POINT('',(69.731,-35.34,0.));
#1322 = DIRECTION('',(-0.,0.,-1.));
#1323 = DIRECTION('',(-0.,-1.,0.));
#1324 = FACE_BOUND('',#1325,.F.);
#1325 = EDGE_LOOP('',(#1326));
#1326 = ORIENTED_EDGE('',*,*,#1327,.T.);
#1327 = EDGE_CURVE('',#1328,#1328,#1330,.T.);
#1328 = VERTEX_POINT('',#1329);
#1329 = CARTESIAN_POINT('',(67.977,-32.432,0.));
#1330 = CIRCLE('',#1331,0.6);
#1331 = AXIS2_PLACEMENT_3D('',#1332,#1333,#1334);
#1332 = CARTESIAN_POINT('',(67.977,-31.832,0.));
#1333 = DIRECTION('',(-0.,0.,-1.));
#1334 = DIRECTION('',(-0.,-1.,0.));
#1335 = FACE_BOUND('',#1336,.F.);
#1336 = EDGE_LOOP('',(#1337));
#1337 = ORIENTED_EDGE('',*,*,#1338,.T.);
#1338 = EDGE_CURVE('',#1339,#1339,#1341,.T.);
#1339 = VERTEX_POINT('',#1340);
#1340 = CARTESIAN_POINT('',(81.628,-35.94,0.));
#1341 = CIRCLE('',#1342,0.6);
#1342 = AXIS2_PLACEMENT_3D('',#1343,#1344,#1345);
#1343 = CARTESIAN_POINT('',(81.628,-35.34,0.));
#1344 = DIRECTION('',(-0.,0.,-1.));
#1345 = DIRECTION('',(-0.,-1.,0.));
#1346 = FACE_BOUND('',#1347,.F.);
#1347 = EDGE_LOOP('',(#1348));
#1348 = ORIENTED_EDGE('',*,*,#1349,.T.);
#1349 = EDGE_CURVE('',#1350,#1350,#1352,.T.);
#1350 = VERTEX_POINT('',#1351);
#1351 = CARTESIAN_POINT('',(83.389,-32.432,0.));
#1352 = CIRCLE('',#1353,0.6);
#1353 = AXIS2_PLACEMENT_3D('',#1354,#1355,#1356);
#1354 = CARTESIAN_POINT('',(83.389,-31.832,0.));
#1355 = DIRECTION('',(-0.,0.,-1.));
#1356 = DIRECTION('',(-2.368475785867E-14,-1.,0.));
#1357 = FACE_BOUND('',#1358,.F.);
#1358 = EDGE_LOOP('',(#1359));
#1359 = ORIENTED_EDGE('',*,*,#1360,.T.);
#1360 = EDGE_CURVE('',#1361,#1361,#1363,.T.);
#1361 = VERTEX_POINT('',#1362);
#1362 = CARTESIAN_POINT('',(87.37,-31.444,0.));
#1363 = CIRCLE('',#1364,0.6);
#1364 = AXIS2_PLACEMENT_3D('',#1365,#1366,#1367);
#1365 = CARTESIAN_POINT('',(87.37,-30.844,0.));
#1366 = DIRECTION('',(-0.,0.,-1.));
#1367 = DIRECTION('',(-0.,-1.,0.));
#1368 = FACE_BOUND('',#1369,.F.);
#1369 = EDGE_LOOP('',(#1370));
#1370 = ORIENTED_EDGE('',*,*,#1371,.T.);
#1371 = EDGE_CURVE('',#1372,#1372,#1374,.T.);
#1372 = VERTEX_POINT('',#1373);
#1373 = CARTESIAN_POINT('',(4.2,-22.12,0.));
#1374 = CIRCLE('',#1375,0.5);
#1375 = AXIS2_PLACEMENT_3D('',#1376,#1377,#1378);
#1376 = CARTESIAN_POINT('',(4.2,-21.62,0.));
#1377 = DIRECTION('',(-0.,0.,-1.));
#1378 = DIRECTION('',(-0.,-1.,0.));
#1379 = FACE_BOUND('',#1380,.F.);
#1380 = EDGE_LOOP('',(#1381));
#1381 = ORIENTED_EDGE('',*,*,#1382,.T.);
#1382 = EDGE_CURVE('',#1383,#1383,#1385,.T.);
#1383 = VERTEX_POINT('',#1384);
#1384 = CARTESIAN_POINT('',(6.74,-22.12,0.));
#1385 = CIRCLE('',#1386,0.5);
#1386 = AXIS2_PLACEMENT_3D('',#1387,#1388,#1389);
#1387 = CARTESIAN_POINT('',(6.74,-21.62,0.));
#1388 = DIRECTION('',(-0.,0.,-1.));
#1389 = DIRECTION('',(-0.,-1.,0.));
#1390 = FACE_BOUND('',#1391,.F.);
#1391 = EDGE_LOOP('',(#1392));
#1392 = ORIENTED_EDGE('',*,*,#1393,.T.);
#1393 = EDGE_CURVE('',#1394,#1394,#1396,.T.);
#1394 = VERTEX_POINT('',#1395);
#1395 = CARTESIAN_POINT('',(9.28,-22.12,0.));
#1396 = CIRCLE('',#1397,0.5);
#1397 = AXIS2_PLACEMENT_3D('',#1398,#1399,#1400);
#1398 = CARTESIAN_POINT('',(9.28,-21.62,0.));
#1399 = DIRECTION('',(-0.,0.,-1.));
#1400 = DIRECTION('',(-0.,-1.,0.));
#1401 = FACE_BOUND('',#1402,.F.);
#1402 = EDGE_LOOP('',(#1403));
#1403 = ORIENTED_EDGE('',*,*,#1404,.T.);
#1404 = EDGE_CURVE('',#1405,#1405,#1407,.T.);
#1405 = VERTEX_POINT('',#1406);
#1406 = CARTESIAN_POINT('',(11.82,-22.12,0.));
#1407 = CIRCLE('',#1408,0.5);
#1408 = AXIS2_PLACEMENT_3D('',#1409,#1410,#1411);
#1409 = CARTESIAN_POINT('',(11.82,-21.62,0.));
#1410 = DIRECTION('',(-0.,0.,-1.));
#1411 = DIRECTION('',(-0.,-1.,0.));
#1412 = FACE_BOUND('',#1413,.F.);
#1413 = EDGE_LOOP('',(#1414));
#1414 = ORIENTED_EDGE('',*,*,#1415,.T.);
#1415 = EDGE_CURVE('',#1416,#1416,#1418,.T.);
#1416 = VERTEX_POINT('',#1417);
#1417 = CARTESIAN_POINT('',(14.36,-22.12,0.));
#1418 = CIRCLE('',#1419,0.5);
#1419 = AXIS2_PLACEMENT_3D('',#1420,#1421,#1422);
#1420 = CARTESIAN_POINT('',(14.36,-21.62,0.));
#1421 = DIRECTION('',(-0.,0.,-1.));
#1422 = DIRECTION('',(-0.,-1.,0.));
#1423 = FACE_BOUND('',#1424,.F.);
#1424 = EDGE_LOOP('',(#1425));
#1425 = ORIENTED_EDGE('',*,*,#1426,.T.);
#1426 = EDGE_CURVE('',#1427,#1427,#1429,.T.);
#1427 = VERTEX_POINT('',#1428);
#1428 = CARTESIAN_POINT('',(16.9,-22.12,0.));
#1429 = CIRCLE('',#1430,0.5);
#1430 = AXIS2_PLACEMENT_3D('',#1431,#1432,#1433);
#1431 = CARTESIAN_POINT('',(16.9,-21.62,0.));
#1432 = DIRECTION('',(-0.,0.,-1.));
#1433 = DIRECTION('',(-0.,-1.,0.));
#1434 = FACE_BOUND('',#1435,.F.);
#1435 = EDGE_LOOP('',(#1436));
#1436 = ORIENTED_EDGE('',*,*,#1437,.T.);
#1437 = EDGE_CURVE('',#1438,#1438,#1440,.T.);
#1438 = VERTEX_POINT('',#1439);
#1439 = CARTESIAN_POINT('',(19.44,-22.12,0.));
#1440 = CIRCLE('',#1441,0.5);
#1441 = AXIS2_PLACEMENT_3D('',#1442,#1443,#1444);
#1442 = CARTESIAN_POINT('',(19.44,-21.62,0.));
#1443 = DIRECTION('',(-0.,0.,-1.));
#1444 = DIRECTION('',(-0.,-1.,0.));
#1445 = FACE_BOUND('',#1446,.F.);
#1446 = EDGE_LOOP('',(#1447));
#1447 = ORIENTED_EDGE('',*,*,#1448,.T.);
#1448 = EDGE_CURVE('',#1449,#1449,#1451,.T.);
#1449 = VERTEX_POINT('',#1450);
#1450 = CARTESIAN_POINT('',(21.98,-22.12,0.));
#1451 = CIRCLE('',#1452,0.5);
#1452 = AXIS2_PLACEMENT_3D('',#1453,#1454,#1455);
#1453 = CARTESIAN_POINT('',(21.98,-21.62,0.));
#1454 = DIRECTION('',(-0.,0.,-1.));
#1455 = DIRECTION('',(-0.,-1.,0.));
#1456 = FACE_BOUND('',#1457,.F.);
#1457 = EDGE_LOOP('',(#1458));
#1458 = ORIENTED_EDGE('',*,*,#1459,.T.);
#1459 = EDGE_CURVE('',#1460,#1460,#1462,.T.);
#1460 = VERTEX_POINT('',#1461);
#1461 = CARTESIAN_POINT('',(24.52,-22.12,0.));
#1462 = CIRCLE('',#1463,0.5);
#1463 = AXIS2_PLACEMENT_3D('',#1464,#1465,#1466);
#1464 = CARTESIAN_POINT('',(24.52,-21.62,0.));
#1465 = DIRECTION('',(-0.,0.,-1.));
#1466 = DIRECTION('',(-0.,-1.,0.));
#1467 = FACE_BOUND('',#1468,.F.);
#1468 = EDGE_LOOP('',(#1469));
#1469 = ORIENTED_EDGE('',*,*,#1470,.T.);
#1470 = EDGE_CURVE('',#1471,#1471,#1473,.T.);
#1471 = VERTEX_POINT('',#1472);
#1472 = CARTESIAN_POINT('',(27.06,-22.12,0.));
#1473 = CIRCLE('',#1474,0.5);
#1474 = AXIS2_PLACEMENT_3D('',#1475,#1476,#1477);
#1475 = CARTESIAN_POINT('',(27.06,-21.62,0.));
#1476 = DIRECTION('',(-0.,0.,-1.));
#1477 = DIRECTION('',(-0.,-1.,0.));
#1478 = FACE_BOUND('',#1479,.F.);
#1479 = EDGE_LOOP('',(#1480));
#1480 = ORIENTED_EDGE('',*,*,#1481,.T.);
#1481 = EDGE_CURVE('',#1482,#1482,#1484,.T.);
#1482 = VERTEX_POINT('',#1483);
#1483 = CARTESIAN_POINT('',(29.6,-22.12,0.));
#1484 = CIRCLE('',#1485,0.5);
#1485 = AXIS2_PLACEMENT_3D('',#1486,#1487,#1488);
#1486 = CARTESIAN_POINT('',(29.6,-21.62,0.));
#1487 = DIRECTION('',(-0.,0.,-1.));
#1488 = DIRECTION('',(-0.,-1.,0.));
#1489 = FACE_BOUND('',#1490,.F.);
#1490 = EDGE_LOOP('',(#1491));
#1491 = ORIENTED_EDGE('',*,*,#1492,.T.);
#1492 = EDGE_CURVE('',#1493,#1493,#1495,.T.);
#1493 = VERTEX_POINT('',#1494);
#1494 = CARTESIAN_POINT('',(32.14,-22.12,0.));
#1495 = CIRCLE('',#1496,0.5);
#1496 = AXIS2_PLACEMENT_3D('',#1497,#1498,#1499);
#1497 = CARTESIAN_POINT('',(32.14,-21.62,0.));
#1498 = DIRECTION('',(-0.,0.,-1.));
#1499 = DIRECTION('',(-0.,-1.,0.));
#1500 = FACE_BOUND('',#1501,.F.);
#1501 = EDGE_LOOP('',(#1502));
#1502 = ORIENTED_EDGE('',*,*,#1503,.T.);
#1503 = EDGE_CURVE('',#1504,#1504,#1506,.T.);
#1504 = VERTEX_POINT('',#1505);
#1505 = CARTESIAN_POINT('',(34.68,-22.12,0.));
#1506 = CIRCLE('',#1507,0.5);
#1507 = AXIS2_PLACEMENT_3D('',#1508,#1509,#1510);
#1508 = CARTESIAN_POINT('',(34.68,-21.62,0.));
#1509 = DIRECTION('',(-0.,0.,-1.));
#1510 = DIRECTION('',(-0.,-1.,0.));
#1511 = FACE_BOUND('',#1512,.F.);
#1512 = EDGE_LOOP('',(#1513));
#1513 = ORIENTED_EDGE('',*,*,#1514,.T.);
#1514 = EDGE_CURVE('',#1515,#1515,#1517,.T.);
#1515 = VERTEX_POINT('',#1516);
#1516 = CARTESIAN_POINT('',(37.22,-22.12,0.));
#1517 = CIRCLE('',#1518,0.5);
#1518 = AXIS2_PLACEMENT_3D('',#1519,#1520,#1521);
#1519 = CARTESIAN_POINT('',(37.22,-21.62,0.));
#1520 = DIRECTION('',(-0.,0.,-1.));
#1521 = DIRECTION('',(-0.,-1.,0.));
#1522 = FACE_BOUND('',#1523,.F.);
#1523 = EDGE_LOOP('',(#1524));
#1524 = ORIENTED_EDGE('',*,*,#1525,.T.);
#1525 = EDGE_CURVE('',#1526,#1526,#1528,.T.);
#1526 = VERTEX_POINT('',#1527);
#1527 = CARTESIAN_POINT('',(39.76,-22.12,0.));
#1528 = CIRCLE('',#1529,0.5);
#1529 = AXIS2_PLACEMENT_3D('',#1530,#1531,#1532);
#1530 = CARTESIAN_POINT('',(39.76,-21.62,0.));
#1531 = DIRECTION('',(-0.,0.,-1.));
#1532 = DIRECTION('',(-0.,-1.,0.));
#1533 = FACE_BOUND('',#1534,.F.);
#1534 = EDGE_LOOP('',(#1535));
#1535 = ORIENTED_EDGE('',*,*,#1536,.T.);
#1536 = EDGE_CURVE('',#1537,#1537,#1539,.T.);
#1537 = VERTEX_POINT('',#1538);
#1538 = CARTESIAN_POINT('',(4.2,-6.88,0.));
#1539 = CIRCLE('',#1540,0.5);
#1540 = AXIS2_PLACEMENT_3D('',#1541,#1542,#1543);
#1541 = CARTESIAN_POINT('',(4.2,-6.38,0.));
#1542 = DIRECTION('',(-0.,0.,-1.));
#1543 = DIRECTION('',(-0.,-1.,0.));
#1544 = FACE_BOUND('',#1545,.F.);
#1545 = EDGE_LOOP('',(#1546));
#1546 = ORIENTED_EDGE('',*,*,#1547,.T.);
#1547 = EDGE_CURVE('',#1548,#1548,#1550,.T.);
#1548 = VERTEX_POINT('',#1549);
#1549 = CARTESIAN_POINT('',(6.74,-6.88,0.));
#1550 = CIRCLE('',#1551,0.5);
#1551 = AXIS2_PLACEMENT_3D('',#1552,#1553,#1554);
#1552 = CARTESIAN_POINT('',(6.74,-6.38,0.));
#1553 = DIRECTION('',(-0.,0.,-1.));
#1554 = DIRECTION('',(-0.,-1.,0.));
#1555 = FACE_BOUND('',#1556,.F.);
#1556 = EDGE_LOOP('',(#1557));
#1557 = ORIENTED_EDGE('',*,*,#1558,.T.);
#1558 = EDGE_CURVE('',#1559,#1559,#1561,.T.);
#1559 = VERTEX_POINT('',#1560);
#1560 = CARTESIAN_POINT('',(9.28,-6.88,0.));
#1561 = CIRCLE('',#1562,0.5);
#1562 = AXIS2_PLACEMENT_3D('',#1563,#1564,#1565);
#1563 = CARTESIAN_POINT('',(9.28,-6.38,0.));
#1564 = DIRECTION('',(-0.,0.,-1.));
#1565 = DIRECTION('',(-0.,-1.,0.));
#1566 = FACE_BOUND('',#1567,.F.);
#1567 = EDGE_LOOP('',(#1568));
#1568 = ORIENTED_EDGE('',*,*,#1569,.T.);
#1569 = EDGE_CURVE('',#1570,#1570,#1572,.T.);
#1570 = VERTEX_POINT('',#1571);
#1571 = CARTESIAN_POINT('',(11.82,-6.88,0.));
#1572 = CIRCLE('',#1573,0.5);
#1573 = AXIS2_PLACEMENT_3D('',#1574,#1575,#1576);
#1574 = CARTESIAN_POINT('',(11.82,-6.38,0.));
#1575 = DIRECTION('',(-0.,0.,-1.));
#1576 = DIRECTION('',(-0.,-1.,0.));
#1577 = FACE_BOUND('',#1578,.F.);
#1578 = EDGE_LOOP('',(#1579));
#1579 = ORIENTED_EDGE('',*,*,#1580,.T.);
#1580 = EDGE_CURVE('',#1581,#1581,#1583,.T.);
#1581 = VERTEX_POINT('',#1582);
#1582 = CARTESIAN_POINT('',(14.36,-6.88,0.));
#1583 = CIRCLE('',#1584,0.5);
#1584 = AXIS2_PLACEMENT_3D('',#1585,#1586,#1587);
#1585 = CARTESIAN_POINT('',(14.36,-6.38,0.));
#1586 = DIRECTION('',(-0.,0.,-1.));
#1587 = DIRECTION('',(-0.,-1.,0.));
#1588 = FACE_BOUND('',#1589,.F.);
#1589 = EDGE_LOOP('',(#1590));
#1590 = ORIENTED_EDGE('',*,*,#1591,.T.);
#1591 = EDGE_CURVE('',#1592,#1592,#1594,.T.);
#1592 = VERTEX_POINT('',#1593);
#1593 = CARTESIAN_POINT('',(16.9,-6.88,0.));
#1594 = CIRCLE('',#1595,0.5);
#1595 = AXIS2_PLACEMENT_3D('',#1596,#1597,#1598);
#1596 = CARTESIAN_POINT('',(16.9,-6.38,0.));
#1597 = DIRECTION('',(-0.,0.,-1.));
#1598 = DIRECTION('',(-0.,-1.,0.));
#1599 = FACE_BOUND('',#1600,.F.);
#1600 = EDGE_LOOP('',(#1601));
#1601 = ORIENTED_EDGE('',*,*,#1602,.T.);
#1602 = EDGE_CURVE('',#1603,#1603,#1605,.T.);
#1603 = VERTEX_POINT('',#1604);
#1604 = CARTESIAN_POINT('',(19.44,-6.88,0.));
#1605 = CIRCLE('',#1606,0.5);
#1606 = AXIS2_PLACEMENT_3D('',#1607,#1608,#1609);
#1607 = CARTESIAN_POINT('',(19.44,-6.38,0.));
#1608 = DIRECTION('',(-0.,0.,-1.));
#1609 = DIRECTION('',(-0.,-1.,0.));
#1610 = FACE_BOUND('',#1611,.F.);
#1611 = EDGE_LOOP('',(#1612));
#1612 = ORIENTED_EDGE('',*,*,#1613,.T.);
#1613 = EDGE_CURVE('',#1614,#1614,#1616,.T.);
#1614 = VERTEX_POINT('',#1615);
#1615 = CARTESIAN_POINT('',(21.98,-6.88,0.));
#1616 = CIRCLE('',#1617,0.5);
#1617 = AXIS2_PLACEMENT_3D('',#1618,#1619,#1620);
#1618 = CARTESIAN_POINT('',(21.98,-6.38,0.));
#1619 = DIRECTION('',(-0.,0.,-1.));
#1620 = DIRECTION('',(-0.,-1.,0.));
#1621 = FACE_BOUND('',#1622,.F.);
#1622 = EDGE_LOOP('',(#1623));
#1623 = ORIENTED_EDGE('',*,*,#1624,.T.);
#1624 = EDGE_CURVE('',#1625,#1625,#1627,.T.);
#1625 = VERTEX_POINT('',#1626);
#1626 = CARTESIAN_POINT('',(24.52,-6.88,0.));
#1627 = CIRCLE('',#1628,0.5);
#1628 = AXIS2_PLACEMENT_3D('',#1629,#1630,#1631);
#1629 = CARTESIAN_POINT('',(24.52,-6.38,0.));
#1630 = DIRECTION('',(-0.,0.,-1.));
#1631 = DIRECTION('',(-0.,-1.,0.));
#1632 = FACE_BOUND('',#1633,.F.);
#1633 = EDGE_LOOP('',(#1634));
#1634 = ORIENTED_EDGE('',*,*,#1635,.T.);
#1635 = EDGE_CURVE('',#1636,#1636,#1638,.T.);
#1636 = VERTEX_POINT('',#1637);
#1637 = CARTESIAN_POINT('',(27.06,-6.88,0.));
#1638 = CIRCLE('',#1639,0.5);
#1639 = AXIS2_PLACEMENT_3D('',#1640,#1641,#1642);
#1640 = CARTESIAN_POINT('',(27.06,-6.38,0.));
#1641 = DIRECTION('',(-0.,0.,-1.));
#1642 = DIRECTION('',(-0.,-1.,0.));
#1643 = FACE_BOUND('',#1644,.F.);
#1644 = EDGE_LOOP('',(#1645));
#1645 = ORIENTED_EDGE('',*,*,#1646,.T.);
#1646 = EDGE_CURVE('',#1647,#1647,#1649,.T.);
#1647 = VERTEX_POINT('',#1648);
#1648 = CARTESIAN_POINT('',(29.6,-6.88,0.));
#1649 = CIRCLE('',#1650,0.5);
#1650 = AXIS2_PLACEMENT_3D('',#1651,#1652,#1653);
#1651 = CARTESIAN_POINT('',(29.6,-6.38,0.));
#1652 = DIRECTION('',(-0.,0.,-1.));
#1653 = DIRECTION('',(-0.,-1.,0.));
#1654 = FACE_BOUND('',#1655,.F.);
#1655 = EDGE_LOOP('',(#1656));
#1656 = ORIENTED_EDGE('',*,*,#1657,.T.);
#1657 = EDGE_CURVE('',#1658,#1658,#1660,.T.);
#1658 = VERTEX_POINT('',#1659);
#1659 = CARTESIAN_POINT('',(32.14,-6.88,0.));
#1660 = CIRCLE('',#1661,0.5);
#1661 = AXIS2_PLACEMENT_3D('',#1662,#1663,#1664);
#1662 = CARTESIAN_POINT('',(32.14,-6.38,0.));
#1663 = DIRECTION('',(-0.,0.,-1.));
#1664 = DIRECTION('',(-0.,-1.,0.));
#1665 = FACE_BOUND('',#1666,.F.);
#1666 = EDGE_LOOP('',(#1667));
#1667 = ORIENTED_EDGE('',*,*,#1668,.T.);
#1668 = EDGE_CURVE('',#1669,#1669,#1671,.T.);
#1669 = VERTEX_POINT('',#1670);
#1670 = CARTESIAN_POINT('',(34.68,-6.88,0.));
#1671 = CIRCLE('',#1672,0.5);
#1672 = AXIS2_PLACEMENT_3D('',#1673,#1674,#1675);
#1673 = CARTESIAN_POINT('',(34.68,-6.38,0.));
#1674 = DIRECTION('',(-0.,0.,-1.));
#1675 = DIRECTION('',(-0.,-1.,0.));
#1676 = FACE_BOUND('',#1677,.F.);
#1677 = EDGE_LOOP('',(#1678));
#1678 = ORIENTED_EDGE('',*,*,#1679,.T.);
#1679 = EDGE_CURVE('',#1680,#1680,#1682,.T.);
#1680 = VERTEX_POINT('',#1681);
#1681 = CARTESIAN_POINT('',(37.22,-6.88,0.));
#1682 = CIRCLE('',#1683,0.5);
#1683 = AXIS2_PLACEMENT_3D('',#1684,#1685,#1686);
#1684 = CARTESIAN_POINT('',(37.22,-6.38,0.));
#1685 = DIRECTION('',(-0.,0.,-1.));
#1686 = DIRECTION('',(-0.,-1.,0.));
#1687 = FACE_BOUND('',#1688,.F.);
#1688 = EDGE_LOOP('',(#1689));
#1689 = ORIENTED_EDGE('',*,*,#1690,.T.);
#1690 = EDGE_CURVE('',#1691,#1691,#1693,.T.);
#1691 = VERTEX_POINT('',#1692);
#1692 = CARTESIAN_POINT('',(39.76,-6.88,0.));
#1693 = CIRCLE('',#1694,0.5);
#1694 = AXIS2_PLACEMENT_3D('',#1695,#1696,#1697);
#1695 = CARTESIAN_POINT('',(39.76,-6.38,0.));
#1696 = DIRECTION('',(-0.,0.,-1.));
#1697 = DIRECTION('',(-0.,-1.,0.));
#1698 = FACE_BOUND('',#1699,.F.);
#1699 = EDGE_LOOP('',(#1700));
#1700 = ORIENTED_EDGE('',*,*,#1701,.T.);
#1701 = EDGE_CURVE('',#1702,#1702,#1704,.T.);
#1702 = VERTEX_POINT('',#1703);
#1703 = CARTESIAN_POINT('',(47.,-5.35,0.));
#1704 = CIRCLE('',#1705,1.35);
#1705 = AXIS2_PLACEMENT_3D('',#1706,#1707,#1708);
#1706 = CARTESIAN_POINT('',(47.,-4.,0.));
#1707 = DIRECTION('',(-0.,0.,-1.));
#1708 = DIRECTION('',(-0.,-1.,0.));
#1709 = FACE_BOUND('',#1710,.F.);
#1710 = EDGE_LOOP('',(#1711));
#1711 = ORIENTED_EDGE('',*,*,#1712,.T.);
#1712 = EDGE_CURVE('',#1713,#1713,#1715,.T.);
#1713 = VERTEX_POINT('',#1714);
#1714 = CARTESIAN_POINT('',(91.357,-48.434,0.));
#1715 = CIRCLE('',#1716,0.6);
#1716 = AXIS2_PLACEMENT_3D('',#1717,#1718,#1719);
#1717 = CARTESIAN_POINT('',(91.357,-47.834,0.));
#1718 = DIRECTION('',(-0.,0.,-1.));
#1719 = DIRECTION('',(-0.,-1.,0.));
#1720 = FACE_BOUND('',#1721,.F.);
#1721 = EDGE_LOOP('',(#1722));
#1722 = ORIENTED_EDGE('',*,*,#1723,.T.);
#1723 = EDGE_CURVE('',#1724,#1724,#1726,.T.);
#1724 = VERTEX_POINT('',#1725);
#1725 = CARTESIAN_POINT('',(93.111,-44.929,0.));
#1726 = CIRCLE('',#1727,0.6);
#1727 = AXIS2_PLACEMENT_3D('',#1728,#1729,#1730);
#1728 = CARTESIAN_POINT('',(93.111,-44.329,0.));
#1729 = DIRECTION('',(-0.,0.,-1.));
#1730 = DIRECTION('',(2.368475785867E-14,-1.,-0.));
#1731 = FACE_BOUND('',#1732,.F.);
#1732 = EDGE_LOOP('',(#1733));
#1733 = ORIENTED_EDGE('',*,*,#1734,.T.);
#1734 = EDGE_CURVE('',#1735,#1735,#1737,.T.);
#1735 = VERTEX_POINT('',#1736);
#1736 = CARTESIAN_POINT('',(101.7874,-46.8515,0.));
#1737 = CIRCLE('',#1738,0.5);
#1738 = AXIS2_PLACEMENT_3D('',#1739,#1740,#1741);
#1739 = CARTESIAN_POINT('',(101.7874,-46.3515,0.));
#1740 = DIRECTION('',(-0.,0.,-1.));
#1741 = DIRECTION('',(-0.,-1.,0.));
#1742 = FACE_BOUND('',#1743,.F.);
#1743 = EDGE_LOOP('',(#1744));
#1744 = ORIENTED_EDGE('',*,*,#1745,.T.);
#1745 = EDGE_CURVE('',#1746,#1746,#1748,.T.);
#1746 = VERTEX_POINT('',#1747);
#1747 = CARTESIAN_POINT('',(101.7474,-44.209,0.));
#1748 = CIRCLE('',#1749,0.5);
#1749 = AXIS2_PLACEMENT_3D('',#1750,#1751,#1752);
#1750 = CARTESIAN_POINT('',(101.7474,-43.709,0.));
#1751 = DIRECTION('',(-0.,0.,-1.));
#1752 = DIRECTION('',(-0.,-1.,0.));
#1753 = FACE_BOUND('',#1754,.F.);
#1754 = EDGE_LOOP('',(#1755));
#1755 = ORIENTED_EDGE('',*,*,#1756,.T.);
#1756 = EDGE_CURVE('',#1757,#1757,#1759,.T.);
#1757 = VERTEX_POINT('',#1758);
#1758 = CARTESIAN_POINT('',(107.3824,-44.209,0.));
#1759 = CIRCLE('',#1760,0.5);
#1760 = AXIS2_PLACEMENT_3D('',#1761,#1762,#1763);
#1761 = CARTESIAN_POINT('',(107.3824,-43.709,0.));
#1762 = DIRECTION('',(-0.,0.,-1.));
#1763 = DIRECTION('',(-0.,-1.,0.));
#1764 = FACE_BOUND('',#1765,.F.);
#1765 = EDGE_LOOP('',(#1766));
#1766 = ORIENTED_EDGE('',*,*,#1767,.T.);
#1767 = EDGE_CURVE('',#1768,#1768,#1770,.T.);
#1768 = VERTEX_POINT('',#1769);
#1769 = CARTESIAN_POINT('',(93.111,-40.434,0.));
#1770 = CIRCLE('',#1771,0.6);
#1771 = AXIS2_PLACEMENT_3D('',#1772,#1773,#1774);
#1772 = CARTESIAN_POINT('',(93.111,-39.834,0.));
#1773 = DIRECTION('',(-0.,0.,-1.));
#1774 = DIRECTION('',(2.368475785867E-14,-1.,-0.));
#1775 = FACE_BOUND('',#1776,.F.);
#1776 = EDGE_LOOP('',(#1777));
#1777 = ORIENTED_EDGE('',*,*,#1778,.T.);
#1778 = EDGE_CURVE('',#1779,#1779,#1781,.T.);
#1779 = VERTEX_POINT('',#1780);
#1780 = CARTESIAN_POINT('',(101.8274,-41.709,0.));
#1781 = CIRCLE('',#1782,0.5);
#1782 = AXIS2_PLACEMENT_3D('',#1783,#1784,#1785);
#1783 = CARTESIAN_POINT('',(101.8274,-41.209,0.));
#1784 = DIRECTION('',(-0.,0.,-1.));
#1785 = DIRECTION('',(-0.,-1.,0.));
#1786 = FACE_BOUND('',#1787,.F.);
#1787 = EDGE_LOOP('',(#1788));
#1788 = ORIENTED_EDGE('',*,*,#1789,.T.);
#1789 = EDGE_CURVE('',#1790,#1790,#1792,.T.);
#1790 = VERTEX_POINT('',#1791);
#1791 = CARTESIAN_POINT('',(107.3824,-41.709,0.));
#1792 = CIRCLE('',#1793,0.5);
#1793 = AXIS2_PLACEMENT_3D('',#1794,#1795,#1796);
#1794 = CARTESIAN_POINT('',(107.3824,-41.209,0.));
#1795 = DIRECTION('',(-0.,0.,-1.));
#1796 = DIRECTION('',(-0.,-1.,0.));
#1797 = FACE_BOUND('',#1798,.F.);
#1798 = EDGE_LOOP('',(#1799));
#1799 = ORIENTED_EDGE('',*,*,#1800,.T.);
#1800 = EDGE_CURVE('',#1801,#1801,#1803,.T.);
#1801 = VERTEX_POINT('',#1802);
#1802 = CARTESIAN_POINT('',(103.2399,-39.709,0.));
#1803 = CIRCLE('',#1804,0.5);
#1804 = AXIS2_PLACEMENT_3D('',#1805,#1806,#1807);
#1805 = CARTESIAN_POINT('',(103.2399,-39.209,0.));
#1806 = DIRECTION('',(-0.,0.,-1.));
#1807 = DIRECTION('',(-0.,-1.,0.));
#1808 = FACE_BOUND('',#1809,.F.);
#1809 = EDGE_LOOP('',(#1810));
#1810 = ORIENTED_EDGE('',*,*,#1811,.T.);
#1811 = EDGE_CURVE('',#1812,#1812,#1814,.T.);
#1812 = VERTEX_POINT('',#1813);
#1813 = CARTESIAN_POINT('',(105.9699,-39.709,0.));
#1814 = CIRCLE('',#1815,0.5);
#1815 = AXIS2_PLACEMENT_3D('',#1816,#1817,#1818);
#1816 = CARTESIAN_POINT('',(105.9699,-39.209,0.));
#1817 = DIRECTION('',(-0.,0.,-1.));
#1818 = DIRECTION('',(-0.,-1.,0.));
#1819 = FACE_BOUND('',#1820,.F.);
#1820 = EDGE_LOOP('',(#1821));
#1821 = ORIENTED_EDGE('',*,*,#1822,.T.);
#1822 = EDGE_CURVE('',#1823,#1823,#1825,.T.);
#1823 = VERTEX_POINT('',#1824);
#1824 = CARTESIAN_POINT('',(114.7874,-46.8515,0.));
#1825 = CIRCLE('',#1826,0.5);
#1826 = AXIS2_PLACEMENT_3D('',#1827,#1828,#1829);
#1827 = CARTESIAN_POINT('',(114.7874,-46.3515,0.));
#1828 = DIRECTION('',(-0.,0.,-1.));
#1829 = DIRECTION('',(-0.,-1.,0.));
#1830 = FACE_BOUND('',#1831,.F.);
#1831 = EDGE_LOOP('',(#1832));
#1832 = ORIENTED_EDGE('',*,*,#1833,.T.);
#1833 = EDGE_CURVE('',#1834,#1834,#1836,.T.);
#1834 = VERTEX_POINT('',#1835);
#1835 = CARTESIAN_POINT('',(114.7474,-44.209,0.));
#1836 = CIRCLE('',#1837,0.5);
#1837 = AXIS2_PLACEMENT_3D('',#1838,#1839,#1840);
#1838 = CARTESIAN_POINT('',(114.7474,-43.709,0.));
#1839 = DIRECTION('',(-0.,0.,-1.));
#1840 = DIRECTION('',(-0.,-1.,0.));
#1841 = FACE_BOUND('',#1842,.F.);
#1842 = EDGE_LOOP('',(#1843));
#1843 = ORIENTED_EDGE('',*,*,#1844,.T.);
#1844 = EDGE_CURVE('',#1845,#1845,#1847,.T.);
#1845 = VERTEX_POINT('',#1846);
#1846 = CARTESIAN_POINT('',(120.3824,-44.209,0.));
#1847 = CIRCLE('',#1848,0.5);
#1848 = AXIS2_PLACEMENT_3D('',#1849,#1850,#1851);
#1849 = CARTESIAN_POINT('',(120.3824,-43.709,0.));
#1850 = DIRECTION('',(-0.,0.,-1.));
#1851 = DIRECTION('',(-0.,-1.,0.));
#1852 = FACE_BOUND('',#1853,.F.);
#1853 = EDGE_LOOP('',(#1854));
#1854 = ORIENTED_EDGE('',*,*,#1855,.T.);
#1855 = EDGE_CURVE('',#1856,#1856,#1858,.T.);
#1856 = VERTEX_POINT('',#1857);
#1857 = CARTESIAN_POINT('',(129.258,-44.929,0.));
#1858 = CIRCLE('',#1859,0.6);
#1859 = AXIS2_PLACEMENT_3D('',#1860,#1861,#1862);
#1860 = CARTESIAN_POINT('',(129.258,-44.329,0.));
#1861 = DIRECTION('',(-0.,0.,-1.));
#1862 = DIRECTION('',(4.736951571734E-14,-1.,-0.));
#1863 = FACE_BOUND('',#1864,.F.);
#1864 = EDGE_LOOP('',(#1865));
#1865 = ORIENTED_EDGE('',*,*,#1866,.T.);
#1866 = EDGE_CURVE('',#1867,#1867,#1869,.T.);
#1867 = VERTEX_POINT('',#1868);
#1868 = CARTESIAN_POINT('',(114.8274,-41.709,0.));
#1869 = CIRCLE('',#1870,0.5);
#1870 = AXIS2_PLACEMENT_3D('',#1871,#1872,#1873);
#1871 = CARTESIAN_POINT('',(114.8274,-41.209,0.));
#1872 = DIRECTION('',(-0.,0.,-1.));
#1873 = DIRECTION('',(-0.,-1.,0.));
#1874 = FACE_BOUND('',#1875,.F.);
#1875 = EDGE_LOOP('',(#1876));
#1876 = ORIENTED_EDGE('',*,*,#1877,.T.);
#1877 = EDGE_CURVE('',#1878,#1878,#1880,.T.);
#1878 = VERTEX_POINT('',#1879);
#1879 = CARTESIAN_POINT('',(116.2399,-39.709,0.));
#1880 = CIRCLE('',#1881,0.5);
#1881 = AXIS2_PLACEMENT_3D('',#1882,#1883,#1884);
#1882 = CARTESIAN_POINT('',(116.2399,-39.209,0.));
#1883 = DIRECTION('',(-0.,0.,-1.));
#1884 = DIRECTION('',(-0.,-1.,0.));
#1885 = FACE_BOUND('',#1886,.F.);
#1886 = EDGE_LOOP('',(#1887));
#1887 = ORIENTED_EDGE('',*,*,#1888,.T.);
#1888 = EDGE_CURVE('',#1889,#1889,#1891,.T.);
#1889 = VERTEX_POINT('',#1890);
#1890 = CARTESIAN_POINT('',(118.9699,-39.709,0.));
#1891 = CIRCLE('',#1892,0.5);
#1892 = AXIS2_PLACEMENT_3D('',#1893,#1894,#1895);
#1893 = CARTESIAN_POINT('',(118.9699,-39.209,0.));
#1894 = DIRECTION('',(-0.,0.,-1.));
#1895 = DIRECTION('',(-0.,-1.,0.));
#1896 = FACE_BOUND('',#1897,.F.);
#1897 = EDGE_LOOP('',(#1898));
#1898 = ORIENTED_EDGE('',*,*,#1899,.T.);
#1899 = EDGE_CURVE('',#1900,#1900,#1902,.T.);
#1900 = VERTEX_POINT('',#1901);
#1901 = CARTESIAN_POINT('',(120.3824,-41.709,0.));
#1902 = CIRCLE('',#1903,0.5);
#1903 = AXIS2_PLACEMENT_3D('',#1904,#1905,#1906);
#1904 = CARTESIAN_POINT('',(120.3824,-41.209,0.));
#1905 = DIRECTION('',(-0.,0.,-1.));
#1906 = DIRECTION('',(-0.,-1.,0.));
#1907 = FACE_BOUND('',#1908,.F.);
#1908 = EDGE_LOOP('',(#1909));
#1909 = ORIENTED_EDGE('',*,*,#1910,.T.);
#1910 = EDGE_CURVE('',#1911,#1911,#1913,.T.);
#1911 = VERTEX_POINT('',#1912);
#1912 = CARTESIAN_POINT('',(129.258,-40.434,0.));
#1913 = CIRCLE('',#1914,0.6);
#1914 = AXIS2_PLACEMENT_3D('',#1915,#1916,#1917);
#1915 = CARTESIAN_POINT('',(129.258,-39.834,0.));
#1916 = DIRECTION('',(-0.,0.,-1.));
#1917 = DIRECTION('',(4.736951571734E-14,-1.,-0.));
#1918 = FACE_BOUND('',#1919,.F.);
#1919 = EDGE_LOOP('',(#1920));
#1920 = ORIENTED_EDGE('',*,*,#1921,.T.);
#1921 = EDGE_CURVE('',#1922,#1922,#1924,.T.);
#1922 = VERTEX_POINT('',#1923);
#1923 = CARTESIAN_POINT('',(93.111,-35.94,0.));
#1924 = CIRCLE('',#1925,0.6);
#1925 = AXIS2_PLACEMENT_3D('',#1926,#1927,#1928);
#1926 = CARTESIAN_POINT('',(93.111,-35.34,0.));
#1927 = DIRECTION('',(-0.,0.,-1.));
#1928 = DIRECTION('',(2.368475785867E-14,-1.,-0.));
#1929 = FACE_BOUND('',#1930,.F.);
#1930 = EDGE_LOOP('',(#1931));
#1931 = ORIENTED_EDGE('',*,*,#1932,.T.);
#1932 = EDGE_CURVE('',#1933,#1933,#1935,.T.);
#1933 = VERTEX_POINT('',#1934);
#1934 = CARTESIAN_POINT('',(91.357,-32.432,0.));
#1935 = CIRCLE('',#1936,0.6);
#1936 = AXIS2_PLACEMENT_3D('',#1937,#1938,#1939);
#1937 = CARTESIAN_POINT('',(91.357,-31.832,0.));
#1938 = DIRECTION('',(-0.,0.,-1.));
#1939 = DIRECTION('',(-0.,-1.,0.));
#1940 = FACE_BOUND('',#1941,.F.);
#1941 = EDGE_LOOP('',(#1942));
#1942 = ORIENTED_EDGE('',*,*,#1943,.T.);
#1943 = EDGE_CURVE('',#1944,#1944,#1946,.T.);
#1944 = VERTEX_POINT('',#1945);
#1945 = CARTESIAN_POINT('',(129.258,-35.94,0.));
#1946 = CIRCLE('',#1947,0.6);
#1947 = AXIS2_PLACEMENT_3D('',#1948,#1949,#1950);
#1948 = CARTESIAN_POINT('',(129.258,-35.34,0.));
#1949 = DIRECTION('',(-0.,0.,-1.));
#1950 = DIRECTION('',(4.736951571734E-14,-1.,-0.));
#1951 = FACE_BOUND('',#1952,.F.);
#1952 = EDGE_LOOP('',(#1953));
#1953 = ORIENTED_EDGE('',*,*,#1954,.T.);
#1954 = EDGE_CURVE('',#1955,#1955,#1957,.T.);
#1955 = VERTEX_POINT('',#1956);
#1956 = CARTESIAN_POINT('',(131.019,-48.434,0.));
#1957 = CIRCLE('',#1958,0.6);
#1958 = AXIS2_PLACEMENT_3D('',#1959,#1960,#1961);
#1959 = CARTESIAN_POINT('',(131.019,-47.834,0.));
#1960 = DIRECTION('',(-0.,0.,-1.));
#1961 = DIRECTION('',(-0.,-1.,0.));
#1962 = FACE_BOUND('',#1963,.F.);
#1963 = EDGE_LOOP('',(#1964));
#1964 = ORIENTED_EDGE('',*,*,#1965,.T.);
#1965 = EDGE_CURVE('',#1966,#1966,#1968,.T.);
#1966 = VERTEX_POINT('',#1967);
#1967 = CARTESIAN_POINT('',(138.987,-48.434,0.));
#1968 = CIRCLE('',#1969,0.6);
#1969 = AXIS2_PLACEMENT_3D('',#1970,#1971,#1972);
#1970 = CARTESIAN_POINT('',(138.987,-47.834,0.));
#1971 = DIRECTION('',(-0.,0.,-1.));
#1972 = DIRECTION('',(-0.,-1.,0.));
#1973 = FACE_BOUND('',#1974,.F.);
#1974 = EDGE_LOOP('',(#1975));
#1975 = ORIENTED_EDGE('',*,*,#1976,.T.);
#1976 = EDGE_CURVE('',#1977,#1977,#1979,.T.);
#1977 = VERTEX_POINT('',#1978);
#1978 = CARTESIAN_POINT('',(140.741,-44.929,0.));
#1979 = CIRCLE('',#1980,0.6);
#1980 = AXIS2_PLACEMENT_3D('',#1981,#1982,#1983);
#1981 = CARTESIAN_POINT('',(140.741,-44.329,0.));
#1982 = DIRECTION('',(-0.,0.,-1.));
#1983 = DIRECTION('',(4.736951571734E-14,-1.,-0.));
#1984 = FACE_BOUND('',#1985,.F.);
#1985 = EDGE_LOOP('',(#1986));
#1986 = ORIENTED_EDGE('',*,*,#1987,.T.);
#1987 = EDGE_CURVE('',#1988,#1988,#1990,.T.);
#1988 = VERTEX_POINT('',#1989);
#1989 = CARTESIAN_POINT('',(150.258,-44.929,0.));
#1990 = CIRCLE('',#1991,0.6);
#1991 = AXIS2_PLACEMENT_3D('',#1992,#1993,#1994);
#1992 = CARTESIAN_POINT('',(150.258,-44.329,0.));
#1993 = DIRECTION('',(-0.,0.,-1.));
#1994 = DIRECTION('',(4.736951571734E-14,-1.,-0.));
#1995 = FACE_BOUND('',#1996,.F.);
#1996 = EDGE_LOOP('',(#1997));
#1997 = ORIENTED_EDGE('',*,*,#1998,.T.);
#1998 = EDGE_CURVE('',#1999,#1999,#2001,.T.);
#1999 = VERTEX_POINT('',#2000);
#2000 = CARTESIAN_POINT('',(135.,-42.334,0.));
#2001 = CIRCLE('',#2002,2.5);
#2002 = AXIS2_PLACEMENT_3D('',#2003,#2004,#2005);
#2003 = CARTESIAN_POINT('',(135.,-39.834,0.));
#2004 = DIRECTION('',(-0.,0.,-1.));
#2005 = DIRECTION('',(-0.,-1.,0.));
#2006 = FACE_BOUND('',#2007,.F.);
#2007 = EDGE_LOOP('',(#2008));
#2008 = ORIENTED_EDGE('',*,*,#2009,.T.);
#2009 = EDGE_CURVE('',#2010,#2010,#2012,.T.);
#2010 = VERTEX_POINT('',#2011);
#2011 = CARTESIAN_POINT('',(140.741,-40.434,0.));
#2012 = CIRCLE('',#2013,0.6);
#2013 = AXIS2_PLACEMENT_3D('',#2014,#2015,#2016);
#2014 = CARTESIAN_POINT('',(140.741,-39.834,0.));
#2015 = DIRECTION('',(-0.,0.,-1.));
#2016 = DIRECTION('',(4.736951571734E-14,-1.,-0.));
#2017 = FACE_BOUND('',#2018,.F.);
#2018 = EDGE_LOOP('',(#2019));
#2019 = ORIENTED_EDGE('',*,*,#2020,.T.);
#2020 = EDGE_CURVE('',#2021,#2021,#2023,.T.);
#2021 = VERTEX_POINT('',#2022);
#2022 = CARTESIAN_POINT('',(150.258,-40.434,0.));
#2023 = CIRCLE('',#2024,0.6);
#2024 = AXIS2_PLACEMENT_3D('',#2025,#2026,#2027);
#2025 = CARTESIAN_POINT('',(150.258,-39.834,0.));
#2026 = DIRECTION('',(-0.,0.,-1.));
#2027 = DIRECTION('',(4.736951571734E-14,-1.,-0.));
#2028 = FACE_BOUND('',#2029,.F.);
#2029 = EDGE_LOOP('',(#2030));
#2030 = ORIENTED_EDGE('',*,*,#2031,.T.);
#2031 = EDGE_CURVE('',#2032,#2032,#2034,.T.);
#2032 = VERTEX_POINT('',#2033);
#2033 = CARTESIAN_POINT('',(152.019,-48.434,0.));
#2034 = CIRCLE('',#2035,0.6);
#2035 = AXIS2_PLACEMENT_3D('',#2036,#2037,#2038);
#2036 = CARTESIAN_POINT('',(152.019,-47.834,0.));
#2037 = DIRECTION('',(-0.,0.,-1.));
#2038 = DIRECTION('',(-0.,-1.,0.));
#2039 = FACE_BOUND('',#2040,.F.);
#2040 = EDGE_LOOP('',(#2041));
#2041 = ORIENTED_EDGE('',*,*,#2042,.T.);
#2042 = EDGE_CURVE('',#2043,#2043,#2045,.T.);
#2043 = VERTEX_POINT('',#2044);
#2044 = CARTESIAN_POINT('',(159.987,-48.434,0.));
#2045 = CIRCLE('',#2046,0.6);
#2046 = AXIS2_PLACEMENT_3D('',#2047,#2048,#2049);
#2047 = CARTESIAN_POINT('',(159.987,-47.834,0.));
#2048 = DIRECTION('',(-0.,0.,-1.));
#2049 = DIRECTION('',(-0.,-1.,0.));
#2050 = FACE_BOUND('',#2051,.F.);
#2051 = EDGE_LOOP('',(#2052));
#2052 = ORIENTED_EDGE('',*,*,#2053,.T.);
#2053 = EDGE_CURVE('',#2054,#2054,#2056,.T.);
#2054 = VERTEX_POINT('',#2055);
#2055 = CARTESIAN_POINT('',(161.741,-44.929,0.));
#2056 = CIRCLE('',#2057,0.6);
#2057 = AXIS2_PLACEMENT_3D('',#2058,#2059,#2060);
#2058 = CARTESIAN_POINT('',(161.741,-44.329,0.));
#2059 = DIRECTION('',(-0.,0.,-1.));
#2060 = DIRECTION('',(4.736951571734E-14,-1.,-0.));
#2061 = FACE_BOUND('',#2062,.F.);
#2062 = EDGE_LOOP('',(#2063));
#2063 = ORIENTED_EDGE('',*,*,#2064,.T.);
#2064 = EDGE_CURVE('',#2065,#2065,#2067,.T.);
#2065 = VERTEX_POINT('',#2066);
#2066 = CARTESIAN_POINT('',(156.,-42.334,0.));
#2067 = CIRCLE('',#2068,2.5);
#2068 = AXIS2_PLACEMENT_3D('',#2069,#2070,#2071);
#2069 = CARTESIAN_POINT('',(156.,-39.834,0.));
#2070 = DIRECTION('',(-0.,0.,-1.));
#2071 = DIRECTION('',(-0.,-1.,0.));
#2072 = FACE_BOUND('',#2073,.F.);
#2073 = EDGE_LOOP('',(#2074));
#2074 = ORIENTED_EDGE('',*,*,#2075,.T.);
#2075 = EDGE_CURVE('',#2076,#2076,#2078,.T.);
#2076 = VERTEX_POINT('',#2077);
#2077 = CARTESIAN_POINT('',(161.741,-40.434,0.));
#2078 = CIRCLE('',#2079,0.6);
#2079 = AXIS2_PLACEMENT_3D('',#2080,#2081,#2082);
#2080 = CARTESIAN_POINT('',(161.741,-39.834,0.));
#2081 = DIRECTION('',(-0.,0.,-1.));
#2082 = DIRECTION('',(4.736951571734E-14,-1.,-0.));
#2083 = FACE_BOUND('',#2084,.F.);
#2084 = EDGE_LOOP('',(#2085));
#2085 = ORIENTED_EDGE('',*,*,#2086,.T.);
#2086 = EDGE_CURVE('',#2087,#2087,#2089,.T.);
#2087 = VERTEX_POINT('',#2088);
#2088 = CARTESIAN_POINT('',(131.019,-32.432,0.));
#2089 = CIRCLE('',#2090,0.6);
#2090 = AXIS2_PLACEMENT_3D('',#2091,#2092,#2093);
#2091 = CARTESIAN_POINT('',(131.019,-31.832,0.));
#2092 = DIRECTION('',(-0.,0.,-1.));
#2093 = DIRECTION('',(-0.,-1.,0.));
#2094 = FACE_BOUND('',#2095,.F.);
#2095 = EDGE_LOOP('',(#2096));
#2096 = ORIENTED_EDGE('',*,*,#2097,.T.);
#2097 = EDGE_CURVE('',#2098,#2098,#2100,.T.);
#2098 = VERTEX_POINT('',#2099);
#2099 = CARTESIAN_POINT('',(138.987,-32.432,0.));
#2100 = CIRCLE('',#2101,0.6);
#2101 = AXIS2_PLACEMENT_3D('',#2102,#2103,#2104);
#2102 = CARTESIAN_POINT('',(138.987,-31.832,0.));
#2103 = DIRECTION('',(-0.,0.,-1.));
#2104 = DIRECTION('',(-0.,-1.,0.));
#2105 = FACE_BOUND('',#2106,.F.);
#2106 = EDGE_LOOP('',(#2107));
#2107 = ORIENTED_EDGE('',*,*,#2108,.T.);
#2108 = EDGE_CURVE('',#2109,#2109,#2111,.T.);
#2109 = VERTEX_POINT('',#2110);
#2110 = CARTESIAN_POINT('',(140.741,-35.94,0.));
#2111 = CIRCLE('',#2112,0.6);
#2112 = AXIS2_PLACEMENT_3D('',#2113,#2114,#2115);
#2113 = CARTESIAN_POINT('',(140.741,-35.34,0.));
#2114 = DIRECTION('',(-0.,0.,-1.));
#2115 = DIRECTION('',(4.736951571734E-14,-1.,-0.));
#2116 = FACE_BOUND('',#2117,.F.);
#2117 = EDGE_LOOP('',(#2118));
#2118 = ORIENTED_EDGE('',*,*,#2119,.T.);
#2119 = EDGE_CURVE('',#2120,#2120,#2122,.T.);
#2120 = VERTEX_POINT('',#2121);
#2121 = CARTESIAN_POINT('',(150.258,-35.94,0.));
#2122 = CIRCLE('',#2123,0.6);
#2123 = AXIS2_PLACEMENT_3D('',#2124,#2125,#2126);
#2124 = CARTESIAN_POINT('',(150.258,-35.34,0.));
#2125 = DIRECTION('',(-0.,0.,-1.));
#2126 = DIRECTION('',(4.736951571734E-14,-1.,-0.));
#2127 = FACE_BOUND('',#2128,.F.);
#2128 = EDGE_LOOP('',(#2129));
#2129 = ORIENTED_EDGE('',*,*,#2130,.T.);
#2130 = EDGE_CURVE('',#2131,#2131,#2133,.T.);
#2131 = VERTEX_POINT('',#2132);
#2132 = CARTESIAN_POINT('',(135.,-31.444,0.));
#2133 = CIRCLE('',#2134,0.6);
#2134 = AXIS2_PLACEMENT_3D('',#2135,#2136,#2137);
#2135 = CARTESIAN_POINT('',(135.,-30.844,0.));
#2136 = DIRECTION('',(-0.,0.,-1.));
#2137 = DIRECTION('',(-0.,-1.,0.));
#2138 = FACE_BOUND('',#2139,.F.);
#2139 = EDGE_LOOP('',(#2140));
#2140 = ORIENTED_EDGE('',*,*,#2141,.T.);
#2141 = EDGE_CURVE('',#2142,#2142,#2144,.T.);
#2142 = VERTEX_POINT('',#2143);
#2143 = CARTESIAN_POINT('',(161.741,-35.94,0.));
#2144 = CIRCLE('',#2145,0.6);
#2145 = AXIS2_PLACEMENT_3D('',#2146,#2147,#2148);
#2146 = CARTESIAN_POINT('',(161.741,-35.34,0.));
#2147 = DIRECTION('',(-0.,0.,-1.));
#2148 = DIRECTION('',(4.736951571734E-14,-1.,-0.));
#2149 = FACE_BOUND('',#2150,.F.);
#2150 = EDGE_LOOP('',(#2151));
#2151 = ORIENTED_EDGE('',*,*,#2152,.T.);
#2152 = EDGE_CURVE('',#2153,#2153,#2155,.T.);
#2153 = VERTEX_POINT('',#2154);
#2154 = CARTESIAN_POINT('',(152.019,-32.432,0.));
#2155 = CIRCLE('',#2156,0.6);
#2156 = AXIS2_PLACEMENT_3D('',#2157,#2158,#2159);
#2157 = CARTESIAN_POINT('',(152.019,-31.832,0.));
#2158 = DIRECTION('',(-0.,0.,-1.));
#2159 = DIRECTION('',(-0.,-1.,0.));
#2160 = FACE_BOUND('',#2161,.F.);
#2161 = EDGE_LOOP('',(#2162));
#2162 = ORIENTED_EDGE('',*,*,#2163,.T.);
#2163 = EDGE_CURVE('',#2164,#2164,#2166,.T.);
#2164 = VERTEX_POINT('',#2165);
#2165 = CARTESIAN_POINT('',(159.987,-32.432,0.));
#2166 = CIRCLE('',#2167,0.6);
#2167 = AXIS2_PLACEMENT_3D('',#2168,#2169,#2170);
#2168 = CARTESIAN_POINT('',(159.987,-31.832,0.));
#2169 = DIRECTION('',(-0.,0.,-1.));
#2170 = DIRECTION('',(-0.,-1.,0.));
#2171 = FACE_BOUND('',#2172,.F.);
#2172 = EDGE_LOOP('',(#2173));
#2173 = ORIENTED_EDGE('',*,*,#2174,.T.);
#2174 = EDGE_CURVE('',#2175,#2175,#2177,.T.);
#2175 = VERTEX_POINT('',#2176);
#2176 = CARTESIAN_POINT('',(156.,-31.444,0.));
#2177 = CIRCLE('',#2178,0.6);
#2178 = AXIS2_PLACEMENT_3D('',#2179,#2180,#2181);
#2179 = CARTESIAN_POINT('',(156.,-30.844,0.));
#2180 = DIRECTION('',(-0.,0.,-1.));
#2181 = DIRECTION('',(-0.,-1.,0.));
#2182 = FACE_BOUND('',#2183,.F.);
#2183 = EDGE_LOOP('',(#2184));
#2184 = ORIENTED_EDGE('',*,*,#2185,.T.);
#2185 = EDGE_CURVE('',#2186,#2186,#2188,.T.);
#2186 = VERTEX_POINT('',#2187);
#2187 = CARTESIAN_POINT('',(125.5,-5.35,0.));
#2188 = CIRCLE('',#2189,1.35);
#2189 = AXIS2_PLACEMENT_3D('',#2190,#2191,#2192);
#2190 = CARTESIAN_POINT('',(125.5,-4.,0.));
#2191 = DIRECTION('',(-0.,0.,-1.));
#2192 = DIRECTION('',(-0.,-1.,0.));
#2193 = FACE_BOUND('',#2194,.F.);
#2194 = EDGE_LOOP('',(#2195));
#2195 = ORIENTED_EDGE('',*,*,#2196,.T.);
#2196 = EDGE_CURVE('',#2197,#2197,#2199,.T.);
#2197 = VERTEX_POINT('',#2198);
#2198 = CARTESIAN_POINT('',(171.,-5.35,0.));
#2199 = CIRCLE('',#2200,1.35);
#2200 = AXIS2_PLACEMENT_3D('',#2201,#2202,#2203);
#2201 = CARTESIAN_POINT('',(171.,-4.,0.));
#2202 = DIRECTION('',(-0.,0.,-1.));
#2203 = DIRECTION('',(-0.,-1.,0.));
#2204 = PLANE('',#2205);
#2205 = AXIS2_PLACEMENT_3D('',#2206,#2207,#2208);
#2206 = CARTESIAN_POINT('',(0.,0.,0.));
#2207 = DIRECTION('',(0.,0.,1.));
#2208 = DIRECTION('',(1.,0.,-0.));
#2209 = ADVANCED_FACE('',(#2210,#2221,#2232,#2268,#2304,#2315,#2326,
    #2337,#2348,#2359,#2370,#2381,#2392,#2403,#2414,#2425,#2461,#2472,
    #2483,#2494,#2505,#2516,#2527,#2538,#2549,#2560,#2571,#2582,#2593,
    #2604,#2615,#2626,#2637,#2648,#2659,#2670,#2681,#2692,#2703,#2714,
    #2725,#2736,#2747,#2758,#2769,#2780,#2791,#2802,#2813,#2824,#2835,
    #2846,#2857,#2868,#2879,#2890,#2901,#2912,#2923,#2934,#2945,#2956,
    #2967,#2978,#2989,#3000,#3011,#3022,#3033,#3044,#3055,#3066,#3077,
    #3088,#3099,#3110,#3121,#3132,#3143,#3154,#3165,#3176,#3187,#3198,
    #3209,#3220,#3231,#3242,#3253,#3264,#3275,#3286,#3297,#3308,#3319,
    #3330,#3341,#3352,#3363,#3374,#3385,#3396,#3407,#3418,#3429,#3440,
    #3451,#3462,#3473,#3484,#3495,#3506,#3517,#3528,#3539,#3550,#3561,
    #3572,#3583,#3594,#3605,#3616,#3627,#3638,#3649,#3660,#3671,#3682,
    #3693,#3704,#3715,#3726,#3737,#3748,#3759,#3770,#3781,#3792,#3803,
    #3814,#3825,#3836,#3847,#3858,#3869,#3880,#3891,#3902,#3913,#3924,
    #3935,#3946,#3957,#3968,#3979,#3990,#4001,#4012,#4023,#4034,#4045,
    #4056,#4067,#4078,#4089,#4100,#4111,#4122,#4133,#4144,#4155,#4166,
    #4177,#4188,#4199,#4210,#4221,#4232,#4243,#4254,#4265),#4276,.T.);
#2210 = FACE_BOUND('',#2211,.T.);
#2211 = EDGE_LOOP('',(#2212,#2213,#2214,#2220));
#2212 = ORIENTED_EDGE('',*,*,#49,.F.);
#2213 = ORIENTED_EDGE('',*,*,#89,.F.);
#2214 = ORIENTED_EDGE('',*,*,#2215,.F.);
#2215 = EDGE_CURVE('',#112,#82,#2216,.T.);
#2216 = LINE('',#2217,#2218);
#2217 = CARTESIAN_POINT('',(0.,0.,1.51));
#2218 = VECTOR('',#2219,1.);
#2219 = DIRECTION('',(1.,0.,0.));
#2220 = ORIENTED_EDGE('',*,*,#111,.F.);
#2221 = FACE_BOUND('',#2222,.T.);
#2222 = EDGE_LOOP('',(#2223));
#2223 = ORIENTED_EDGE('',*,*,#2224,.T.);
#2224 = EDGE_CURVE('',#2225,#2225,#2227,.T.);
#2225 = VERTEX_POINT('',#2226);
#2226 = CARTESIAN_POINT('',(5.,-93.35,1.51));
#2227 = CIRCLE('',#2228,1.35);
#2228 = AXIS2_PLACEMENT_3D('',#2229,#2230,#2231);
#2229 = CARTESIAN_POINT('',(5.,-92.,1.51));
#2230 = DIRECTION('',(-0.,0.,-1.));
#2231 = DIRECTION('',(-0.,-1.,0.));
#2232 = FACE_BOUND('',#2233,.T.);
#2233 = EDGE_LOOP('',(#2234,#2245,#2253,#2262));
#2234 = ORIENTED_EDGE('',*,*,#2235,.T.);
#2235 = EDGE_CURVE('',#2236,#2238,#2240,.T.);
#2236 = VERTEX_POINT('',#2237);
#2237 = CARTESIAN_POINT('',(8.5,-75.,1.51));
#2238 = VERTEX_POINT('',#2239);
#2239 = CARTESIAN_POINT('',(7.5,-75.,1.51));
#2240 = CIRCLE('',#2241,0.5);
#2241 = AXIS2_PLACEMENT_3D('',#2242,#2243,#2244);
#2242 = CARTESIAN_POINT('',(8.,-75.,1.51));
#2243 = DIRECTION('',(-0.,0.,-1.));
#2244 = DIRECTION('',(-1.,0.,0.));
#2245 = ORIENTED_EDGE('',*,*,#2246,.T.);
#2246 = EDGE_CURVE('',#2238,#2247,#2249,.T.);
#2247 = VERTEX_POINT('',#2248);
#2248 = CARTESIAN_POINT('',(7.5,-73.,1.51));
#2249 = LINE('',#2250,#2251);
#2250 = CARTESIAN_POINT('',(7.5,-36.5,1.51));
#2251 = VECTOR('',#2252,1.);
#2252 = DIRECTION('',(-0.,1.,0.));
#2253 = ORIENTED_EDGE('',*,*,#2254,.T.);
#2254 = EDGE_CURVE('',#2247,#2255,#2257,.T.);
#2255 = VERTEX_POINT('',#2256);
#2256 = CARTESIAN_POINT('',(8.5,-73.,1.51));
#2257 = CIRCLE('',#2258,0.5);
#2258 = AXIS2_PLACEMENT_3D('',#2259,#2260,#2261);
#2259 = CARTESIAN_POINT('',(8.,-73.,1.51));
#2260 = DIRECTION('',(0.,-0.,-1.));
#2261 = DIRECTION('',(1.,0.,-0.));
#2262 = ORIENTED_EDGE('',*,*,#2263,.T.);
#2263 = EDGE_CURVE('',#2255,#2236,#2264,.T.);
#2264 = LINE('',#2265,#2266);
#2265 = CARTESIAN_POINT('',(8.5,-37.5,1.51));
#2266 = VECTOR('',#2267,1.);
#2267 = DIRECTION('',(0.,-1.,0.));
#2268 = FACE_BOUND('',#2269,.T.);
#2269 = EDGE_LOOP('',(#2270,#2281,#2289,#2298));
#2270 = ORIENTED_EDGE('',*,*,#2271,.T.);
#2271 = EDGE_CURVE('',#2272,#2274,#2276,.T.);
#2272 = VERTEX_POINT('',#2273);
#2273 = CARTESIAN_POINT('',(14.5,-75.,1.51));
#2274 = VERTEX_POINT('',#2275);
#2275 = CARTESIAN_POINT('',(13.5,-75.,1.51));
#2276 = CIRCLE('',#2277,0.5);
#2277 = AXIS2_PLACEMENT_3D('',#2278,#2279,#2280);
#2278 = CARTESIAN_POINT('',(14.,-75.,1.51));
#2279 = DIRECTION('',(-0.,0.,-1.));
#2280 = DIRECTION('',(-1.,0.,0.));
#2281 = ORIENTED_EDGE('',*,*,#2282,.T.);
#2282 = EDGE_CURVE('',#2274,#2283,#2285,.T.);
#2283 = VERTEX_POINT('',#2284);
#2284 = CARTESIAN_POINT('',(13.5,-73.,1.51));
#2285 = LINE('',#2286,#2287);
#2286 = CARTESIAN_POINT('',(13.5,-36.5,1.51));
#2287 = VECTOR('',#2288,1.);
#2288 = DIRECTION('',(-0.,1.,0.));
#2289 = ORIENTED_EDGE('',*,*,#2290,.T.);
#2290 = EDGE_CURVE('',#2283,#2291,#2293,.T.);
#2291 = VERTEX_POINT('',#2292);
#2292 = CARTESIAN_POINT('',(14.5,-73.,1.51));
#2293 = CIRCLE('',#2294,0.5);
#2294 = AXIS2_PLACEMENT_3D('',#2295,#2296,#2297);
#2295 = CARTESIAN_POINT('',(14.,-73.,1.51));
#2296 = DIRECTION('',(0.,-0.,-1.));
#2297 = DIRECTION('',(1.,0.,-0.));
#2298 = ORIENTED_EDGE('',*,*,#2299,.T.);
#2299 = EDGE_CURVE('',#2291,#2272,#2300,.T.);
#2300 = LINE('',#2301,#2302);
#2301 = CARTESIAN_POINT('',(14.5,-37.5,1.51));
#2302 = VECTOR('',#2303,1.);
#2303 = DIRECTION('',(0.,-1.,0.));
#2304 = FACE_BOUND('',#2305,.T.);
#2305 = EDGE_LOOP('',(#2306));
#2306 = ORIENTED_EDGE('',*,*,#2307,.T.);
#2307 = EDGE_CURVE('',#2308,#2308,#2310,.T.);
#2308 = VERTEX_POINT('',#2309);
#2309 = CARTESIAN_POINT('',(35.36,-74.854,1.51));
#2310 = CIRCLE('',#2311,0.5);
#2311 = AXIS2_PLACEMENT_3D('',#2312,#2313,#2314);
#2312 = CARTESIAN_POINT('',(35.36,-74.354,1.51));
#2313 = DIRECTION('',(-0.,0.,-1.));
#2314 = DIRECTION('',(-0.,-1.,0.));
#2315 = FACE_BOUND('',#2316,.T.);
#2316 = EDGE_LOOP('',(#2317));
#2317 = ORIENTED_EDGE('',*,*,#2318,.T.);
#2318 = EDGE_CURVE('',#2319,#2319,#2321,.T.);
#2319 = VERTEX_POINT('',#2320);
#2320 = CARTESIAN_POINT('',(37.9,-74.854,1.51));
#2321 = CIRCLE('',#2322,0.5);
#2322 = AXIS2_PLACEMENT_3D('',#2323,#2324,#2325);
#2323 = CARTESIAN_POINT('',(37.9,-74.354,1.51));
#2324 = DIRECTION('',(-0.,0.,-1.));
#2325 = DIRECTION('',(-0.,-1.,0.));
#2326 = FACE_BOUND('',#2327,.T.);
#2327 = EDGE_LOOP('',(#2328));
#2328 = ORIENTED_EDGE('',*,*,#2329,.T.);
#2329 = EDGE_CURVE('',#2330,#2330,#2332,.T.);
#2330 = VERTEX_POINT('',#2331);
#2331 = CARTESIAN_POINT('',(40.44,-74.854,1.51));
#2332 = CIRCLE('',#2333,0.5);
#2333 = AXIS2_PLACEMENT_3D('',#2334,#2335,#2336);
#2334 = CARTESIAN_POINT('',(40.44,-74.354,1.51));
#2335 = DIRECTION('',(-0.,0.,-1.));
#2336 = DIRECTION('',(-0.,-1.,0.));
#2337 = FACE_BOUND('',#2338,.T.);
#2338 = EDGE_LOOP('',(#2339));
#2339 = ORIENTED_EDGE('',*,*,#2340,.T.);
#2340 = EDGE_CURVE('',#2341,#2341,#2343,.T.);
#2341 = VERTEX_POINT('',#2342);
#2342 = CARTESIAN_POINT('',(80.,-93.35,1.51));
#2343 = CIRCLE('',#2344,1.35);
#2344 = AXIS2_PLACEMENT_3D('',#2345,#2346,#2347);
#2345 = CARTESIAN_POINT('',(80.,-92.,1.51));
#2346 = DIRECTION('',(-0.,0.,-1.));
#2347 = DIRECTION('',(-0.,-1.,0.));
#2348 = FACE_BOUND('',#2349,.T.);
#2349 = EDGE_LOOP('',(#2350));
#2350 = ORIENTED_EDGE('',*,*,#2351,.T.);
#2351 = EDGE_CURVE('',#2352,#2352,#2354,.T.);
#2352 = VERTEX_POINT('',#2353);
#2353 = CARTESIAN_POINT('',(87.19,-86.79,1.51));
#2354 = CIRCLE('',#2355,0.4);
#2355 = AXIS2_PLACEMENT_3D('',#2356,#2357,#2358);
#2356 = CARTESIAN_POINT('',(87.19,-86.39,1.51));
#2357 = DIRECTION('',(-0.,0.,-1.));
#2358 = DIRECTION('',(-0.,-1.,0.));
#2359 = FACE_BOUND('',#2360,.T.);
#2360 = EDGE_LOOP('',(#2361));
#2361 = ORIENTED_EDGE('',*,*,#2362,.T.);
#2362 = EDGE_CURVE('',#2363,#2363,#2365,.T.);
#2363 = VERTEX_POINT('',#2364);
#2364 = CARTESIAN_POINT('',(87.19,-84.25,1.51));
#2365 = CIRCLE('',#2366,0.4);
#2366 = AXIS2_PLACEMENT_3D('',#2367,#2368,#2369);
#2367 = CARTESIAN_POINT('',(87.19,-83.85,1.51));
#2368 = DIRECTION('',(-0.,0.,-1.));
#2369 = DIRECTION('',(-0.,-1.,0.));
#2370 = FACE_BOUND('',#2371,.T.);
#2371 = EDGE_LOOP('',(#2372));
#2372 = ORIENTED_EDGE('',*,*,#2373,.T.);
#2373 = EDGE_CURVE('',#2374,#2374,#2376,.T.);
#2374 = VERTEX_POINT('',#2375);
#2375 = CARTESIAN_POINT('',(87.19,-81.71,1.51));
#2376 = CIRCLE('',#2377,0.4);
#2377 = AXIS2_PLACEMENT_3D('',#2378,#2379,#2380);
#2378 = CARTESIAN_POINT('',(87.19,-81.31,1.51));
#2379 = DIRECTION('',(-0.,0.,-1.));
#2380 = DIRECTION('',(-0.,-1.,0.));
#2381 = FACE_BOUND('',#2382,.T.);
#2382 = EDGE_LOOP('',(#2383));
#2383 = ORIENTED_EDGE('',*,*,#2384,.T.);
#2384 = EDGE_CURVE('',#2385,#2385,#2387,.T.);
#2385 = VERTEX_POINT('',#2386);
#2386 = CARTESIAN_POINT('',(87.19,-79.17,1.51));
#2387 = CIRCLE('',#2388,0.4);
#2388 = AXIS2_PLACEMENT_3D('',#2389,#2390,#2391);
#2389 = CARTESIAN_POINT('',(87.19,-78.77,1.51));
#2390 = DIRECTION('',(-0.,0.,-1.));
#2391 = DIRECTION('',(-0.,-1.,0.));
#2392 = FACE_BOUND('',#2393,.T.);
#2393 = EDGE_LOOP('',(#2394));
#2394 = ORIENTED_EDGE('',*,*,#2395,.T.);
#2395 = EDGE_CURVE('',#2396,#2396,#2398,.T.);
#2396 = VERTEX_POINT('',#2397);
#2397 = CARTESIAN_POINT('',(87.19,-76.63,1.51));
#2398 = CIRCLE('',#2399,0.4);
#2399 = AXIS2_PLACEMENT_3D('',#2400,#2401,#2402);
#2400 = CARTESIAN_POINT('',(87.19,-76.23,1.51));
#2401 = DIRECTION('',(-0.,0.,-1.));
#2402 = DIRECTION('',(-0.,-1.,0.));
#2403 = FACE_BOUND('',#2404,.T.);
#2404 = EDGE_LOOP('',(#2405));
#2405 = ORIENTED_EDGE('',*,*,#2406,.T.);
#2406 = EDGE_CURVE('',#2407,#2407,#2409,.T.);
#2407 = VERTEX_POINT('',#2408);
#2408 = CARTESIAN_POINT('',(87.19,-74.09,1.51));
#2409 = CIRCLE('',#2410,0.4);
#2410 = AXIS2_PLACEMENT_3D('',#2411,#2412,#2413);
#2411 = CARTESIAN_POINT('',(87.19,-73.69,1.51));
#2412 = DIRECTION('',(-0.,0.,-1.));
#2413 = DIRECTION('',(-0.,-1.,0.));
#2414 = FACE_BOUND('',#2415,.T.);
#2415 = EDGE_LOOP('',(#2416));
#2416 = ORIENTED_EDGE('',*,*,#2417,.T.);
#2417 = EDGE_CURVE('',#2418,#2418,#2420,.T.);
#2418 = VERTEX_POINT('',#2419);
#2419 = CARTESIAN_POINT('',(87.19,-71.55,1.51));
#2420 = CIRCLE('',#2421,0.4);
#2421 = AXIS2_PLACEMENT_3D('',#2422,#2423,#2424);
#2422 = CARTESIAN_POINT('',(87.19,-71.15,1.51));
#2423 = DIRECTION('',(-0.,0.,-1.));
#2424 = DIRECTION('',(-0.,-1.,0.));
#2425 = FACE_BOUND('',#2426,.T.);
#2426 = EDGE_LOOP('',(#2427,#2438,#2446,#2455));
#2427 = ORIENTED_EDGE('',*,*,#2428,.T.);
#2428 = EDGE_CURVE('',#2429,#2431,#2433,.T.);
#2429 = VERTEX_POINT('',#2430);
#2430 = CARTESIAN_POINT('',(12.,-68.8,1.51));
#2431 = VERTEX_POINT('',#2432);
#2432 = CARTESIAN_POINT('',(12.,-69.8,1.51));
#2433 = CIRCLE('',#2434,0.5);
#2434 = AXIS2_PLACEMENT_3D('',#2435,#2436,#2437);
#2435 = CARTESIAN_POINT('',(12.,-69.3,1.51));
#2436 = DIRECTION('',(-0.,0.,-1.));
#2437 = DIRECTION('',(-0.,-1.,0.));
#2438 = ORIENTED_EDGE('',*,*,#2439,.T.);
#2439 = EDGE_CURVE('',#2431,#2440,#2442,.T.);
#2440 = VERTEX_POINT('',#2441);
#2441 = CARTESIAN_POINT('',(10.,-69.8,1.51));
#2442 = LINE('',#2443,#2444);
#2443 = CARTESIAN_POINT('',(5.,-69.8,1.51));
#2444 = VECTOR('',#2445,1.);
#2445 = DIRECTION('',(-1.,0.,0.));
#2446 = ORIENTED_EDGE('',*,*,#2447,.T.);
#2447 = EDGE_CURVE('',#2440,#2448,#2450,.T.);
#2448 = VERTEX_POINT('',#2449);
#2449 = CARTESIAN_POINT('',(10.,-68.8,1.51));
#2450 = CIRCLE('',#2451,0.5);
#2451 = AXIS2_PLACEMENT_3D('',#2452,#2453,#2454);
#2452 = CARTESIAN_POINT('',(10.,-69.3,1.51));
#2453 = DIRECTION('',(-0.,0.,-1.));
#2454 = DIRECTION('',(0.,1.,0.));
#2455 = ORIENTED_EDGE('',*,*,#2456,.T.);
#2456 = EDGE_CURVE('',#2448,#2429,#2457,.T.);
#2457 = LINE('',#2458,#2459);
#2458 = CARTESIAN_POINT('',(6.,-68.8,1.51));
#2459 = VECTOR('',#2460,1.);
#2460 = DIRECTION('',(1.,0.,-0.));
#2461 = FACE_BOUND('',#2462,.T.);
#2462 = EDGE_LOOP('',(#2463));
#2463 = ORIENTED_EDGE('',*,*,#2464,.T.);
#2464 = EDGE_CURVE('',#2465,#2465,#2467,.T.);
#2465 = VERTEX_POINT('',#2466);
#2466 = CARTESIAN_POINT('',(11.94,-57.954,1.51));
#2467 = CIRCLE('',#2468,0.45);
#2468 = AXIS2_PLACEMENT_3D('',#2469,#2470,#2471);
#2469 = CARTESIAN_POINT('',(11.94,-57.504,1.51));
#2470 = DIRECTION('',(-0.,0.,-1.));
#2471 = DIRECTION('',(-3.947459643112E-15,-1.,0.));
#2472 = FACE_BOUND('',#2473,.T.);
#2473 = EDGE_LOOP('',(#2474));
#2474 = ORIENTED_EDGE('',*,*,#2475,.T.);
#2475 = EDGE_CURVE('',#2476,#2476,#2478,.T.);
#2476 = VERTEX_POINT('',#2477);
#2477 = CARTESIAN_POINT('',(14.48,-57.954,1.51));
#2478 = CIRCLE('',#2479,0.45);
#2479 = AXIS2_PLACEMENT_3D('',#2480,#2481,#2482);
#2480 = CARTESIAN_POINT('',(14.48,-57.504,1.51));
#2481 = DIRECTION('',(-0.,0.,-1.));
#2482 = DIRECTION('',(-0.,-1.,0.));
#2483 = FACE_BOUND('',#2484,.T.);
#2484 = EDGE_LOOP('',(#2485));
#2485 = ORIENTED_EDGE('',*,*,#2486,.T.);
#2486 = EDGE_CURVE('',#2487,#2487,#2489,.T.);
#2487 = VERTEX_POINT('',#2488);
#2488 = CARTESIAN_POINT('',(13.21,-49.425,1.51));
#2489 = CIRCLE('',#2490,0.6);
#2490 = AXIS2_PLACEMENT_3D('',#2491,#2492,#2493);
#2491 = CARTESIAN_POINT('',(13.21,-48.825,1.51));
#2492 = DIRECTION('',(-0.,0.,-1.));
#2493 = DIRECTION('',(-0.,-1.,0.));
#2494 = FACE_BOUND('',#2495,.T.);
#2495 = EDGE_LOOP('',(#2496));
#2496 = ORIENTED_EDGE('',*,*,#2497,.T.);
#2497 = EDGE_CURVE('',#2498,#2498,#2500,.T.);
#2498 = VERTEX_POINT('',#2499);
#2499 = CARTESIAN_POINT('',(35.3,-57.954,1.51));
#2500 = CIRCLE('',#2501,0.45);
#2501 = AXIS2_PLACEMENT_3D('',#2502,#2503,#2504);
#2502 = CARTESIAN_POINT('',(35.3,-57.504,1.51));
#2503 = DIRECTION('',(-0.,0.,-1.));
#2504 = DIRECTION('',(-0.,-1.,0.));
#2505 = FACE_BOUND('',#2506,.T.);
#2506 = EDGE_LOOP('',(#2507));
#2507 = ORIENTED_EDGE('',*,*,#2508,.T.);
#2508 = EDGE_CURVE('',#2509,#2509,#2511,.T.);
#2509 = VERTEX_POINT('',#2510);
#2510 = CARTESIAN_POINT('',(37.84,-57.954,1.51));
#2511 = CIRCLE('',#2512,0.45);
#2512 = AXIS2_PLACEMENT_3D('',#2513,#2514,#2515);
#2513 = CARTESIAN_POINT('',(37.84,-57.504,1.51));
#2514 = DIRECTION('',(-0.,0.,-1.));
#2515 = DIRECTION('',(-0.,-1.,0.));
#2516 = FACE_BOUND('',#2517,.T.);
#2517 = EDGE_LOOP('',(#2518));
#2518 = ORIENTED_EDGE('',*,*,#2519,.T.);
#2519 = EDGE_CURVE('',#2520,#2520,#2522,.T.);
#2520 = VERTEX_POINT('',#2521);
#2521 = CARTESIAN_POINT('',(36.57,-49.425,1.51));
#2522 = CIRCLE('',#2523,0.6);
#2523 = AXIS2_PLACEMENT_3D('',#2524,#2525,#2526);
#2524 = CARTESIAN_POINT('',(36.57,-48.825,1.51));
#2525 = DIRECTION('',(-0.,0.,-1.));
#2526 = DIRECTION('',(-0.,-1.,0.));
#2527 = FACE_BOUND('',#2528,.T.);
#2528 = EDGE_LOOP('',(#2529));
#2529 = ORIENTED_EDGE('',*,*,#2530,.T.);
#2530 = EDGE_CURVE('',#2531,#2531,#2533,.T.);
#2531 = VERTEX_POINT('',#2532);
#2532 = CARTESIAN_POINT('',(87.19,-69.01,1.51));
#2533 = CIRCLE('',#2534,0.4);
#2534 = AXIS2_PLACEMENT_3D('',#2535,#2536,#2537);
#2535 = CARTESIAN_POINT('',(87.19,-68.61,1.51));
#2536 = DIRECTION('',(-0.,0.,-1.));
#2537 = DIRECTION('',(-0.,-1.,0.));
#2538 = FACE_BOUND('',#2539,.T.);
#2539 = EDGE_LOOP('',(#2540));
#2540 = ORIENTED_EDGE('',*,*,#2541,.T.);
#2541 = EDGE_CURVE('',#2542,#2542,#2544,.T.);
#2542 = VERTEX_POINT('',#2543);
#2543 = CARTESIAN_POINT('',(62.72,-57.954,1.51));
#2544 = CIRCLE('',#2545,0.45);
#2545 = AXIS2_PLACEMENT_3D('',#2546,#2547,#2548);
#2546 = CARTESIAN_POINT('',(62.72,-57.504,1.51));
#2547 = DIRECTION('',(-0.,0.,-1.));
#2548 = DIRECTION('',(-0.,-1.,0.));
#2549 = FACE_BOUND('',#2550,.T.);
#2550 = EDGE_LOOP('',(#2551));
#2551 = ORIENTED_EDGE('',*,*,#2552,.T.);
#2552 = EDGE_CURVE('',#2553,#2553,#2555,.T.);
#2553 = VERTEX_POINT('',#2554);
#2554 = CARTESIAN_POINT('',(65.26,-57.954,1.51));
#2555 = CIRCLE('',#2556,0.45);
#2556 = AXIS2_PLACEMENT_3D('',#2557,#2558,#2559);
#2557 = CARTESIAN_POINT('',(65.26,-57.504,1.51));
#2558 = DIRECTION('',(-0.,0.,-1.));
#2559 = DIRECTION('',(3.157967714489E-14,-1.,-0.));
#2560 = FACE_BOUND('',#2561,.T.);
#2561 = EDGE_LOOP('',(#2562));
#2562 = ORIENTED_EDGE('',*,*,#2563,.T.);
#2563 = EDGE_CURVE('',#2564,#2564,#2566,.T.);
#2564 = VERTEX_POINT('',#2565);
#2565 = CARTESIAN_POINT('',(50.535,-50.5,1.51));
#2566 = CIRCLE('',#2567,0.5);
#2567 = AXIS2_PLACEMENT_3D('',#2568,#2569,#2570);
#2568 = CARTESIAN_POINT('',(50.535,-50.,1.51));
#2569 = DIRECTION('',(-0.,0.,-1.));
#2570 = DIRECTION('',(-0.,-1.,0.));
#2571 = FACE_BOUND('',#2572,.T.);
#2572 = EDGE_LOOP('',(#2573));
#2573 = ORIENTED_EDGE('',*,*,#2574,.T.);
#2574 = EDGE_CURVE('',#2575,#2575,#2577,.T.);
#2575 = VERTEX_POINT('',#2576);
#2576 = CARTESIAN_POINT('',(63.99,-49.425,1.51));
#2577 = CIRCLE('',#2578,0.6);
#2578 = AXIS2_PLACEMENT_3D('',#2579,#2580,#2581);
#2579 = CARTESIAN_POINT('',(63.99,-48.825,1.51));
#2580 = DIRECTION('',(-0.,0.,-1.));
#2581 = DIRECTION('',(-0.,-1.,0.));
#2582 = FACE_BOUND('',#2583,.T.);
#2583 = EDGE_LOOP('',(#2584));
#2584 = ORIENTED_EDGE('',*,*,#2585,.T.);
#2585 = EDGE_CURVE('',#2586,#2586,#2588,.T.);
#2586 = VERTEX_POINT('',#2587);
#2587 = CARTESIAN_POINT('',(86.1,-57.954,1.51));
#2588 = CIRCLE('',#2589,0.45);
#2589 = AXIS2_PLACEMENT_3D('',#2590,#2591,#2592);
#2590 = CARTESIAN_POINT('',(86.1,-57.504,1.51));
#2591 = DIRECTION('',(-0.,0.,-1.));
#2592 = DIRECTION('',(-0.,-1.,0.));
#2593 = FACE_BOUND('',#2594,.T.);
#2594 = EDGE_LOOP('',(#2595));
#2595 = ORIENTED_EDGE('',*,*,#2596,.T.);
#2596 = EDGE_CURVE('',#2597,#2597,#2599,.T.);
#2597 = VERTEX_POINT('',#2598);
#2598 = CARTESIAN_POINT('',(87.37,-49.425,1.51));
#2599 = CIRCLE('',#2600,0.6);
#2600 = AXIS2_PLACEMENT_3D('',#2601,#2602,#2603);
#2601 = CARTESIAN_POINT('',(87.37,-48.825,1.51));
#2602 = DIRECTION('',(-0.,0.,-1.));
#2603 = DIRECTION('',(-0.,-1.,0.));
#2604 = FACE_BOUND('',#2605,.T.);
#2605 = EDGE_LOOP('',(#2606));
#2606 = ORIENTED_EDGE('',*,*,#2607,.T.);
#2607 = EDGE_CURVE('',#2608,#2608,#2610,.T.);
#2608 = VERTEX_POINT('',#2609);
#2609 = CARTESIAN_POINT('',(94.81,-86.79,1.51));
#2610 = CIRCLE('',#2611,0.4);
#2611 = AXIS2_PLACEMENT_3D('',#2612,#2613,#2614);
#2612 = CARTESIAN_POINT('',(94.81,-86.39,1.51));
#2613 = DIRECTION('',(-0.,0.,-1.));
#2614 = DIRECTION('',(-0.,-1.,0.));
#2615 = FACE_BOUND('',#2616,.T.);
#2616 = EDGE_LOOP('',(#2617));
#2617 = ORIENTED_EDGE('',*,*,#2618,.T.);
#2618 = EDGE_CURVE('',#2619,#2619,#2621,.T.);
#2619 = VERTEX_POINT('',#2620);
#2620 = CARTESIAN_POINT('',(94.81,-84.25,1.51));
#2621 = CIRCLE('',#2622,0.4);
#2622 = AXIS2_PLACEMENT_3D('',#2623,#2624,#2625);
#2623 = CARTESIAN_POINT('',(94.81,-83.85,1.51));
#2624 = DIRECTION('',(-0.,0.,-1.));
#2625 = DIRECTION('',(-0.,-1.,0.));
#2626 = FACE_BOUND('',#2627,.T.);
#2627 = EDGE_LOOP('',(#2628));
#2628 = ORIENTED_EDGE('',*,*,#2629,.T.);
#2629 = EDGE_CURVE('',#2630,#2630,#2632,.T.);
#2630 = VERTEX_POINT('',#2631);
#2631 = CARTESIAN_POINT('',(94.81,-81.71,1.51));
#2632 = CIRCLE('',#2633,0.4);
#2633 = AXIS2_PLACEMENT_3D('',#2634,#2635,#2636);
#2634 = CARTESIAN_POINT('',(94.81,-81.31,1.51));
#2635 = DIRECTION('',(-0.,0.,-1.));
#2636 = DIRECTION('',(-0.,-1.,0.));
#2637 = FACE_BOUND('',#2638,.T.);
#2638 = EDGE_LOOP('',(#2639));
#2639 = ORIENTED_EDGE('',*,*,#2640,.T.);
#2640 = EDGE_CURVE('',#2641,#2641,#2643,.T.);
#2641 = VERTEX_POINT('',#2642);
#2642 = CARTESIAN_POINT('',(94.81,-79.17,1.51));
#2643 = CIRCLE('',#2644,0.4);
#2644 = AXIS2_PLACEMENT_3D('',#2645,#2646,#2647);
#2645 = CARTESIAN_POINT('',(94.81,-78.77,1.51));
#2646 = DIRECTION('',(-0.,0.,-1.));
#2647 = DIRECTION('',(-0.,-1.,0.));
#2648 = FACE_BOUND('',#2649,.T.);
#2649 = EDGE_LOOP('',(#2650));
#2650 = ORIENTED_EDGE('',*,*,#2651,.T.);
#2651 = EDGE_CURVE('',#2652,#2652,#2654,.T.);
#2652 = VERTEX_POINT('',#2653);
#2653 = CARTESIAN_POINT('',(94.81,-76.63,1.51));
#2654 = CIRCLE('',#2655,0.4);
#2655 = AXIS2_PLACEMENT_3D('',#2656,#2657,#2658);
#2656 = CARTESIAN_POINT('',(94.81,-76.23,1.51));
#2657 = DIRECTION('',(-0.,0.,-1.));
#2658 = DIRECTION('',(-0.,-1.,0.));
#2659 = FACE_BOUND('',#2660,.T.);
#2660 = EDGE_LOOP('',(#2661));
#2661 = ORIENTED_EDGE('',*,*,#2662,.T.);
#2662 = EDGE_CURVE('',#2663,#2663,#2665,.T.);
#2663 = VERTEX_POINT('',#2664);
#2664 = CARTESIAN_POINT('',(94.81,-74.09,1.51));
#2665 = CIRCLE('',#2666,0.4);
#2666 = AXIS2_PLACEMENT_3D('',#2667,#2668,#2669);
#2667 = CARTESIAN_POINT('',(94.81,-73.69,1.51));
#2668 = DIRECTION('',(-0.,0.,-1.));
#2669 = DIRECTION('',(-0.,-1.,0.));
#2670 = FACE_BOUND('',#2671,.T.);
#2671 = EDGE_LOOP('',(#2672));
#2672 = ORIENTED_EDGE('',*,*,#2673,.T.);
#2673 = EDGE_CURVE('',#2674,#2674,#2676,.T.);
#2674 = VERTEX_POINT('',#2675);
#2675 = CARTESIAN_POINT('',(94.81,-71.55,1.51));
#2676 = CIRCLE('',#2677,0.4);
#2677 = AXIS2_PLACEMENT_3D('',#2678,#2679,#2680);
#2678 = CARTESIAN_POINT('',(94.81,-71.15,1.51));
#2679 = DIRECTION('',(-0.,0.,-1.));
#2680 = DIRECTION('',(-0.,-1.,0.));
#2681 = FACE_BOUND('',#2682,.T.);
#2682 = EDGE_LOOP('',(#2683));
#2683 = ORIENTED_EDGE('',*,*,#2684,.T.);
#2684 = EDGE_CURVE('',#2685,#2685,#2687,.T.);
#2685 = VERTEX_POINT('',#2686);
#2686 = CARTESIAN_POINT('',(171.,-93.35,1.51));
#2687 = CIRCLE('',#2688,1.35);
#2688 = AXIS2_PLACEMENT_3D('',#2689,#2690,#2691);
#2689 = CARTESIAN_POINT('',(171.,-92.,1.51));
#2690 = DIRECTION('',(-0.,0.,-1.));
#2691 = DIRECTION('',(-0.,-1.,0.));
#2692 = FACE_BOUND('',#2693,.T.);
#2693 = EDGE_LOOP('',(#2694));
#2694 = ORIENTED_EDGE('',*,*,#2695,.T.);
#2695 = EDGE_CURVE('',#2696,#2696,#2698,.T.);
#2696 = VERTEX_POINT('',#2697);
#2697 = CARTESIAN_POINT('',(94.81,-69.01,1.51));
#2698 = CIRCLE('',#2699,0.4);
#2699 = AXIS2_PLACEMENT_3D('',#2700,#2701,#2702);
#2700 = CARTESIAN_POINT('',(94.81,-68.61,1.51));
#2701 = DIRECTION('',(-0.,0.,-1.));
#2702 = DIRECTION('',(-0.,-1.,0.));
#2703 = FACE_BOUND('',#2704,.T.);
#2704 = EDGE_LOOP('',(#2705));
#2705 = ORIENTED_EDGE('',*,*,#2706,.T.);
#2706 = EDGE_CURVE('',#2707,#2707,#2709,.T.);
#2707 = VERTEX_POINT('',#2708);
#2708 = CARTESIAN_POINT('',(88.64,-57.954,1.51));
#2709 = CIRCLE('',#2710,0.45);
#2710 = AXIS2_PLACEMENT_3D('',#2711,#2712,#2713);
#2711 = CARTESIAN_POINT('',(88.64,-57.504,1.51));
#2712 = DIRECTION('',(-0.,0.,-1.));
#2713 = DIRECTION('',(-0.,-1.,0.));
#2714 = FACE_BOUND('',#2715,.T.);
#2715 = EDGE_LOOP('',(#2716));
#2716 = ORIENTED_EDGE('',*,*,#2717,.T.);
#2717 = EDGE_CURVE('',#2718,#2718,#2720,.T.);
#2718 = VERTEX_POINT('',#2719);
#2719 = CARTESIAN_POINT('',(103.335,-58.959,1.51));
#2720 = CIRCLE('',#2721,0.45);
#2721 = AXIS2_PLACEMENT_3D('',#2722,#2723,#2724);
#2722 = CARTESIAN_POINT('',(103.335,-58.509,1.51));
#2723 = DIRECTION('',(-0.,0.,-1.));
#2724 = DIRECTION('',(-3.157967714489E-14,-1.,0.));
#2725 = FACE_BOUND('',#2726,.T.);
#2726 = EDGE_LOOP('',(#2727));
#2727 = ORIENTED_EDGE('',*,*,#2728,.T.);
#2728 = EDGE_CURVE('',#2729,#2729,#2731,.T.);
#2729 = VERTEX_POINT('',#2730);
#2730 = CARTESIAN_POINT('',(105.875,-58.959,1.51));
#2731 = CIRCLE('',#2732,0.45);
#2732 = AXIS2_PLACEMENT_3D('',#2733,#2734,#2735);
#2733 = CARTESIAN_POINT('',(105.875,-58.509,1.51));
#2734 = DIRECTION('',(-0.,0.,-1.));
#2735 = DIRECTION('',(-0.,-1.,0.));
#2736 = FACE_BOUND('',#2737,.T.);
#2737 = EDGE_LOOP('',(#2738));
#2738 = ORIENTED_EDGE('',*,*,#2739,.T.);
#2739 = EDGE_CURVE('',#2740,#2740,#2742,.T.);
#2740 = VERTEX_POINT('',#2741);
#2741 = CARTESIAN_POINT('',(103.2399,-51.3915,1.51));
#2742 = CIRCLE('',#2743,0.5);
#2743 = AXIS2_PLACEMENT_3D('',#2744,#2745,#2746);
#2744 = CARTESIAN_POINT('',(103.2399,-50.8915,1.51));
#2745 = DIRECTION('',(-0.,0.,-1.));
#2746 = DIRECTION('',(-0.,-1.,0.));
#2747 = FACE_BOUND('',#2748,.T.);
#2748 = EDGE_LOOP('',(#2749));
#2749 = ORIENTED_EDGE('',*,*,#2750,.T.);
#2750 = EDGE_CURVE('',#2751,#2751,#2753,.T.);
#2751 = VERTEX_POINT('',#2752);
#2752 = CARTESIAN_POINT('',(105.9699,-51.3915,1.51));
#2753 = CIRCLE('',#2754,0.5);
#2754 = AXIS2_PLACEMENT_3D('',#2755,#2756,#2757);
#2755 = CARTESIAN_POINT('',(105.9699,-50.8915,1.51));
#2756 = DIRECTION('',(-0.,0.,-1.));
#2757 = DIRECTION('',(-0.,-1.,0.));
#2758 = FACE_BOUND('',#2759,.T.);
#2759 = EDGE_LOOP('',(#2760));
#2760 = ORIENTED_EDGE('',*,*,#2761,.T.);
#2761 = EDGE_CURVE('',#2762,#2762,#2764,.T.);
#2762 = VERTEX_POINT('',#2763);
#2763 = CARTESIAN_POINT('',(101.8274,-49.3915,1.51));
#2764 = CIRCLE('',#2765,0.5);
#2765 = AXIS2_PLACEMENT_3D('',#2766,#2767,#2768);
#2766 = CARTESIAN_POINT('',(101.8274,-48.8915,1.51));
#2767 = DIRECTION('',(-0.,0.,-1.));
#2768 = DIRECTION('',(-0.,-1.,0.));
#2769 = FACE_BOUND('',#2770,.T.);
#2770 = EDGE_LOOP('',(#2771));
#2771 = ORIENTED_EDGE('',*,*,#2772,.T.);
#2772 = EDGE_CURVE('',#2773,#2773,#2775,.T.);
#2773 = VERTEX_POINT('',#2774);
#2774 = CARTESIAN_POINT('',(107.3824,-49.3915,1.51));
#2775 = CIRCLE('',#2776,0.5);
#2776 = AXIS2_PLACEMENT_3D('',#2777,#2778,#2779);
#2777 = CARTESIAN_POINT('',(107.3824,-48.8915,1.51));
#2778 = DIRECTION('',(-0.,0.,-1.));
#2779 = DIRECTION('',(-0.,-1.,0.));
#2780 = FACE_BOUND('',#2781,.T.);
#2781 = EDGE_LOOP('',(#2782));
#2782 = ORIENTED_EDGE('',*,*,#2783,.T.);
#2783 = EDGE_CURVE('',#2784,#2784,#2786,.T.);
#2784 = VERTEX_POINT('',#2785);
#2785 = CARTESIAN_POINT('',(116.335,-58.959,1.51));
#2786 = CIRCLE('',#2787,0.45);
#2787 = AXIS2_PLACEMENT_3D('',#2788,#2789,#2790);
#2788 = CARTESIAN_POINT('',(116.335,-58.509,1.51));
#2789 = DIRECTION('',(-0.,0.,-1.));
#2790 = DIRECTION('',(-3.157967714489E-14,-1.,0.));
#2791 = FACE_BOUND('',#2792,.T.);
#2792 = EDGE_LOOP('',(#2793));
#2793 = ORIENTED_EDGE('',*,*,#2794,.T.);
#2794 = EDGE_CURVE('',#2795,#2795,#2797,.T.);
#2795 = VERTEX_POINT('',#2796);
#2796 = CARTESIAN_POINT('',(118.875,-58.959,1.51));
#2797 = CIRCLE('',#2798,0.45);
#2798 = AXIS2_PLACEMENT_3D('',#2799,#2800,#2801);
#2799 = CARTESIAN_POINT('',(118.875,-58.509,1.51));
#2800 = DIRECTION('',(-0.,0.,-1.));
#2801 = DIRECTION('',(-0.,-1.,0.));
#2802 = FACE_BOUND('',#2803,.T.);
#2803 = EDGE_LOOP('',(#2804));
#2804 = ORIENTED_EDGE('',*,*,#2805,.T.);
#2805 = EDGE_CURVE('',#2806,#2806,#2808,.T.);
#2806 = VERTEX_POINT('',#2807);
#2807 = CARTESIAN_POINT('',(116.2399,-51.3915,1.51));
#2808 = CIRCLE('',#2809,0.5);
#2809 = AXIS2_PLACEMENT_3D('',#2810,#2811,#2812);
#2810 = CARTESIAN_POINT('',(116.2399,-50.8915,1.51));
#2811 = DIRECTION('',(-0.,0.,-1.));
#2812 = DIRECTION('',(-0.,-1.,0.));
#2813 = FACE_BOUND('',#2814,.T.);
#2814 = EDGE_LOOP('',(#2815));
#2815 = ORIENTED_EDGE('',*,*,#2816,.T.);
#2816 = EDGE_CURVE('',#2817,#2817,#2819,.T.);
#2817 = VERTEX_POINT('',#2818);
#2818 = CARTESIAN_POINT('',(118.9699,-51.3915,1.51));
#2819 = CIRCLE('',#2820,0.5);
#2820 = AXIS2_PLACEMENT_3D('',#2821,#2822,#2823);
#2821 = CARTESIAN_POINT('',(118.9699,-50.8915,1.51));
#2822 = DIRECTION('',(-0.,0.,-1.));
#2823 = DIRECTION('',(-0.,-1.,0.));
#2824 = FACE_BOUND('',#2825,.T.);
#2825 = EDGE_LOOP('',(#2826));
#2826 = ORIENTED_EDGE('',*,*,#2827,.T.);
#2827 = EDGE_CURVE('',#2828,#2828,#2830,.T.);
#2828 = VERTEX_POINT('',#2829);
#2829 = CARTESIAN_POINT('',(114.8274,-49.3915,1.51));
#2830 = CIRCLE('',#2831,0.5);
#2831 = AXIS2_PLACEMENT_3D('',#2832,#2833,#2834);
#2832 = CARTESIAN_POINT('',(114.8274,-48.8915,1.51));
#2833 = DIRECTION('',(-0.,0.,-1.));
#2834 = DIRECTION('',(-0.,-1.,0.));
#2835 = FACE_BOUND('',#2836,.T.);
#2836 = EDGE_LOOP('',(#2837));
#2837 = ORIENTED_EDGE('',*,*,#2838,.T.);
#2838 = EDGE_CURVE('',#2839,#2839,#2841,.T.);
#2839 = VERTEX_POINT('',#2840);
#2840 = CARTESIAN_POINT('',(120.3824,-49.3915,1.51));
#2841 = CIRCLE('',#2842,0.5);
#2842 = AXIS2_PLACEMENT_3D('',#2843,#2844,#2845);
#2843 = CARTESIAN_POINT('',(120.3824,-48.8915,1.51));
#2844 = DIRECTION('',(-0.,0.,-1.));
#2845 = DIRECTION('',(-0.,-1.,0.));
#2846 = FACE_BOUND('',#2847,.T.);
#2847 = EDGE_LOOP('',(#2848));
#2848 = ORIENTED_EDGE('',*,*,#2849,.T.);
#2849 = EDGE_CURVE('',#2850,#2850,#2852,.T.);
#2850 = VERTEX_POINT('',#2851);
#2851 = CARTESIAN_POINT('',(133.73,-57.954,1.51));
#2852 = CIRCLE('',#2853,0.45);
#2853 = AXIS2_PLACEMENT_3D('',#2854,#2855,#2856);
#2854 = CARTESIAN_POINT('',(133.73,-57.504,1.51));
#2855 = DIRECTION('',(-0.,0.,-1.));
#2856 = DIRECTION('',(-6.315935428979E-14,-1.,0.));
#2857 = FACE_BOUND('',#2858,.T.);
#2858 = EDGE_LOOP('',(#2859));
#2859 = ORIENTED_EDGE('',*,*,#2860,.T.);
#2860 = EDGE_CURVE('',#2861,#2861,#2863,.T.);
#2861 = VERTEX_POINT('',#2862);
#2862 = CARTESIAN_POINT('',(136.27,-57.954,1.51));
#2863 = CIRCLE('',#2864,0.45);
#2864 = AXIS2_PLACEMENT_3D('',#2865,#2866,#2867);
#2865 = CARTESIAN_POINT('',(136.27,-57.504,1.51));
#2866 = DIRECTION('',(-0.,0.,-1.));
#2867 = DIRECTION('',(6.315935428978E-14,-1.,-0.));
#2868 = FACE_BOUND('',#2869,.T.);
#2869 = EDGE_LOOP('',(#2870));
#2870 = ORIENTED_EDGE('',*,*,#2871,.T.);
#2871 = EDGE_CURVE('',#2872,#2872,#2874,.T.);
#2872 = VERTEX_POINT('',#2873);
#2873 = CARTESIAN_POINT('',(144.23,-57.954,1.51));
#2874 = CIRCLE('',#2875,0.45);
#2875 = AXIS2_PLACEMENT_3D('',#2876,#2877,#2878);
#2876 = CARTESIAN_POINT('',(144.23,-57.504,1.51));
#2877 = DIRECTION('',(-0.,0.,-1.));
#2878 = DIRECTION('',(-6.315935428979E-14,-1.,0.));
#2879 = FACE_BOUND('',#2880,.T.);
#2880 = EDGE_LOOP('',(#2881));
#2881 = ORIENTED_EDGE('',*,*,#2882,.T.);
#2882 = EDGE_CURVE('',#2883,#2883,#2885,.T.);
#2883 = VERTEX_POINT('',#2884);
#2884 = CARTESIAN_POINT('',(146.77,-57.954,1.51));
#2885 = CIRCLE('',#2886,0.45);
#2886 = AXIS2_PLACEMENT_3D('',#2887,#2888,#2889);
#2887 = CARTESIAN_POINT('',(146.77,-57.504,1.51));
#2888 = DIRECTION('',(-0.,0.,-1.));
#2889 = DIRECTION('',(6.315935428978E-14,-1.,-0.));
#2890 = FACE_BOUND('',#2891,.T.);
#2891 = EDGE_LOOP('',(#2892));
#2892 = ORIENTED_EDGE('',*,*,#2893,.T.);
#2893 = EDGE_CURVE('',#2894,#2894,#2896,.T.);
#2894 = VERTEX_POINT('',#2895);
#2895 = CARTESIAN_POINT('',(135.,-49.425,1.51));
#2896 = CIRCLE('',#2897,0.6);
#2897 = AXIS2_PLACEMENT_3D('',#2898,#2899,#2900);
#2898 = CARTESIAN_POINT('',(135.,-48.825,1.51));
#2899 = DIRECTION('',(-0.,0.,-1.));
#2900 = DIRECTION('',(-0.,-1.,0.));
#2901 = FACE_BOUND('',#2902,.T.);
#2902 = EDGE_LOOP('',(#2903));
#2903 = ORIENTED_EDGE('',*,*,#2904,.T.);
#2904 = EDGE_CURVE('',#2905,#2905,#2907,.T.);
#2905 = VERTEX_POINT('',#2906);
#2906 = CARTESIAN_POINT('',(154.73,-57.954,1.51));
#2907 = CIRCLE('',#2908,0.45);
#2908 = AXIS2_PLACEMENT_3D('',#2909,#2910,#2911);
#2909 = CARTESIAN_POINT('',(154.73,-57.504,1.51));
#2910 = DIRECTION('',(-0.,0.,-1.));
#2911 = DIRECTION('',(-6.315935428979E-14,-1.,0.));
#2912 = FACE_BOUND('',#2913,.T.);
#2913 = EDGE_LOOP('',(#2914));
#2914 = ORIENTED_EDGE('',*,*,#2915,.T.);
#2915 = EDGE_CURVE('',#2916,#2916,#2918,.T.);
#2916 = VERTEX_POINT('',#2917);
#2917 = CARTESIAN_POINT('',(157.27,-57.954,1.51));
#2918 = CIRCLE('',#2919,0.45);
#2919 = AXIS2_PLACEMENT_3D('',#2920,#2921,#2922);
#2920 = CARTESIAN_POINT('',(157.27,-57.504,1.51));
#2921 = DIRECTION('',(-0.,0.,-1.));
#2922 = DIRECTION('',(6.315935428978E-14,-1.,-0.));
#2923 = FACE_BOUND('',#2924,.T.);
#2924 = EDGE_LOOP('',(#2925));
#2925 = ORIENTED_EDGE('',*,*,#2926,.T.);
#2926 = EDGE_CURVE('',#2927,#2927,#2929,.T.);
#2927 = VERTEX_POINT('',#2928);
#2928 = CARTESIAN_POINT('',(156.,-49.425,1.51));
#2929 = CIRCLE('',#2930,0.6);
#2930 = AXIS2_PLACEMENT_3D('',#2931,#2932,#2933);
#2931 = CARTESIAN_POINT('',(156.,-48.825,1.51));
#2932 = DIRECTION('',(-0.,0.,-1.));
#2933 = DIRECTION('',(-0.,-1.,0.));
#2934 = FACE_BOUND('',#2935,.T.);
#2935 = EDGE_LOOP('',(#2936));
#2936 = ORIENTED_EDGE('',*,*,#2937,.T.);
#2937 = EDGE_CURVE('',#2938,#2938,#2940,.T.);
#2938 = VERTEX_POINT('',#2939);
#2939 = CARTESIAN_POINT('',(9.229,-48.434,1.51));
#2940 = CIRCLE('',#2941,0.6);
#2941 = AXIS2_PLACEMENT_3D('',#2942,#2943,#2944);
#2942 = CARTESIAN_POINT('',(9.229,-47.834,1.51));
#2943 = DIRECTION('',(-0.,0.,-1.));
#2944 = DIRECTION('',(-0.,-1.,0.));
#2945 = FACE_BOUND('',#2946,.T.);
#2946 = EDGE_LOOP('',(#2947));
#2947 = ORIENTED_EDGE('',*,*,#2948,.T.);
#2948 = EDGE_CURVE('',#2949,#2949,#2951,.T.);
#2949 = VERTEX_POINT('',#2950);
#2950 = CARTESIAN_POINT('',(7.468,-44.929,1.51));
#2951 = CIRCLE('',#2952,0.6);
#2952 = AXIS2_PLACEMENT_3D('',#2953,#2954,#2955);
#2953 = CARTESIAN_POINT('',(7.468,-44.329,1.51));
#2954 = DIRECTION('',(-0.,0.,-1.));
#2955 = DIRECTION('',(-0.,-1.,0.));
#2956 = FACE_BOUND('',#2957,.T.);
#2957 = EDGE_LOOP('',(#2958));
#2958 = ORIENTED_EDGE('',*,*,#2959,.T.);
#2959 = EDGE_CURVE('',#2960,#2960,#2962,.T.);
#2960 = VERTEX_POINT('',#2961);
#2961 = CARTESIAN_POINT('',(17.197,-48.434,1.51));
#2962 = CIRCLE('',#2963,0.6);
#2963 = AXIS2_PLACEMENT_3D('',#2964,#2965,#2966);
#2964 = CARTESIAN_POINT('',(17.197,-47.834,1.51));
#2965 = DIRECTION('',(-0.,0.,-1.));
#2966 = DIRECTION('',(-5.921189464668E-15,-1.,0.));
#2967 = FACE_BOUND('',#2968,.T.);
#2968 = EDGE_LOOP('',(#2969));
#2969 = ORIENTED_EDGE('',*,*,#2970,.T.);
#2970 = EDGE_CURVE('',#2971,#2971,#2973,.T.);
#2971 = VERTEX_POINT('',#2972);
#2972 = CARTESIAN_POINT('',(18.951,-44.929,1.51));
#2973 = CIRCLE('',#2974,0.6);
#2974 = AXIS2_PLACEMENT_3D('',#2975,#2976,#2977);
#2975 = CARTESIAN_POINT('',(18.951,-44.329,1.51));
#2976 = DIRECTION('',(-0.,0.,-1.));
#2977 = DIRECTION('',(-0.,-1.,0.));
#2978 = FACE_BOUND('',#2979,.T.);
#2979 = EDGE_LOOP('',(#2980));
#2980 = ORIENTED_EDGE('',*,*,#2981,.T.);
#2981 = EDGE_CURVE('',#2982,#2982,#2984,.T.);
#2982 = VERTEX_POINT('',#2983);
#2983 = CARTESIAN_POINT('',(7.468,-40.434,1.51));
#2984 = CIRCLE('',#2985,0.6);
#2985 = AXIS2_PLACEMENT_3D('',#2986,#2987,#2988);
#2986 = CARTESIAN_POINT('',(7.468,-39.834,1.51));
#2987 = DIRECTION('',(-0.,0.,-1.));
#2988 = DIRECTION('',(-0.,-1.,0.));
#2989 = FACE_BOUND('',#2990,.T.);
#2990 = EDGE_LOOP('',(#2991));
#2991 = ORIENTED_EDGE('',*,*,#2992,.T.);
#2992 = EDGE_CURVE('',#2993,#2993,#2995,.T.);
#2993 = VERTEX_POINT('',#2994);
#2994 = CARTESIAN_POINT('',(13.21,-42.334,1.51));
#2995 = CIRCLE('',#2996,2.5);
#2996 = AXIS2_PLACEMENT_3D('',#2997,#2998,#2999);
#2997 = CARTESIAN_POINT('',(13.21,-39.834,1.51));
#2998 = DIRECTION('',(-0.,0.,-1.));
#2999 = DIRECTION('',(-0.,-1.,0.));
#3000 = FACE_BOUND('',#3001,.T.);
#3001 = EDGE_LOOP('',(#3002));
#3002 = ORIENTED_EDGE('',*,*,#3003,.T.);
#3003 = EDGE_CURVE('',#3004,#3004,#3006,.T.);
#3004 = VERTEX_POINT('',#3005);
#3005 = CARTESIAN_POINT('',(18.951,-40.434,1.51));
#3006 = CIRCLE('',#3007,0.6);
#3007 = AXIS2_PLACEMENT_3D('',#3008,#3009,#3010);
#3008 = CARTESIAN_POINT('',(18.951,-39.834,1.51));
#3009 = DIRECTION('',(-0.,0.,-1.));
#3010 = DIRECTION('',(-0.,-1.,0.));
#3011 = FACE_BOUND('',#3012,.T.);
#3012 = EDGE_LOOP('',(#3013));
#3013 = ORIENTED_EDGE('',*,*,#3014,.T.);
#3014 = EDGE_CURVE('',#3015,#3015,#3017,.T.);
#3015 = VERTEX_POINT('',#3016);
#3016 = CARTESIAN_POINT('',(32.589,-48.434,1.51));
#3017 = CIRCLE('',#3018,0.6);
#3018 = AXIS2_PLACEMENT_3D('',#3019,#3020,#3021);
#3019 = CARTESIAN_POINT('',(32.589,-47.834,1.51));
#3020 = DIRECTION('',(-0.,0.,-1.));
#3021 = DIRECTION('',(-0.,-1.,0.));
#3022 = FACE_BOUND('',#3023,.T.);
#3023 = EDGE_LOOP('',(#3024));
#3024 = ORIENTED_EDGE('',*,*,#3025,.T.);
#3025 = EDGE_CURVE('',#3026,#3026,#3028,.T.);
#3026 = VERTEX_POINT('',#3027);
#3027 = CARTESIAN_POINT('',(30.828,-44.929,1.51));
#3028 = CIRCLE('',#3029,0.6);
#3029 = AXIS2_PLACEMENT_3D('',#3030,#3031,#3032);
#3030 = CARTESIAN_POINT('',(30.828,-44.329,1.51));
#3031 = DIRECTION('',(-0.,0.,-1.));
#3032 = DIRECTION('',(-5.921189464668E-15,-1.,0.));
#3033 = FACE_BOUND('',#3034,.T.);
#3034 = EDGE_LOOP('',(#3035));
#3035 = ORIENTED_EDGE('',*,*,#3036,.T.);
#3036 = EDGE_CURVE('',#3037,#3037,#3039,.T.);
#3037 = VERTEX_POINT('',#3038);
#3038 = CARTESIAN_POINT('',(40.557,-48.434,1.51));
#3039 = CIRCLE('',#3040,0.6);
#3040 = AXIS2_PLACEMENT_3D('',#3041,#3042,#3043);
#3041 = CARTESIAN_POINT('',(40.557,-47.834,1.51));
#3042 = DIRECTION('',(-0.,0.,-1.));
#3043 = DIRECTION('',(-0.,-1.,0.));
#3044 = FACE_BOUND('',#3045,.T.);
#3045 = EDGE_LOOP('',(#3046));
#3046 = ORIENTED_EDGE('',*,*,#3047,.T.);
#3047 = EDGE_CURVE('',#3048,#3048,#3050,.T.);
#3048 = VERTEX_POINT('',#3049);
#3049 = CARTESIAN_POINT('',(42.311,-44.929,1.51));
#3050 = CIRCLE('',#3051,0.6);
#3051 = AXIS2_PLACEMENT_3D('',#3052,#3053,#3054);
#3052 = CARTESIAN_POINT('',(42.311,-44.329,1.51));
#3053 = DIRECTION('',(-0.,0.,-1.));
#3054 = DIRECTION('',(-0.,-1.,0.));
#3055 = FACE_BOUND('',#3056,.T.);
#3056 = EDGE_LOOP('',(#3057));
#3057 = ORIENTED_EDGE('',*,*,#3058,.T.);
#3058 = EDGE_CURVE('',#3059,#3059,#3061,.T.);
#3059 = VERTEX_POINT('',#3060);
#3060 = CARTESIAN_POINT('',(30.828,-40.434,1.51));
#3061 = CIRCLE('',#3062,0.6);
#3062 = AXIS2_PLACEMENT_3D('',#3063,#3064,#3065);
#3063 = CARTESIAN_POINT('',(30.828,-39.834,1.51));
#3064 = DIRECTION('',(-0.,0.,-1.));
#3065 = DIRECTION('',(-5.921189464668E-15,-1.,0.));
#3066 = FACE_BOUND('',#3067,.T.);
#3067 = EDGE_LOOP('',(#3068));
#3068 = ORIENTED_EDGE('',*,*,#3069,.T.);
#3069 = EDGE_CURVE('',#3070,#3070,#3072,.T.);
#3070 = VERTEX_POINT('',#3071);
#3071 = CARTESIAN_POINT('',(36.57,-42.334,1.51));
#3072 = CIRCLE('',#3073,2.5);
#3073 = AXIS2_PLACEMENT_3D('',#3074,#3075,#3076);
#3074 = CARTESIAN_POINT('',(36.57,-39.834,1.51));
#3075 = DIRECTION('',(-0.,0.,-1.));
#3076 = DIRECTION('',(-0.,-1.,0.));
#3077 = FACE_BOUND('',#3078,.T.);
#3078 = EDGE_LOOP('',(#3079));
#3079 = ORIENTED_EDGE('',*,*,#3080,.T.);
#3080 = EDGE_CURVE('',#3081,#3081,#3083,.T.);
#3081 = VERTEX_POINT('',#3082);
#3082 = CARTESIAN_POINT('',(42.311,-40.434,1.51));
#3083 = CIRCLE('',#3084,0.6);
#3084 = AXIS2_PLACEMENT_3D('',#3085,#3086,#3087);
#3085 = CARTESIAN_POINT('',(42.311,-39.834,1.51));
#3086 = DIRECTION('',(-0.,0.,-1.));
#3087 = DIRECTION('',(-0.,-1.,0.));
#3088 = FACE_BOUND('',#3089,.T.);
#3089 = EDGE_LOOP('',(#3090));
#3090 = ORIENTED_EDGE('',*,*,#3091,.T.);
#3091 = EDGE_CURVE('',#3092,#3092,#3094,.T.);
#3092 = VERTEX_POINT('',#3093);
#3093 = CARTESIAN_POINT('',(7.468,-35.94,1.51));
#3094 = CIRCLE('',#3095,0.6);
#3095 = AXIS2_PLACEMENT_3D('',#3096,#3097,#3098);
#3096 = CARTESIAN_POINT('',(7.468,-35.34,1.51));
#3097 = DIRECTION('',(-0.,0.,-1.));
#3098 = DIRECTION('',(-0.,-1.,0.));
#3099 = FACE_BOUND('',#3100,.T.);
#3100 = EDGE_LOOP('',(#3101));
#3101 = ORIENTED_EDGE('',*,*,#3102,.T.);
#3102 = EDGE_CURVE('',#3103,#3103,#3105,.T.);
#3103 = VERTEX_POINT('',#3104);
#3104 = CARTESIAN_POINT('',(9.229,-32.432,1.51));
#3105 = CIRCLE('',#3106,0.6);
#3106 = AXIS2_PLACEMENT_3D('',#3107,#3108,#3109);
#3107 = CARTESIAN_POINT('',(9.229,-31.832,1.51));
#3108 = DIRECTION('',(-0.,0.,-1.));
#3109 = DIRECTION('',(-0.,-1.,0.));
#3110 = FACE_BOUND('',#3111,.T.);
#3111 = EDGE_LOOP('',(#3112));
#3112 = ORIENTED_EDGE('',*,*,#3113,.T.);
#3113 = EDGE_CURVE('',#3114,#3114,#3116,.T.);
#3114 = VERTEX_POINT('',#3115);
#3115 = CARTESIAN_POINT('',(18.951,-35.94,1.51));
#3116 = CIRCLE('',#3117,0.6);
#3117 = AXIS2_PLACEMENT_3D('',#3118,#3119,#3120);
#3118 = CARTESIAN_POINT('',(18.951,-35.34,1.51));
#3119 = DIRECTION('',(-0.,0.,-1.));
#3120 = DIRECTION('',(-0.,-1.,0.));
#3121 = FACE_BOUND('',#3122,.T.);
#3122 = EDGE_LOOP('',(#3123));
#3123 = ORIENTED_EDGE('',*,*,#3124,.T.);
#3124 = EDGE_CURVE('',#3125,#3125,#3127,.T.);
#3125 = VERTEX_POINT('',#3126);
#3126 = CARTESIAN_POINT('',(17.197,-32.432,1.51));
#3127 = CIRCLE('',#3128,0.6);
#3128 = AXIS2_PLACEMENT_3D('',#3129,#3130,#3131);
#3129 = CARTESIAN_POINT('',(17.197,-31.832,1.51));
#3130 = DIRECTION('',(-0.,0.,-1.));
#3131 = DIRECTION('',(-5.921189464668E-15,-1.,0.));
#3132 = FACE_BOUND('',#3133,.T.);
#3133 = EDGE_LOOP('',(#3134));
#3134 = ORIENTED_EDGE('',*,*,#3135,.T.);
#3135 = EDGE_CURVE('',#3136,#3136,#3138,.T.);
#3136 = VERTEX_POINT('',#3137);
#3137 = CARTESIAN_POINT('',(13.21,-31.444,1.51));
#3138 = CIRCLE('',#3139,0.6);
#3139 = AXIS2_PLACEMENT_3D('',#3140,#3141,#3142);
#3140 = CARTESIAN_POINT('',(13.21,-30.844,1.51));
#3141 = DIRECTION('',(-0.,0.,-1.));
#3142 = DIRECTION('',(-0.,-1.,0.));
#3143 = FACE_BOUND('',#3144,.T.);
#3144 = EDGE_LOOP('',(#3145));
#3145 = ORIENTED_EDGE('',*,*,#3146,.T.);
#3146 = EDGE_CURVE('',#3147,#3147,#3149,.T.);
#3147 = VERTEX_POINT('',#3148);
#3148 = CARTESIAN_POINT('',(30.828,-35.94,1.51));
#3149 = CIRCLE('',#3150,0.6);
#3150 = AXIS2_PLACEMENT_3D('',#3151,#3152,#3153);
#3151 = CARTESIAN_POINT('',(30.828,-35.34,1.51));
#3152 = DIRECTION('',(-0.,0.,-1.));
#3153 = DIRECTION('',(-5.921189464668E-15,-1.,0.));
#3154 = FACE_BOUND('',#3155,.T.);
#3155 = EDGE_LOOP('',(#3156));
#3156 = ORIENTED_EDGE('',*,*,#3157,.T.);
#3157 = EDGE_CURVE('',#3158,#3158,#3160,.T.);
#3158 = VERTEX_POINT('',#3159);
#3159 = CARTESIAN_POINT('',(32.589,-32.432,1.51));
#3160 = CIRCLE('',#3161,0.6);
#3161 = AXIS2_PLACEMENT_3D('',#3162,#3163,#3164);
#3162 = CARTESIAN_POINT('',(32.589,-31.832,1.51));
#3163 = DIRECTION('',(-0.,0.,-1.));
#3164 = DIRECTION('',(-0.,-1.,0.));
#3165 = FACE_BOUND('',#3166,.T.);
#3166 = EDGE_LOOP('',(#3167));
#3167 = ORIENTED_EDGE('',*,*,#3168,.T.);
#3168 = EDGE_CURVE('',#3169,#3169,#3171,.T.);
#3169 = VERTEX_POINT('',#3170);
#3170 = CARTESIAN_POINT('',(42.311,-35.94,1.51));
#3171 = CIRCLE('',#3172,0.6);
#3172 = AXIS2_PLACEMENT_3D('',#3173,#3174,#3175);
#3173 = CARTESIAN_POINT('',(42.311,-35.34,1.51));
#3174 = DIRECTION('',(-0.,0.,-1.));
#3175 = DIRECTION('',(-0.,-1.,0.));
#3176 = FACE_BOUND('',#3177,.T.);
#3177 = EDGE_LOOP('',(#3178));
#3178 = ORIENTED_EDGE('',*,*,#3179,.T.);
#3179 = EDGE_CURVE('',#3180,#3180,#3182,.T.);
#3180 = VERTEX_POINT('',#3181);
#3181 = CARTESIAN_POINT('',(40.557,-32.432,1.51));
#3182 = CIRCLE('',#3183,0.6);
#3183 = AXIS2_PLACEMENT_3D('',#3184,#3185,#3186);
#3184 = CARTESIAN_POINT('',(40.557,-31.832,1.51));
#3185 = DIRECTION('',(-0.,0.,-1.));
#3186 = DIRECTION('',(-0.,-1.,0.));
#3187 = FACE_BOUND('',#3188,.T.);
#3188 = EDGE_LOOP('',(#3189));
#3189 = ORIENTED_EDGE('',*,*,#3190,.T.);
#3190 = EDGE_CURVE('',#3191,#3191,#3193,.T.);
#3191 = VERTEX_POINT('',#3192);
#3192 = CARTESIAN_POINT('',(36.57,-31.444,1.51));
#3193 = CIRCLE('',#3194,0.6);
#3194 = AXIS2_PLACEMENT_3D('',#3195,#3196,#3197);
#3195 = CARTESIAN_POINT('',(36.57,-30.844,1.51));
#3196 = DIRECTION('',(-0.,0.,-1.));
#3197 = DIRECTION('',(-0.,-1.,0.));
#3198 = FACE_BOUND('',#3199,.T.);
#3199 = EDGE_LOOP('',(#3200));
#3200 = ORIENTED_EDGE('',*,*,#3201,.T.);
#3201 = EDGE_CURVE('',#3202,#3202,#3204,.T.);
#3202 = VERTEX_POINT('',#3203);
#3203 = CARTESIAN_POINT('',(50.535,-45.5,1.51));
#3204 = CIRCLE('',#3205,0.5);
#3205 = AXIS2_PLACEMENT_3D('',#3206,#3207,#3208);
#3206 = CARTESIAN_POINT('',(50.535,-45.,1.51));
#3207 = DIRECTION('',(-0.,0.,-1.));
#3208 = DIRECTION('',(-0.,-1.,0.));
#3209 = FACE_BOUND('',#3210,.T.);
#3210 = EDGE_LOOP('',(#3211));
#3211 = ORIENTED_EDGE('',*,*,#3212,.T.);
#3212 = EDGE_CURVE('',#3213,#3213,#3215,.T.);
#3213 = VERTEX_POINT('',#3214);
#3214 = CARTESIAN_POINT('',(60.009,-48.434,1.51));
#3215 = CIRCLE('',#3216,0.6);
#3216 = AXIS2_PLACEMENT_3D('',#3217,#3218,#3219);
#3217 = CARTESIAN_POINT('',(60.009,-47.834,1.51));
#3218 = DIRECTION('',(-0.,0.,-1.));
#3219 = DIRECTION('',(-0.,-1.,0.));
#3220 = FACE_BOUND('',#3221,.T.);
#3221 = EDGE_LOOP('',(#3222));
#3222 = ORIENTED_EDGE('',*,*,#3223,.T.);
#3223 = EDGE_CURVE('',#3224,#3224,#3226,.T.);
#3224 = VERTEX_POINT('',#3225);
#3225 = CARTESIAN_POINT('',(58.248,-44.929,1.51));
#3226 = CIRCLE('',#3227,0.6);
#3227 = AXIS2_PLACEMENT_3D('',#3228,#3229,#3230);
#3228 = CARTESIAN_POINT('',(58.248,-44.329,1.51));
#3229 = DIRECTION('',(-0.,0.,-1.));
#3230 = DIRECTION('',(-1.184237892934E-14,-1.,0.));
#3231 = FACE_BOUND('',#3232,.T.);
#3232 = EDGE_LOOP('',(#3233));
#3233 = ORIENTED_EDGE('',*,*,#3234,.T.);
#3234 = EDGE_CURVE('',#3235,#3235,#3237,.T.);
#3235 = VERTEX_POINT('',#3236);
#3236 = CARTESIAN_POINT('',(58.248,-40.434,1.51));
#3237 = CIRCLE('',#3238,0.6);
#3238 = AXIS2_PLACEMENT_3D('',#3239,#3240,#3241);
#3239 = CARTESIAN_POINT('',(58.248,-39.834,1.51));
#3240 = DIRECTION('',(-0.,0.,-1.));
#3241 = DIRECTION('',(-1.184237892934E-14,-1.,0.));
#3242 = FACE_BOUND('',#3243,.T.);
#3243 = EDGE_LOOP('',(#3244));
#3244 = ORIENTED_EDGE('',*,*,#3245,.T.);
#3245 = EDGE_CURVE('',#3246,#3246,#3248,.T.);
#3246 = VERTEX_POINT('',#3247);
#3247 = CARTESIAN_POINT('',(63.99,-42.334,1.51));
#3248 = CIRCLE('',#3249,2.5);
#3249 = AXIS2_PLACEMENT_3D('',#3250,#3251,#3252);
#3250 = CARTESIAN_POINT('',(63.99,-39.834,1.51));
#3251 = DIRECTION('',(-0.,0.,-1.));
#3252 = DIRECTION('',(2.84217094304E-15,-1.,-0.));
#3253 = FACE_BOUND('',#3254,.T.);
#3254 = EDGE_LOOP('',(#3255));
#3255 = ORIENTED_EDGE('',*,*,#3256,.T.);
#3256 = EDGE_CURVE('',#3257,#3257,#3259,.T.);
#3257 = VERTEX_POINT('',#3258);
#3258 = CARTESIAN_POINT('',(67.977,-48.434,1.51));
#3259 = CIRCLE('',#3260,0.6);
#3260 = AXIS2_PLACEMENT_3D('',#3261,#3262,#3263);
#3261 = CARTESIAN_POINT('',(67.977,-47.834,1.51));
#3262 = DIRECTION('',(-0.,0.,-1.));
#3263 = DIRECTION('',(-0.,-1.,0.));
#3264 = FACE_BOUND('',#3265,.T.);
#3265 = EDGE_LOOP('',(#3266));
#3266 = ORIENTED_EDGE('',*,*,#3267,.T.);
#3267 = EDGE_CURVE('',#3268,#3268,#3270,.T.);
#3268 = VERTEX_POINT('',#3269);
#3269 = CARTESIAN_POINT('',(69.731,-44.929,1.51));
#3270 = CIRCLE('',#3271,0.6);
#3271 = AXIS2_PLACEMENT_3D('',#3272,#3273,#3274);
#3272 = CARTESIAN_POINT('',(69.731,-44.329,1.51));
#3273 = DIRECTION('',(-0.,0.,-1.));
#3274 = DIRECTION('',(-0.,-1.,0.));
#3275 = FACE_BOUND('',#3276,.T.);
#3276 = EDGE_LOOP('',(#3277));
#3277 = ORIENTED_EDGE('',*,*,#3278,.T.);
#3278 = EDGE_CURVE('',#3279,#3279,#3281,.T.);
#3279 = VERTEX_POINT('',#3280);
#3280 = CARTESIAN_POINT('',(83.389,-48.434,1.51));
#3281 = CIRCLE('',#3282,0.6);
#3282 = AXIS2_PLACEMENT_3D('',#3283,#3284,#3285);
#3283 = CARTESIAN_POINT('',(83.389,-47.834,1.51));
#3284 = DIRECTION('',(-0.,0.,-1.));
#3285 = DIRECTION('',(-2.368475785867E-14,-1.,0.));
#3286 = FACE_BOUND('',#3287,.T.);
#3287 = EDGE_LOOP('',(#3288));
#3288 = ORIENTED_EDGE('',*,*,#3289,.T.);
#3289 = EDGE_CURVE('',#3290,#3290,#3292,.T.);
#3290 = VERTEX_POINT('',#3291);
#3291 = CARTESIAN_POINT('',(81.628,-44.929,1.51));
#3292 = CIRCLE('',#3293,0.6);
#3293 = AXIS2_PLACEMENT_3D('',#3294,#3295,#3296);
#3294 = CARTESIAN_POINT('',(81.628,-44.329,1.51));
#3295 = DIRECTION('',(-0.,0.,-1.));
#3296 = DIRECTION('',(-0.,-1.,0.));
#3297 = FACE_BOUND('',#3298,.T.);
#3298 = EDGE_LOOP('',(#3299));
#3299 = ORIENTED_EDGE('',*,*,#3300,.T.);
#3300 = EDGE_CURVE('',#3301,#3301,#3303,.T.);
#3301 = VERTEX_POINT('',#3302);
#3302 = CARTESIAN_POINT('',(69.731,-40.434,1.51));
#3303 = CIRCLE('',#3304,0.6);
#3304 = AXIS2_PLACEMENT_3D('',#3305,#3306,#3307);
#3305 = CARTESIAN_POINT('',(69.731,-39.834,1.51));
#3306 = DIRECTION('',(-0.,0.,-1.));
#3307 = DIRECTION('',(-0.,-1.,0.));
#3308 = FACE_BOUND('',#3309,.T.);
#3309 = EDGE_LOOP('',(#3310));
#3310 = ORIENTED_EDGE('',*,*,#3311,.T.);
#3311 = EDGE_CURVE('',#3312,#3312,#3314,.T.);
#3312 = VERTEX_POINT('',#3313);
#3313 = CARTESIAN_POINT('',(81.628,-40.434,1.51));
#3314 = CIRCLE('',#3315,0.6);
#3315 = AXIS2_PLACEMENT_3D('',#3316,#3317,#3318);
#3316 = CARTESIAN_POINT('',(81.628,-39.834,1.51));
#3317 = DIRECTION('',(-0.,0.,-1.));
#3318 = DIRECTION('',(-0.,-1.,0.));
#3319 = FACE_BOUND('',#3320,.T.);
#3320 = EDGE_LOOP('',(#3321));
#3321 = ORIENTED_EDGE('',*,*,#3322,.T.);
#3322 = EDGE_CURVE('',#3323,#3323,#3325,.T.);
#3323 = VERTEX_POINT('',#3324);
#3324 = CARTESIAN_POINT('',(87.37,-42.334,1.51));
#3325 = CIRCLE('',#3326,2.5);
#3326 = AXIS2_PLACEMENT_3D('',#3327,#3328,#3329);
#3327 = CARTESIAN_POINT('',(87.37,-39.834,1.51));
#3328 = DIRECTION('',(-0.,0.,-1.));
#3329 = DIRECTION('',(-0.,-1.,0.));
#3330 = FACE_BOUND('',#3331,.T.);
#3331 = EDGE_LOOP('',(#3332));
#3332 = ORIENTED_EDGE('',*,*,#3333,.T.);
#3333 = EDGE_CURVE('',#3334,#3334,#3336,.T.);
#3334 = VERTEX_POINT('',#3335);
#3335 = CARTESIAN_POINT('',(50.535,-36.5,1.51));
#3336 = CIRCLE('',#3337,0.5);
#3337 = AXIS2_PLACEMENT_3D('',#3338,#3339,#3340);
#3338 = CARTESIAN_POINT('',(50.535,-36.,1.51));
#3339 = DIRECTION('',(-0.,0.,-1.));
#3340 = DIRECTION('',(-0.,-1.,0.));
#3341 = FACE_BOUND('',#3342,.T.);
#3342 = EDGE_LOOP('',(#3343));
#3343 = ORIENTED_EDGE('',*,*,#3344,.T.);
#3344 = EDGE_CURVE('',#3345,#3345,#3347,.T.);
#3345 = VERTEX_POINT('',#3346);
#3346 = CARTESIAN_POINT('',(50.535,-31.5,1.51));
#3347 = CIRCLE('',#3348,0.5);
#3348 = AXIS2_PLACEMENT_3D('',#3349,#3350,#3351);
#3349 = CARTESIAN_POINT('',(50.535,-31.,1.51));
#3350 = DIRECTION('',(-0.,0.,-1.));
#3351 = DIRECTION('',(-0.,-1.,0.));
#3352 = FACE_BOUND('',#3353,.T.);
#3353 = EDGE_LOOP('',(#3354));
#3354 = ORIENTED_EDGE('',*,*,#3355,.T.);
#3355 = EDGE_CURVE('',#3356,#3356,#3358,.T.);
#3356 = VERTEX_POINT('',#3357);
#3357 = CARTESIAN_POINT('',(58.248,-35.94,1.51));
#3358 = CIRCLE('',#3359,0.6);
#3359 = AXIS2_PLACEMENT_3D('',#3360,#3361,#3362);
#3360 = CARTESIAN_POINT('',(58.248,-35.34,1.51));
#3361 = DIRECTION('',(-0.,0.,-1.));
#3362 = DIRECTION('',(-1.184237892934E-14,-1.,0.));
#3363 = FACE_BOUND('',#3364,.T.);
#3364 = EDGE_LOOP('',(#3365));
#3365 = ORIENTED_EDGE('',*,*,#3366,.T.);
#3366 = EDGE_CURVE('',#3367,#3367,#3369,.T.);
#3367 = VERTEX_POINT('',#3368);
#3368 = CARTESIAN_POINT('',(60.009,-32.432,1.51));
#3369 = CIRCLE('',#3370,0.6);
#3370 = AXIS2_PLACEMENT_3D('',#3371,#3372,#3373);
#3371 = CARTESIAN_POINT('',(60.009,-31.832,1.51));
#3372 = DIRECTION('',(-0.,0.,-1.));
#3373 = DIRECTION('',(-0.,-1.,0.));
#3374 = FACE_BOUND('',#3375,.T.);
#3375 = EDGE_LOOP('',(#3376));
#3376 = ORIENTED_EDGE('',*,*,#3377,.T.);
#3377 = EDGE_CURVE('',#3378,#3378,#3380,.T.);
#3378 = VERTEX_POINT('',#3379);
#3379 = CARTESIAN_POINT('',(63.99,-31.444,1.51));
#3380 = CIRCLE('',#3381,0.6);
#3381 = AXIS2_PLACEMENT_3D('',#3382,#3383,#3384);
#3382 = CARTESIAN_POINT('',(63.99,-30.844,1.51));
#3383 = DIRECTION('',(-0.,0.,-1.));
#3384 = DIRECTION('',(-0.,-1.,0.));
#3385 = FACE_BOUND('',#3386,.T.);
#3386 = EDGE_LOOP('',(#3387));
#3387 = ORIENTED_EDGE('',*,*,#3388,.T.);
#3388 = EDGE_CURVE('',#3389,#3389,#3391,.T.);
#3389 = VERTEX_POINT('',#3390);
#3390 = CARTESIAN_POINT('',(69.731,-35.94,1.51));
#3391 = CIRCLE('',#3392,0.6);
#3392 = AXIS2_PLACEMENT_3D('',#3393,#3394,#3395);
#3393 = CARTESIAN_POINT('',(69.731,-35.34,1.51));
#3394 = DIRECTION('',(-0.,0.,-1.));
#3395 = DIRECTION('',(-0.,-1.,0.));
#3396 = FACE_BOUND('',#3397,.T.);
#3397 = EDGE_LOOP('',(#3398));
#3398 = ORIENTED_EDGE('',*,*,#3399,.T.);
#3399 = EDGE_CURVE('',#3400,#3400,#3402,.T.);
#3400 = VERTEX_POINT('',#3401);
#3401 = CARTESIAN_POINT('',(67.977,-32.432,1.51));
#3402 = CIRCLE('',#3403,0.6);
#3403 = AXIS2_PLACEMENT_3D('',#3404,#3405,#3406);
#3404 = CARTESIAN_POINT('',(67.977,-31.832,1.51));
#3405 = DIRECTION('',(-0.,0.,-1.));
#3406 = DIRECTION('',(-0.,-1.,0.));
#3407 = FACE_BOUND('',#3408,.T.);
#3408 = EDGE_LOOP('',(#3409));
#3409 = ORIENTED_EDGE('',*,*,#3410,.T.);
#3410 = EDGE_CURVE('',#3411,#3411,#3413,.T.);
#3411 = VERTEX_POINT('',#3412);
#3412 = CARTESIAN_POINT('',(81.628,-35.94,1.51));
#3413 = CIRCLE('',#3414,0.6);
#3414 = AXIS2_PLACEMENT_3D('',#3415,#3416,#3417);
#3415 = CARTESIAN_POINT('',(81.628,-35.34,1.51));
#3416 = DIRECTION('',(-0.,0.,-1.));
#3417 = DIRECTION('',(-0.,-1.,0.));
#3418 = FACE_BOUND('',#3419,.T.);
#3419 = EDGE_LOOP('',(#3420));
#3420 = ORIENTED_EDGE('',*,*,#3421,.T.);
#3421 = EDGE_CURVE('',#3422,#3422,#3424,.T.);
#3422 = VERTEX_POINT('',#3423);
#3423 = CARTESIAN_POINT('',(83.389,-32.432,1.51));
#3424 = CIRCLE('',#3425,0.6);
#3425 = AXIS2_PLACEMENT_3D('',#3426,#3427,#3428);
#3426 = CARTESIAN_POINT('',(83.389,-31.832,1.51));
#3427 = DIRECTION('',(-0.,0.,-1.));
#3428 = DIRECTION('',(-2.368475785867E-14,-1.,0.));
#3429 = FACE_BOUND('',#3430,.T.);
#3430 = EDGE_LOOP('',(#3431));
#3431 = ORIENTED_EDGE('',*,*,#3432,.T.);
#3432 = EDGE_CURVE('',#3433,#3433,#3435,.T.);
#3433 = VERTEX_POINT('',#3434);
#3434 = CARTESIAN_POINT('',(87.37,-31.444,1.51));
#3435 = CIRCLE('',#3436,0.6);
#3436 = AXIS2_PLACEMENT_3D('',#3437,#3438,#3439);
#3437 = CARTESIAN_POINT('',(87.37,-30.844,1.51));
#3438 = DIRECTION('',(-0.,0.,-1.));
#3439 = DIRECTION('',(-0.,-1.,0.));
#3440 = FACE_BOUND('',#3441,.T.);
#3441 = EDGE_LOOP('',(#3442));
#3442 = ORIENTED_EDGE('',*,*,#3443,.T.);
#3443 = EDGE_CURVE('',#3444,#3444,#3446,.T.);
#3444 = VERTEX_POINT('',#3445);
#3445 = CARTESIAN_POINT('',(4.2,-22.12,1.51));
#3446 = CIRCLE('',#3447,0.5);
#3447 = AXIS2_PLACEMENT_3D('',#3448,#3449,#3450);
#3448 = CARTESIAN_POINT('',(4.2,-21.62,1.51));
#3449 = DIRECTION('',(-0.,0.,-1.));
#3450 = DIRECTION('',(-0.,-1.,0.));
#3451 = FACE_BOUND('',#3452,.T.);
#3452 = EDGE_LOOP('',(#3453));
#3453 = ORIENTED_EDGE('',*,*,#3454,.T.);
#3454 = EDGE_CURVE('',#3455,#3455,#3457,.T.);
#3455 = VERTEX_POINT('',#3456);
#3456 = CARTESIAN_POINT('',(6.74,-22.12,1.51));
#3457 = CIRCLE('',#3458,0.5);
#3458 = AXIS2_PLACEMENT_3D('',#3459,#3460,#3461);
#3459 = CARTESIAN_POINT('',(6.74,-21.62,1.51));
#3460 = DIRECTION('',(-0.,0.,-1.));
#3461 = DIRECTION('',(-0.,-1.,0.));
#3462 = FACE_BOUND('',#3463,.T.);
#3463 = EDGE_LOOP('',(#3464));
#3464 = ORIENTED_EDGE('',*,*,#3465,.T.);
#3465 = EDGE_CURVE('',#3466,#3466,#3468,.T.);
#3466 = VERTEX_POINT('',#3467);
#3467 = CARTESIAN_POINT('',(9.28,-22.12,1.51));
#3468 = CIRCLE('',#3469,0.5);
#3469 = AXIS2_PLACEMENT_3D('',#3470,#3471,#3472);
#3470 = CARTESIAN_POINT('',(9.28,-21.62,1.51));
#3471 = DIRECTION('',(-0.,0.,-1.));
#3472 = DIRECTION('',(-0.,-1.,0.));
#3473 = FACE_BOUND('',#3474,.T.);
#3474 = EDGE_LOOP('',(#3475));
#3475 = ORIENTED_EDGE('',*,*,#3476,.T.);
#3476 = EDGE_CURVE('',#3477,#3477,#3479,.T.);
#3477 = VERTEX_POINT('',#3478);
#3478 = CARTESIAN_POINT('',(11.82,-22.12,1.51));
#3479 = CIRCLE('',#3480,0.5);
#3480 = AXIS2_PLACEMENT_3D('',#3481,#3482,#3483);
#3481 = CARTESIAN_POINT('',(11.82,-21.62,1.51));
#3482 = DIRECTION('',(-0.,0.,-1.));
#3483 = DIRECTION('',(-0.,-1.,0.));
#3484 = FACE_BOUND('',#3485,.T.);
#3485 = EDGE_LOOP('',(#3486));
#3486 = ORIENTED_EDGE('',*,*,#3487,.T.);
#3487 = EDGE_CURVE('',#3488,#3488,#3490,.T.);
#3488 = VERTEX_POINT('',#3489);
#3489 = CARTESIAN_POINT('',(14.36,-22.12,1.51));
#3490 = CIRCLE('',#3491,0.5);
#3491 = AXIS2_PLACEMENT_3D('',#3492,#3493,#3494);
#3492 = CARTESIAN_POINT('',(14.36,-21.62,1.51));
#3493 = DIRECTION('',(-0.,0.,-1.));
#3494 = DIRECTION('',(-0.,-1.,0.));
#3495 = FACE_BOUND('',#3496,.T.);
#3496 = EDGE_LOOP('',(#3497));
#3497 = ORIENTED_EDGE('',*,*,#3498,.T.);
#3498 = EDGE_CURVE('',#3499,#3499,#3501,.T.);
#3499 = VERTEX_POINT('',#3500);
#3500 = CARTESIAN_POINT('',(16.9,-22.12,1.51));
#3501 = CIRCLE('',#3502,0.5);
#3502 = AXIS2_PLACEMENT_3D('',#3503,#3504,#3505);
#3503 = CARTESIAN_POINT('',(16.9,-21.62,1.51));
#3504 = DIRECTION('',(-0.,0.,-1.));
#3505 = DIRECTION('',(-0.,-1.,0.));
#3506 = FACE_BOUND('',#3507,.T.);
#3507 = EDGE_LOOP('',(#3508));
#3508 = ORIENTED_EDGE('',*,*,#3509,.T.);
#3509 = EDGE_CURVE('',#3510,#3510,#3512,.T.);
#3510 = VERTEX_POINT('',#3511);
#3511 = CARTESIAN_POINT('',(19.44,-22.12,1.51));
#3512 = CIRCLE('',#3513,0.5);
#3513 = AXIS2_PLACEMENT_3D('',#3514,#3515,#3516);
#3514 = CARTESIAN_POINT('',(19.44,-21.62,1.51));
#3515 = DIRECTION('',(-0.,0.,-1.));
#3516 = DIRECTION('',(-0.,-1.,0.));
#3517 = FACE_BOUND('',#3518,.T.);
#3518 = EDGE_LOOP('',(#3519));
#3519 = ORIENTED_EDGE('',*,*,#3520,.T.);
#3520 = EDGE_CURVE('',#3521,#3521,#3523,.T.);
#3521 = VERTEX_POINT('',#3522);
#3522 = CARTESIAN_POINT('',(21.98,-22.12,1.51));
#3523 = CIRCLE('',#3524,0.5);
#3524 = AXIS2_PLACEMENT_3D('',#3525,#3526,#3527);
#3525 = CARTESIAN_POINT('',(21.98,-21.62,1.51));
#3526 = DIRECTION('',(-0.,0.,-1.));
#3527 = DIRECTION('',(-0.,-1.,0.));
#3528 = FACE_BOUND('',#3529,.T.);
#3529 = EDGE_LOOP('',(#3530));
#3530 = ORIENTED_EDGE('',*,*,#3531,.T.);
#3531 = EDGE_CURVE('',#3532,#3532,#3534,.T.);
#3532 = VERTEX_POINT('',#3533);
#3533 = CARTESIAN_POINT('',(24.52,-22.12,1.51));
#3534 = CIRCLE('',#3535,0.5);
#3535 = AXIS2_PLACEMENT_3D('',#3536,#3537,#3538);
#3536 = CARTESIAN_POINT('',(24.52,-21.62,1.51));
#3537 = DIRECTION('',(-0.,0.,-1.));
#3538 = DIRECTION('',(-0.,-1.,0.));
#3539 = FACE_BOUND('',#3540,.T.);
#3540 = EDGE_LOOP('',(#3541));
#3541 = ORIENTED_EDGE('',*,*,#3542,.T.);
#3542 = EDGE_CURVE('',#3543,#3543,#3545,.T.);
#3543 = VERTEX_POINT('',#3544);
#3544 = CARTESIAN_POINT('',(27.06,-22.12,1.51));
#3545 = CIRCLE('',#3546,0.5);
#3546 = AXIS2_PLACEMENT_3D('',#3547,#3548,#3549);
#3547 = CARTESIAN_POINT('',(27.06,-21.62,1.51));
#3548 = DIRECTION('',(-0.,0.,-1.));
#3549 = DIRECTION('',(-0.,-1.,0.));
#3550 = FACE_BOUND('',#3551,.T.);
#3551 = EDGE_LOOP('',(#3552));
#3552 = ORIENTED_EDGE('',*,*,#3553,.T.);
#3553 = EDGE_CURVE('',#3554,#3554,#3556,.T.);
#3554 = VERTEX_POINT('',#3555);
#3555 = CARTESIAN_POINT('',(29.6,-22.12,1.51));
#3556 = CIRCLE('',#3557,0.5);
#3557 = AXIS2_PLACEMENT_3D('',#3558,#3559,#3560);
#3558 = CARTESIAN_POINT('',(29.6,-21.62,1.51));
#3559 = DIRECTION('',(-0.,0.,-1.));
#3560 = DIRECTION('',(-0.,-1.,0.));
#3561 = FACE_BOUND('',#3562,.T.);
#3562 = EDGE_LOOP('',(#3563));
#3563 = ORIENTED_EDGE('',*,*,#3564,.T.);
#3564 = EDGE_CURVE('',#3565,#3565,#3567,.T.);
#3565 = VERTEX_POINT('',#3566);
#3566 = CARTESIAN_POINT('',(32.14,-22.12,1.51));
#3567 = CIRCLE('',#3568,0.5);
#3568 = AXIS2_PLACEMENT_3D('',#3569,#3570,#3571);
#3569 = CARTESIAN_POINT('',(32.14,-21.62,1.51));
#3570 = DIRECTION('',(-0.,0.,-1.));
#3571 = DIRECTION('',(-0.,-1.,0.));
#3572 = FACE_BOUND('',#3573,.T.);
#3573 = EDGE_LOOP('',(#3574));
#3574 = ORIENTED_EDGE('',*,*,#3575,.T.);
#3575 = EDGE_CURVE('',#3576,#3576,#3578,.T.);
#3576 = VERTEX_POINT('',#3577);
#3577 = CARTESIAN_POINT('',(34.68,-22.12,1.51));
#3578 = CIRCLE('',#3579,0.5);
#3579 = AXIS2_PLACEMENT_3D('',#3580,#3581,#3582);
#3580 = CARTESIAN_POINT('',(34.68,-21.62,1.51));
#3581 = DIRECTION('',(-0.,0.,-1.));
#3582 = DIRECTION('',(-0.,-1.,0.));
#3583 = FACE_BOUND('',#3584,.T.);
#3584 = EDGE_LOOP('',(#3585));
#3585 = ORIENTED_EDGE('',*,*,#3586,.T.);
#3586 = EDGE_CURVE('',#3587,#3587,#3589,.T.);
#3587 = VERTEX_POINT('',#3588);
#3588 = CARTESIAN_POINT('',(37.22,-22.12,1.51));
#3589 = CIRCLE('',#3590,0.5);
#3590 = AXIS2_PLACEMENT_3D('',#3591,#3592,#3593);
#3591 = CARTESIAN_POINT('',(37.22,-21.62,1.51));
#3592 = DIRECTION('',(-0.,0.,-1.));
#3593 = DIRECTION('',(-0.,-1.,0.));
#3594 = FACE_BOUND('',#3595,.T.);
#3595 = EDGE_LOOP('',(#3596));
#3596 = ORIENTED_EDGE('',*,*,#3597,.T.);
#3597 = EDGE_CURVE('',#3598,#3598,#3600,.T.);
#3598 = VERTEX_POINT('',#3599);
#3599 = CARTESIAN_POINT('',(39.76,-22.12,1.51));
#3600 = CIRCLE('',#3601,0.5);
#3601 = AXIS2_PLACEMENT_3D('',#3602,#3603,#3604);
#3602 = CARTESIAN_POINT('',(39.76,-21.62,1.51));
#3603 = DIRECTION('',(-0.,0.,-1.));
#3604 = DIRECTION('',(-0.,-1.,0.));
#3605 = FACE_BOUND('',#3606,.T.);
#3606 = EDGE_LOOP('',(#3607));
#3607 = ORIENTED_EDGE('',*,*,#3608,.T.);
#3608 = EDGE_CURVE('',#3609,#3609,#3611,.T.);
#3609 = VERTEX_POINT('',#3610);
#3610 = CARTESIAN_POINT('',(4.2,-6.88,1.51));
#3611 = CIRCLE('',#3612,0.5);
#3612 = AXIS2_PLACEMENT_3D('',#3613,#3614,#3615);
#3613 = CARTESIAN_POINT('',(4.2,-6.38,1.51));
#3614 = DIRECTION('',(-0.,0.,-1.));
#3615 = DIRECTION('',(-0.,-1.,0.));
#3616 = FACE_BOUND('',#3617,.T.);
#3617 = EDGE_LOOP('',(#3618));
#3618 = ORIENTED_EDGE('',*,*,#3619,.T.);
#3619 = EDGE_CURVE('',#3620,#3620,#3622,.T.);
#3620 = VERTEX_POINT('',#3621);
#3621 = CARTESIAN_POINT('',(6.74,-6.88,1.51));
#3622 = CIRCLE('',#3623,0.5);
#3623 = AXIS2_PLACEMENT_3D('',#3624,#3625,#3626);
#3624 = CARTESIAN_POINT('',(6.74,-6.38,1.51));
#3625 = DIRECTION('',(-0.,0.,-1.));
#3626 = DIRECTION('',(-0.,-1.,0.));
#3627 = FACE_BOUND('',#3628,.T.);
#3628 = EDGE_LOOP('',(#3629));
#3629 = ORIENTED_EDGE('',*,*,#3630,.T.);
#3630 = EDGE_CURVE('',#3631,#3631,#3633,.T.);
#3631 = VERTEX_POINT('',#3632);
#3632 = CARTESIAN_POINT('',(9.28,-6.88,1.51));
#3633 = CIRCLE('',#3634,0.5);
#3634 = AXIS2_PLACEMENT_3D('',#3635,#3636,#3637);
#3635 = CARTESIAN_POINT('',(9.28,-6.38,1.51));
#3636 = DIRECTION('',(-0.,0.,-1.));
#3637 = DIRECTION('',(-0.,-1.,0.));
#3638 = FACE_BOUND('',#3639,.T.);
#3639 = EDGE_LOOP('',(#3640));
#3640 = ORIENTED_EDGE('',*,*,#3641,.T.);
#3641 = EDGE_CURVE('',#3642,#3642,#3644,.T.);
#3642 = VERTEX_POINT('',#3643);
#3643 = CARTESIAN_POINT('',(11.82,-6.88,1.51));
#3644 = CIRCLE('',#3645,0.5);
#3645 = AXIS2_PLACEMENT_3D('',#3646,#3647,#3648);
#3646 = CARTESIAN_POINT('',(11.82,-6.38,1.51));
#3647 = DIRECTION('',(-0.,0.,-1.));
#3648 = DIRECTION('',(-0.,-1.,0.));
#3649 = FACE_BOUND('',#3650,.T.);
#3650 = EDGE_LOOP('',(#3651));
#3651 = ORIENTED_EDGE('',*,*,#3652,.T.);
#3652 = EDGE_CURVE('',#3653,#3653,#3655,.T.);
#3653 = VERTEX_POINT('',#3654);
#3654 = CARTESIAN_POINT('',(14.36,-6.88,1.51));
#3655 = CIRCLE('',#3656,0.5);
#3656 = AXIS2_PLACEMENT_3D('',#3657,#3658,#3659);
#3657 = CARTESIAN_POINT('',(14.36,-6.38,1.51));
#3658 = DIRECTION('',(-0.,0.,-1.));
#3659 = DIRECTION('',(-0.,-1.,0.));
#3660 = FACE_BOUND('',#3661,.T.);
#3661 = EDGE_LOOP('',(#3662));
#3662 = ORIENTED_EDGE('',*,*,#3663,.T.);
#3663 = EDGE_CURVE('',#3664,#3664,#3666,.T.);
#3664 = VERTEX_POINT('',#3665);
#3665 = CARTESIAN_POINT('',(16.9,-6.88,1.51));
#3666 = CIRCLE('',#3667,0.5);
#3667 = AXIS2_PLACEMENT_3D('',#3668,#3669,#3670);
#3668 = CARTESIAN_POINT('',(16.9,-6.38,1.51));
#3669 = DIRECTION('',(-0.,0.,-1.));
#3670 = DIRECTION('',(-0.,-1.,0.));
#3671 = FACE_BOUND('',#3672,.T.);
#3672 = EDGE_LOOP('',(#3673));
#3673 = ORIENTED_EDGE('',*,*,#3674,.T.);
#3674 = EDGE_CURVE('',#3675,#3675,#3677,.T.);
#3675 = VERTEX_POINT('',#3676);
#3676 = CARTESIAN_POINT('',(19.44,-6.88,1.51));
#3677 = CIRCLE('',#3678,0.5);
#3678 = AXIS2_PLACEMENT_3D('',#3679,#3680,#3681);
#3679 = CARTESIAN_POINT('',(19.44,-6.38,1.51));
#3680 = DIRECTION('',(-0.,0.,-1.));
#3681 = DIRECTION('',(-0.,-1.,0.));
#3682 = FACE_BOUND('',#3683,.T.);
#3683 = EDGE_LOOP('',(#3684));
#3684 = ORIENTED_EDGE('',*,*,#3685,.T.);
#3685 = EDGE_CURVE('',#3686,#3686,#3688,.T.);
#3686 = VERTEX_POINT('',#3687);
#3687 = CARTESIAN_POINT('',(21.98,-6.88,1.51));
#3688 = CIRCLE('',#3689,0.5);
#3689 = AXIS2_PLACEMENT_3D('',#3690,#3691,#3692);
#3690 = CARTESIAN_POINT('',(21.98,-6.38,1.51));
#3691 = DIRECTION('',(-0.,0.,-1.));
#3692 = DIRECTION('',(-0.,-1.,0.));
#3693 = FACE_BOUND('',#3694,.T.);
#3694 = EDGE_LOOP('',(#3695));
#3695 = ORIENTED_EDGE('',*,*,#3696,.T.);
#3696 = EDGE_CURVE('',#3697,#3697,#3699,.T.);
#3697 = VERTEX_POINT('',#3698);
#3698 = CARTESIAN_POINT('',(24.52,-6.88,1.51));
#3699 = CIRCLE('',#3700,0.5);
#3700 = AXIS2_PLACEMENT_3D('',#3701,#3702,#3703);
#3701 = CARTESIAN_POINT('',(24.52,-6.38,1.51));
#3702 = DIRECTION('',(-0.,0.,-1.));
#3703 = DIRECTION('',(-0.,-1.,0.));
#3704 = FACE_BOUND('',#3705,.T.);
#3705 = EDGE_LOOP('',(#3706));
#3706 = ORIENTED_EDGE('',*,*,#3707,.T.);
#3707 = EDGE_CURVE('',#3708,#3708,#3710,.T.);
#3708 = VERTEX_POINT('',#3709);
#3709 = CARTESIAN_POINT('',(27.06,-6.88,1.51));
#3710 = CIRCLE('',#3711,0.5);
#3711 = AXIS2_PLACEMENT_3D('',#3712,#3713,#3714);
#3712 = CARTESIAN_POINT('',(27.06,-6.38,1.51));
#3713 = DIRECTION('',(-0.,0.,-1.));
#3714 = DIRECTION('',(-0.,-1.,0.));
#3715 = FACE_BOUND('',#3716,.T.);
#3716 = EDGE_LOOP('',(#3717));
#3717 = ORIENTED_EDGE('',*,*,#3718,.T.);
#3718 = EDGE_CURVE('',#3719,#3719,#3721,.T.);
#3719 = VERTEX_POINT('',#3720);
#3720 = CARTESIAN_POINT('',(29.6,-6.88,1.51));
#3721 = CIRCLE('',#3722,0.5);
#3722 = AXIS2_PLACEMENT_3D('',#3723,#3724,#3725);
#3723 = CARTESIAN_POINT('',(29.6,-6.38,1.51));
#3724 = DIRECTION('',(-0.,0.,-1.));
#3725 = DIRECTION('',(-0.,-1.,0.));
#3726 = FACE_BOUND('',#3727,.T.);
#3727 = EDGE_LOOP('',(#3728));
#3728 = ORIENTED_EDGE('',*,*,#3729,.T.);
#3729 = EDGE_CURVE('',#3730,#3730,#3732,.T.);
#3730 = VERTEX_POINT('',#3731);
#3731 = CARTESIAN_POINT('',(32.14,-6.88,1.51));
#3732 = CIRCLE('',#3733,0.5);
#3733 = AXIS2_PLACEMENT_3D('',#3734,#3735,#3736);
#3734 = CARTESIAN_POINT('',(32.14,-6.38,1.51));
#3735 = DIRECTION('',(-0.,0.,-1.));
#3736 = DIRECTION('',(-0.,-1.,0.));
#3737 = FACE_BOUND('',#3738,.T.);
#3738 = EDGE_LOOP('',(#3739));
#3739 = ORIENTED_EDGE('',*,*,#3740,.T.);
#3740 = EDGE_CURVE('',#3741,#3741,#3743,.T.);
#3741 = VERTEX_POINT('',#3742);
#3742 = CARTESIAN_POINT('',(34.68,-6.88,1.51));
#3743 = CIRCLE('',#3744,0.5);
#3744 = AXIS2_PLACEMENT_3D('',#3745,#3746,#3747);
#3745 = CARTESIAN_POINT('',(34.68,-6.38,1.51));
#3746 = DIRECTION('',(-0.,0.,-1.));
#3747 = DIRECTION('',(-0.,-1.,0.));
#3748 = FACE_BOUND('',#3749,.T.);
#3749 = EDGE_LOOP('',(#3750));
#3750 = ORIENTED_EDGE('',*,*,#3751,.T.);
#3751 = EDGE_CURVE('',#3752,#3752,#3754,.T.);
#3752 = VERTEX_POINT('',#3753);
#3753 = CARTESIAN_POINT('',(37.22,-6.88,1.51));
#3754 = CIRCLE('',#3755,0.5);
#3755 = AXIS2_PLACEMENT_3D('',#3756,#3757,#3758);
#3756 = CARTESIAN_POINT('',(37.22,-6.38,1.51));
#3757 = DIRECTION('',(-0.,0.,-1.));
#3758 = DIRECTION('',(-0.,-1.,0.));
#3759 = FACE_BOUND('',#3760,.T.);
#3760 = EDGE_LOOP('',(#3761));
#3761 = ORIENTED_EDGE('',*,*,#3762,.T.);
#3762 = EDGE_CURVE('',#3763,#3763,#3765,.T.);
#3763 = VERTEX_POINT('',#3764);
#3764 = CARTESIAN_POINT('',(39.76,-6.88,1.51));
#3765 = CIRCLE('',#3766,0.5);
#3766 = AXIS2_PLACEMENT_3D('',#3767,#3768,#3769);
#3767 = CARTESIAN_POINT('',(39.76,-6.38,1.51));
#3768 = DIRECTION('',(-0.,0.,-1.));
#3769 = DIRECTION('',(-0.,-1.,0.));
#3770 = FACE_BOUND('',#3771,.T.);
#3771 = EDGE_LOOP('',(#3772));
#3772 = ORIENTED_EDGE('',*,*,#3773,.T.);
#3773 = EDGE_CURVE('',#3774,#3774,#3776,.T.);
#3774 = VERTEX_POINT('',#3775);
#3775 = CARTESIAN_POINT('',(47.,-5.35,1.51));
#3776 = CIRCLE('',#3777,1.35);
#3777 = AXIS2_PLACEMENT_3D('',#3778,#3779,#3780);
#3778 = CARTESIAN_POINT('',(47.,-4.,1.51));
#3779 = DIRECTION('',(-0.,0.,-1.));
#3780 = DIRECTION('',(-0.,-1.,0.));
#3781 = FACE_BOUND('',#3782,.T.);
#3782 = EDGE_LOOP('',(#3783));
#3783 = ORIENTED_EDGE('',*,*,#3784,.T.);
#3784 = EDGE_CURVE('',#3785,#3785,#3787,.T.);
#3785 = VERTEX_POINT('',#3786);
#3786 = CARTESIAN_POINT('',(91.357,-48.434,1.51));
#3787 = CIRCLE('',#3788,0.6);
#3788 = AXIS2_PLACEMENT_3D('',#3789,#3790,#3791);
#3789 = CARTESIAN_POINT('',(91.357,-47.834,1.51));
#3790 = DIRECTION('',(-0.,0.,-1.));
#3791 = DIRECTION('',(-0.,-1.,0.));
#3792 = FACE_BOUND('',#3793,.T.);
#3793 = EDGE_LOOP('',(#3794));
#3794 = ORIENTED_EDGE('',*,*,#3795,.T.);
#3795 = EDGE_CURVE('',#3796,#3796,#3798,.T.);
#3796 = VERTEX_POINT('',#3797);
#3797 = CARTESIAN_POINT('',(93.111,-44.929,1.51));
#3798 = CIRCLE('',#3799,0.6);
#3799 = AXIS2_PLACEMENT_3D('',#3800,#3801,#3802);
#3800 = CARTESIAN_POINT('',(93.111,-44.329,1.51));
#3801 = DIRECTION('',(-0.,0.,-1.));
#3802 = DIRECTION('',(2.368475785867E-14,-1.,-0.));
#3803 = FACE_BOUND('',#3804,.T.);
#3804 = EDGE_LOOP('',(#3805));
#3805 = ORIENTED_EDGE('',*,*,#3806,.T.);
#3806 = EDGE_CURVE('',#3807,#3807,#3809,.T.);
#3807 = VERTEX_POINT('',#3808);
#3808 = CARTESIAN_POINT('',(101.7874,-46.8515,1.51));
#3809 = CIRCLE('',#3810,0.5);
#3810 = AXIS2_PLACEMENT_3D('',#3811,#3812,#3813);
#3811 = CARTESIAN_POINT('',(101.7874,-46.3515,1.51));
#3812 = DIRECTION('',(-0.,0.,-1.));
#3813 = DIRECTION('',(-0.,-1.,0.));
#3814 = FACE_BOUND('',#3815,.T.);
#3815 = EDGE_LOOP('',(#3816));
#3816 = ORIENTED_EDGE('',*,*,#3817,.T.);
#3817 = EDGE_CURVE('',#3818,#3818,#3820,.T.);
#3818 = VERTEX_POINT('',#3819);
#3819 = CARTESIAN_POINT('',(101.7474,-44.209,1.51));
#3820 = CIRCLE('',#3821,0.5);
#3821 = AXIS2_PLACEMENT_3D('',#3822,#3823,#3824);
#3822 = CARTESIAN_POINT('',(101.7474,-43.709,1.51));
#3823 = DIRECTION('',(-0.,0.,-1.));
#3824 = DIRECTION('',(-0.,-1.,0.));
#3825 = FACE_BOUND('',#3826,.T.);
#3826 = EDGE_LOOP('',(#3827));
#3827 = ORIENTED_EDGE('',*,*,#3828,.T.);
#3828 = EDGE_CURVE('',#3829,#3829,#3831,.T.);
#3829 = VERTEX_POINT('',#3830);
#3830 = CARTESIAN_POINT('',(107.3824,-44.209,1.51));
#3831 = CIRCLE('',#3832,0.5);
#3832 = AXIS2_PLACEMENT_3D('',#3833,#3834,#3835);
#3833 = CARTESIAN_POINT('',(107.3824,-43.709,1.51));
#3834 = DIRECTION('',(-0.,0.,-1.));
#3835 = DIRECTION('',(-0.,-1.,0.));
#3836 = FACE_BOUND('',#3837,.T.);
#3837 = EDGE_LOOP('',(#3838));
#3838 = ORIENTED_EDGE('',*,*,#3839,.T.);
#3839 = EDGE_CURVE('',#3840,#3840,#3842,.T.);
#3840 = VERTEX_POINT('',#3841);
#3841 = CARTESIAN_POINT('',(93.111,-40.434,1.51));
#3842 = CIRCLE('',#3843,0.6);
#3843 = AXIS2_PLACEMENT_3D('',#3844,#3845,#3846);
#3844 = CARTESIAN_POINT('',(93.111,-39.834,1.51));
#3845 = DIRECTION('',(-0.,0.,-1.));
#3846 = DIRECTION('',(2.368475785867E-14,-1.,-0.));
#3847 = FACE_BOUND('',#3848,.T.);
#3848 = EDGE_LOOP('',(#3849));
#3849 = ORIENTED_EDGE('',*,*,#3850,.T.);
#3850 = EDGE_CURVE('',#3851,#3851,#3853,.T.);
#3851 = VERTEX_POINT('',#3852);
#3852 = CARTESIAN_POINT('',(101.8274,-41.709,1.51));
#3853 = CIRCLE('',#3854,0.5);
#3854 = AXIS2_PLACEMENT_3D('',#3855,#3856,#3857);
#3855 = CARTESIAN_POINT('',(101.8274,-41.209,1.51));
#3856 = DIRECTION('',(-0.,0.,-1.));
#3857 = DIRECTION('',(-0.,-1.,0.));
#3858 = FACE_BOUND('',#3859,.T.);
#3859 = EDGE_LOOP('',(#3860));
#3860 = ORIENTED_EDGE('',*,*,#3861,.T.);
#3861 = EDGE_CURVE('',#3862,#3862,#3864,.T.);
#3862 = VERTEX_POINT('',#3863);
#3863 = CARTESIAN_POINT('',(107.3824,-41.709,1.51));
#3864 = CIRCLE('',#3865,0.5);
#3865 = AXIS2_PLACEMENT_3D('',#3866,#3867,#3868);
#3866 = CARTESIAN_POINT('',(107.3824,-41.209,1.51));
#3867 = DIRECTION('',(-0.,0.,-1.));
#3868 = DIRECTION('',(-0.,-1.,0.));
#3869 = FACE_BOUND('',#3870,.T.);
#3870 = EDGE_LOOP('',(#3871));
#3871 = ORIENTED_EDGE('',*,*,#3872,.T.);
#3872 = EDGE_CURVE('',#3873,#3873,#3875,.T.);
#3873 = VERTEX_POINT('',#3874);
#3874 = CARTESIAN_POINT('',(103.2399,-39.709,1.51));
#3875 = CIRCLE('',#3876,0.5);
#3876 = AXIS2_PLACEMENT_3D('',#3877,#3878,#3879);
#3877 = CARTESIAN_POINT('',(103.2399,-39.209,1.51));
#3878 = DIRECTION('',(-0.,0.,-1.));
#3879 = DIRECTION('',(-0.,-1.,0.));
#3880 = FACE_BOUND('',#3881,.T.);
#3881 = EDGE_LOOP('',(#3882));
#3882 = ORIENTED_EDGE('',*,*,#3883,.T.);
#3883 = EDGE_CURVE('',#3884,#3884,#3886,.T.);
#3884 = VERTEX_POINT('',#3885);
#3885 = CARTESIAN_POINT('',(105.9699,-39.709,1.51));
#3886 = CIRCLE('',#3887,0.5);
#3887 = AXIS2_PLACEMENT_3D('',#3888,#3889,#3890);
#3888 = CARTESIAN_POINT('',(105.9699,-39.209,1.51));
#3889 = DIRECTION('',(-0.,0.,-1.));
#3890 = DIRECTION('',(-0.,-1.,0.));
#3891 = FACE_BOUND('',#3892,.T.);
#3892 = EDGE_LOOP('',(#3893));
#3893 = ORIENTED_EDGE('',*,*,#3894,.T.);
#3894 = EDGE_CURVE('',#3895,#3895,#3897,.T.);
#3895 = VERTEX_POINT('',#3896);
#3896 = CARTESIAN_POINT('',(114.7874,-46.8515,1.51));
#3897 = CIRCLE('',#3898,0.5);
#3898 = AXIS2_PLACEMENT_3D('',#3899,#3900,#3901);
#3899 = CARTESIAN_POINT('',(114.7874,-46.3515,1.51));
#3900 = DIRECTION('',(-0.,0.,-1.));
#3901 = DIRECTION('',(-0.,-1.,0.));
#3902 = FACE_BOUND('',#3903,.T.);
#3903 = EDGE_LOOP('',(#3904));
#3904 = ORIENTED_EDGE('',*,*,#3905,.T.);
#3905 = EDGE_CURVE('',#3906,#3906,#3908,.T.);
#3906 = VERTEX_POINT('',#3907);
#3907 = CARTESIAN_POINT('',(114.7474,-44.209,1.51));
#3908 = CIRCLE('',#3909,0.5);
#3909 = AXIS2_PLACEMENT_3D('',#3910,#3911,#3912);
#3910 = CARTESIAN_POINT('',(114.7474,-43.709,1.51));
#3911 = DIRECTION('',(-0.,0.,-1.));
#3912 = DIRECTION('',(-0.,-1.,0.));
#3913 = FACE_BOUND('',#3914,.T.);
#3914 = EDGE_LOOP('',(#3915));
#3915 = ORIENTED_EDGE('',*,*,#3916,.T.);
#3916 = EDGE_CURVE('',#3917,#3917,#3919,.T.);
#3917 = VERTEX_POINT('',#3918);
#3918 = CARTESIAN_POINT('',(120.3824,-44.209,1.51));
#3919 = CIRCLE('',#3920,0.5);
#3920 = AXIS2_PLACEMENT_3D('',#3921,#3922,#3923);
#3921 = CARTESIAN_POINT('',(120.3824,-43.709,1.51));
#3922 = DIRECTION('',(-0.,0.,-1.));
#3923 = DIRECTION('',(-0.,-1.,0.));
#3924 = FACE_BOUND('',#3925,.T.);
#3925 = EDGE_LOOP('',(#3926));
#3926 = ORIENTED_EDGE('',*,*,#3927,.T.);
#3927 = EDGE_CURVE('',#3928,#3928,#3930,.T.);
#3928 = VERTEX_POINT('',#3929);
#3929 = CARTESIAN_POINT('',(129.258,-44.929,1.51));
#3930 = CIRCLE('',#3931,0.6);
#3931 = AXIS2_PLACEMENT_3D('',#3932,#3933,#3934);
#3932 = CARTESIAN_POINT('',(129.258,-44.329,1.51));
#3933 = DIRECTION('',(-0.,0.,-1.));
#3934 = DIRECTION('',(4.736951571734E-14,-1.,-0.));
#3935 = FACE_BOUND('',#3936,.T.);
#3936 = EDGE_LOOP('',(#3937));
#3937 = ORIENTED_EDGE('',*,*,#3938,.T.);
#3938 = EDGE_CURVE('',#3939,#3939,#3941,.T.);
#3939 = VERTEX_POINT('',#3940);
#3940 = CARTESIAN_POINT('',(114.8274,-41.709,1.51));
#3941 = CIRCLE('',#3942,0.5);
#3942 = AXIS2_PLACEMENT_3D('',#3943,#3944,#3945);
#3943 = CARTESIAN_POINT('',(114.8274,-41.209,1.51));
#3944 = DIRECTION('',(-0.,0.,-1.));
#3945 = DIRECTION('',(-0.,-1.,0.));
#3946 = FACE_BOUND('',#3947,.T.);
#3947 = EDGE_LOOP('',(#3948));
#3948 = ORIENTED_EDGE('',*,*,#3949,.T.);
#3949 = EDGE_CURVE('',#3950,#3950,#3952,.T.);
#3950 = VERTEX_POINT('',#3951);
#3951 = CARTESIAN_POINT('',(116.2399,-39.709,1.51));
#3952 = CIRCLE('',#3953,0.5);
#3953 = AXIS2_PLACEMENT_3D('',#3954,#3955,#3956);
#3954 = CARTESIAN_POINT('',(116.2399,-39.209,1.51));
#3955 = DIRECTION('',(-0.,0.,-1.));
#3956 = DIRECTION('',(-0.,-1.,0.));
#3957 = FACE_BOUND('',#3958,.T.);
#3958 = EDGE_LOOP('',(#3959));
#3959 = ORIENTED_EDGE('',*,*,#3960,.T.);
#3960 = EDGE_CURVE('',#3961,#3961,#3963,.T.);
#3961 = VERTEX_POINT('',#3962);
#3962 = CARTESIAN_POINT('',(118.9699,-39.709,1.51));
#3963 = CIRCLE('',#3964,0.5);
#3964 = AXIS2_PLACEMENT_3D('',#3965,#3966,#3967);
#3965 = CARTESIAN_POINT('',(118.9699,-39.209,1.51));
#3966 = DIRECTION('',(-0.,0.,-1.));
#3967 = DIRECTION('',(-0.,-1.,0.));
#3968 = FACE_BOUND('',#3969,.T.);
#3969 = EDGE_LOOP('',(#3970));
#3970 = ORIENTED_EDGE('',*,*,#3971,.T.);
#3971 = EDGE_CURVE('',#3972,#3972,#3974,.T.);
#3972 = VERTEX_POINT('',#3973);
#3973 = CARTESIAN_POINT('',(120.3824,-41.709,1.51));
#3974 = CIRCLE('',#3975,0.5);
#3975 = AXIS2_PLACEMENT_3D('',#3976,#3977,#3978);
#3976 = CARTESIAN_POINT('',(120.3824,-41.209,1.51));
#3977 = DIRECTION('',(-0.,0.,-1.));
#3978 = DIRECTION('',(-0.,-1.,0.));
#3979 = FACE_BOUND('',#3980,.T.);
#3980 = EDGE_LOOP('',(#3981));
#3981 = ORIENTED_EDGE('',*,*,#3982,.T.);
#3982 = EDGE_CURVE('',#3983,#3983,#3985,.T.);
#3983 = VERTEX_POINT('',#3984);
#3984 = CARTESIAN_POINT('',(129.258,-40.434,1.51));
#3985 = CIRCLE('',#3986,0.6);
#3986 = AXIS2_PLACEMENT_3D('',#3987,#3988,#3989);
#3987 = CARTESIAN_POINT('',(129.258,-39.834,1.51));
#3988 = DIRECTION('',(-0.,0.,-1.));
#3989 = DIRECTION('',(4.736951571734E-14,-1.,-0.));
#3990 = FACE_BOUND('',#3991,.T.);
#3991 = EDGE_LOOP('',(#3992));
#3992 = ORIENTED_EDGE('',*,*,#3993,.T.);
#3993 = EDGE_CURVE('',#3994,#3994,#3996,.T.);
#3994 = VERTEX_POINT('',#3995);
#3995 = CARTESIAN_POINT('',(93.111,-35.94,1.51));
#3996 = CIRCLE('',#3997,0.6);
#3997 = AXIS2_PLACEMENT_3D('',#3998,#3999,#4000);
#3998 = CARTESIAN_POINT('',(93.111,-35.34,1.51));
#3999 = DIRECTION('',(-0.,0.,-1.));
#4000 = DIRECTION('',(2.368475785867E-14,-1.,-0.));
#4001 = FACE_BOUND('',#4002,.T.);
#4002 = EDGE_LOOP('',(#4003));
#4003 = ORIENTED_EDGE('',*,*,#4004,.T.);
#4004 = EDGE_CURVE('',#4005,#4005,#4007,.T.);
#4005 = VERTEX_POINT('',#4006);
#4006 = CARTESIAN_POINT('',(91.357,-32.432,1.51));
#4007 = CIRCLE('',#4008,0.6);
#4008 = AXIS2_PLACEMENT_3D('',#4009,#4010,#4011);
#4009 = CARTESIAN_POINT('',(91.357,-31.832,1.51));
#4010 = DIRECTION('',(-0.,0.,-1.));
#4011 = DIRECTION('',(-0.,-1.,0.));
#4012 = FACE_BOUND('',#4013,.T.);
#4013 = EDGE_LOOP('',(#4014));
#4014 = ORIENTED_EDGE('',*,*,#4015,.T.);
#4015 = EDGE_CURVE('',#4016,#4016,#4018,.T.);
#4016 = VERTEX_POINT('',#4017);
#4017 = CARTESIAN_POINT('',(129.258,-35.94,1.51));
#4018 = CIRCLE('',#4019,0.6);
#4019 = AXIS2_PLACEMENT_3D('',#4020,#4021,#4022);
#4020 = CARTESIAN_POINT('',(129.258,-35.34,1.51));
#4021 = DIRECTION('',(-0.,0.,-1.));
#4022 = DIRECTION('',(4.736951571734E-14,-1.,-0.));
#4023 = FACE_BOUND('',#4024,.T.);
#4024 = EDGE_LOOP('',(#4025));
#4025 = ORIENTED_EDGE('',*,*,#4026,.T.);
#4026 = EDGE_CURVE('',#4027,#4027,#4029,.T.);
#4027 = VERTEX_POINT('',#4028);
#4028 = CARTESIAN_POINT('',(131.019,-48.434,1.51));
#4029 = CIRCLE('',#4030,0.6);
#4030 = AXIS2_PLACEMENT_3D('',#4031,#4032,#4033);
#4031 = CARTESIAN_POINT('',(131.019,-47.834,1.51));
#4032 = DIRECTION('',(-0.,0.,-1.));
#4033 = DIRECTION('',(-0.,-1.,0.));
#4034 = FACE_BOUND('',#4035,.T.);
#4035 = EDGE_LOOP('',(#4036));
#4036 = ORIENTED_EDGE('',*,*,#4037,.T.);
#4037 = EDGE_CURVE('',#4038,#4038,#4040,.T.);
#4038 = VERTEX_POINT('',#4039);
#4039 = CARTESIAN_POINT('',(138.987,-48.434,1.51));
#4040 = CIRCLE('',#4041,0.6);
#4041 = AXIS2_PLACEMENT_3D('',#4042,#4043,#4044);
#4042 = CARTESIAN_POINT('',(138.987,-47.834,1.51));
#4043 = DIRECTION('',(-0.,0.,-1.));
#4044 = DIRECTION('',(-0.,-1.,0.));
#4045 = FACE_BOUND('',#4046,.T.);
#4046 = EDGE_LOOP('',(#4047));
#4047 = ORIENTED_EDGE('',*,*,#4048,.T.);
#4048 = EDGE_CURVE('',#4049,#4049,#4051,.T.);
#4049 = VERTEX_POINT('',#4050);
#4050 = CARTESIAN_POINT('',(140.741,-44.929,1.51));
#4051 = CIRCLE('',#4052,0.6);
#4052 = AXIS2_PLACEMENT_3D('',#4053,#4054,#4055);
#4053 = CARTESIAN_POINT('',(140.741,-44.329,1.51));
#4054 = DIRECTION('',(-0.,0.,-1.));
#4055 = DIRECTION('',(4.736951571734E-14,-1.,-0.));
#4056 = FACE_BOUND('',#4057,.T.);
#4057 = EDGE_LOOP('',(#4058));
#4058 = ORIENTED_EDGE('',*,*,#4059,.T.);
#4059 = EDGE_CURVE('',#4060,#4060,#4062,.T.);
#4060 = VERTEX_POINT('',#4061);
#4061 = CARTESIAN_POINT('',(150.258,-44.929,1.51));
#4062 = CIRCLE('',#4063,0.6);
#4063 = AXIS2_PLACEMENT_3D('',#4064,#4065,#4066);
#4064 = CARTESIAN_POINT('',(150.258,-44.329,1.51));
#4065 = DIRECTION('',(-0.,0.,-1.));
#4066 = DIRECTION('',(4.736951571734E-14,-1.,-0.));
#4067 = FACE_BOUND('',#4068,.T.);
#4068 = EDGE_LOOP('',(#4069));
#4069 = ORIENTED_EDGE('',*,*,#4070,.T.);
#4070 = EDGE_CURVE('',#4071,#4071,#4073,.T.);
#4071 = VERTEX_POINT('',#4072);
#4072 = CARTESIAN_POINT('',(135.,-42.334,1.51));
#4073 = CIRCLE('',#4074,2.5);
#4074 = AXIS2_PLACEMENT_3D('',#4075,#4076,#4077);
#4075 = CARTESIAN_POINT('',(135.,-39.834,1.51));
#4076 = DIRECTION('',(-0.,0.,-1.));
#4077 = DIRECTION('',(-0.,-1.,0.));
#4078 = FACE_BOUND('',#4079,.T.);
#4079 = EDGE_LOOP('',(#4080));
#4080 = ORIENTED_EDGE('',*,*,#4081,.T.);
#4081 = EDGE_CURVE('',#4082,#4082,#4084,.T.);
#4082 = VERTEX_POINT('',#4083);
#4083 = CARTESIAN_POINT('',(140.741,-40.434,1.51));
#4084 = CIRCLE('',#4085,0.6);
#4085 = AXIS2_PLACEMENT_3D('',#4086,#4087,#4088);
#4086 = CARTESIAN_POINT('',(140.741,-39.834,1.51));
#4087 = DIRECTION('',(-0.,0.,-1.));
#4088 = DIRECTION('',(4.736951571734E-14,-1.,-0.));
#4089 = FACE_BOUND('',#4090,.T.);
#4090 = EDGE_LOOP('',(#4091));
#4091 = ORIENTED_EDGE('',*,*,#4092,.T.);
#4092 = EDGE_CURVE('',#4093,#4093,#4095,.T.);
#4093 = VERTEX_POINT('',#4094);
#4094 = CARTESIAN_POINT('',(150.258,-40.434,1.51));
#4095 = CIRCLE('',#4096,0.6);
#4096 = AXIS2_PLACEMENT_3D('',#4097,#4098,#4099);
#4097 = CARTESIAN_POINT('',(150.258,-39.834,1.51));
#4098 = DIRECTION('',(-0.,0.,-1.));
#4099 = DIRECTION('',(4.736951571734E-14,-1.,-0.));
#4100 = FACE_BOUND('',#4101,.T.);
#4101 = EDGE_LOOP('',(#4102));
#4102 = ORIENTED_EDGE('',*,*,#4103,.T.);
#4103 = EDGE_CURVE('',#4104,#4104,#4106,.T.);
#4104 = VERTEX_POINT('',#4105);
#4105 = CARTESIAN_POINT('',(152.019,-48.434,1.51));
#4106 = CIRCLE('',#4107,0.6);
#4107 = AXIS2_PLACEMENT_3D('',#4108,#4109,#4110);
#4108 = CARTESIAN_POINT('',(152.019,-47.834,1.51));
#4109 = DIRECTION('',(-0.,0.,-1.));
#4110 = DIRECTION('',(-0.,-1.,0.));
#4111 = FACE_BOUND('',#4112,.T.);
#4112 = EDGE_LOOP('',(#4113));
#4113 = ORIENTED_EDGE('',*,*,#4114,.T.);
#4114 = EDGE_CURVE('',#4115,#4115,#4117,.T.);
#4115 = VERTEX_POINT('',#4116);
#4116 = CARTESIAN_POINT('',(159.987,-48.434,1.51));
#4117 = CIRCLE('',#4118,0.6);
#4118 = AXIS2_PLACEMENT_3D('',#4119,#4120,#4121);
#4119 = CARTESIAN_POINT('',(159.987,-47.834,1.51));
#4120 = DIRECTION('',(-0.,0.,-1.));
#4121 = DIRECTION('',(-0.,-1.,0.));
#4122 = FACE_BOUND('',#4123,.T.);
#4123 = EDGE_LOOP('',(#4124));
#4124 = ORIENTED_EDGE('',*,*,#4125,.T.);
#4125 = EDGE_CURVE('',#4126,#4126,#4128,.T.);
#4126 = VERTEX_POINT('',#4127);
#4127 = CARTESIAN_POINT('',(161.741,-44.929,1.51));
#4128 = CIRCLE('',#4129,0.6);
#4129 = AXIS2_PLACEMENT_3D('',#4130,#4131,#4132);
#4130 = CARTESIAN_POINT('',(161.741,-44.329,1.51));
#4131 = DIRECTION('',(-0.,0.,-1.));
#4132 = DIRECTION('',(4.736951571734E-14,-1.,-0.));
#4133 = FACE_BOUND('',#4134,.T.);
#4134 = EDGE_LOOP('',(#4135));
#4135 = ORIENTED_EDGE('',*,*,#4136,.T.);
#4136 = EDGE_CURVE('',#4137,#4137,#4139,.T.);
#4137 = VERTEX_POINT('',#4138);
#4138 = CARTESIAN_POINT('',(156.,-42.334,1.51));
#4139 = CIRCLE('',#4140,2.5);
#4140 = AXIS2_PLACEMENT_3D('',#4141,#4142,#4143);
#4141 = CARTESIAN_POINT('',(156.,-39.834,1.51));
#4142 = DIRECTION('',(-0.,0.,-1.));
#4143 = DIRECTION('',(-0.,-1.,0.));
#4144 = FACE_BOUND('',#4145,.T.);
#4145 = EDGE_LOOP('',(#4146));
#4146 = ORIENTED_EDGE('',*,*,#4147,.T.);
#4147 = EDGE_CURVE('',#4148,#4148,#4150,.T.);
#4148 = VERTEX_POINT('',#4149);
#4149 = CARTESIAN_POINT('',(161.741,-40.434,1.51));
#4150 = CIRCLE('',#4151,0.6);
#4151 = AXIS2_PLACEMENT_3D('',#4152,#4153,#4154);
#4152 = CARTESIAN_POINT('',(161.741,-39.834,1.51));
#4153 = DIRECTION('',(-0.,0.,-1.));
#4154 = DIRECTION('',(4.736951571734E-14,-1.,-0.));
#4155 = FACE_BOUND('',#4156,.T.);
#4156 = EDGE_LOOP('',(#4157));
#4157 = ORIENTED_EDGE('',*,*,#4158,.T.);
#4158 = EDGE_CURVE('',#4159,#4159,#4161,.T.);
#4159 = VERTEX_POINT('',#4160);
#4160 = CARTESIAN_POINT('',(131.019,-32.432,1.51));
#4161 = CIRCLE('',#4162,0.6);
#4162 = AXIS2_PLACEMENT_3D('',#4163,#4164,#4165);
#4163 = CARTESIAN_POINT('',(131.019,-31.832,1.51));
#4164 = DIRECTION('',(-0.,0.,-1.));
#4165 = DIRECTION('',(-0.,-1.,0.));
#4166 = FACE_BOUND('',#4167,.T.);
#4167 = EDGE_LOOP('',(#4168));
#4168 = ORIENTED_EDGE('',*,*,#4169,.T.);
#4169 = EDGE_CURVE('',#4170,#4170,#4172,.T.);
#4170 = VERTEX_POINT('',#4171);
#4171 = CARTESIAN_POINT('',(138.987,-32.432,1.51));
#4172 = CIRCLE('',#4173,0.6);
#4173 = AXIS2_PLACEMENT_3D('',#4174,#4175,#4176);
#4174 = CARTESIAN_POINT('',(138.987,-31.832,1.51));
#4175 = DIRECTION('',(-0.,0.,-1.));
#4176 = DIRECTION('',(-0.,-1.,0.));
#4177 = FACE_BOUND('',#4178,.T.);
#4178 = EDGE_LOOP('',(#4179));
#4179 = ORIENTED_EDGE('',*,*,#4180,.T.);
#4180 = EDGE_CURVE('',#4181,#4181,#4183,.T.);
#4181 = VERTEX_POINT('',#4182);
#4182 = CARTESIAN_POINT('',(140.741,-35.94,1.51));
#4183 = CIRCLE('',#4184,0.6);
#4184 = AXIS2_PLACEMENT_3D('',#4185,#4186,#4187);
#4185 = CARTESIAN_POINT('',(140.741,-35.34,1.51));
#4186 = DIRECTION('',(-0.,0.,-1.));
#4187 = DIRECTION('',(4.736951571734E-14,-1.,-0.));
#4188 = FACE_BOUND('',#4189,.T.);
#4189 = EDGE_LOOP('',(#4190));
#4190 = ORIENTED_EDGE('',*,*,#4191,.T.);
#4191 = EDGE_CURVE('',#4192,#4192,#4194,.T.);
#4192 = VERTEX_POINT('',#4193);
#4193 = CARTESIAN_POINT('',(150.258,-35.94,1.51));
#4194 = CIRCLE('',#4195,0.6);
#4195 = AXIS2_PLACEMENT_3D('',#4196,#4197,#4198);
#4196 = CARTESIAN_POINT('',(150.258,-35.34,1.51));
#4197 = DIRECTION('',(-0.,0.,-1.));
#4198 = DIRECTION('',(4.736951571734E-14,-1.,-0.));
#4199 = FACE_BOUND('',#4200,.T.);
#4200 = EDGE_LOOP('',(#4201));
#4201 = ORIENTED_EDGE('',*,*,#4202,.T.);
#4202 = EDGE_CURVE('',#4203,#4203,#4205,.T.);
#4203 = VERTEX_POINT('',#4204);
#4204 = CARTESIAN_POINT('',(135.,-31.444,1.51));
#4205 = CIRCLE('',#4206,0.6);
#4206 = AXIS2_PLACEMENT_3D('',#4207,#4208,#4209);
#4207 = CARTESIAN_POINT('',(135.,-30.844,1.51));
#4208 = DIRECTION('',(-0.,0.,-1.));
#4209 = DIRECTION('',(-0.,-1.,0.));
#4210 = FACE_BOUND('',#4211,.T.);
#4211 = EDGE_LOOP('',(#4212));
#4212 = ORIENTED_EDGE('',*,*,#4213,.T.);
#4213 = EDGE_CURVE('',#4214,#4214,#4216,.T.);
#4214 = VERTEX_POINT('',#4215);
#4215 = CARTESIAN_POINT('',(161.741,-35.94,1.51));
#4216 = CIRCLE('',#4217,0.6);
#4217 = AXIS2_PLACEMENT_3D('',#4218,#4219,#4220);
#4218 = CARTESIAN_POINT('',(161.741,-35.34,1.51));
#4219 = DIRECTION('',(-0.,0.,-1.));
#4220 = DIRECTION('',(4.736951571734E-14,-1.,-0.));
#4221 = FACE_BOUND('',#4222,.T.);
#4222 = EDGE_LOOP('',(#4223));
#4223 = ORIENTED_EDGE('',*,*,#4224,.T.);
#4224 = EDGE_CURVE('',#4225,#4225,#4227,.T.);
#4225 = VERTEX_POINT('',#4226);
#4226 = CARTESIAN_POINT('',(152.019,-32.432,1.51));
#4227 = CIRCLE('',#4228,0.6);
#4228 = AXIS2_PLACEMENT_3D('',#4229,#4230,#4231);
#4229 = CARTESIAN_POINT('',(152.019,-31.832,1.51));
#4230 = DIRECTION('',(-0.,0.,-1.));
#4231 = DIRECTION('',(-0.,-1.,0.));
#4232 = FACE_BOUND('',#4233,.T.);
#4233 = EDGE_LOOP('',(#4234));
#4234 = ORIENTED_EDGE('',*,*,#4235,.T.);
#4235 = EDGE_CURVE('',#4236,#4236,#4238,.T.);
#4236 = VERTEX_POINT('',#4237);
#4237 = CARTESIAN_POINT('',(159.987,-32.432,1.51));
#4238 = CIRCLE('',#4239,0.6);
#4239 = AXIS2_PLACEMENT_3D('',#4240,#4241,#4242);
#4240 = CARTESIAN_POINT('',(159.987,-31.832,1.51));
#4241 = DIRECTION('',(-0.,0.,-1.));
#4242 = DIRECTION('',(-0.,-1.,0.));
#4243 = FACE_BOUND('',#4244,.T.);
#4244 = EDGE_LOOP('',(#4245));
#4245 = ORIENTED_EDGE('',*,*,#4246,.T.);
#4246 = EDGE_CURVE('',#4247,#4247,#4249,.T.);
#4247 = VERTEX_POINT('',#4248);
#4248 = CARTESIAN_POINT('',(156.,-31.444,1.51));
#4249 = CIRCLE('',#4250,0.6);
#4250 = AXIS2_PLACEMENT_3D('',#4251,#4252,#4253);
#4251 = CARTESIAN_POINT('',(156.,-30.844,1.51));
#4252 = DIRECTION('',(-0.,0.,-1.));
#4253 = DIRECTION('',(-0.,-1.,0.));
#4254 = FACE_BOUND('',#4255,.T.);
#4255 = EDGE_LOOP('',(#4256));
#4256 = ORIENTED_EDGE('',*,*,#4257,.T.);
#4257 = EDGE_CURVE('',#4258,#4258,#4260,.T.);
#4258 = VERTEX_POINT('',#4259);
#4259 = CARTESIAN_POINT('',(125.5,-5.35,1.51));
#4260 = CIRCLE('',#4261,1.35);
#4261 = AXIS2_PLACEMENT_3D('',#4262,#4263,#4264);
#4262 = CARTESIAN_POINT('',(125.5,-4.,1.51));
#4263 = DIRECTION('',(-0.,0.,-1.));
#4264 = DIRECTION('',(-0.,-1.,0.));
#4265 = FACE_BOUND('',#4266,.T.);
#4266 = EDGE_LOOP('',(#4267));
#4267 = ORIENTED_EDGE('',*,*,#4268,.T.);
#4268 = EDGE_CURVE('',#4269,#4269,#4271,.T.);
#4269 = VERTEX_POINT('',#4270);
#4270 = CARTESIAN_POINT('',(171.,-5.35,1.51));
#4271 = CIRCLE('',#4272,1.35);
#4272 = AXIS2_PLACEMENT_3D('',#4273,#4274,#4275);
#4273 = CARTESIAN_POINT('',(171.,-4.,1.51));
#4274 = DIRECTION('',(-0.,0.,-1.));
#4275 = DIRECTION('',(-0.,-1.,0.));
#4276 = PLANE('',#4277);
#4277 = AXIS2_PLACEMENT_3D('',#4278,#4279,#4280);
#4278 = CARTESIAN_POINT('',(0.,0.,1.51));
#4279 = DIRECTION('',(0.,0.,1.));
#4280 = DIRECTION('',(1.,0.,-0.));
#4281 = ADVANCED_FACE('',(#4282),#4288,.T.);
#4282 = FACE_BOUND('',#4283,.T.);
#4283 = EDGE_LOOP('',(#4284,#4285,#4286,#4287));
#4284 = ORIENTED_EDGE('',*,*,#119,.T.);
#4285 = ORIENTED_EDGE('',*,*,#2215,.T.);
#4286 = ORIENTED_EDGE('',*,*,#79,.F.);
#4287 = ORIENTED_EDGE('',*,*,#143,.F.);
#4288 = PLANE('',#4289);
#4289 = AXIS2_PLACEMENT_3D('',#4290,#4291,#4292);
#4290 = CARTESIAN_POINT('',(0.,0.,0.));
#4291 = DIRECTION('',(0.,1.,0.));
#4292 = DIRECTION('',(1.,0.,0.));
#4293 = ADVANCED_FACE('',(#4294),#4305,.F.);
#4294 = FACE_BOUND('',#4295,.T.);
#4295 = EDGE_LOOP('',(#4296,#4297,#4303,#4304));
#4296 = ORIENTED_EDGE('',*,*,#152,.T.);
#4297 = ORIENTED_EDGE('',*,*,#4298,.T.);
#4298 = EDGE_CURVE('',#153,#2225,#4299,.T.);
#4299 = LINE('',#4300,#4301);
#4300 = CARTESIAN_POINT('',(5.,-93.35,-4.6E-02));
#4301 = VECTOR('',#4302,1.);
#4302 = DIRECTION('',(0.,0.,1.));
#4303 = ORIENTED_EDGE('',*,*,#2224,.F.);
#4304 = ORIENTED_EDGE('',*,*,#4298,.F.);
#4305 = CYLINDRICAL_SURFACE('',#4306,1.35);
#4306 = AXIS2_PLACEMENT_3D('',#4307,#4308,#4309);
#4307 = CARTESIAN_POINT('',(5.,-92.,-4.6E-02));
#4308 = DIRECTION('',(-0.,-0.,-1.));
#4309 = DIRECTION('',(-0.,-1.,0.));
#4310 = ADVANCED_FACE('',(#4311),#4327,.F.);
#4311 = FACE_BOUND('',#4312,.T.);
#4312 = EDGE_LOOP('',(#4313,#4314,#4320,#4321));
#4313 = ORIENTED_EDGE('',*,*,#163,.T.);
#4314 = ORIENTED_EDGE('',*,*,#4315,.T.);
#4315 = EDGE_CURVE('',#166,#2238,#4316,.T.);
#4316 = LINE('',#4317,#4318);
#4317 = CARTESIAN_POINT('',(7.5,-75.,-4.6E-02));
#4318 = VECTOR('',#4319,1.);
#4319 = DIRECTION('',(0.,0.,1.));
#4320 = ORIENTED_EDGE('',*,*,#2235,.F.);
#4321 = ORIENTED_EDGE('',*,*,#4322,.F.);
#4322 = EDGE_CURVE('',#164,#2236,#4323,.T.);
#4323 = LINE('',#4324,#4325);
#4324 = CARTESIAN_POINT('',(8.5,-75.,-4.6E-02));
#4325 = VECTOR('',#4326,1.);
#4326 = DIRECTION('',(0.,0.,1.));
#4327 = CYLINDRICAL_SURFACE('',#4328,0.5);
#4328 = AXIS2_PLACEMENT_3D('',#4329,#4330,#4331);
#4329 = CARTESIAN_POINT('',(8.,-75.,-4.6E-02));
#4330 = DIRECTION('',(-0.,-0.,-1.));
#4331 = DIRECTION('',(-1.,0.,-0.));
#4332 = ADVANCED_FACE('',(#4333),#4344,.T.);
#4333 = FACE_BOUND('',#4334,.T.);
#4334 = EDGE_LOOP('',(#4335,#4336,#4337,#4338));
#4335 = ORIENTED_EDGE('',*,*,#191,.T.);
#4336 = ORIENTED_EDGE('',*,*,#4322,.T.);
#4337 = ORIENTED_EDGE('',*,*,#2263,.F.);
#4338 = ORIENTED_EDGE('',*,*,#4339,.F.);
#4339 = EDGE_CURVE('',#183,#2255,#4340,.T.);
#4340 = LINE('',#4341,#4342);
#4341 = CARTESIAN_POINT('',(8.5,-73.,-4.6E-02));
#4342 = VECTOR('',#4343,1.);
#4343 = DIRECTION('',(0.,0.,1.));
#4344 = PLANE('',#4345);
#4345 = AXIS2_PLACEMENT_3D('',#4346,#4347,#4348);
#4346 = CARTESIAN_POINT('',(8.5,-75.,-4.6E-02));
#4347 = DIRECTION('',(-1.,0.,0.));
#4348 = DIRECTION('',(0.,1.,0.));
#4349 = ADVANCED_FACE('',(#4350),#4361,.F.);
#4350 = FACE_BOUND('',#4351,.T.);
#4351 = EDGE_LOOP('',(#4352,#4353,#4354,#4355));
#4352 = ORIENTED_EDGE('',*,*,#182,.T.);
#4353 = ORIENTED_EDGE('',*,*,#4339,.T.);
#4354 = ORIENTED_EDGE('',*,*,#2254,.F.);
#4355 = ORIENTED_EDGE('',*,*,#4356,.F.);
#4356 = EDGE_CURVE('',#175,#2247,#4357,.T.);
#4357 = LINE('',#4358,#4359);
#4358 = CARTESIAN_POINT('',(7.5,-73.,-4.6E-02));
#4359 = VECTOR('',#4360,1.);
#4360 = DIRECTION('',(0.,0.,1.));
#4361 = CYLINDRICAL_SURFACE('',#4362,0.5);
#4362 = AXIS2_PLACEMENT_3D('',#4363,#4364,#4365);
#4363 = CARTESIAN_POINT('',(8.,-73.,-4.6E-02));
#4364 = DIRECTION('',(-0.,-0.,-1.));
#4365 = DIRECTION('',(1.,0.,-0.));
#4366 = ADVANCED_FACE('',(#4367),#4373,.T.);
#4367 = FACE_BOUND('',#4368,.T.);
#4368 = EDGE_LOOP('',(#4369,#4370,#4371,#4372));
#4369 = ORIENTED_EDGE('',*,*,#174,.T.);
#4370 = ORIENTED_EDGE('',*,*,#4356,.T.);
#4371 = ORIENTED_EDGE('',*,*,#2246,.F.);
#4372 = ORIENTED_EDGE('',*,*,#4315,.F.);
#4373 = PLANE('',#4374);
#4374 = AXIS2_PLACEMENT_3D('',#4375,#4376,#4377);
#4375 = CARTESIAN_POINT('',(7.5,-73.,-4.6E-02));
#4376 = DIRECTION('',(1.,0.,-0.));
#4377 = DIRECTION('',(0.,-1.,0.));
#4378 = ADVANCED_FACE('',(#4379),#4395,.F.);
#4379 = FACE_BOUND('',#4380,.T.);
#4380 = EDGE_LOOP('',(#4381,#4382,#4388,#4389));
#4381 = ORIENTED_EDGE('',*,*,#199,.T.);
#4382 = ORIENTED_EDGE('',*,*,#4383,.T.);
#4383 = EDGE_CURVE('',#202,#2274,#4384,.T.);
#4384 = LINE('',#4385,#4386);
#4385 = CARTESIAN_POINT('',(13.5,-75.,-4.6E-02));
#4386 = VECTOR('',#4387,1.);
#4387 = DIRECTION('',(0.,0.,1.));
#4388 = ORIENTED_EDGE('',*,*,#2271,.F.);
#4389 = ORIENTED_EDGE('',*,*,#4390,.F.);
#4390 = EDGE_CURVE('',#200,#2272,#4391,.T.);
#4391 = LINE('',#4392,#4393);
#4392 = CARTESIAN_POINT('',(14.5,-75.,-4.6E-02));
#4393 = VECTOR('',#4394,1.);
#4394 = DIRECTION('',(0.,0.,1.));
#4395 = CYLINDRICAL_SURFACE('',#4396,0.5);
#4396 = AXIS2_PLACEMENT_3D('',#4397,#4398,#4399);
#4397 = CARTESIAN_POINT('',(14.,-75.,-4.6E-02));
#4398 = DIRECTION('',(-0.,-0.,-1.));
#4399 = DIRECTION('',(-1.,0.,-0.));
#4400 = ADVANCED_FACE('',(#4401),#4412,.T.);
#4401 = FACE_BOUND('',#4402,.T.);
#4402 = EDGE_LOOP('',(#4403,#4404,#4405,#4406));
#4403 = ORIENTED_EDGE('',*,*,#227,.T.);
#4404 = ORIENTED_EDGE('',*,*,#4390,.T.);
#4405 = ORIENTED_EDGE('',*,*,#2299,.F.);
#4406 = ORIENTED_EDGE('',*,*,#4407,.F.);
#4407 = EDGE_CURVE('',#219,#2291,#4408,.T.);
#4408 = LINE('',#4409,#4410);
#4409 = CARTESIAN_POINT('',(14.5,-73.,-4.6E-02));
#4410 = VECTOR('',#4411,1.);
#4411 = DIRECTION('',(0.,0.,1.));
#4412 = PLANE('',#4413);
#4413 = AXIS2_PLACEMENT_3D('',#4414,#4415,#4416);
#4414 = CARTESIAN_POINT('',(14.5,-75.,-4.6E-02));
#4415 = DIRECTION('',(-1.,0.,0.));
#4416 = DIRECTION('',(0.,1.,0.));
#4417 = ADVANCED_FACE('',(#4418),#4429,.F.);
#4418 = FACE_BOUND('',#4419,.T.);
#4419 = EDGE_LOOP('',(#4420,#4421,#4422,#4423));
#4420 = ORIENTED_EDGE('',*,*,#218,.T.);
#4421 = ORIENTED_EDGE('',*,*,#4407,.T.);
#4422 = ORIENTED_EDGE('',*,*,#2290,.F.);
#4423 = ORIENTED_EDGE('',*,*,#4424,.F.);
#4424 = EDGE_CURVE('',#211,#2283,#4425,.T.);
#4425 = LINE('',#4426,#4427);
#4426 = CARTESIAN_POINT('',(13.5,-73.,-4.6E-02));
#4427 = VECTOR('',#4428,1.);
#4428 = DIRECTION('',(0.,0.,1.));
#4429 = CYLINDRICAL_SURFACE('',#4430,0.5);
#4430 = AXIS2_PLACEMENT_3D('',#4431,#4432,#4433);
#4431 = CARTESIAN_POINT('',(14.,-73.,-4.6E-02));
#4432 = DIRECTION('',(-0.,-0.,-1.));
#4433 = DIRECTION('',(1.,0.,-0.));
#4434 = ADVANCED_FACE('',(#4435),#4441,.T.);
#4435 = FACE_BOUND('',#4436,.T.);
#4436 = EDGE_LOOP('',(#4437,#4438,#4439,#4440));
#4437 = ORIENTED_EDGE('',*,*,#210,.T.);
#4438 = ORIENTED_EDGE('',*,*,#4424,.T.);
#4439 = ORIENTED_EDGE('',*,*,#2282,.F.);
#4440 = ORIENTED_EDGE('',*,*,#4383,.F.);
#4441 = PLANE('',#4442);
#4442 = AXIS2_PLACEMENT_3D('',#4443,#4444,#4445);
#4443 = CARTESIAN_POINT('',(13.5,-73.,-4.6E-02));
#4444 = DIRECTION('',(1.,0.,-0.));
#4445 = DIRECTION('',(0.,-1.,0.));
#4446 = ADVANCED_FACE('',(#4447),#4458,.F.);
#4447 = FACE_BOUND('',#4448,.T.);
#4448 = EDGE_LOOP('',(#4449,#4450,#4456,#4457));
#4449 = ORIENTED_EDGE('',*,*,#235,.T.);
#4450 = ORIENTED_EDGE('',*,*,#4451,.T.);
#4451 = EDGE_CURVE('',#236,#2308,#4452,.T.);
#4452 = LINE('',#4453,#4454);
#4453 = CARTESIAN_POINT('',(35.36,-74.854,-4.6E-02));
#4454 = VECTOR('',#4455,1.);
#4455 = DIRECTION('',(0.,0.,1.));
#4456 = ORIENTED_EDGE('',*,*,#2307,.F.);
#4457 = ORIENTED_EDGE('',*,*,#4451,.F.);
#4458 = CYLINDRICAL_SURFACE('',#4459,0.5);
#4459 = AXIS2_PLACEMENT_3D('',#4460,#4461,#4462);
#4460 = CARTESIAN_POINT('',(35.36,-74.354,-4.6E-02));
#4461 = DIRECTION('',(-0.,-0.,-1.));
#4462 = DIRECTION('',(-0.,-1.,0.));
#4463 = ADVANCED_FACE('',(#4464),#4475,.F.);
#4464 = FACE_BOUND('',#4465,.T.);
#4465 = EDGE_LOOP('',(#4466,#4467,#4473,#4474));
#4466 = ORIENTED_EDGE('',*,*,#246,.T.);
#4467 = ORIENTED_EDGE('',*,*,#4468,.T.);
#4468 = EDGE_CURVE('',#247,#2319,#4469,.T.);
#4469 = LINE('',#4470,#4471);
#4470 = CARTESIAN_POINT('',(37.9,-74.854,-4.6E-02));
#4471 = VECTOR('',#4472,1.);
#4472 = DIRECTION('',(0.,0.,1.));
#4473 = ORIENTED_EDGE('',*,*,#2318,.F.);
#4474 = ORIENTED_EDGE('',*,*,#4468,.F.);
#4475 = CYLINDRICAL_SURFACE('',#4476,0.5);
#4476 = AXIS2_PLACEMENT_3D('',#4477,#4478,#4479);
#4477 = CARTESIAN_POINT('',(37.9,-74.354,-4.6E-02));
#4478 = DIRECTION('',(-0.,-0.,-1.));
#4479 = DIRECTION('',(-0.,-1.,0.));
#4480 = ADVANCED_FACE('',(#4481),#4492,.F.);
#4481 = FACE_BOUND('',#4482,.T.);
#4482 = EDGE_LOOP('',(#4483,#4484,#4490,#4491));
#4483 = ORIENTED_EDGE('',*,*,#257,.T.);
#4484 = ORIENTED_EDGE('',*,*,#4485,.T.);
#4485 = EDGE_CURVE('',#258,#2330,#4486,.T.);
#4486 = LINE('',#4487,#4488);
#4487 = CARTESIAN_POINT('',(40.44,-74.854,-4.6E-02));
#4488 = VECTOR('',#4489,1.);
#4489 = DIRECTION('',(0.,0.,1.));
#4490 = ORIENTED_EDGE('',*,*,#2329,.F.);
#4491 = ORIENTED_EDGE('',*,*,#4485,.F.);
#4492 = CYLINDRICAL_SURFACE('',#4493,0.5);
#4493 = AXIS2_PLACEMENT_3D('',#4494,#4495,#4496);
#4494 = CARTESIAN_POINT('',(40.44,-74.354,-4.6E-02));
#4495 = DIRECTION('',(-0.,-0.,-1.));
#4496 = DIRECTION('',(-0.,-1.,0.));
#4497 = ADVANCED_FACE('',(#4498),#4509,.F.);
#4498 = FACE_BOUND('',#4499,.T.);
#4499 = EDGE_LOOP('',(#4500,#4501,#4507,#4508));
#4500 = ORIENTED_EDGE('',*,*,#268,.T.);
#4501 = ORIENTED_EDGE('',*,*,#4502,.T.);
#4502 = EDGE_CURVE('',#269,#2341,#4503,.T.);
#4503 = LINE('',#4504,#4505);
#4504 = CARTESIAN_POINT('',(80.,-93.35,-4.6E-02));
#4505 = VECTOR('',#4506,1.);
#4506 = DIRECTION('',(0.,0.,1.));
#4507 = ORIENTED_EDGE('',*,*,#2340,.F.);
#4508 = ORIENTED_EDGE('',*,*,#4502,.F.);
#4509 = CYLINDRICAL_SURFACE('',#4510,1.35);
#4510 = AXIS2_PLACEMENT_3D('',#4511,#4512,#4513);
#4511 = CARTESIAN_POINT('',(80.,-92.,-4.6E-02));
#4512 = DIRECTION('',(-0.,-0.,-1.));
#4513 = DIRECTION('',(-0.,-1.,0.));
#4514 = ADVANCED_FACE('',(#4515),#4526,.F.);
#4515 = FACE_BOUND('',#4516,.T.);
#4516 = EDGE_LOOP('',(#4517,#4518,#4524,#4525));
#4517 = ORIENTED_EDGE('',*,*,#279,.T.);
#4518 = ORIENTED_EDGE('',*,*,#4519,.T.);
#4519 = EDGE_CURVE('',#280,#2352,#4520,.T.);
#4520 = LINE('',#4521,#4522);
#4521 = CARTESIAN_POINT('',(87.19,-86.79,-4.6E-02));
#4522 = VECTOR('',#4523,1.);
#4523 = DIRECTION('',(0.,0.,1.));
#4524 = ORIENTED_EDGE('',*,*,#2351,.F.);
#4525 = ORIENTED_EDGE('',*,*,#4519,.F.);
#4526 = CYLINDRICAL_SURFACE('',#4527,0.4);
#4527 = AXIS2_PLACEMENT_3D('',#4528,#4529,#4530);
#4528 = CARTESIAN_POINT('',(87.19,-86.39,-4.6E-02));
#4529 = DIRECTION('',(-0.,-0.,-1.));
#4530 = DIRECTION('',(-0.,-1.,0.));
#4531 = ADVANCED_FACE('',(#4532),#4543,.F.);
#4532 = FACE_BOUND('',#4533,.T.);
#4533 = EDGE_LOOP('',(#4534,#4535,#4541,#4542));
#4534 = ORIENTED_EDGE('',*,*,#290,.T.);
#4535 = ORIENTED_EDGE('',*,*,#4536,.T.);
#4536 = EDGE_CURVE('',#291,#2363,#4537,.T.);
#4537 = LINE('',#4538,#4539);
#4538 = CARTESIAN_POINT('',(87.19,-84.25,-4.6E-02));
#4539 = VECTOR('',#4540,1.);
#4540 = DIRECTION('',(0.,0.,1.));
#4541 = ORIENTED_EDGE('',*,*,#2362,.F.);
#4542 = ORIENTED_EDGE('',*,*,#4536,.F.);
#4543 = CYLINDRICAL_SURFACE('',#4544,0.4);
#4544 = AXIS2_PLACEMENT_3D('',#4545,#4546,#4547);
#4545 = CARTESIAN_POINT('',(87.19,-83.85,-4.6E-02));
#4546 = DIRECTION('',(-0.,-0.,-1.));
#4547 = DIRECTION('',(-0.,-1.,0.));
#4548 = ADVANCED_FACE('',(#4549),#4560,.F.);
#4549 = FACE_BOUND('',#4550,.T.);
#4550 = EDGE_LOOP('',(#4551,#4552,#4558,#4559));
#4551 = ORIENTED_EDGE('',*,*,#301,.T.);
#4552 = ORIENTED_EDGE('',*,*,#4553,.T.);
#4553 = EDGE_CURVE('',#302,#2374,#4554,.T.);
#4554 = LINE('',#4555,#4556);
#4555 = CARTESIAN_POINT('',(87.19,-81.71,-4.6E-02));
#4556 = VECTOR('',#4557,1.);
#4557 = DIRECTION('',(0.,0.,1.));
#4558 = ORIENTED_EDGE('',*,*,#2373,.F.);
#4559 = ORIENTED_EDGE('',*,*,#4553,.F.);
#4560 = CYLINDRICAL_SURFACE('',#4561,0.4);
#4561 = AXIS2_PLACEMENT_3D('',#4562,#4563,#4564);
#4562 = CARTESIAN_POINT('',(87.19,-81.31,-4.6E-02));
#4563 = DIRECTION('',(-0.,-0.,-1.));
#4564 = DIRECTION('',(-0.,-1.,0.));
#4565 = ADVANCED_FACE('',(#4566),#4577,.F.);
#4566 = FACE_BOUND('',#4567,.T.);
#4567 = EDGE_LOOP('',(#4568,#4569,#4575,#4576));
#4568 = ORIENTED_EDGE('',*,*,#312,.T.);
#4569 = ORIENTED_EDGE('',*,*,#4570,.T.);
#4570 = EDGE_CURVE('',#313,#2385,#4571,.T.);
#4571 = LINE('',#4572,#4573);
#4572 = CARTESIAN_POINT('',(87.19,-79.17,-4.6E-02));
#4573 = VECTOR('',#4574,1.);
#4574 = DIRECTION('',(0.,0.,1.));
#4575 = ORIENTED_EDGE('',*,*,#2384,.F.);
#4576 = ORIENTED_EDGE('',*,*,#4570,.F.);
#4577 = CYLINDRICAL_SURFACE('',#4578,0.4);
#4578 = AXIS2_PLACEMENT_3D('',#4579,#4580,#4581);
#4579 = CARTESIAN_POINT('',(87.19,-78.77,-4.6E-02));
#4580 = DIRECTION('',(-0.,-0.,-1.));
#4581 = DIRECTION('',(-0.,-1.,0.));
#4582 = ADVANCED_FACE('',(#4583),#4594,.F.);
#4583 = FACE_BOUND('',#4584,.T.);
#4584 = EDGE_LOOP('',(#4585,#4586,#4592,#4593));
#4585 = ORIENTED_EDGE('',*,*,#323,.T.);
#4586 = ORIENTED_EDGE('',*,*,#4587,.T.);
#4587 = EDGE_CURVE('',#324,#2396,#4588,.T.);
#4588 = LINE('',#4589,#4590);
#4589 = CARTESIAN_POINT('',(87.19,-76.63,-4.6E-02));
#4590 = VECTOR('',#4591,1.);
#4591 = DIRECTION('',(0.,0.,1.));
#4592 = ORIENTED_EDGE('',*,*,#2395,.F.);
#4593 = ORIENTED_EDGE('',*,*,#4587,.F.);
#4594 = CYLINDRICAL_SURFACE('',#4595,0.4);
#4595 = AXIS2_PLACEMENT_3D('',#4596,#4597,#4598);
#4596 = CARTESIAN_POINT('',(87.19,-76.23,-4.6E-02));
#4597 = DIRECTION('',(-0.,-0.,-1.));
#4598 = DIRECTION('',(-0.,-1.,0.));
#4599 = ADVANCED_FACE('',(#4600),#4611,.F.);
#4600 = FACE_BOUND('',#4601,.T.);
#4601 = EDGE_LOOP('',(#4602,#4603,#4609,#4610));
#4602 = ORIENTED_EDGE('',*,*,#334,.T.);
#4603 = ORIENTED_EDGE('',*,*,#4604,.T.);
#4604 = EDGE_CURVE('',#335,#2407,#4605,.T.);
#4605 = LINE('',#4606,#4607);
#4606 = CARTESIAN_POINT('',(87.19,-74.09,-4.6E-02));
#4607 = VECTOR('',#4608,1.);
#4608 = DIRECTION('',(0.,0.,1.));
#4609 = ORIENTED_EDGE('',*,*,#2406,.F.);
#4610 = ORIENTED_EDGE('',*,*,#4604,.F.);
#4611 = CYLINDRICAL_SURFACE('',#4612,0.4);
#4612 = AXIS2_PLACEMENT_3D('',#4613,#4614,#4615);
#4613 = CARTESIAN_POINT('',(87.19,-73.69,-4.6E-02));
#4614 = DIRECTION('',(-0.,-0.,-1.));
#4615 = DIRECTION('',(-0.,-1.,0.));
#4616 = ADVANCED_FACE('',(#4617),#4628,.F.);
#4617 = FACE_BOUND('',#4618,.T.);
#4618 = EDGE_LOOP('',(#4619,#4620,#4626,#4627));
#4619 = ORIENTED_EDGE('',*,*,#345,.T.);
#4620 = ORIENTED_EDGE('',*,*,#4621,.T.);
#4621 = EDGE_CURVE('',#346,#2418,#4622,.T.);
#4622 = LINE('',#4623,#4624);
#4623 = CARTESIAN_POINT('',(87.19,-71.55,-4.6E-02));
#4624 = VECTOR('',#4625,1.);
#4625 = DIRECTION('',(0.,0.,1.));
#4626 = ORIENTED_EDGE('',*,*,#2417,.F.);
#4627 = ORIENTED_EDGE('',*,*,#4621,.F.);
#4628 = CYLINDRICAL_SURFACE('',#4629,0.4);
#4629 = AXIS2_PLACEMENT_3D('',#4630,#4631,#4632);
#4630 = CARTESIAN_POINT('',(87.19,-71.15,-4.6E-02));
#4631 = DIRECTION('',(-0.,-0.,-1.));
#4632 = DIRECTION('',(-0.,-1.,0.));
#4633 = ADVANCED_FACE('',(#4634),#4650,.F.);
#4634 = FACE_BOUND('',#4635,.T.);
#4635 = EDGE_LOOP('',(#4636,#4637,#4643,#4644));
#4636 = ORIENTED_EDGE('',*,*,#356,.T.);
#4637 = ORIENTED_EDGE('',*,*,#4638,.T.);
#4638 = EDGE_CURVE('',#359,#2431,#4639,.T.);
#4639 = LINE('',#4640,#4641);
#4640 = CARTESIAN_POINT('',(12.,-69.8,-4.6E-02));
#4641 = VECTOR('',#4642,1.);
#4642 = DIRECTION('',(0.,0.,1.));
#4643 = ORIENTED_EDGE('',*,*,#2428,.F.);
#4644 = ORIENTED_EDGE('',*,*,#4645,.F.);
#4645 = EDGE_CURVE('',#357,#2429,#4646,.T.);
#4646 = LINE('',#4647,#4648);
#4647 = CARTESIAN_POINT('',(12.,-68.8,-4.6E-02));
#4648 = VECTOR('',#4649,1.);
#4649 = DIRECTION('',(0.,0.,1.));
#4650 = CYLINDRICAL_SURFACE('',#4651,0.5);
#4651 = AXIS2_PLACEMENT_3D('',#4652,#4653,#4654);
#4652 = CARTESIAN_POINT('',(12.,-69.3,-4.6E-02));
#4653 = DIRECTION('',(-0.,-0.,-1.));
#4654 = DIRECTION('',(-0.,-1.,0.));
#4655 = ADVANCED_FACE('',(#4656),#4667,.T.);
#4656 = FACE_BOUND('',#4657,.T.);
#4657 = EDGE_LOOP('',(#4658,#4659,#4660,#4661));
#4658 = ORIENTED_EDGE('',*,*,#384,.T.);
#4659 = ORIENTED_EDGE('',*,*,#4645,.T.);
#4660 = ORIENTED_EDGE('',*,*,#2456,.F.);
#4661 = ORIENTED_EDGE('',*,*,#4662,.F.);
#4662 = EDGE_CURVE('',#376,#2448,#4663,.T.);
#4663 = LINE('',#4664,#4665);
#4664 = CARTESIAN_POINT('',(10.,-68.8,-4.6E-02));
#4665 = VECTOR('',#4666,1.);
#4666 = DIRECTION('',(0.,0.,1.));
#4667 = PLANE('',#4668);
#4668 = AXIS2_PLACEMENT_3D('',#4669,#4670,#4671);
#4669 = CARTESIAN_POINT('',(12.,-68.8,-4.6E-02));
#4670 = DIRECTION('',(0.,-1.,0.));
#4671 = DIRECTION('',(-1.,0.,0.));
#4672 = ADVANCED_FACE('',(#4673),#4684,.F.);
#4673 = FACE_BOUND('',#4674,.T.);
#4674 = EDGE_LOOP('',(#4675,#4676,#4677,#4678));
#4675 = ORIENTED_EDGE('',*,*,#375,.T.);
#4676 = ORIENTED_EDGE('',*,*,#4662,.T.);
#4677 = ORIENTED_EDGE('',*,*,#2447,.F.);
#4678 = ORIENTED_EDGE('',*,*,#4679,.F.);
#4679 = EDGE_CURVE('',#368,#2440,#4680,.T.);
#4680 = LINE('',#4681,#4682);
#4681 = CARTESIAN_POINT('',(10.,-69.8,-4.6E-02));
#4682 = VECTOR('',#4683,1.);
#4683 = DIRECTION('',(0.,0.,1.));
#4684 = CYLINDRICAL_SURFACE('',#4685,0.5);
#4685 = AXIS2_PLACEMENT_3D('',#4686,#4687,#4688);
#4686 = CARTESIAN_POINT('',(10.,-69.3,-4.6E-02));
#4687 = DIRECTION('',(-0.,0.,-1.));
#4688 = DIRECTION('',(0.,1.,0.));
#4689 = ADVANCED_FACE('',(#4690),#4696,.T.);
#4690 = FACE_BOUND('',#4691,.T.);
#4691 = EDGE_LOOP('',(#4692,#4693,#4694,#4695));
#4692 = ORIENTED_EDGE('',*,*,#367,.T.);
#4693 = ORIENTED_EDGE('',*,*,#4679,.T.);
#4694 = ORIENTED_EDGE('',*,*,#2439,.F.);
#4695 = ORIENTED_EDGE('',*,*,#4638,.F.);
#4696 = PLANE('',#4697);
#4697 = AXIS2_PLACEMENT_3D('',#4698,#4699,#4700);
#4698 = CARTESIAN_POINT('',(10.,-69.8,-4.6E-02));
#4699 = DIRECTION('',(0.,1.,0.));
#4700 = DIRECTION('',(1.,0.,0.));
#4701 = ADVANCED_FACE('',(#4702),#4713,.F.);
#4702 = FACE_BOUND('',#4703,.T.);
#4703 = EDGE_LOOP('',(#4704,#4705,#4711,#4712));
#4704 = ORIENTED_EDGE('',*,*,#392,.T.);
#4705 = ORIENTED_EDGE('',*,*,#4706,.T.);
#4706 = EDGE_CURVE('',#393,#2465,#4707,.T.);
#4707 = LINE('',#4708,#4709);
#4708 = CARTESIAN_POINT('',(11.94,-57.954,-4.6E-02));
#4709 = VECTOR('',#4710,1.);
#4710 = DIRECTION('',(0.,0.,1.));
#4711 = ORIENTED_EDGE('',*,*,#2464,.F.);
#4712 = ORIENTED_EDGE('',*,*,#4706,.F.);
#4713 = CYLINDRICAL_SURFACE('',#4714,0.45);
#4714 = AXIS2_PLACEMENT_3D('',#4715,#4716,#4717);
#4715 = CARTESIAN_POINT('',(11.94,-57.504,-4.6E-02));
#4716 = DIRECTION('',(-0.,-0.,-1.));
#4717 = DIRECTION('',(-3.947459643112E-15,-1.,0.));
#4718 = ADVANCED_FACE('',(#4719),#4730,.F.);
#4719 = FACE_BOUND('',#4720,.T.);
#4720 = EDGE_LOOP('',(#4721,#4722,#4728,#4729));
#4721 = ORIENTED_EDGE('',*,*,#403,.T.);
#4722 = ORIENTED_EDGE('',*,*,#4723,.T.);
#4723 = EDGE_CURVE('',#404,#2476,#4724,.T.);
#4724 = LINE('',#4725,#4726);
#4725 = CARTESIAN_POINT('',(14.48,-57.954,-4.6E-02));
#4726 = VECTOR('',#4727,1.);
#4727 = DIRECTION('',(0.,0.,1.));
#4728 = ORIENTED_EDGE('',*,*,#2475,.F.);
#4729 = ORIENTED_EDGE('',*,*,#4723,.F.);
#4730 = CYLINDRICAL_SURFACE('',#4731,0.45);
#4731 = AXIS2_PLACEMENT_3D('',#4732,#4733,#4734);
#4732 = CARTESIAN_POINT('',(14.48,-57.504,-4.6E-02));
#4733 = DIRECTION('',(-0.,-0.,-1.));
#4734 = DIRECTION('',(-0.,-1.,0.));
#4735 = ADVANCED_FACE('',(#4736),#4747,.F.);
#4736 = FACE_BOUND('',#4737,.T.);
#4737 = EDGE_LOOP('',(#4738,#4739,#4745,#4746));
#4738 = ORIENTED_EDGE('',*,*,#414,.T.);
#4739 = ORIENTED_EDGE('',*,*,#4740,.T.);
#4740 = EDGE_CURVE('',#415,#2487,#4741,.T.);
#4741 = LINE('',#4742,#4743);
#4742 = CARTESIAN_POINT('',(13.21,-49.425,-4.6E-02));
#4743 = VECTOR('',#4744,1.);
#4744 = DIRECTION('',(0.,0.,1.));
#4745 = ORIENTED_EDGE('',*,*,#2486,.F.);
#4746 = ORIENTED_EDGE('',*,*,#4740,.F.);
#4747 = CYLINDRICAL_SURFACE('',#4748,0.6);
#4748 = AXIS2_PLACEMENT_3D('',#4749,#4750,#4751);
#4749 = CARTESIAN_POINT('',(13.21,-48.825,-4.6E-02));
#4750 = DIRECTION('',(-0.,-0.,-1.));
#4751 = DIRECTION('',(-0.,-1.,0.));
#4752 = ADVANCED_FACE('',(#4753),#4764,.F.);
#4753 = FACE_BOUND('',#4754,.T.);
#4754 = EDGE_LOOP('',(#4755,#4756,#4762,#4763));
#4755 = ORIENTED_EDGE('',*,*,#425,.T.);
#4756 = ORIENTED_EDGE('',*,*,#4757,.T.);
#4757 = EDGE_CURVE('',#426,#2498,#4758,.T.);
#4758 = LINE('',#4759,#4760);
#4759 = CARTESIAN_POINT('',(35.3,-57.954,-4.6E-02));
#4760 = VECTOR('',#4761,1.);
#4761 = DIRECTION('',(0.,0.,1.));
#4762 = ORIENTED_EDGE('',*,*,#2497,.F.);
#4763 = ORIENTED_EDGE('',*,*,#4757,.F.);
#4764 = CYLINDRICAL_SURFACE('',#4765,0.45);
#4765 = AXIS2_PLACEMENT_3D('',#4766,#4767,#4768);
#4766 = CARTESIAN_POINT('',(35.3,-57.504,-4.6E-02));
#4767 = DIRECTION('',(-0.,-0.,-1.));
#4768 = DIRECTION('',(-0.,-1.,0.));
#4769 = ADVANCED_FACE('',(#4770),#4781,.F.);
#4770 = FACE_BOUND('',#4771,.T.);
#4771 = EDGE_LOOP('',(#4772,#4773,#4779,#4780));
#4772 = ORIENTED_EDGE('',*,*,#436,.T.);
#4773 = ORIENTED_EDGE('',*,*,#4774,.T.);
#4774 = EDGE_CURVE('',#437,#2509,#4775,.T.);
#4775 = LINE('',#4776,#4777);
#4776 = CARTESIAN_POINT('',(37.84,-57.954,-4.6E-02));
#4777 = VECTOR('',#4778,1.);
#4778 = DIRECTION('',(0.,0.,1.));
#4779 = ORIENTED_EDGE('',*,*,#2508,.F.);
#4780 = ORIENTED_EDGE('',*,*,#4774,.F.);
#4781 = CYLINDRICAL_SURFACE('',#4782,0.45);
#4782 = AXIS2_PLACEMENT_3D('',#4783,#4784,#4785);
#4783 = CARTESIAN_POINT('',(37.84,-57.504,-4.6E-02));
#4784 = DIRECTION('',(-0.,-0.,-1.));
#4785 = DIRECTION('',(-0.,-1.,0.));
#4786 = ADVANCED_FACE('',(#4787),#4798,.F.);
#4787 = FACE_BOUND('',#4788,.T.);
#4788 = EDGE_LOOP('',(#4789,#4790,#4796,#4797));
#4789 = ORIENTED_EDGE('',*,*,#447,.T.);
#4790 = ORIENTED_EDGE('',*,*,#4791,.T.);
#4791 = EDGE_CURVE('',#448,#2520,#4792,.T.);
#4792 = LINE('',#4793,#4794);
#4793 = CARTESIAN_POINT('',(36.57,-49.425,-4.6E-02));
#4794 = VECTOR('',#4795,1.);
#4795 = DIRECTION('',(0.,0.,1.));
#4796 = ORIENTED_EDGE('',*,*,#2519,.F.);
#4797 = ORIENTED_EDGE('',*,*,#4791,.F.);
#4798 = CYLINDRICAL_SURFACE('',#4799,0.6);
#4799 = AXIS2_PLACEMENT_3D('',#4800,#4801,#4802);
#4800 = CARTESIAN_POINT('',(36.57,-48.825,-4.6E-02));
#4801 = DIRECTION('',(-0.,-0.,-1.));
#4802 = DIRECTION('',(-0.,-1.,0.));
#4803 = ADVANCED_FACE('',(#4804),#4815,.F.);
#4804 = FACE_BOUND('',#4805,.T.);
#4805 = EDGE_LOOP('',(#4806,#4807,#4813,#4814));
#4806 = ORIENTED_EDGE('',*,*,#458,.T.);
#4807 = ORIENTED_EDGE('',*,*,#4808,.T.);
#4808 = EDGE_CURVE('',#459,#2531,#4809,.T.);
#4809 = LINE('',#4810,#4811);
#4810 = CARTESIAN_POINT('',(87.19,-69.01,-4.6E-02));
#4811 = VECTOR('',#4812,1.);
#4812 = DIRECTION('',(0.,0.,1.));
#4813 = ORIENTED_EDGE('',*,*,#2530,.F.);
#4814 = ORIENTED_EDGE('',*,*,#4808,.F.);
#4815 = CYLINDRICAL_SURFACE('',#4816,0.4);
#4816 = AXIS2_PLACEMENT_3D('',#4817,#4818,#4819);
#4817 = CARTESIAN_POINT('',(87.19,-68.61,-4.6E-02));
#4818 = DIRECTION('',(-0.,-0.,-1.));
#4819 = DIRECTION('',(-0.,-1.,0.));
#4820 = ADVANCED_FACE('',(#4821),#4832,.F.);
#4821 = FACE_BOUND('',#4822,.T.);
#4822 = EDGE_LOOP('',(#4823,#4824,#4830,#4831));
#4823 = ORIENTED_EDGE('',*,*,#469,.T.);
#4824 = ORIENTED_EDGE('',*,*,#4825,.T.);
#4825 = EDGE_CURVE('',#470,#2542,#4826,.T.);
#4826 = LINE('',#4827,#4828);
#4827 = CARTESIAN_POINT('',(62.72,-57.954,-4.6E-02));
#4828 = VECTOR('',#4829,1.);
#4829 = DIRECTION('',(0.,0.,1.));
#4830 = ORIENTED_EDGE('',*,*,#2541,.F.);
#4831 = ORIENTED_EDGE('',*,*,#4825,.F.);
#4832 = CYLINDRICAL_SURFACE('',#4833,0.45);
#4833 = AXIS2_PLACEMENT_3D('',#4834,#4835,#4836);
#4834 = CARTESIAN_POINT('',(62.72,-57.504,-4.6E-02));
#4835 = DIRECTION('',(-0.,-0.,-1.));
#4836 = DIRECTION('',(-0.,-1.,0.));
#4837 = ADVANCED_FACE('',(#4838),#4849,.F.);
#4838 = FACE_BOUND('',#4839,.T.);
#4839 = EDGE_LOOP('',(#4840,#4841,#4847,#4848));
#4840 = ORIENTED_EDGE('',*,*,#480,.T.);
#4841 = ORIENTED_EDGE('',*,*,#4842,.T.);
#4842 = EDGE_CURVE('',#481,#2553,#4843,.T.);
#4843 = LINE('',#4844,#4845);
#4844 = CARTESIAN_POINT('',(65.26,-57.954,-4.6E-02));
#4845 = VECTOR('',#4846,1.);
#4846 = DIRECTION('',(0.,0.,1.));
#4847 = ORIENTED_EDGE('',*,*,#2552,.F.);
#4848 = ORIENTED_EDGE('',*,*,#4842,.F.);
#4849 = CYLINDRICAL_SURFACE('',#4850,0.45);
#4850 = AXIS2_PLACEMENT_3D('',#4851,#4852,#4853);
#4851 = CARTESIAN_POINT('',(65.26,-57.504,-4.6E-02));
#4852 = DIRECTION('',(-0.,0.,-1.));
#4853 = DIRECTION('',(3.157967714489E-14,-1.,-0.));
#4854 = ADVANCED_FACE('',(#4855),#4866,.F.);
#4855 = FACE_BOUND('',#4856,.T.);
#4856 = EDGE_LOOP('',(#4857,#4858,#4864,#4865));
#4857 = ORIENTED_EDGE('',*,*,#491,.T.);
#4858 = ORIENTED_EDGE('',*,*,#4859,.T.);
#4859 = EDGE_CURVE('',#492,#2564,#4860,.T.);
#4860 = LINE('',#4861,#4862);
#4861 = CARTESIAN_POINT('',(50.535,-50.5,-4.6E-02));
#4862 = VECTOR('',#4863,1.);
#4863 = DIRECTION('',(0.,0.,1.));
#4864 = ORIENTED_EDGE('',*,*,#2563,.F.);
#4865 = ORIENTED_EDGE('',*,*,#4859,.F.);
#4866 = CYLINDRICAL_SURFACE('',#4867,0.5);
#4867 = AXIS2_PLACEMENT_3D('',#4868,#4869,#4870);
#4868 = CARTESIAN_POINT('',(50.535,-50.,-4.6E-02));
#4869 = DIRECTION('',(-0.,-0.,-1.));
#4870 = DIRECTION('',(-0.,-1.,0.));
#4871 = ADVANCED_FACE('',(#4872),#4883,.F.);
#4872 = FACE_BOUND('',#4873,.T.);
#4873 = EDGE_LOOP('',(#4874,#4875,#4881,#4882));
#4874 = ORIENTED_EDGE('',*,*,#502,.T.);
#4875 = ORIENTED_EDGE('',*,*,#4876,.T.);
#4876 = EDGE_CURVE('',#503,#2575,#4877,.T.);
#4877 = LINE('',#4878,#4879);
#4878 = CARTESIAN_POINT('',(63.99,-49.425,-4.6E-02));
#4879 = VECTOR('',#4880,1.);
#4880 = DIRECTION('',(0.,0.,1.));
#4881 = ORIENTED_EDGE('',*,*,#2574,.F.);
#4882 = ORIENTED_EDGE('',*,*,#4876,.F.);
#4883 = CYLINDRICAL_SURFACE('',#4884,0.6);
#4884 = AXIS2_PLACEMENT_3D('',#4885,#4886,#4887);
#4885 = CARTESIAN_POINT('',(63.99,-48.825,-4.6E-02));
#4886 = DIRECTION('',(-0.,-0.,-1.));
#4887 = DIRECTION('',(-0.,-1.,0.));
#4888 = ADVANCED_FACE('',(#4889),#4900,.F.);
#4889 = FACE_BOUND('',#4890,.T.);
#4890 = EDGE_LOOP('',(#4891,#4892,#4898,#4899));
#4891 = ORIENTED_EDGE('',*,*,#513,.T.);
#4892 = ORIENTED_EDGE('',*,*,#4893,.T.);
#4893 = EDGE_CURVE('',#514,#2586,#4894,.T.);
#4894 = LINE('',#4895,#4896);
#4895 = CARTESIAN_POINT('',(86.1,-57.954,-4.6E-02));
#4896 = VECTOR('',#4897,1.);
#4897 = DIRECTION('',(0.,0.,1.));
#4898 = ORIENTED_EDGE('',*,*,#2585,.F.);
#4899 = ORIENTED_EDGE('',*,*,#4893,.F.);
#4900 = CYLINDRICAL_SURFACE('',#4901,0.45);
#4901 = AXIS2_PLACEMENT_3D('',#4902,#4903,#4904);
#4902 = CARTESIAN_POINT('',(86.1,-57.504,-4.6E-02));
#4903 = DIRECTION('',(-0.,-0.,-1.));
#4904 = DIRECTION('',(-0.,-1.,0.));
#4905 = ADVANCED_FACE('',(#4906),#4917,.F.);
#4906 = FACE_BOUND('',#4907,.T.);
#4907 = EDGE_LOOP('',(#4908,#4909,#4915,#4916));
#4908 = ORIENTED_EDGE('',*,*,#524,.T.);
#4909 = ORIENTED_EDGE('',*,*,#4910,.T.);
#4910 = EDGE_CURVE('',#525,#2597,#4911,.T.);
#4911 = LINE('',#4912,#4913);
#4912 = CARTESIAN_POINT('',(87.37,-49.425,-4.6E-02));
#4913 = VECTOR('',#4914,1.);
#4914 = DIRECTION('',(0.,0.,1.));
#4915 = ORIENTED_EDGE('',*,*,#2596,.F.);
#4916 = ORIENTED_EDGE('',*,*,#4910,.F.);
#4917 = CYLINDRICAL_SURFACE('',#4918,0.6);
#4918 = AXIS2_PLACEMENT_3D('',#4919,#4920,#4921);
#4919 = CARTESIAN_POINT('',(87.37,-48.825,-4.6E-02));
#4920 = DIRECTION('',(-0.,-0.,-1.));
#4921 = DIRECTION('',(-0.,-1.,0.));
#4922 = ADVANCED_FACE('',(#4923),#4934,.F.);
#4923 = FACE_BOUND('',#4924,.T.);
#4924 = EDGE_LOOP('',(#4925,#4926,#4932,#4933));
#4925 = ORIENTED_EDGE('',*,*,#535,.T.);
#4926 = ORIENTED_EDGE('',*,*,#4927,.T.);
#4927 = EDGE_CURVE('',#536,#2608,#4928,.T.);
#4928 = LINE('',#4929,#4930);
#4929 = CARTESIAN_POINT('',(94.81,-86.79,-4.6E-02));
#4930 = VECTOR('',#4931,1.);
#4931 = DIRECTION('',(0.,0.,1.));
#4932 = ORIENTED_EDGE('',*,*,#2607,.F.);
#4933 = ORIENTED_EDGE('',*,*,#4927,.F.);
#4934 = CYLINDRICAL_SURFACE('',#4935,0.4);
#4935 = AXIS2_PLACEMENT_3D('',#4936,#4937,#4938);
#4936 = CARTESIAN_POINT('',(94.81,-86.39,-4.6E-02));
#4937 = DIRECTION('',(-0.,-0.,-1.));
#4938 = DIRECTION('',(-0.,-1.,0.));
#4939 = ADVANCED_FACE('',(#4940),#4951,.F.);
#4940 = FACE_BOUND('',#4941,.T.);
#4941 = EDGE_LOOP('',(#4942,#4943,#4949,#4950));
#4942 = ORIENTED_EDGE('',*,*,#546,.T.);
#4943 = ORIENTED_EDGE('',*,*,#4944,.T.);
#4944 = EDGE_CURVE('',#547,#2619,#4945,.T.);
#4945 = LINE('',#4946,#4947);
#4946 = CARTESIAN_POINT('',(94.81,-84.25,-4.6E-02));
#4947 = VECTOR('',#4948,1.);
#4948 = DIRECTION('',(0.,0.,1.));
#4949 = ORIENTED_EDGE('',*,*,#2618,.F.);
#4950 = ORIENTED_EDGE('',*,*,#4944,.F.);
#4951 = CYLINDRICAL_SURFACE('',#4952,0.4);
#4952 = AXIS2_PLACEMENT_3D('',#4953,#4954,#4955);
#4953 = CARTESIAN_POINT('',(94.81,-83.85,-4.6E-02));
#4954 = DIRECTION('',(-0.,-0.,-1.));
#4955 = DIRECTION('',(-0.,-1.,0.));
#4956 = ADVANCED_FACE('',(#4957),#4968,.F.);
#4957 = FACE_BOUND('',#4958,.T.);
#4958 = EDGE_LOOP('',(#4959,#4960,#4966,#4967));
#4959 = ORIENTED_EDGE('',*,*,#557,.T.);
#4960 = ORIENTED_EDGE('',*,*,#4961,.T.);
#4961 = EDGE_CURVE('',#558,#2630,#4962,.T.);
#4962 = LINE('',#4963,#4964);
#4963 = CARTESIAN_POINT('',(94.81,-81.71,-4.6E-02));
#4964 = VECTOR('',#4965,1.);
#4965 = DIRECTION('',(0.,0.,1.));
#4966 = ORIENTED_EDGE('',*,*,#2629,.F.);
#4967 = ORIENTED_EDGE('',*,*,#4961,.F.);
#4968 = CYLINDRICAL_SURFACE('',#4969,0.4);
#4969 = AXIS2_PLACEMENT_3D('',#4970,#4971,#4972);
#4970 = CARTESIAN_POINT('',(94.81,-81.31,-4.6E-02));
#4971 = DIRECTION('',(-0.,-0.,-1.));
#4972 = DIRECTION('',(-0.,-1.,0.));
#4973 = ADVANCED_FACE('',(#4974),#4985,.F.);
#4974 = FACE_BOUND('',#4975,.T.);
#4975 = EDGE_LOOP('',(#4976,#4977,#4983,#4984));
#4976 = ORIENTED_EDGE('',*,*,#568,.T.);
#4977 = ORIENTED_EDGE('',*,*,#4978,.T.);
#4978 = EDGE_CURVE('',#569,#2641,#4979,.T.);
#4979 = LINE('',#4980,#4981);
#4980 = CARTESIAN_POINT('',(94.81,-79.17,-4.6E-02));
#4981 = VECTOR('',#4982,1.);
#4982 = DIRECTION('',(0.,0.,1.));
#4983 = ORIENTED_EDGE('',*,*,#2640,.F.);
#4984 = ORIENTED_EDGE('',*,*,#4978,.F.);
#4985 = CYLINDRICAL_SURFACE('',#4986,0.4);
#4986 = AXIS2_PLACEMENT_3D('',#4987,#4988,#4989);
#4987 = CARTESIAN_POINT('',(94.81,-78.77,-4.6E-02));
#4988 = DIRECTION('',(-0.,-0.,-1.));
#4989 = DIRECTION('',(-0.,-1.,0.));
#4990 = ADVANCED_FACE('',(#4991),#5002,.F.);
#4991 = FACE_BOUND('',#4992,.T.);
#4992 = EDGE_LOOP('',(#4993,#4994,#5000,#5001));
#4993 = ORIENTED_EDGE('',*,*,#579,.T.);
#4994 = ORIENTED_EDGE('',*,*,#4995,.T.);
#4995 = EDGE_CURVE('',#580,#2652,#4996,.T.);
#4996 = LINE('',#4997,#4998);
#4997 = CARTESIAN_POINT('',(94.81,-76.63,-4.6E-02));
#4998 = VECTOR('',#4999,1.);
#4999 = DIRECTION('',(0.,0.,1.));
#5000 = ORIENTED_EDGE('',*,*,#2651,.F.);
#5001 = ORIENTED_EDGE('',*,*,#4995,.F.);
#5002 = CYLINDRICAL_SURFACE('',#5003,0.4);
#5003 = AXIS2_PLACEMENT_3D('',#5004,#5005,#5006);
#5004 = CARTESIAN_POINT('',(94.81,-76.23,-4.6E-02));
#5005 = DIRECTION('',(-0.,-0.,-1.));
#5006 = DIRECTION('',(-0.,-1.,0.));
#5007 = ADVANCED_FACE('',(#5008),#5019,.F.);
#5008 = FACE_BOUND('',#5009,.T.);
#5009 = EDGE_LOOP('',(#5010,#5011,#5017,#5018));
#5010 = ORIENTED_EDGE('',*,*,#590,.T.);
#5011 = ORIENTED_EDGE('',*,*,#5012,.T.);
#5012 = EDGE_CURVE('',#591,#2663,#5013,.T.);
#5013 = LINE('',#5014,#5015);
#5014 = CARTESIAN_POINT('',(94.81,-74.09,-4.6E-02));
#5015 = VECTOR('',#5016,1.);
#5016 = DIRECTION('',(0.,0.,1.));
#5017 = ORIENTED_EDGE('',*,*,#2662,.F.);
#5018 = ORIENTED_EDGE('',*,*,#5012,.F.);
#5019 = CYLINDRICAL_SURFACE('',#5020,0.4);
#5020 = AXIS2_PLACEMENT_3D('',#5021,#5022,#5023);
#5021 = CARTESIAN_POINT('',(94.81,-73.69,-4.6E-02));
#5022 = DIRECTION('',(-0.,-0.,-1.));
#5023 = DIRECTION('',(-0.,-1.,0.));
#5024 = ADVANCED_FACE('',(#5025),#5036,.F.);
#5025 = FACE_BOUND('',#5026,.T.);
#5026 = EDGE_LOOP('',(#5027,#5028,#5034,#5035));
#5027 = ORIENTED_EDGE('',*,*,#601,.T.);
#5028 = ORIENTED_EDGE('',*,*,#5029,.T.);
#5029 = EDGE_CURVE('',#602,#2674,#5030,.T.);
#5030 = LINE('',#5031,#5032);
#5031 = CARTESIAN_POINT('',(94.81,-71.55,-4.6E-02));
#5032 = VECTOR('',#5033,1.);
#5033 = DIRECTION('',(0.,0.,1.));
#5034 = ORIENTED_EDGE('',*,*,#2673,.F.);
#5035 = ORIENTED_EDGE('',*,*,#5029,.F.);
#5036 = CYLINDRICAL_SURFACE('',#5037,0.4);
#5037 = AXIS2_PLACEMENT_3D('',#5038,#5039,#5040);
#5038 = CARTESIAN_POINT('',(94.81,-71.15,-4.6E-02));
#5039 = DIRECTION('',(-0.,-0.,-1.));
#5040 = DIRECTION('',(-0.,-1.,0.));
#5041 = ADVANCED_FACE('',(#5042),#5053,.F.);
#5042 = FACE_BOUND('',#5043,.T.);
#5043 = EDGE_LOOP('',(#5044,#5045,#5051,#5052));
#5044 = ORIENTED_EDGE('',*,*,#612,.T.);
#5045 = ORIENTED_EDGE('',*,*,#5046,.T.);
#5046 = EDGE_CURVE('',#613,#2685,#5047,.T.);
#5047 = LINE('',#5048,#5049);
#5048 = CARTESIAN_POINT('',(171.,-93.35,-4.6E-02));
#5049 = VECTOR('',#5050,1.);
#5050 = DIRECTION('',(0.,0.,1.));
#5051 = ORIENTED_EDGE('',*,*,#2684,.F.);
#5052 = ORIENTED_EDGE('',*,*,#5046,.F.);
#5053 = CYLINDRICAL_SURFACE('',#5054,1.35);
#5054 = AXIS2_PLACEMENT_3D('',#5055,#5056,#5057);
#5055 = CARTESIAN_POINT('',(171.,-92.,-4.6E-02));
#5056 = DIRECTION('',(-0.,-0.,-1.));
#5057 = DIRECTION('',(-0.,-1.,0.));
#5058 = ADVANCED_FACE('',(#5059),#5070,.F.);
#5059 = FACE_BOUND('',#5060,.T.);
#5060 = EDGE_LOOP('',(#5061,#5062,#5068,#5069));
#5061 = ORIENTED_EDGE('',*,*,#623,.T.);
#5062 = ORIENTED_EDGE('',*,*,#5063,.T.);
#5063 = EDGE_CURVE('',#624,#2696,#5064,.T.);
#5064 = LINE('',#5065,#5066);
#5065 = CARTESIAN_POINT('',(94.81,-69.01,-4.6E-02));
#5066 = VECTOR('',#5067,1.);
#5067 = DIRECTION('',(0.,0.,1.));
#5068 = ORIENTED_EDGE('',*,*,#2695,.F.);
#5069 = ORIENTED_EDGE('',*,*,#5063,.F.);
#5070 = CYLINDRICAL_SURFACE('',#5071,0.4);
#5071 = AXIS2_PLACEMENT_3D('',#5072,#5073,#5074);
#5072 = CARTESIAN_POINT('',(94.81,-68.61,-4.6E-02));
#5073 = DIRECTION('',(-0.,-0.,-1.));
#5074 = DIRECTION('',(-0.,-1.,0.));
#5075 = ADVANCED_FACE('',(#5076),#5087,.F.);
#5076 = FACE_BOUND('',#5077,.T.);
#5077 = EDGE_LOOP('',(#5078,#5079,#5085,#5086));
#5078 = ORIENTED_EDGE('',*,*,#634,.T.);
#5079 = ORIENTED_EDGE('',*,*,#5080,.T.);
#5080 = EDGE_CURVE('',#635,#2707,#5081,.T.);
#5081 = LINE('',#5082,#5083);
#5082 = CARTESIAN_POINT('',(88.64,-57.954,-4.6E-02));
#5083 = VECTOR('',#5084,1.);
#5084 = DIRECTION('',(0.,0.,1.));
#5085 = ORIENTED_EDGE('',*,*,#2706,.F.);
#5086 = ORIENTED_EDGE('',*,*,#5080,.F.);
#5087 = CYLINDRICAL_SURFACE('',#5088,0.45);
#5088 = AXIS2_PLACEMENT_3D('',#5089,#5090,#5091);
#5089 = CARTESIAN_POINT('',(88.64,-57.504,-4.6E-02));
#5090 = DIRECTION('',(-0.,-0.,-1.));
#5091 = DIRECTION('',(-0.,-1.,0.));
#5092 = ADVANCED_FACE('',(#5093),#5104,.F.);
#5093 = FACE_BOUND('',#5094,.T.);
#5094 = EDGE_LOOP('',(#5095,#5096,#5102,#5103));
#5095 = ORIENTED_EDGE('',*,*,#645,.T.);
#5096 = ORIENTED_EDGE('',*,*,#5097,.T.);
#5097 = EDGE_CURVE('',#646,#2718,#5098,.T.);
#5098 = LINE('',#5099,#5100);
#5099 = CARTESIAN_POINT('',(103.335,-58.959,-4.6E-02));
#5100 = VECTOR('',#5101,1.);
#5101 = DIRECTION('',(0.,0.,1.));
#5102 = ORIENTED_EDGE('',*,*,#2717,.F.);
#5103 = ORIENTED_EDGE('',*,*,#5097,.F.);
#5104 = CYLINDRICAL_SURFACE('',#5105,0.45);
#5105 = AXIS2_PLACEMENT_3D('',#5106,#5107,#5108);
#5106 = CARTESIAN_POINT('',(103.335,-58.509,-4.6E-02));
#5107 = DIRECTION('',(-0.,-0.,-1.));
#5108 = DIRECTION('',(-3.157967714489E-14,-1.,0.));
#5109 = ADVANCED_FACE('',(#5110),#5121,.F.);
#5110 = FACE_BOUND('',#5111,.T.);
#5111 = EDGE_LOOP('',(#5112,#5113,#5119,#5120));
#5112 = ORIENTED_EDGE('',*,*,#656,.T.);
#5113 = ORIENTED_EDGE('',*,*,#5114,.T.);
#5114 = EDGE_CURVE('',#657,#2729,#5115,.T.);
#5115 = LINE('',#5116,#5117);
#5116 = CARTESIAN_POINT('',(105.875,-58.959,-4.6E-02));
#5117 = VECTOR('',#5118,1.);
#5118 = DIRECTION('',(0.,0.,1.));
#5119 = ORIENTED_EDGE('',*,*,#2728,.F.);
#5120 = ORIENTED_EDGE('',*,*,#5114,.F.);
#5121 = CYLINDRICAL_SURFACE('',#5122,0.45);
#5122 = AXIS2_PLACEMENT_3D('',#5123,#5124,#5125);
#5123 = CARTESIAN_POINT('',(105.875,-58.509,-4.6E-02));
#5124 = DIRECTION('',(-0.,-0.,-1.));
#5125 = DIRECTION('',(-0.,-1.,0.));
#5126 = ADVANCED_FACE('',(#5127),#5138,.F.);
#5127 = FACE_BOUND('',#5128,.T.);
#5128 = EDGE_LOOP('',(#5129,#5130,#5136,#5137));
#5129 = ORIENTED_EDGE('',*,*,#667,.T.);
#5130 = ORIENTED_EDGE('',*,*,#5131,.T.);
#5131 = EDGE_CURVE('',#668,#2740,#5132,.T.);
#5132 = LINE('',#5133,#5134);
#5133 = CARTESIAN_POINT('',(103.2399,-51.3915,-4.6E-02));
#5134 = VECTOR('',#5135,1.);
#5135 = DIRECTION('',(0.,0.,1.));
#5136 = ORIENTED_EDGE('',*,*,#2739,.F.);
#5137 = ORIENTED_EDGE('',*,*,#5131,.F.);
#5138 = CYLINDRICAL_SURFACE('',#5139,0.5);
#5139 = AXIS2_PLACEMENT_3D('',#5140,#5141,#5142);
#5140 = CARTESIAN_POINT('',(103.2399,-50.8915,-4.6E-02));
#5141 = DIRECTION('',(-0.,-0.,-1.));
#5142 = DIRECTION('',(-0.,-1.,0.));
#5143 = ADVANCED_FACE('',(#5144),#5155,.F.);
#5144 = FACE_BOUND('',#5145,.T.);
#5145 = EDGE_LOOP('',(#5146,#5147,#5153,#5154));
#5146 = ORIENTED_EDGE('',*,*,#678,.T.);
#5147 = ORIENTED_EDGE('',*,*,#5148,.T.);
#5148 = EDGE_CURVE('',#679,#2751,#5149,.T.);
#5149 = LINE('',#5150,#5151);
#5150 = CARTESIAN_POINT('',(105.9699,-51.3915,-4.6E-02));
#5151 = VECTOR('',#5152,1.);
#5152 = DIRECTION('',(0.,0.,1.));
#5153 = ORIENTED_EDGE('',*,*,#2750,.F.);
#5154 = ORIENTED_EDGE('',*,*,#5148,.F.);
#5155 = CYLINDRICAL_SURFACE('',#5156,0.5);
#5156 = AXIS2_PLACEMENT_3D('',#5157,#5158,#5159);
#5157 = CARTESIAN_POINT('',(105.9699,-50.8915,-4.6E-02));
#5158 = DIRECTION('',(-0.,-0.,-1.));
#5159 = DIRECTION('',(-0.,-1.,0.));
#5160 = ADVANCED_FACE('',(#5161),#5172,.F.);
#5161 = FACE_BOUND('',#5162,.T.);
#5162 = EDGE_LOOP('',(#5163,#5164,#5170,#5171));
#5163 = ORIENTED_EDGE('',*,*,#689,.T.);
#5164 = ORIENTED_EDGE('',*,*,#5165,.T.);
#5165 = EDGE_CURVE('',#690,#2762,#5166,.T.);
#5166 = LINE('',#5167,#5168);
#5167 = CARTESIAN_POINT('',(101.8274,-49.3915,-4.6E-02));
#5168 = VECTOR('',#5169,1.);
#5169 = DIRECTION('',(0.,0.,1.));
#5170 = ORIENTED_EDGE('',*,*,#2761,.F.);
#5171 = ORIENTED_EDGE('',*,*,#5165,.F.);
#5172 = CYLINDRICAL_SURFACE('',#5173,0.5);
#5173 = AXIS2_PLACEMENT_3D('',#5174,#5175,#5176);
#5174 = CARTESIAN_POINT('',(101.8274,-48.8915,-4.6E-02));
#5175 = DIRECTION('',(-0.,-0.,-1.));
#5176 = DIRECTION('',(-0.,-1.,0.));
#5177 = ADVANCED_FACE('',(#5178),#5189,.F.);
#5178 = FACE_BOUND('',#5179,.T.);
#5179 = EDGE_LOOP('',(#5180,#5181,#5187,#5188));
#5180 = ORIENTED_EDGE('',*,*,#700,.T.);
#5181 = ORIENTED_EDGE('',*,*,#5182,.T.);
#5182 = EDGE_CURVE('',#701,#2773,#5183,.T.);
#5183 = LINE('',#5184,#5185);
#5184 = CARTESIAN_POINT('',(107.3824,-49.3915,-4.6E-02));
#5185 = VECTOR('',#5186,1.);
#5186 = DIRECTION('',(0.,0.,1.));
#5187 = ORIENTED_EDGE('',*,*,#2772,.F.);
#5188 = ORIENTED_EDGE('',*,*,#5182,.F.);
#5189 = CYLINDRICAL_SURFACE('',#5190,0.5);
#5190 = AXIS2_PLACEMENT_3D('',#5191,#5192,#5193);
#5191 = CARTESIAN_POINT('',(107.3824,-48.8915,-4.6E-02));
#5192 = DIRECTION('',(-0.,-0.,-1.));
#5193 = DIRECTION('',(-0.,-1.,0.));
#5194 = ADVANCED_FACE('',(#5195),#5206,.F.);
#5195 = FACE_BOUND('',#5196,.T.);
#5196 = EDGE_LOOP('',(#5197,#5198,#5204,#5205));
#5197 = ORIENTED_EDGE('',*,*,#711,.T.);
#5198 = ORIENTED_EDGE('',*,*,#5199,.T.);
#5199 = EDGE_CURVE('',#712,#2784,#5200,.T.);
#5200 = LINE('',#5201,#5202);
#5201 = CARTESIAN_POINT('',(116.335,-58.959,-4.6E-02));
#5202 = VECTOR('',#5203,1.);
#5203 = DIRECTION('',(0.,0.,1.));
#5204 = ORIENTED_EDGE('',*,*,#2783,.F.);
#5205 = ORIENTED_EDGE('',*,*,#5199,.F.);
#5206 = CYLINDRICAL_SURFACE('',#5207,0.45);
#5207 = AXIS2_PLACEMENT_3D('',#5208,#5209,#5210);
#5208 = CARTESIAN_POINT('',(116.335,-58.509,-4.6E-02));
#5209 = DIRECTION('',(-0.,-0.,-1.));
#5210 = DIRECTION('',(-3.157967714489E-14,-1.,0.));
#5211 = ADVANCED_FACE('',(#5212),#5223,.F.);
#5212 = FACE_BOUND('',#5213,.T.);
#5213 = EDGE_LOOP('',(#5214,#5215,#5221,#5222));
#5214 = ORIENTED_EDGE('',*,*,#722,.T.);
#5215 = ORIENTED_EDGE('',*,*,#5216,.T.);
#5216 = EDGE_CURVE('',#723,#2795,#5217,.T.);
#5217 = LINE('',#5218,#5219);
#5218 = CARTESIAN_POINT('',(118.875,-58.959,-4.6E-02));
#5219 = VECTOR('',#5220,1.);
#5220 = DIRECTION('',(0.,0.,1.));
#5221 = ORIENTED_EDGE('',*,*,#2794,.F.);
#5222 = ORIENTED_EDGE('',*,*,#5216,.F.);
#5223 = CYLINDRICAL_SURFACE('',#5224,0.45);
#5224 = AXIS2_PLACEMENT_3D('',#5225,#5226,#5227);
#5225 = CARTESIAN_POINT('',(118.875,-58.509,-4.6E-02));
#5226 = DIRECTION('',(-0.,-0.,-1.));
#5227 = DIRECTION('',(-0.,-1.,0.));
#5228 = ADVANCED_FACE('',(#5229),#5240,.F.);
#5229 = FACE_BOUND('',#5230,.T.);
#5230 = EDGE_LOOP('',(#5231,#5232,#5238,#5239));
#5231 = ORIENTED_EDGE('',*,*,#733,.T.);
#5232 = ORIENTED_EDGE('',*,*,#5233,.T.);
#5233 = EDGE_CURVE('',#734,#2806,#5234,.T.);
#5234 = LINE('',#5235,#5236);
#5235 = CARTESIAN_POINT('',(116.2399,-51.3915,-4.6E-02));
#5236 = VECTOR('',#5237,1.);
#5237 = DIRECTION('',(0.,0.,1.));
#5238 = ORIENTED_EDGE('',*,*,#2805,.F.);
#5239 = ORIENTED_EDGE('',*,*,#5233,.F.);
#5240 = CYLINDRICAL_SURFACE('',#5241,0.5);
#5241 = AXIS2_PLACEMENT_3D('',#5242,#5243,#5244);
#5242 = CARTESIAN_POINT('',(116.2399,-50.8915,-4.6E-02));
#5243 = DIRECTION('',(-0.,-0.,-1.));
#5244 = DIRECTION('',(-0.,-1.,0.));
#5245 = ADVANCED_FACE('',(#5246),#5257,.F.);
#5246 = FACE_BOUND('',#5247,.T.);
#5247 = EDGE_LOOP('',(#5248,#5249,#5255,#5256));
#5248 = ORIENTED_EDGE('',*,*,#744,.T.);
#5249 = ORIENTED_EDGE('',*,*,#5250,.T.);
#5250 = EDGE_CURVE('',#745,#2817,#5251,.T.);
#5251 = LINE('',#5252,#5253);
#5252 = CARTESIAN_POINT('',(118.9699,-51.3915,-4.6E-02));
#5253 = VECTOR('',#5254,1.);
#5254 = DIRECTION('',(0.,0.,1.));
#5255 = ORIENTED_EDGE('',*,*,#2816,.F.);
#5256 = ORIENTED_EDGE('',*,*,#5250,.F.);
#5257 = CYLINDRICAL_SURFACE('',#5258,0.5);
#5258 = AXIS2_PLACEMENT_3D('',#5259,#5260,#5261);
#5259 = CARTESIAN_POINT('',(118.9699,-50.8915,-4.6E-02));
#5260 = DIRECTION('',(-0.,-0.,-1.));
#5261 = DIRECTION('',(-0.,-1.,0.));
#5262 = ADVANCED_FACE('',(#5263),#5274,.F.);
#5263 = FACE_BOUND('',#5264,.T.);
#5264 = EDGE_LOOP('',(#5265,#5266,#5272,#5273));
#5265 = ORIENTED_EDGE('',*,*,#755,.T.);
#5266 = ORIENTED_EDGE('',*,*,#5267,.T.);
#5267 = EDGE_CURVE('',#756,#2828,#5268,.T.);
#5268 = LINE('',#5269,#5270);
#5269 = CARTESIAN_POINT('',(114.8274,-49.3915,-4.6E-02));
#5270 = VECTOR('',#5271,1.);
#5271 = DIRECTION('',(0.,0.,1.));
#5272 = ORIENTED_EDGE('',*,*,#2827,.F.);
#5273 = ORIENTED_EDGE('',*,*,#5267,.F.);
#5274 = CYLINDRICAL_SURFACE('',#5275,0.5);
#5275 = AXIS2_PLACEMENT_3D('',#5276,#5277,#5278);
#5276 = CARTESIAN_POINT('',(114.8274,-48.8915,-4.6E-02));
#5277 = DIRECTION('',(-0.,-0.,-1.));
#5278 = DIRECTION('',(-0.,-1.,0.));
#5279 = ADVANCED_FACE('',(#5280),#5291,.F.);
#5280 = FACE_BOUND('',#5281,.T.);
#5281 = EDGE_LOOP('',(#5282,#5283,#5289,#5290));
#5282 = ORIENTED_EDGE('',*,*,#766,.T.);
#5283 = ORIENTED_EDGE('',*,*,#5284,.T.);
#5284 = EDGE_CURVE('',#767,#2839,#5285,.T.);
#5285 = LINE('',#5286,#5287);
#5286 = CARTESIAN_POINT('',(120.3824,-49.3915,-4.6E-02));
#5287 = VECTOR('',#5288,1.);
#5288 = DIRECTION('',(0.,0.,1.));
#5289 = ORIENTED_EDGE('',*,*,#2838,.F.);
#5290 = ORIENTED_EDGE('',*,*,#5284,.F.);
#5291 = CYLINDRICAL_SURFACE('',#5292,0.5);
#5292 = AXIS2_PLACEMENT_3D('',#5293,#5294,#5295);
#5293 = CARTESIAN_POINT('',(120.3824,-48.8915,-4.6E-02));
#5294 = DIRECTION('',(-0.,-0.,-1.));
#5295 = DIRECTION('',(-0.,-1.,0.));
#5296 = ADVANCED_FACE('',(#5297),#5308,.F.);
#5297 = FACE_BOUND('',#5298,.T.);
#5298 = EDGE_LOOP('',(#5299,#5300,#5306,#5307));
#5299 = ORIENTED_EDGE('',*,*,#777,.T.);
#5300 = ORIENTED_EDGE('',*,*,#5301,.T.);
#5301 = EDGE_CURVE('',#778,#2850,#5302,.T.);
#5302 = LINE('',#5303,#5304);
#5303 = CARTESIAN_POINT('',(133.73,-57.954,-4.6E-02));
#5304 = VECTOR('',#5305,1.);
#5305 = DIRECTION('',(0.,0.,1.));
#5306 = ORIENTED_EDGE('',*,*,#2849,.F.);
#5307 = ORIENTED_EDGE('',*,*,#5301,.F.);
#5308 = CYLINDRICAL_SURFACE('',#5309,0.45);
#5309 = AXIS2_PLACEMENT_3D('',#5310,#5311,#5312);
#5310 = CARTESIAN_POINT('',(133.73,-57.504,-4.6E-02));
#5311 = DIRECTION('',(-0.,-0.,-1.));
#5312 = DIRECTION('',(-6.315935428979E-14,-1.,0.));
#5313 = ADVANCED_FACE('',(#5314),#5325,.F.);
#5314 = FACE_BOUND('',#5315,.T.);
#5315 = EDGE_LOOP('',(#5316,#5317,#5323,#5324));
#5316 = ORIENTED_EDGE('',*,*,#788,.T.);
#5317 = ORIENTED_EDGE('',*,*,#5318,.T.);
#5318 = EDGE_CURVE('',#789,#2861,#5319,.T.);
#5319 = LINE('',#5320,#5321);
#5320 = CARTESIAN_POINT('',(136.27,-57.954,-4.6E-02));
#5321 = VECTOR('',#5322,1.);
#5322 = DIRECTION('',(0.,0.,1.));
#5323 = ORIENTED_EDGE('',*,*,#2860,.F.);
#5324 = ORIENTED_EDGE('',*,*,#5318,.F.);
#5325 = CYLINDRICAL_SURFACE('',#5326,0.45);
#5326 = AXIS2_PLACEMENT_3D('',#5327,#5328,#5329);
#5327 = CARTESIAN_POINT('',(136.27,-57.504,-4.6E-02));
#5328 = DIRECTION('',(-0.,0.,-1.));
#5329 = DIRECTION('',(6.315935428978E-14,-1.,-0.));
#5330 = ADVANCED_FACE('',(#5331),#5342,.F.);
#5331 = FACE_BOUND('',#5332,.T.);
#5332 = EDGE_LOOP('',(#5333,#5334,#5340,#5341));
#5333 = ORIENTED_EDGE('',*,*,#799,.T.);
#5334 = ORIENTED_EDGE('',*,*,#5335,.T.);
#5335 = EDGE_CURVE('',#800,#2872,#5336,.T.);
#5336 = LINE('',#5337,#5338);
#5337 = CARTESIAN_POINT('',(144.23,-57.954,-4.6E-02));
#5338 = VECTOR('',#5339,1.);
#5339 = DIRECTION('',(0.,0.,1.));
#5340 = ORIENTED_EDGE('',*,*,#2871,.F.);
#5341 = ORIENTED_EDGE('',*,*,#5335,.F.);
#5342 = CYLINDRICAL_SURFACE('',#5343,0.45);
#5343 = AXIS2_PLACEMENT_3D('',#5344,#5345,#5346);
#5344 = CARTESIAN_POINT('',(144.23,-57.504,-4.6E-02));
#5345 = DIRECTION('',(-0.,-0.,-1.));
#5346 = DIRECTION('',(-6.315935428979E-14,-1.,0.));
#5347 = ADVANCED_FACE('',(#5348),#5359,.F.);
#5348 = FACE_BOUND('',#5349,.T.);
#5349 = EDGE_LOOP('',(#5350,#5351,#5357,#5358));
#5350 = ORIENTED_EDGE('',*,*,#810,.T.);
#5351 = ORIENTED_EDGE('',*,*,#5352,.T.);
#5352 = EDGE_CURVE('',#811,#2883,#5353,.T.);
#5353 = LINE('',#5354,#5355);
#5354 = CARTESIAN_POINT('',(146.77,-57.954,-4.6E-02));
#5355 = VECTOR('',#5356,1.);
#5356 = DIRECTION('',(0.,0.,1.));
#5357 = ORIENTED_EDGE('',*,*,#2882,.F.);
#5358 = ORIENTED_EDGE('',*,*,#5352,.F.);
#5359 = CYLINDRICAL_SURFACE('',#5360,0.45);
#5360 = AXIS2_PLACEMENT_3D('',#5361,#5362,#5363);
#5361 = CARTESIAN_POINT('',(146.77,-57.504,-4.6E-02));
#5362 = DIRECTION('',(-0.,0.,-1.));
#5363 = DIRECTION('',(6.315935428978E-14,-1.,-0.));
#5364 = ADVANCED_FACE('',(#5365),#5376,.F.);
#5365 = FACE_BOUND('',#5366,.T.);
#5366 = EDGE_LOOP('',(#5367,#5368,#5374,#5375));
#5367 = ORIENTED_EDGE('',*,*,#821,.T.);
#5368 = ORIENTED_EDGE('',*,*,#5369,.T.);
#5369 = EDGE_CURVE('',#822,#2894,#5370,.T.);
#5370 = LINE('',#5371,#5372);
#5371 = CARTESIAN_POINT('',(135.,-49.425,-4.6E-02));
#5372 = VECTOR('',#5373,1.);
#5373 = DIRECTION('',(0.,0.,1.));
#5374 = ORIENTED_EDGE('',*,*,#2893,.F.);
#5375 = ORIENTED_EDGE('',*,*,#5369,.F.);
#5376 = CYLINDRICAL_SURFACE('',#5377,0.6);
#5377 = AXIS2_PLACEMENT_3D('',#5378,#5379,#5380);
#5378 = CARTESIAN_POINT('',(135.,-48.825,-4.6E-02));
#5379 = DIRECTION('',(-0.,-0.,-1.));
#5380 = DIRECTION('',(-0.,-1.,0.));
#5381 = ADVANCED_FACE('',(#5382),#5393,.F.);
#5382 = FACE_BOUND('',#5383,.T.);
#5383 = EDGE_LOOP('',(#5384,#5385,#5391,#5392));
#5384 = ORIENTED_EDGE('',*,*,#832,.T.);
#5385 = ORIENTED_EDGE('',*,*,#5386,.T.);
#5386 = EDGE_CURVE('',#833,#2905,#5387,.T.);
#5387 = LINE('',#5388,#5389);
#5388 = CARTESIAN_POINT('',(154.73,-57.954,-4.6E-02));
#5389 = VECTOR('',#5390,1.);
#5390 = DIRECTION('',(0.,0.,1.));
#5391 = ORIENTED_EDGE('',*,*,#2904,.F.);
#5392 = ORIENTED_EDGE('',*,*,#5386,.F.);
#5393 = CYLINDRICAL_SURFACE('',#5394,0.45);
#5394 = AXIS2_PLACEMENT_3D('',#5395,#5396,#5397);
#5395 = CARTESIAN_POINT('',(154.73,-57.504,-4.6E-02));
#5396 = DIRECTION('',(-0.,-0.,-1.));
#5397 = DIRECTION('',(-6.315935428979E-14,-1.,0.));
#5398 = ADVANCED_FACE('',(#5399),#5410,.F.);
#5399 = FACE_BOUND('',#5400,.T.);
#5400 = EDGE_LOOP('',(#5401,#5402,#5408,#5409));
#5401 = ORIENTED_EDGE('',*,*,#843,.T.);
#5402 = ORIENTED_EDGE('',*,*,#5403,.T.);
#5403 = EDGE_CURVE('',#844,#2916,#5404,.T.);
#5404 = LINE('',#5405,#5406);
#5405 = CARTESIAN_POINT('',(157.27,-57.954,-4.6E-02));
#5406 = VECTOR('',#5407,1.);
#5407 = DIRECTION('',(0.,0.,1.));
#5408 = ORIENTED_EDGE('',*,*,#2915,.F.);
#5409 = ORIENTED_EDGE('',*,*,#5403,.F.);
#5410 = CYLINDRICAL_SURFACE('',#5411,0.45);
#5411 = AXIS2_PLACEMENT_3D('',#5412,#5413,#5414);
#5412 = CARTESIAN_POINT('',(157.27,-57.504,-4.6E-02));
#5413 = DIRECTION('',(-0.,0.,-1.));
#5414 = DIRECTION('',(6.315935428978E-14,-1.,-0.));
#5415 = ADVANCED_FACE('',(#5416),#5427,.F.);
#5416 = FACE_BOUND('',#5417,.T.);
#5417 = EDGE_LOOP('',(#5418,#5419,#5425,#5426));
#5418 = ORIENTED_EDGE('',*,*,#854,.T.);
#5419 = ORIENTED_EDGE('',*,*,#5420,.T.);
#5420 = EDGE_CURVE('',#855,#2927,#5421,.T.);
#5421 = LINE('',#5422,#5423);
#5422 = CARTESIAN_POINT('',(156.,-49.425,-4.6E-02));
#5423 = VECTOR('',#5424,1.);
#5424 = DIRECTION('',(0.,0.,1.));
#5425 = ORIENTED_EDGE('',*,*,#2926,.F.);
#5426 = ORIENTED_EDGE('',*,*,#5420,.F.);
#5427 = CYLINDRICAL_SURFACE('',#5428,0.6);
#5428 = AXIS2_PLACEMENT_3D('',#5429,#5430,#5431);
#5429 = CARTESIAN_POINT('',(156.,-48.825,-4.6E-02));
#5430 = DIRECTION('',(-0.,-0.,-1.));
#5431 = DIRECTION('',(-0.,-1.,0.));
#5432 = ADVANCED_FACE('',(#5433),#5444,.F.);
#5433 = FACE_BOUND('',#5434,.T.);
#5434 = EDGE_LOOP('',(#5435,#5436,#5442,#5443));
#5435 = ORIENTED_EDGE('',*,*,#865,.T.);
#5436 = ORIENTED_EDGE('',*,*,#5437,.T.);
#5437 = EDGE_CURVE('',#866,#2938,#5438,.T.);
#5438 = LINE('',#5439,#5440);
#5439 = CARTESIAN_POINT('',(9.229,-48.434,-4.6E-02));
#5440 = VECTOR('',#5441,1.);
#5441 = DIRECTION('',(0.,0.,1.));
#5442 = ORIENTED_EDGE('',*,*,#2937,.F.);
#5443 = ORIENTED_EDGE('',*,*,#5437,.F.);
#5444 = CYLINDRICAL_SURFACE('',#5445,0.6);
#5445 = AXIS2_PLACEMENT_3D('',#5446,#5447,#5448);
#5446 = CARTESIAN_POINT('',(9.229,-47.834,-4.6E-02));
#5447 = DIRECTION('',(-0.,-0.,-1.));
#5448 = DIRECTION('',(-0.,-1.,0.));
#5449 = ADVANCED_FACE('',(#5450),#5461,.F.);
#5450 = FACE_BOUND('',#5451,.T.);
#5451 = EDGE_LOOP('',(#5452,#5453,#5459,#5460));
#5452 = ORIENTED_EDGE('',*,*,#876,.T.);
#5453 = ORIENTED_EDGE('',*,*,#5454,.T.);
#5454 = EDGE_CURVE('',#877,#2949,#5455,.T.);
#5455 = LINE('',#5456,#5457);
#5456 = CARTESIAN_POINT('',(7.468,-44.929,-4.6E-02));
#5457 = VECTOR('',#5458,1.);
#5458 = DIRECTION('',(0.,0.,1.));
#5459 = ORIENTED_EDGE('',*,*,#2948,.F.);
#5460 = ORIENTED_EDGE('',*,*,#5454,.F.);
#5461 = CYLINDRICAL_SURFACE('',#5462,0.6);
#5462 = AXIS2_PLACEMENT_3D('',#5463,#5464,#5465);
#5463 = CARTESIAN_POINT('',(7.468,-44.329,-4.6E-02));
#5464 = DIRECTION('',(-0.,-0.,-1.));
#5465 = DIRECTION('',(-0.,-1.,0.));
#5466 = ADVANCED_FACE('',(#5467),#5478,.F.);
#5467 = FACE_BOUND('',#5468,.T.);
#5468 = EDGE_LOOP('',(#5469,#5470,#5476,#5477));
#5469 = ORIENTED_EDGE('',*,*,#887,.T.);
#5470 = ORIENTED_EDGE('',*,*,#5471,.T.);
#5471 = EDGE_CURVE('',#888,#2960,#5472,.T.);
#5472 = LINE('',#5473,#5474);
#5473 = CARTESIAN_POINT('',(17.197,-48.434,-4.6E-02));
#5474 = VECTOR('',#5475,1.);
#5475 = DIRECTION('',(0.,0.,1.));
#5476 = ORIENTED_EDGE('',*,*,#2959,.F.);
#5477 = ORIENTED_EDGE('',*,*,#5471,.F.);
#5478 = CYLINDRICAL_SURFACE('',#5479,0.6);
#5479 = AXIS2_PLACEMENT_3D('',#5480,#5481,#5482);
#5480 = CARTESIAN_POINT('',(17.197,-47.834,-4.6E-02));
#5481 = DIRECTION('',(-0.,-0.,-1.));
#5482 = DIRECTION('',(-5.921189464668E-15,-1.,0.));
#5483 = ADVANCED_FACE('',(#5484),#5495,.F.);
#5484 = FACE_BOUND('',#5485,.T.);
#5485 = EDGE_LOOP('',(#5486,#5487,#5493,#5494));
#5486 = ORIENTED_EDGE('',*,*,#898,.T.);
#5487 = ORIENTED_EDGE('',*,*,#5488,.T.);
#5488 = EDGE_CURVE('',#899,#2971,#5489,.T.);
#5489 = LINE('',#5490,#5491);
#5490 = CARTESIAN_POINT('',(18.951,-44.929,-4.6E-02));
#5491 = VECTOR('',#5492,1.);
#5492 = DIRECTION('',(0.,0.,1.));
#5493 = ORIENTED_EDGE('',*,*,#2970,.F.);
#5494 = ORIENTED_EDGE('',*,*,#5488,.F.);
#5495 = CYLINDRICAL_SURFACE('',#5496,0.6);
#5496 = AXIS2_PLACEMENT_3D('',#5497,#5498,#5499);
#5497 = CARTESIAN_POINT('',(18.951,-44.329,-4.6E-02));
#5498 = DIRECTION('',(-0.,-0.,-1.));
#5499 = DIRECTION('',(-0.,-1.,0.));
#5500 = ADVANCED_FACE('',(#5501),#5512,.F.);
#5501 = FACE_BOUND('',#5502,.T.);
#5502 = EDGE_LOOP('',(#5503,#5504,#5510,#5511));
#5503 = ORIENTED_EDGE('',*,*,#909,.T.);
#5504 = ORIENTED_EDGE('',*,*,#5505,.T.);
#5505 = EDGE_CURVE('',#910,#2982,#5506,.T.);
#5506 = LINE('',#5507,#5508);
#5507 = CARTESIAN_POINT('',(7.468,-40.434,-4.6E-02));
#5508 = VECTOR('',#5509,1.);
#5509 = DIRECTION('',(0.,0.,1.));
#5510 = ORIENTED_EDGE('',*,*,#2981,.F.);
#5511 = ORIENTED_EDGE('',*,*,#5505,.F.);
#5512 = CYLINDRICAL_SURFACE('',#5513,0.6);
#5513 = AXIS2_PLACEMENT_3D('',#5514,#5515,#5516);
#5514 = CARTESIAN_POINT('',(7.468,-39.834,-4.6E-02));
#5515 = DIRECTION('',(-0.,-0.,-1.));
#5516 = DIRECTION('',(-0.,-1.,0.));
#5517 = ADVANCED_FACE('',(#5518),#5529,.F.);
#5518 = FACE_BOUND('',#5519,.T.);
#5519 = EDGE_LOOP('',(#5520,#5521,#5527,#5528));
#5520 = ORIENTED_EDGE('',*,*,#920,.T.);
#5521 = ORIENTED_EDGE('',*,*,#5522,.T.);
#5522 = EDGE_CURVE('',#921,#2993,#5523,.T.);
#5523 = LINE('',#5524,#5525);
#5524 = CARTESIAN_POINT('',(13.21,-42.334,-4.6E-02));
#5525 = VECTOR('',#5526,1.);
#5526 = DIRECTION('',(0.,0.,1.));
#5527 = ORIENTED_EDGE('',*,*,#2992,.F.);
#5528 = ORIENTED_EDGE('',*,*,#5522,.F.);
#5529 = CYLINDRICAL_SURFACE('',#5530,2.5);
#5530 = AXIS2_PLACEMENT_3D('',#5531,#5532,#5533);
#5531 = CARTESIAN_POINT('',(13.21,-39.834,-4.6E-02));
#5532 = DIRECTION('',(-0.,-0.,-1.));
#5533 = DIRECTION('',(-0.,-1.,0.));
#5534 = ADVANCED_FACE('',(#5535),#5546,.F.);
#5535 = FACE_BOUND('',#5536,.T.);
#5536 = EDGE_LOOP('',(#5537,#5538,#5544,#5545));
#5537 = ORIENTED_EDGE('',*,*,#931,.T.);
#5538 = ORIENTED_EDGE('',*,*,#5539,.T.);
#5539 = EDGE_CURVE('',#932,#3004,#5540,.T.);
#5540 = LINE('',#5541,#5542);
#5541 = CARTESIAN_POINT('',(18.951,-40.434,-4.6E-02));
#5542 = VECTOR('',#5543,1.);
#5543 = DIRECTION('',(0.,0.,1.));
#5544 = ORIENTED_EDGE('',*,*,#3003,.F.);
#5545 = ORIENTED_EDGE('',*,*,#5539,.F.);
#5546 = CYLINDRICAL_SURFACE('',#5547,0.6);
#5547 = AXIS2_PLACEMENT_3D('',#5548,#5549,#5550);
#5548 = CARTESIAN_POINT('',(18.951,-39.834,-4.6E-02));
#5549 = DIRECTION('',(-0.,-0.,-1.));
#5550 = DIRECTION('',(-0.,-1.,0.));
#5551 = ADVANCED_FACE('',(#5552),#5563,.F.);
#5552 = FACE_BOUND('',#5553,.T.);
#5553 = EDGE_LOOP('',(#5554,#5555,#5561,#5562));
#5554 = ORIENTED_EDGE('',*,*,#942,.T.);
#5555 = ORIENTED_EDGE('',*,*,#5556,.T.);
#5556 = EDGE_CURVE('',#943,#3015,#5557,.T.);
#5557 = LINE('',#5558,#5559);
#5558 = CARTESIAN_POINT('',(32.589,-48.434,-4.6E-02));
#5559 = VECTOR('',#5560,1.);
#5560 = DIRECTION('',(0.,0.,1.));
#5561 = ORIENTED_EDGE('',*,*,#3014,.F.);
#5562 = ORIENTED_EDGE('',*,*,#5556,.F.);
#5563 = CYLINDRICAL_SURFACE('',#5564,0.6);
#5564 = AXIS2_PLACEMENT_3D('',#5565,#5566,#5567);
#5565 = CARTESIAN_POINT('',(32.589,-47.834,-4.6E-02));
#5566 = DIRECTION('',(-0.,-0.,-1.));
#5567 = DIRECTION('',(-0.,-1.,0.));
#5568 = ADVANCED_FACE('',(#5569),#5580,.F.);
#5569 = FACE_BOUND('',#5570,.T.);
#5570 = EDGE_LOOP('',(#5571,#5572,#5578,#5579));
#5571 = ORIENTED_EDGE('',*,*,#953,.T.);
#5572 = ORIENTED_EDGE('',*,*,#5573,.T.);
#5573 = EDGE_CURVE('',#954,#3026,#5574,.T.);
#5574 = LINE('',#5575,#5576);
#5575 = CARTESIAN_POINT('',(30.828,-44.929,-4.6E-02));
#5576 = VECTOR('',#5577,1.);
#5577 = DIRECTION('',(0.,0.,1.));
#5578 = ORIENTED_EDGE('',*,*,#3025,.F.);
#5579 = ORIENTED_EDGE('',*,*,#5573,.F.);
#5580 = CYLINDRICAL_SURFACE('',#5581,0.6);
#5581 = AXIS2_PLACEMENT_3D('',#5582,#5583,#5584);
#5582 = CARTESIAN_POINT('',(30.828,-44.329,-4.6E-02));
#5583 = DIRECTION('',(-0.,-0.,-1.));
#5584 = DIRECTION('',(-5.921189464668E-15,-1.,0.));
#5585 = ADVANCED_FACE('',(#5586),#5597,.F.);
#5586 = FACE_BOUND('',#5587,.T.);
#5587 = EDGE_LOOP('',(#5588,#5589,#5595,#5596));
#5588 = ORIENTED_EDGE('',*,*,#964,.T.);
#5589 = ORIENTED_EDGE('',*,*,#5590,.T.);
#5590 = EDGE_CURVE('',#965,#3037,#5591,.T.);
#5591 = LINE('',#5592,#5593);
#5592 = CARTESIAN_POINT('',(40.557,-48.434,-4.6E-02));
#5593 = VECTOR('',#5594,1.);
#5594 = DIRECTION('',(0.,0.,1.));
#5595 = ORIENTED_EDGE('',*,*,#3036,.F.);
#5596 = ORIENTED_EDGE('',*,*,#5590,.F.);
#5597 = CYLINDRICAL_SURFACE('',#5598,0.6);
#5598 = AXIS2_PLACEMENT_3D('',#5599,#5600,#5601);
#5599 = CARTESIAN_POINT('',(40.557,-47.834,-4.6E-02));
#5600 = DIRECTION('',(-0.,-0.,-1.));
#5601 = DIRECTION('',(-0.,-1.,0.));
#5602 = ADVANCED_FACE('',(#5603),#5614,.F.);
#5603 = FACE_BOUND('',#5604,.T.);
#5604 = EDGE_LOOP('',(#5605,#5606,#5612,#5613));
#5605 = ORIENTED_EDGE('',*,*,#975,.T.);
#5606 = ORIENTED_EDGE('',*,*,#5607,.T.);
#5607 = EDGE_CURVE('',#976,#3048,#5608,.T.);
#5608 = LINE('',#5609,#5610);
#5609 = CARTESIAN_POINT('',(42.311,-44.929,-4.6E-02));
#5610 = VECTOR('',#5611,1.);
#5611 = DIRECTION('',(0.,0.,1.));
#5612 = ORIENTED_EDGE('',*,*,#3047,.F.);
#5613 = ORIENTED_EDGE('',*,*,#5607,.F.);
#5614 = CYLINDRICAL_SURFACE('',#5615,0.6);
#5615 = AXIS2_PLACEMENT_3D('',#5616,#5617,#5618);
#5616 = CARTESIAN_POINT('',(42.311,-44.329,-4.6E-02));
#5617 = DIRECTION('',(-0.,-0.,-1.));
#5618 = DIRECTION('',(-0.,-1.,0.));
#5619 = ADVANCED_FACE('',(#5620),#5631,.F.);
#5620 = FACE_BOUND('',#5621,.T.);
#5621 = EDGE_LOOP('',(#5622,#5623,#5629,#5630));
#5622 = ORIENTED_EDGE('',*,*,#986,.T.);
#5623 = ORIENTED_EDGE('',*,*,#5624,.T.);
#5624 = EDGE_CURVE('',#987,#3059,#5625,.T.);
#5625 = LINE('',#5626,#5627);
#5626 = CARTESIAN_POINT('',(30.828,-40.434,-4.6E-02));
#5627 = VECTOR('',#5628,1.);
#5628 = DIRECTION('',(0.,0.,1.));
#5629 = ORIENTED_EDGE('',*,*,#3058,.F.);
#5630 = ORIENTED_EDGE('',*,*,#5624,.F.);
#5631 = CYLINDRICAL_SURFACE('',#5632,0.6);
#5632 = AXIS2_PLACEMENT_3D('',#5633,#5634,#5635);
#5633 = CARTESIAN_POINT('',(30.828,-39.834,-4.6E-02));
#5634 = DIRECTION('',(-0.,-0.,-1.));
#5635 = DIRECTION('',(-5.921189464668E-15,-1.,0.));
#5636 = ADVANCED_FACE('',(#5637),#5648,.F.);
#5637 = FACE_BOUND('',#5638,.T.);
#5638 = EDGE_LOOP('',(#5639,#5640,#5646,#5647));
#5639 = ORIENTED_EDGE('',*,*,#997,.T.);
#5640 = ORIENTED_EDGE('',*,*,#5641,.T.);
#5641 = EDGE_CURVE('',#998,#3070,#5642,.T.);
#5642 = LINE('',#5643,#5644);
#5643 = CARTESIAN_POINT('',(36.57,-42.334,-4.6E-02));
#5644 = VECTOR('',#5645,1.);
#5645 = DIRECTION('',(0.,0.,1.));
#5646 = ORIENTED_EDGE('',*,*,#3069,.F.);
#5647 = ORIENTED_EDGE('',*,*,#5641,.F.);
#5648 = CYLINDRICAL_SURFACE('',#5649,2.5);
#5649 = AXIS2_PLACEMENT_3D('',#5650,#5651,#5652);
#5650 = CARTESIAN_POINT('',(36.57,-39.834,-4.6E-02));
#5651 = DIRECTION('',(-0.,-0.,-1.));
#5652 = DIRECTION('',(-0.,-1.,0.));
#5653 = ADVANCED_FACE('',(#5654),#5665,.F.);
#5654 = FACE_BOUND('',#5655,.T.);
#5655 = EDGE_LOOP('',(#5656,#5657,#5663,#5664));
#5656 = ORIENTED_EDGE('',*,*,#1008,.T.);
#5657 = ORIENTED_EDGE('',*,*,#5658,.T.);
#5658 = EDGE_CURVE('',#1009,#3081,#5659,.T.);
#5659 = LINE('',#5660,#5661);
#5660 = CARTESIAN_POINT('',(42.311,-40.434,-4.6E-02));
#5661 = VECTOR('',#5662,1.);
#5662 = DIRECTION('',(0.,0.,1.));
#5663 = ORIENTED_EDGE('',*,*,#3080,.F.);
#5664 = ORIENTED_EDGE('',*,*,#5658,.F.);
#5665 = CYLINDRICAL_SURFACE('',#5666,0.6);
#5666 = AXIS2_PLACEMENT_3D('',#5667,#5668,#5669);
#5667 = CARTESIAN_POINT('',(42.311,-39.834,-4.6E-02));
#5668 = DIRECTION('',(-0.,-0.,-1.));
#5669 = DIRECTION('',(-0.,-1.,0.));
#5670 = ADVANCED_FACE('',(#5671),#5682,.F.);
#5671 = FACE_BOUND('',#5672,.T.);
#5672 = EDGE_LOOP('',(#5673,#5674,#5680,#5681));
#5673 = ORIENTED_EDGE('',*,*,#1019,.T.);
#5674 = ORIENTED_EDGE('',*,*,#5675,.T.);
#5675 = EDGE_CURVE('',#1020,#3092,#5676,.T.);
#5676 = LINE('',#5677,#5678);
#5677 = CARTESIAN_POINT('',(7.468,-35.94,-4.6E-02));
#5678 = VECTOR('',#5679,1.);
#5679 = DIRECTION('',(0.,0.,1.));
#5680 = ORIENTED_EDGE('',*,*,#3091,.F.);
#5681 = ORIENTED_EDGE('',*,*,#5675,.F.);
#5682 = CYLINDRICAL_SURFACE('',#5683,0.6);
#5683 = AXIS2_PLACEMENT_3D('',#5684,#5685,#5686);
#5684 = CARTESIAN_POINT('',(7.468,-35.34,-4.6E-02));
#5685 = DIRECTION('',(-0.,-0.,-1.));
#5686 = DIRECTION('',(-0.,-1.,0.));
#5687 = ADVANCED_FACE('',(#5688),#5699,.F.);
#5688 = FACE_BOUND('',#5689,.T.);
#5689 = EDGE_LOOP('',(#5690,#5691,#5697,#5698));
#5690 = ORIENTED_EDGE('',*,*,#1030,.T.);
#5691 = ORIENTED_EDGE('',*,*,#5692,.T.);
#5692 = EDGE_CURVE('',#1031,#3103,#5693,.T.);
#5693 = LINE('',#5694,#5695);
#5694 = CARTESIAN_POINT('',(9.229,-32.432,-4.6E-02));
#5695 = VECTOR('',#5696,1.);
#5696 = DIRECTION('',(0.,0.,1.));
#5697 = ORIENTED_EDGE('',*,*,#3102,.F.);
#5698 = ORIENTED_EDGE('',*,*,#5692,.F.);
#5699 = CYLINDRICAL_SURFACE('',#5700,0.6);
#5700 = AXIS2_PLACEMENT_3D('',#5701,#5702,#5703);
#5701 = CARTESIAN_POINT('',(9.229,-31.832,-4.6E-02));
#5702 = DIRECTION('',(-0.,-0.,-1.));
#5703 = DIRECTION('',(-0.,-1.,0.));
#5704 = ADVANCED_FACE('',(#5705),#5716,.F.);
#5705 = FACE_BOUND('',#5706,.T.);
#5706 = EDGE_LOOP('',(#5707,#5708,#5714,#5715));
#5707 = ORIENTED_EDGE('',*,*,#1041,.T.);
#5708 = ORIENTED_EDGE('',*,*,#5709,.T.);
#5709 = EDGE_CURVE('',#1042,#3114,#5710,.T.);
#5710 = LINE('',#5711,#5712);
#5711 = CARTESIAN_POINT('',(18.951,-35.94,-4.6E-02));
#5712 = VECTOR('',#5713,1.);
#5713 = DIRECTION('',(0.,0.,1.));
#5714 = ORIENTED_EDGE('',*,*,#3113,.F.);
#5715 = ORIENTED_EDGE('',*,*,#5709,.F.);
#5716 = CYLINDRICAL_SURFACE('',#5717,0.6);
#5717 = AXIS2_PLACEMENT_3D('',#5718,#5719,#5720);
#5718 = CARTESIAN_POINT('',(18.951,-35.34,-4.6E-02));
#5719 = DIRECTION('',(-0.,-0.,-1.));
#5720 = DIRECTION('',(-0.,-1.,0.));
#5721 = ADVANCED_FACE('',(#5722),#5733,.F.);
#5722 = FACE_BOUND('',#5723,.T.);
#5723 = EDGE_LOOP('',(#5724,#5725,#5731,#5732));
#5724 = ORIENTED_EDGE('',*,*,#1052,.T.);
#5725 = ORIENTED_EDGE('',*,*,#5726,.T.);
#5726 = EDGE_CURVE('',#1053,#3125,#5727,.T.);
#5727 = LINE('',#5728,#5729);
#5728 = CARTESIAN_POINT('',(17.197,-32.432,-4.6E-02));
#5729 = VECTOR('',#5730,1.);
#5730 = DIRECTION('',(0.,0.,1.));
#5731 = ORIENTED_EDGE('',*,*,#3124,.F.);
#5732 = ORIENTED_EDGE('',*,*,#5726,.F.);
#5733 = CYLINDRICAL_SURFACE('',#5734,0.6);
#5734 = AXIS2_PLACEMENT_3D('',#5735,#5736,#5737);
#5735 = CARTESIAN_POINT('',(17.197,-31.832,-4.6E-02));
#5736 = DIRECTION('',(-0.,-0.,-1.));
#5737 = DIRECTION('',(-5.921189464668E-15,-1.,0.));
#5738 = ADVANCED_FACE('',(#5739),#5750,.F.);
#5739 = FACE_BOUND('',#5740,.T.);
#5740 = EDGE_LOOP('',(#5741,#5742,#5748,#5749));
#5741 = ORIENTED_EDGE('',*,*,#1063,.T.);
#5742 = ORIENTED_EDGE('',*,*,#5743,.T.);
#5743 = EDGE_CURVE('',#1064,#3136,#5744,.T.);
#5744 = LINE('',#5745,#5746);
#5745 = CARTESIAN_POINT('',(13.21,-31.444,-4.6E-02));
#5746 = VECTOR('',#5747,1.);
#5747 = DIRECTION('',(0.,0.,1.));
#5748 = ORIENTED_EDGE('',*,*,#3135,.F.);
#5749 = ORIENTED_EDGE('',*,*,#5743,.F.);
#5750 = CYLINDRICAL_SURFACE('',#5751,0.6);
#5751 = AXIS2_PLACEMENT_3D('',#5752,#5753,#5754);
#5752 = CARTESIAN_POINT('',(13.21,-30.844,-4.6E-02));
#5753 = DIRECTION('',(-0.,-0.,-1.));
#5754 = DIRECTION('',(-0.,-1.,0.));
#5755 = ADVANCED_FACE('',(#5756),#5767,.F.);
#5756 = FACE_BOUND('',#5757,.T.);
#5757 = EDGE_LOOP('',(#5758,#5759,#5765,#5766));
#5758 = ORIENTED_EDGE('',*,*,#1074,.T.);
#5759 = ORIENTED_EDGE('',*,*,#5760,.T.);
#5760 = EDGE_CURVE('',#1075,#3147,#5761,.T.);
#5761 = LINE('',#5762,#5763);
#5762 = CARTESIAN_POINT('',(30.828,-35.94,-4.6E-02));
#5763 = VECTOR('',#5764,1.);
#5764 = DIRECTION('',(0.,0.,1.));
#5765 = ORIENTED_EDGE('',*,*,#3146,.F.);
#5766 = ORIENTED_EDGE('',*,*,#5760,.F.);
#5767 = CYLINDRICAL_SURFACE('',#5768,0.6);
#5768 = AXIS2_PLACEMENT_3D('',#5769,#5770,#5771);
#5769 = CARTESIAN_POINT('',(30.828,-35.34,-4.6E-02));
#5770 = DIRECTION('',(-0.,-0.,-1.));
#5771 = DIRECTION('',(-5.921189464668E-15,-1.,0.));
#5772 = ADVANCED_FACE('',(#5773),#5784,.F.);
#5773 = FACE_BOUND('',#5774,.T.);
#5774 = EDGE_LOOP('',(#5775,#5776,#5782,#5783));
#5775 = ORIENTED_EDGE('',*,*,#1085,.T.);
#5776 = ORIENTED_EDGE('',*,*,#5777,.T.);
#5777 = EDGE_CURVE('',#1086,#3158,#5778,.T.);
#5778 = LINE('',#5779,#5780);
#5779 = CARTESIAN_POINT('',(32.589,-32.432,-4.6E-02));
#5780 = VECTOR('',#5781,1.);
#5781 = DIRECTION('',(0.,0.,1.));
#5782 = ORIENTED_EDGE('',*,*,#3157,.F.);
#5783 = ORIENTED_EDGE('',*,*,#5777,.F.);
#5784 = CYLINDRICAL_SURFACE('',#5785,0.6);
#5785 = AXIS2_PLACEMENT_3D('',#5786,#5787,#5788);
#5786 = CARTESIAN_POINT('',(32.589,-31.832,-4.6E-02));
#5787 = DIRECTION('',(-0.,-0.,-1.));
#5788 = DIRECTION('',(-0.,-1.,0.));
#5789 = ADVANCED_FACE('',(#5790),#5801,.F.);
#5790 = FACE_BOUND('',#5791,.T.);
#5791 = EDGE_LOOP('',(#5792,#5793,#5799,#5800));
#5792 = ORIENTED_EDGE('',*,*,#1096,.T.);
#5793 = ORIENTED_EDGE('',*,*,#5794,.T.);
#5794 = EDGE_CURVE('',#1097,#3169,#5795,.T.);
#5795 = LINE('',#5796,#5797);
#5796 = CARTESIAN_POINT('',(42.311,-35.94,-4.6E-02));
#5797 = VECTOR('',#5798,1.);
#5798 = DIRECTION('',(0.,0.,1.));
#5799 = ORIENTED_EDGE('',*,*,#3168,.F.);
#5800 = ORIENTED_EDGE('',*,*,#5794,.F.);
#5801 = CYLINDRICAL_SURFACE('',#5802,0.6);
#5802 = AXIS2_PLACEMENT_3D('',#5803,#5804,#5805);
#5803 = CARTESIAN_POINT('',(42.311,-35.34,-4.6E-02));
#5804 = DIRECTION('',(-0.,-0.,-1.));
#5805 = DIRECTION('',(-0.,-1.,0.));
#5806 = ADVANCED_FACE('',(#5807),#5818,.F.);
#5807 = FACE_BOUND('',#5808,.T.);
#5808 = EDGE_LOOP('',(#5809,#5810,#5816,#5817));
#5809 = ORIENTED_EDGE('',*,*,#1107,.T.);
#5810 = ORIENTED_EDGE('',*,*,#5811,.T.);
#5811 = EDGE_CURVE('',#1108,#3180,#5812,.T.);
#5812 = LINE('',#5813,#5814);
#5813 = CARTESIAN_POINT('',(40.557,-32.432,-4.6E-02));
#5814 = VECTOR('',#5815,1.);
#5815 = DIRECTION('',(0.,0.,1.));
#5816 = ORIENTED_EDGE('',*,*,#3179,.F.);
#5817 = ORIENTED_EDGE('',*,*,#5811,.F.);
#5818 = CYLINDRICAL_SURFACE('',#5819,0.6);
#5819 = AXIS2_PLACEMENT_3D('',#5820,#5821,#5822);
#5820 = CARTESIAN_POINT('',(40.557,-31.832,-4.6E-02));
#5821 = DIRECTION('',(-0.,-0.,-1.));
#5822 = DIRECTION('',(-0.,-1.,0.));
#5823 = ADVANCED_FACE('',(#5824),#5835,.F.);
#5824 = FACE_BOUND('',#5825,.T.);
#5825 = EDGE_LOOP('',(#5826,#5827,#5833,#5834));
#5826 = ORIENTED_EDGE('',*,*,#1118,.T.);
#5827 = ORIENTED_EDGE('',*,*,#5828,.T.);
#5828 = EDGE_CURVE('',#1119,#3191,#5829,.T.);
#5829 = LINE('',#5830,#5831);
#5830 = CARTESIAN_POINT('',(36.57,-31.444,-4.6E-02));
#5831 = VECTOR('',#5832,1.);
#5832 = DIRECTION('',(0.,0.,1.));
#5833 = ORIENTED_EDGE('',*,*,#3190,.F.);
#5834 = ORIENTED_EDGE('',*,*,#5828,.F.);
#5835 = CYLINDRICAL_SURFACE('',#5836,0.6);
#5836 = AXIS2_PLACEMENT_3D('',#5837,#5838,#5839);
#5837 = CARTESIAN_POINT('',(36.57,-30.844,-4.6E-02));
#5838 = DIRECTION('',(-0.,-0.,-1.));
#5839 = DIRECTION('',(-0.,-1.,0.));
#5840 = ADVANCED_FACE('',(#5841),#5852,.F.);
#5841 = FACE_BOUND('',#5842,.T.);
#5842 = EDGE_LOOP('',(#5843,#5844,#5850,#5851));
#5843 = ORIENTED_EDGE('',*,*,#1129,.T.);
#5844 = ORIENTED_EDGE('',*,*,#5845,.T.);
#5845 = EDGE_CURVE('',#1130,#3202,#5846,.T.);
#5846 = LINE('',#5847,#5848);
#5847 = CARTESIAN_POINT('',(50.535,-45.5,-4.6E-02));
#5848 = VECTOR('',#5849,1.);
#5849 = DIRECTION('',(0.,0.,1.));
#5850 = ORIENTED_EDGE('',*,*,#3201,.F.);
#5851 = ORIENTED_EDGE('',*,*,#5845,.F.);
#5852 = CYLINDRICAL_SURFACE('',#5853,0.5);
#5853 = AXIS2_PLACEMENT_3D('',#5854,#5855,#5856);
#5854 = CARTESIAN_POINT('',(50.535,-45.,-4.6E-02));
#5855 = DIRECTION('',(-0.,-0.,-1.));
#5856 = DIRECTION('',(-0.,-1.,0.));
#5857 = ADVANCED_FACE('',(#5858),#5869,.F.);
#5858 = FACE_BOUND('',#5859,.T.);
#5859 = EDGE_LOOP('',(#5860,#5861,#5867,#5868));
#5860 = ORIENTED_EDGE('',*,*,#1140,.T.);
#5861 = ORIENTED_EDGE('',*,*,#5862,.T.);
#5862 = EDGE_CURVE('',#1141,#3213,#5863,.T.);
#5863 = LINE('',#5864,#5865);
#5864 = CARTESIAN_POINT('',(60.009,-48.434,-4.6E-02));
#5865 = VECTOR('',#5866,1.);
#5866 = DIRECTION('',(0.,0.,1.));
#5867 = ORIENTED_EDGE('',*,*,#3212,.F.);
#5868 = ORIENTED_EDGE('',*,*,#5862,.F.);
#5869 = CYLINDRICAL_SURFACE('',#5870,0.6);
#5870 = AXIS2_PLACEMENT_3D('',#5871,#5872,#5873);
#5871 = CARTESIAN_POINT('',(60.009,-47.834,-4.6E-02));
#5872 = DIRECTION('',(-0.,-0.,-1.));
#5873 = DIRECTION('',(-0.,-1.,0.));
#5874 = ADVANCED_FACE('',(#5875),#5886,.F.);
#5875 = FACE_BOUND('',#5876,.T.);
#5876 = EDGE_LOOP('',(#5877,#5878,#5884,#5885));
#5877 = ORIENTED_EDGE('',*,*,#1151,.T.);
#5878 = ORIENTED_EDGE('',*,*,#5879,.T.);
#5879 = EDGE_CURVE('',#1152,#3224,#5880,.T.);
#5880 = LINE('',#5881,#5882);
#5881 = CARTESIAN_POINT('',(58.248,-44.929,-4.6E-02));
#5882 = VECTOR('',#5883,1.);
#5883 = DIRECTION('',(0.,0.,1.));
#5884 = ORIENTED_EDGE('',*,*,#3223,.F.);
#5885 = ORIENTED_EDGE('',*,*,#5879,.F.);
#5886 = CYLINDRICAL_SURFACE('',#5887,0.6);
#5887 = AXIS2_PLACEMENT_3D('',#5888,#5889,#5890);
#5888 = CARTESIAN_POINT('',(58.248,-44.329,-4.6E-02));
#5889 = DIRECTION('',(-0.,-0.,-1.));
#5890 = DIRECTION('',(-1.184237892934E-14,-1.,0.));
#5891 = ADVANCED_FACE('',(#5892),#5903,.F.);
#5892 = FACE_BOUND('',#5893,.T.);
#5893 = EDGE_LOOP('',(#5894,#5895,#5901,#5902));
#5894 = ORIENTED_EDGE('',*,*,#1162,.T.);
#5895 = ORIENTED_EDGE('',*,*,#5896,.T.);
#5896 = EDGE_CURVE('',#1163,#3235,#5897,.T.);
#5897 = LINE('',#5898,#5899);
#5898 = CARTESIAN_POINT('',(58.248,-40.434,-4.6E-02));
#5899 = VECTOR('',#5900,1.);
#5900 = DIRECTION('',(0.,0.,1.));
#5901 = ORIENTED_EDGE('',*,*,#3234,.F.);
#5902 = ORIENTED_EDGE('',*,*,#5896,.F.);
#5903 = CYLINDRICAL_SURFACE('',#5904,0.6);
#5904 = AXIS2_PLACEMENT_3D('',#5905,#5906,#5907);
#5905 = CARTESIAN_POINT('',(58.248,-39.834,-4.6E-02));
#5906 = DIRECTION('',(-0.,-0.,-1.));
#5907 = DIRECTION('',(-1.184237892934E-14,-1.,0.));
#5908 = ADVANCED_FACE('',(#5909),#5920,.F.);
#5909 = FACE_BOUND('',#5910,.T.);
#5910 = EDGE_LOOP('',(#5911,#5912,#5918,#5919));
#5911 = ORIENTED_EDGE('',*,*,#1173,.T.);
#5912 = ORIENTED_EDGE('',*,*,#5913,.T.);
#5913 = EDGE_CURVE('',#1174,#3246,#5914,.T.);
#5914 = LINE('',#5915,#5916);
#5915 = CARTESIAN_POINT('',(63.99,-42.334,-4.6E-02));
#5916 = VECTOR('',#5917,1.);
#5917 = DIRECTION('',(0.,0.,1.));
#5918 = ORIENTED_EDGE('',*,*,#3245,.F.);
#5919 = ORIENTED_EDGE('',*,*,#5913,.F.);
#5920 = CYLINDRICAL_SURFACE('',#5921,2.5);
#5921 = AXIS2_PLACEMENT_3D('',#5922,#5923,#5924);
#5922 = CARTESIAN_POINT('',(63.99,-39.834,-4.6E-02));
#5923 = DIRECTION('',(-0.,0.,-1.));
#5924 = DIRECTION('',(2.84217094304E-15,-1.,-0.));
#5925 = ADVANCED_FACE('',(#5926),#5937,.F.);
#5926 = FACE_BOUND('',#5927,.T.);
#5927 = EDGE_LOOP('',(#5928,#5929,#5935,#5936));
#5928 = ORIENTED_EDGE('',*,*,#1184,.T.);
#5929 = ORIENTED_EDGE('',*,*,#5930,.T.);
#5930 = EDGE_CURVE('',#1185,#3257,#5931,.T.);
#5931 = LINE('',#5932,#5933);
#5932 = CARTESIAN_POINT('',(67.977,-48.434,-4.6E-02));
#5933 = VECTOR('',#5934,1.);
#5934 = DIRECTION('',(0.,0.,1.));
#5935 = ORIENTED_EDGE('',*,*,#3256,.F.);
#5936 = ORIENTED_EDGE('',*,*,#5930,.F.);
#5937 = CYLINDRICAL_SURFACE('',#5938,0.6);
#5938 = AXIS2_PLACEMENT_3D('',#5939,#5940,#5941);
#5939 = CARTESIAN_POINT('',(67.977,-47.834,-4.6E-02));
#5940 = DIRECTION('',(-0.,-0.,-1.));
#5941 = DIRECTION('',(-0.,-1.,0.));
#5942 = ADVANCED_FACE('',(#5943),#5954,.F.);
#5943 = FACE_BOUND('',#5944,.T.);
#5944 = EDGE_LOOP('',(#5945,#5946,#5952,#5953));
#5945 = ORIENTED_EDGE('',*,*,#1195,.T.);
#5946 = ORIENTED_EDGE('',*,*,#5947,.T.);
#5947 = EDGE_CURVE('',#1196,#3268,#5948,.T.);
#5948 = LINE('',#5949,#5950);
#5949 = CARTESIAN_POINT('',(69.731,-44.929,-4.6E-02));
#5950 = VECTOR('',#5951,1.);
#5951 = DIRECTION('',(0.,0.,1.));
#5952 = ORIENTED_EDGE('',*,*,#3267,.F.);
#5953 = ORIENTED_EDGE('',*,*,#5947,.F.);
#5954 = CYLINDRICAL_SURFACE('',#5955,0.6);
#5955 = AXIS2_PLACEMENT_3D('',#5956,#5957,#5958);
#5956 = CARTESIAN_POINT('',(69.731,-44.329,-4.6E-02));
#5957 = DIRECTION('',(-0.,-0.,-1.));
#5958 = DIRECTION('',(-0.,-1.,0.));
#5959 = ADVANCED_FACE('',(#5960),#5971,.F.);
#5960 = FACE_BOUND('',#5961,.T.);
#5961 = EDGE_LOOP('',(#5962,#5963,#5969,#5970));
#5962 = ORIENTED_EDGE('',*,*,#1206,.T.);
#5963 = ORIENTED_EDGE('',*,*,#5964,.T.);
#5964 = EDGE_CURVE('',#1207,#3279,#5965,.T.);
#5965 = LINE('',#5966,#5967);
#5966 = CARTESIAN_POINT('',(83.389,-48.434,-4.6E-02));
#5967 = VECTOR('',#5968,1.);
#5968 = DIRECTION('',(0.,0.,1.));
#5969 = ORIENTED_EDGE('',*,*,#3278,.F.);
#5970 = ORIENTED_EDGE('',*,*,#5964,.F.);
#5971 = CYLINDRICAL_SURFACE('',#5972,0.6);
#5972 = AXIS2_PLACEMENT_3D('',#5973,#5974,#5975);
#5973 = CARTESIAN_POINT('',(83.389,-47.834,-4.6E-02));
#5974 = DIRECTION('',(-0.,-0.,-1.));
#5975 = DIRECTION('',(-2.368475785867E-14,-1.,0.));
#5976 = ADVANCED_FACE('',(#5977),#5988,.F.);
#5977 = FACE_BOUND('',#5978,.T.);
#5978 = EDGE_LOOP('',(#5979,#5980,#5986,#5987));
#5979 = ORIENTED_EDGE('',*,*,#1217,.T.);
#5980 = ORIENTED_EDGE('',*,*,#5981,.T.);
#5981 = EDGE_CURVE('',#1218,#3290,#5982,.T.);
#5982 = LINE('',#5983,#5984);
#5983 = CARTESIAN_POINT('',(81.628,-44.929,-4.6E-02));
#5984 = VECTOR('',#5985,1.);
#5985 = DIRECTION('',(0.,0.,1.));
#5986 = ORIENTED_EDGE('',*,*,#3289,.F.);
#5987 = ORIENTED_EDGE('',*,*,#5981,.F.);
#5988 = CYLINDRICAL_SURFACE('',#5989,0.6);
#5989 = AXIS2_PLACEMENT_3D('',#5990,#5991,#5992);
#5990 = CARTESIAN_POINT('',(81.628,-44.329,-4.6E-02));
#5991 = DIRECTION('',(-0.,-0.,-1.));
#5992 = DIRECTION('',(-0.,-1.,0.));
#5993 = ADVANCED_FACE('',(#5994),#6005,.F.);
#5994 = FACE_BOUND('',#5995,.T.);
#5995 = EDGE_LOOP('',(#5996,#5997,#6003,#6004));
#5996 = ORIENTED_EDGE('',*,*,#1228,.T.);
#5997 = ORIENTED_EDGE('',*,*,#5998,.T.);
#5998 = EDGE_CURVE('',#1229,#3301,#5999,.T.);
#5999 = LINE('',#6000,#6001);
#6000 = CARTESIAN_POINT('',(69.731,-40.434,-4.6E-02));
#6001 = VECTOR('',#6002,1.);
#6002 = DIRECTION('',(0.,0.,1.));
#6003 = ORIENTED_EDGE('',*,*,#3300,.F.);
#6004 = ORIENTED_EDGE('',*,*,#5998,.F.);
#6005 = CYLINDRICAL_SURFACE('',#6006,0.6);
#6006 = AXIS2_PLACEMENT_3D('',#6007,#6008,#6009);
#6007 = CARTESIAN_POINT('',(69.731,-39.834,-4.6E-02));
#6008 = DIRECTION('',(-0.,-0.,-1.));
#6009 = DIRECTION('',(-0.,-1.,0.));
#6010 = ADVANCED_FACE('',(#6011),#6022,.F.);
#6011 = FACE_BOUND('',#6012,.T.);
#6012 = EDGE_LOOP('',(#6013,#6014,#6020,#6021));
#6013 = ORIENTED_EDGE('',*,*,#1239,.T.);
#6014 = ORIENTED_EDGE('',*,*,#6015,.T.);
#6015 = EDGE_CURVE('',#1240,#3312,#6016,.T.);
#6016 = LINE('',#6017,#6018);
#6017 = CARTESIAN_POINT('',(81.628,-40.434,-4.6E-02));
#6018 = VECTOR('',#6019,1.);
#6019 = DIRECTION('',(0.,0.,1.));
#6020 = ORIENTED_EDGE('',*,*,#3311,.F.);
#6021 = ORIENTED_EDGE('',*,*,#6015,.F.);
#6022 = CYLINDRICAL_SURFACE('',#6023,0.6);
#6023 = AXIS2_PLACEMENT_3D('',#6024,#6025,#6026);
#6024 = CARTESIAN_POINT('',(81.628,-39.834,-4.6E-02));
#6025 = DIRECTION('',(-0.,-0.,-1.));
#6026 = DIRECTION('',(-0.,-1.,0.));
#6027 = ADVANCED_FACE('',(#6028),#6039,.F.);
#6028 = FACE_BOUND('',#6029,.T.);
#6029 = EDGE_LOOP('',(#6030,#6031,#6037,#6038));
#6030 = ORIENTED_EDGE('',*,*,#1250,.T.);
#6031 = ORIENTED_EDGE('',*,*,#6032,.T.);
#6032 = EDGE_CURVE('',#1251,#3323,#6033,.T.);
#6033 = LINE('',#6034,#6035);
#6034 = CARTESIAN_POINT('',(87.37,-42.334,-4.6E-02));
#6035 = VECTOR('',#6036,1.);
#6036 = DIRECTION('',(0.,0.,1.));
#6037 = ORIENTED_EDGE('',*,*,#3322,.F.);
#6038 = ORIENTED_EDGE('',*,*,#6032,.F.);
#6039 = CYLINDRICAL_SURFACE('',#6040,2.5);
#6040 = AXIS2_PLACEMENT_3D('',#6041,#6042,#6043);
#6041 = CARTESIAN_POINT('',(87.37,-39.834,-4.6E-02));
#6042 = DIRECTION('',(-0.,-0.,-1.));
#6043 = DIRECTION('',(-0.,-1.,0.));
#6044 = ADVANCED_FACE('',(#6045),#6056,.F.);
#6045 = FACE_BOUND('',#6046,.T.);
#6046 = EDGE_LOOP('',(#6047,#6048,#6054,#6055));
#6047 = ORIENTED_EDGE('',*,*,#1261,.T.);
#6048 = ORIENTED_EDGE('',*,*,#6049,.T.);
#6049 = EDGE_CURVE('',#1262,#3334,#6050,.T.);
#6050 = LINE('',#6051,#6052);
#6051 = CARTESIAN_POINT('',(50.535,-36.5,-4.6E-02));
#6052 = VECTOR('',#6053,1.);
#6053 = DIRECTION('',(0.,0.,1.));
#6054 = ORIENTED_EDGE('',*,*,#3333,.F.);
#6055 = ORIENTED_EDGE('',*,*,#6049,.F.);
#6056 = CYLINDRICAL_SURFACE('',#6057,0.5);
#6057 = AXIS2_PLACEMENT_3D('',#6058,#6059,#6060);
#6058 = CARTESIAN_POINT('',(50.535,-36.,-4.6E-02));
#6059 = DIRECTION('',(-0.,-0.,-1.));
#6060 = DIRECTION('',(-0.,-1.,0.));
#6061 = ADVANCED_FACE('',(#6062),#6073,.F.);
#6062 = FACE_BOUND('',#6063,.T.);
#6063 = EDGE_LOOP('',(#6064,#6065,#6071,#6072));
#6064 = ORIENTED_EDGE('',*,*,#1272,.T.);
#6065 = ORIENTED_EDGE('',*,*,#6066,.T.);
#6066 = EDGE_CURVE('',#1273,#3345,#6067,.T.);
#6067 = LINE('',#6068,#6069);
#6068 = CARTESIAN_POINT('',(50.535,-31.5,-4.6E-02));
#6069 = VECTOR('',#6070,1.);
#6070 = DIRECTION('',(0.,0.,1.));
#6071 = ORIENTED_EDGE('',*,*,#3344,.F.);
#6072 = ORIENTED_EDGE('',*,*,#6066,.F.);
#6073 = CYLINDRICAL_SURFACE('',#6074,0.5);
#6074 = AXIS2_PLACEMENT_3D('',#6075,#6076,#6077);
#6075 = CARTESIAN_POINT('',(50.535,-31.,-4.6E-02));
#6076 = DIRECTION('',(-0.,-0.,-1.));
#6077 = DIRECTION('',(-0.,-1.,0.));
#6078 = ADVANCED_FACE('',(#6079),#6090,.F.);
#6079 = FACE_BOUND('',#6080,.T.);
#6080 = EDGE_LOOP('',(#6081,#6082,#6088,#6089));
#6081 = ORIENTED_EDGE('',*,*,#1283,.T.);
#6082 = ORIENTED_EDGE('',*,*,#6083,.T.);
#6083 = EDGE_CURVE('',#1284,#3356,#6084,.T.);
#6084 = LINE('',#6085,#6086);
#6085 = CARTESIAN_POINT('',(58.248,-35.94,-4.6E-02));
#6086 = VECTOR('',#6087,1.);
#6087 = DIRECTION('',(0.,0.,1.));
#6088 = ORIENTED_EDGE('',*,*,#3355,.F.);
#6089 = ORIENTED_EDGE('',*,*,#6083,.F.);
#6090 = CYLINDRICAL_SURFACE('',#6091,0.6);
#6091 = AXIS2_PLACEMENT_3D('',#6092,#6093,#6094);
#6092 = CARTESIAN_POINT('',(58.248,-35.34,-4.6E-02));
#6093 = DIRECTION('',(-0.,-0.,-1.));
#6094 = DIRECTION('',(-1.184237892934E-14,-1.,0.));
#6095 = ADVANCED_FACE('',(#6096),#6107,.F.);
#6096 = FACE_BOUND('',#6097,.T.);
#6097 = EDGE_LOOP('',(#6098,#6099,#6105,#6106));
#6098 = ORIENTED_EDGE('',*,*,#1294,.T.);
#6099 = ORIENTED_EDGE('',*,*,#6100,.T.);
#6100 = EDGE_CURVE('',#1295,#3367,#6101,.T.);
#6101 = LINE('',#6102,#6103);
#6102 = CARTESIAN_POINT('',(60.009,-32.432,-4.6E-02));
#6103 = VECTOR('',#6104,1.);
#6104 = DIRECTION('',(0.,0.,1.));
#6105 = ORIENTED_EDGE('',*,*,#3366,.F.);
#6106 = ORIENTED_EDGE('',*,*,#6100,.F.);
#6107 = CYLINDRICAL_SURFACE('',#6108,0.6);
#6108 = AXIS2_PLACEMENT_3D('',#6109,#6110,#6111);
#6109 = CARTESIAN_POINT('',(60.009,-31.832,-4.6E-02));
#6110 = DIRECTION('',(-0.,-0.,-1.));
#6111 = DIRECTION('',(-0.,-1.,0.));
#6112 = ADVANCED_FACE('',(#6113),#6124,.F.);
#6113 = FACE_BOUND('',#6114,.T.);
#6114 = EDGE_LOOP('',(#6115,#6116,#6122,#6123));
#6115 = ORIENTED_EDGE('',*,*,#1305,.T.);
#6116 = ORIENTED_EDGE('',*,*,#6117,.T.);
#6117 = EDGE_CURVE('',#1306,#3378,#6118,.T.);
#6118 = LINE('',#6119,#6120);
#6119 = CARTESIAN_POINT('',(63.99,-31.444,-4.6E-02));
#6120 = VECTOR('',#6121,1.);
#6121 = DIRECTION('',(0.,0.,1.));
#6122 = ORIENTED_EDGE('',*,*,#3377,.F.);
#6123 = ORIENTED_EDGE('',*,*,#6117,.F.);
#6124 = CYLINDRICAL_SURFACE('',#6125,0.6);
#6125 = AXIS2_PLACEMENT_3D('',#6126,#6127,#6128);
#6126 = CARTESIAN_POINT('',(63.99,-30.844,-4.6E-02));
#6127 = DIRECTION('',(-0.,-0.,-1.));
#6128 = DIRECTION('',(-0.,-1.,0.));
#6129 = ADVANCED_FACE('',(#6130),#6141,.F.);
#6130 = FACE_BOUND('',#6131,.T.);
#6131 = EDGE_LOOP('',(#6132,#6133,#6139,#6140));
#6132 = ORIENTED_EDGE('',*,*,#1316,.T.);
#6133 = ORIENTED_EDGE('',*,*,#6134,.T.);
#6134 = EDGE_CURVE('',#1317,#3389,#6135,.T.);
#6135 = LINE('',#6136,#6137);
#6136 = CARTESIAN_POINT('',(69.731,-35.94,-4.6E-02));
#6137 = VECTOR('',#6138,1.);
#6138 = DIRECTION('',(0.,0.,1.));
#6139 = ORIENTED_EDGE('',*,*,#3388,.F.);
#6140 = ORIENTED_EDGE('',*,*,#6134,.F.);
#6141 = CYLINDRICAL_SURFACE('',#6142,0.6);
#6142 = AXIS2_PLACEMENT_3D('',#6143,#6144,#6145);
#6143 = CARTESIAN_POINT('',(69.731,-35.34,-4.6E-02));
#6144 = DIRECTION('',(-0.,-0.,-1.));
#6145 = DIRECTION('',(-0.,-1.,0.));
#6146 = ADVANCED_FACE('',(#6147),#6158,.F.);
#6147 = FACE_BOUND('',#6148,.T.);
#6148 = EDGE_LOOP('',(#6149,#6150,#6156,#6157));
#6149 = ORIENTED_EDGE('',*,*,#1327,.T.);
#6150 = ORIENTED_EDGE('',*,*,#6151,.T.);
#6151 = EDGE_CURVE('',#1328,#3400,#6152,.T.);
#6152 = LINE('',#6153,#6154);
#6153 = CARTESIAN_POINT('',(67.977,-32.432,-4.6E-02));
#6154 = VECTOR('',#6155,1.);
#6155 = DIRECTION('',(0.,0.,1.));
#6156 = ORIENTED_EDGE('',*,*,#3399,.F.);
#6157 = ORIENTED_EDGE('',*,*,#6151,.F.);
#6158 = CYLINDRICAL_SURFACE('',#6159,0.6);
#6159 = AXIS2_PLACEMENT_3D('',#6160,#6161,#6162);
#6160 = CARTESIAN_POINT('',(67.977,-31.832,-4.6E-02));
#6161 = DIRECTION('',(-0.,-0.,-1.));
#6162 = DIRECTION('',(-0.,-1.,0.));
#6163 = ADVANCED_FACE('',(#6164),#6175,.F.);
#6164 = FACE_BOUND('',#6165,.T.);
#6165 = EDGE_LOOP('',(#6166,#6167,#6173,#6174));
#6166 = ORIENTED_EDGE('',*,*,#1338,.T.);
#6167 = ORIENTED_EDGE('',*,*,#6168,.T.);
#6168 = EDGE_CURVE('',#1339,#3411,#6169,.T.);
#6169 = LINE('',#6170,#6171);
#6170 = CARTESIAN_POINT('',(81.628,-35.94,-4.6E-02));
#6171 = VECTOR('',#6172,1.);
#6172 = DIRECTION('',(0.,0.,1.));
#6173 = ORIENTED_EDGE('',*,*,#3410,.F.);
#6174 = ORIENTED_EDGE('',*,*,#6168,.F.);
#6175 = CYLINDRICAL_SURFACE('',#6176,0.6);
#6176 = AXIS2_PLACEMENT_3D('',#6177,#6178,#6179);
#6177 = CARTESIAN_POINT('',(81.628,-35.34,-4.6E-02));
#6178 = DIRECTION('',(-0.,-0.,-1.));
#6179 = DIRECTION('',(-0.,-1.,0.));
#6180 = ADVANCED_FACE('',(#6181),#6192,.F.);
#6181 = FACE_BOUND('',#6182,.T.);
#6182 = EDGE_LOOP('',(#6183,#6184,#6190,#6191));
#6183 = ORIENTED_EDGE('',*,*,#1349,.T.);
#6184 = ORIENTED_EDGE('',*,*,#6185,.T.);
#6185 = EDGE_CURVE('',#1350,#3422,#6186,.T.);
#6186 = LINE('',#6187,#6188);
#6187 = CARTESIAN_POINT('',(83.389,-32.432,-4.6E-02));
#6188 = VECTOR('',#6189,1.);
#6189 = DIRECTION('',(0.,0.,1.));
#6190 = ORIENTED_EDGE('',*,*,#3421,.F.);
#6191 = ORIENTED_EDGE('',*,*,#6185,.F.);
#6192 = CYLINDRICAL_SURFACE('',#6193,0.6);
#6193 = AXIS2_PLACEMENT_3D('',#6194,#6195,#6196);
#6194 = CARTESIAN_POINT('',(83.389,-31.832,-4.6E-02));
#6195 = DIRECTION('',(-0.,-0.,-1.));
#6196 = DIRECTION('',(-2.368475785867E-14,-1.,0.));
#6197 = ADVANCED_FACE('',(#6198),#6209,.F.);
#6198 = FACE_BOUND('',#6199,.T.);
#6199 = EDGE_LOOP('',(#6200,#6201,#6207,#6208));
#6200 = ORIENTED_EDGE('',*,*,#1360,.T.);
#6201 = ORIENTED_EDGE('',*,*,#6202,.T.);
#6202 = EDGE_CURVE('',#1361,#3433,#6203,.T.);
#6203 = LINE('',#6204,#6205);
#6204 = CARTESIAN_POINT('',(87.37,-31.444,-4.6E-02));
#6205 = VECTOR('',#6206,1.);
#6206 = DIRECTION('',(0.,0.,1.));
#6207 = ORIENTED_EDGE('',*,*,#3432,.F.);
#6208 = ORIENTED_EDGE('',*,*,#6202,.F.);
#6209 = CYLINDRICAL_SURFACE('',#6210,0.6);
#6210 = AXIS2_PLACEMENT_3D('',#6211,#6212,#6213);
#6211 = CARTESIAN_POINT('',(87.37,-30.844,-4.6E-02));
#6212 = DIRECTION('',(-0.,-0.,-1.));
#6213 = DIRECTION('',(-0.,-1.,0.));
#6214 = ADVANCED_FACE('',(#6215),#6226,.F.);
#6215 = FACE_BOUND('',#6216,.T.);
#6216 = EDGE_LOOP('',(#6217,#6218,#6224,#6225));
#6217 = ORIENTED_EDGE('',*,*,#1371,.T.);
#6218 = ORIENTED_EDGE('',*,*,#6219,.T.);
#6219 = EDGE_CURVE('',#1372,#3444,#6220,.T.);
#6220 = LINE('',#6221,#6222);
#6221 = CARTESIAN_POINT('',(4.2,-22.12,-4.6E-02));
#6222 = VECTOR('',#6223,1.);
#6223 = DIRECTION('',(0.,0.,1.));
#6224 = ORIENTED_EDGE('',*,*,#3443,.F.);
#6225 = ORIENTED_EDGE('',*,*,#6219,.F.);
#6226 = CYLINDRICAL_SURFACE('',#6227,0.5);
#6227 = AXIS2_PLACEMENT_3D('',#6228,#6229,#6230);
#6228 = CARTESIAN_POINT('',(4.2,-21.62,-4.6E-02));
#6229 = DIRECTION('',(-0.,-0.,-1.));
#6230 = DIRECTION('',(-0.,-1.,0.));
#6231 = ADVANCED_FACE('',(#6232),#6243,.F.);
#6232 = FACE_BOUND('',#6233,.T.);
#6233 = EDGE_LOOP('',(#6234,#6235,#6241,#6242));
#6234 = ORIENTED_EDGE('',*,*,#1382,.T.);
#6235 = ORIENTED_EDGE('',*,*,#6236,.T.);
#6236 = EDGE_CURVE('',#1383,#3455,#6237,.T.);
#6237 = LINE('',#6238,#6239);
#6238 = CARTESIAN_POINT('',(6.74,-22.12,-4.6E-02));
#6239 = VECTOR('',#6240,1.);
#6240 = DIRECTION('',(0.,0.,1.));
#6241 = ORIENTED_EDGE('',*,*,#3454,.F.);
#6242 = ORIENTED_EDGE('',*,*,#6236,.F.);
#6243 = CYLINDRICAL_SURFACE('',#6244,0.5);
#6244 = AXIS2_PLACEMENT_3D('',#6245,#6246,#6247);
#6245 = CARTESIAN_POINT('',(6.74,-21.62,-4.6E-02));
#6246 = DIRECTION('',(-0.,-0.,-1.));
#6247 = DIRECTION('',(-0.,-1.,0.));
#6248 = ADVANCED_FACE('',(#6249),#6260,.F.);
#6249 = FACE_BOUND('',#6250,.T.);
#6250 = EDGE_LOOP('',(#6251,#6252,#6258,#6259));
#6251 = ORIENTED_EDGE('',*,*,#1393,.T.);
#6252 = ORIENTED_EDGE('',*,*,#6253,.T.);
#6253 = EDGE_CURVE('',#1394,#3466,#6254,.T.);
#6254 = LINE('',#6255,#6256);
#6255 = CARTESIAN_POINT('',(9.28,-22.12,-4.6E-02));
#6256 = VECTOR('',#6257,1.);
#6257 = DIRECTION('',(0.,0.,1.));
#6258 = ORIENTED_EDGE('',*,*,#3465,.F.);
#6259 = ORIENTED_EDGE('',*,*,#6253,.F.);
#6260 = CYLINDRICAL_SURFACE('',#6261,0.5);
#6261 = AXIS2_PLACEMENT_3D('',#6262,#6263,#6264);
#6262 = CARTESIAN_POINT('',(9.28,-21.62,-4.6E-02));
#6263 = DIRECTION('',(-0.,-0.,-1.));
#6264 = DIRECTION('',(-0.,-1.,0.));
#6265 = ADVANCED_FACE('',(#6266),#6277,.F.);
#6266 = FACE_BOUND('',#6267,.T.);
#6267 = EDGE_LOOP('',(#6268,#6269,#6275,#6276));
#6268 = ORIENTED_EDGE('',*,*,#1404,.T.);
#6269 = ORIENTED_EDGE('',*,*,#6270,.T.);
#6270 = EDGE_CURVE('',#1405,#3477,#6271,.T.);
#6271 = LINE('',#6272,#6273);
#6272 = CARTESIAN_POINT('',(11.82,-22.12,-4.6E-02));
#6273 = VECTOR('',#6274,1.);
#6274 = DIRECTION('',(0.,0.,1.));
#6275 = ORIENTED_EDGE('',*,*,#3476,.F.);
#6276 = ORIENTED_EDGE('',*,*,#6270,.F.);
#6277 = CYLINDRICAL_SURFACE('',#6278,0.5);
#6278 = AXIS2_PLACEMENT_3D('',#6279,#6280,#6281);
#6279 = CARTESIAN_POINT('',(11.82,-21.62,-4.6E-02));
#6280 = DIRECTION('',(-0.,-0.,-1.));
#6281 = DIRECTION('',(-0.,-1.,0.));
#6282 = ADVANCED_FACE('',(#6283),#6294,.F.);
#6283 = FACE_BOUND('',#6284,.T.);
#6284 = EDGE_LOOP('',(#6285,#6286,#6292,#6293));
#6285 = ORIENTED_EDGE('',*,*,#1415,.T.);
#6286 = ORIENTED_EDGE('',*,*,#6287,.T.);
#6287 = EDGE_CURVE('',#1416,#3488,#6288,.T.);
#6288 = LINE('',#6289,#6290);
#6289 = CARTESIAN_POINT('',(14.36,-22.12,-4.6E-02));
#6290 = VECTOR('',#6291,1.);
#6291 = DIRECTION('',(0.,0.,1.));
#6292 = ORIENTED_EDGE('',*,*,#3487,.F.);
#6293 = ORIENTED_EDGE('',*,*,#6287,.F.);
#6294 = CYLINDRICAL_SURFACE('',#6295,0.5);
#6295 = AXIS2_PLACEMENT_3D('',#6296,#6297,#6298);
#6296 = CARTESIAN_POINT('',(14.36,-21.62,-4.6E-02));
#6297 = DIRECTION('',(-0.,-0.,-1.));
#6298 = DIRECTION('',(-0.,-1.,0.));
#6299 = ADVANCED_FACE('',(#6300),#6311,.F.);
#6300 = FACE_BOUND('',#6301,.T.);
#6301 = EDGE_LOOP('',(#6302,#6303,#6309,#6310));
#6302 = ORIENTED_EDGE('',*,*,#1426,.T.);
#6303 = ORIENTED_EDGE('',*,*,#6304,.T.);
#6304 = EDGE_CURVE('',#1427,#3499,#6305,.T.);
#6305 = LINE('',#6306,#6307);
#6306 = CARTESIAN_POINT('',(16.9,-22.12,-4.6E-02));
#6307 = VECTOR('',#6308,1.);
#6308 = DIRECTION('',(0.,0.,1.));
#6309 = ORIENTED_EDGE('',*,*,#3498,.F.);
#6310 = ORIENTED_EDGE('',*,*,#6304,.F.);
#6311 = CYLINDRICAL_SURFACE('',#6312,0.5);
#6312 = AXIS2_PLACEMENT_3D('',#6313,#6314,#6315);
#6313 = CARTESIAN_POINT('',(16.9,-21.62,-4.6E-02));
#6314 = DIRECTION('',(-0.,-0.,-1.));
#6315 = DIRECTION('',(-0.,-1.,0.));
#6316 = ADVANCED_FACE('',(#6317),#6328,.F.);
#6317 = FACE_BOUND('',#6318,.T.);
#6318 = EDGE_LOOP('',(#6319,#6320,#6326,#6327));
#6319 = ORIENTED_EDGE('',*,*,#1437,.T.);
#6320 = ORIENTED_EDGE('',*,*,#6321,.T.);
#6321 = EDGE_CURVE('',#1438,#3510,#6322,.T.);
#6322 = LINE('',#6323,#6324);
#6323 = CARTESIAN_POINT('',(19.44,-22.12,-4.6E-02));
#6324 = VECTOR('',#6325,1.);
#6325 = DIRECTION('',(0.,0.,1.));
#6326 = ORIENTED_EDGE('',*,*,#3509,.F.);
#6327 = ORIENTED_EDGE('',*,*,#6321,.F.);
#6328 = CYLINDRICAL_SURFACE('',#6329,0.5);
#6329 = AXIS2_PLACEMENT_3D('',#6330,#6331,#6332);
#6330 = CARTESIAN_POINT('',(19.44,-21.62,-4.6E-02));
#6331 = DIRECTION('',(-0.,-0.,-1.));
#6332 = DIRECTION('',(-0.,-1.,0.));
#6333 = ADVANCED_FACE('',(#6334),#6345,.F.);
#6334 = FACE_BOUND('',#6335,.T.);
#6335 = EDGE_LOOP('',(#6336,#6337,#6343,#6344));
#6336 = ORIENTED_EDGE('',*,*,#1448,.T.);
#6337 = ORIENTED_EDGE('',*,*,#6338,.T.);
#6338 = EDGE_CURVE('',#1449,#3521,#6339,.T.);
#6339 = LINE('',#6340,#6341);
#6340 = CARTESIAN_POINT('',(21.98,-22.12,-4.6E-02));
#6341 = VECTOR('',#6342,1.);
#6342 = DIRECTION('',(0.,0.,1.));
#6343 = ORIENTED_EDGE('',*,*,#3520,.F.);
#6344 = ORIENTED_EDGE('',*,*,#6338,.F.);
#6345 = CYLINDRICAL_SURFACE('',#6346,0.5);
#6346 = AXIS2_PLACEMENT_3D('',#6347,#6348,#6349);
#6347 = CARTESIAN_POINT('',(21.98,-21.62,-4.6E-02));
#6348 = DIRECTION('',(-0.,-0.,-1.));
#6349 = DIRECTION('',(-0.,-1.,0.));
#6350 = ADVANCED_FACE('',(#6351),#6362,.F.);
#6351 = FACE_BOUND('',#6352,.T.);
#6352 = EDGE_LOOP('',(#6353,#6354,#6360,#6361));
#6353 = ORIENTED_EDGE('',*,*,#1459,.T.);
#6354 = ORIENTED_EDGE('',*,*,#6355,.T.);
#6355 = EDGE_CURVE('',#1460,#3532,#6356,.T.);
#6356 = LINE('',#6357,#6358);
#6357 = CARTESIAN_POINT('',(24.52,-22.12,-4.6E-02));
#6358 = VECTOR('',#6359,1.);
#6359 = DIRECTION('',(0.,0.,1.));
#6360 = ORIENTED_EDGE('',*,*,#3531,.F.);
#6361 = ORIENTED_EDGE('',*,*,#6355,.F.);
#6362 = CYLINDRICAL_SURFACE('',#6363,0.5);
#6363 = AXIS2_PLACEMENT_3D('',#6364,#6365,#6366);
#6364 = CARTESIAN_POINT('',(24.52,-21.62,-4.6E-02));
#6365 = DIRECTION('',(-0.,-0.,-1.));
#6366 = DIRECTION('',(-0.,-1.,0.));
#6367 = ADVANCED_FACE('',(#6368),#6379,.F.);
#6368 = FACE_BOUND('',#6369,.T.);
#6369 = EDGE_LOOP('',(#6370,#6371,#6377,#6378));
#6370 = ORIENTED_EDGE('',*,*,#1470,.T.);
#6371 = ORIENTED_EDGE('',*,*,#6372,.T.);
#6372 = EDGE_CURVE('',#1471,#3543,#6373,.T.);
#6373 = LINE('',#6374,#6375);
#6374 = CARTESIAN_POINT('',(27.06,-22.12,-4.6E-02));
#6375 = VECTOR('',#6376,1.);
#6376 = DIRECTION('',(0.,0.,1.));
#6377 = ORIENTED_EDGE('',*,*,#3542,.F.);
#6378 = ORIENTED_EDGE('',*,*,#6372,.F.);
#6379 = CYLINDRICAL_SURFACE('',#6380,0.5);
#6380 = AXIS2_PLACEMENT_3D('',#6381,#6382,#6383);
#6381 = CARTESIAN_POINT('',(27.06,-21.62,-4.6E-02));
#6382 = DIRECTION('',(-0.,-0.,-1.));
#6383 = DIRECTION('',(-0.,-1.,0.));
#6384 = ADVANCED_FACE('',(#6385),#6396,.F.);
#6385 = FACE_BOUND('',#6386,.T.);
#6386 = EDGE_LOOP('',(#6387,#6388,#6394,#6395));
#6387 = ORIENTED_EDGE('',*,*,#1481,.T.);
#6388 = ORIENTED_EDGE('',*,*,#6389,.T.);
#6389 = EDGE_CURVE('',#1482,#3554,#6390,.T.);
#6390 = LINE('',#6391,#6392);
#6391 = CARTESIAN_POINT('',(29.6,-22.12,-4.6E-02));
#6392 = VECTOR('',#6393,1.);
#6393 = DIRECTION('',(0.,0.,1.));
#6394 = ORIENTED_EDGE('',*,*,#3553,.F.);
#6395 = ORIENTED_EDGE('',*,*,#6389,.F.);
#6396 = CYLINDRICAL_SURFACE('',#6397,0.5);
#6397 = AXIS2_PLACEMENT_3D('',#6398,#6399,#6400);
#6398 = CARTESIAN_POINT('',(29.6,-21.62,-4.6E-02));
#6399 = DIRECTION('',(-0.,-0.,-1.));
#6400 = DIRECTION('',(-0.,-1.,0.));
#6401 = ADVANCED_FACE('',(#6402),#6413,.F.);
#6402 = FACE_BOUND('',#6403,.T.);
#6403 = EDGE_LOOP('',(#6404,#6405,#6411,#6412));
#6404 = ORIENTED_EDGE('',*,*,#1492,.T.);
#6405 = ORIENTED_EDGE('',*,*,#6406,.T.);
#6406 = EDGE_CURVE('',#1493,#3565,#6407,.T.);
#6407 = LINE('',#6408,#6409);
#6408 = CARTESIAN_POINT('',(32.14,-22.12,-4.6E-02));
#6409 = VECTOR('',#6410,1.);
#6410 = DIRECTION('',(0.,0.,1.));
#6411 = ORIENTED_EDGE('',*,*,#3564,.F.);
#6412 = ORIENTED_EDGE('',*,*,#6406,.F.);
#6413 = CYLINDRICAL_SURFACE('',#6414,0.5);
#6414 = AXIS2_PLACEMENT_3D('',#6415,#6416,#6417);
#6415 = CARTESIAN_POINT('',(32.14,-21.62,-4.6E-02));
#6416 = DIRECTION('',(-0.,-0.,-1.));
#6417 = DIRECTION('',(-0.,-1.,0.));
#6418 = ADVANCED_FACE('',(#6419),#6430,.F.);
#6419 = FACE_BOUND('',#6420,.T.);
#6420 = EDGE_LOOP('',(#6421,#6422,#6428,#6429));
#6421 = ORIENTED_EDGE('',*,*,#1503,.T.);
#6422 = ORIENTED_EDGE('',*,*,#6423,.T.);
#6423 = EDGE_CURVE('',#1504,#3576,#6424,.T.);
#6424 = LINE('',#6425,#6426);
#6425 = CARTESIAN_POINT('',(34.68,-22.12,-4.6E-02));
#6426 = VECTOR('',#6427,1.);
#6427 = DIRECTION('',(0.,0.,1.));
#6428 = ORIENTED_EDGE('',*,*,#3575,.F.);
#6429 = ORIENTED_EDGE('',*,*,#6423,.F.);
#6430 = CYLINDRICAL_SURFACE('',#6431,0.5);
#6431 = AXIS2_PLACEMENT_3D('',#6432,#6433,#6434);
#6432 = CARTESIAN_POINT('',(34.68,-21.62,-4.6E-02));
#6433 = DIRECTION('',(-0.,-0.,-1.));
#6434 = DIRECTION('',(-0.,-1.,0.));
#6435 = ADVANCED_FACE('',(#6436),#6447,.F.);
#6436 = FACE_BOUND('',#6437,.T.);
#6437 = EDGE_LOOP('',(#6438,#6439,#6445,#6446));
#6438 = ORIENTED_EDGE('',*,*,#1514,.T.);
#6439 = ORIENTED_EDGE('',*,*,#6440,.T.);
#6440 = EDGE_CURVE('',#1515,#3587,#6441,.T.);
#6441 = LINE('',#6442,#6443);
#6442 = CARTESIAN_POINT('',(37.22,-22.12,-4.6E-02));
#6443 = VECTOR('',#6444,1.);
#6444 = DIRECTION('',(0.,0.,1.));
#6445 = ORIENTED_EDGE('',*,*,#3586,.F.);
#6446 = ORIENTED_EDGE('',*,*,#6440,.F.);
#6447 = CYLINDRICAL_SURFACE('',#6448,0.5);
#6448 = AXIS2_PLACEMENT_3D('',#6449,#6450,#6451);
#6449 = CARTESIAN_POINT('',(37.22,-21.62,-4.6E-02));
#6450 = DIRECTION('',(-0.,-0.,-1.));
#6451 = DIRECTION('',(-0.,-1.,0.));
#6452 = ADVANCED_FACE('',(#6453),#6464,.F.);
#6453 = FACE_BOUND('',#6454,.T.);
#6454 = EDGE_LOOP('',(#6455,#6456,#6462,#6463));
#6455 = ORIENTED_EDGE('',*,*,#1525,.T.);
#6456 = ORIENTED_EDGE('',*,*,#6457,.T.);
#6457 = EDGE_CURVE('',#1526,#3598,#6458,.T.);
#6458 = LINE('',#6459,#6460);
#6459 = CARTESIAN_POINT('',(39.76,-22.12,-4.6E-02));
#6460 = VECTOR('',#6461,1.);
#6461 = DIRECTION('',(0.,0.,1.));
#6462 = ORIENTED_EDGE('',*,*,#3597,.F.);
#6463 = ORIENTED_EDGE('',*,*,#6457,.F.);
#6464 = CYLINDRICAL_SURFACE('',#6465,0.5);
#6465 = AXIS2_PLACEMENT_3D('',#6466,#6467,#6468);
#6466 = CARTESIAN_POINT('',(39.76,-21.62,-4.6E-02));
#6467 = DIRECTION('',(-0.,-0.,-1.));
#6468 = DIRECTION('',(-0.,-1.,0.));
#6469 = ADVANCED_FACE('',(#6470),#6481,.F.);
#6470 = FACE_BOUND('',#6471,.T.);
#6471 = EDGE_LOOP('',(#6472,#6473,#6479,#6480));
#6472 = ORIENTED_EDGE('',*,*,#1536,.T.);
#6473 = ORIENTED_EDGE('',*,*,#6474,.T.);
#6474 = EDGE_CURVE('',#1537,#3609,#6475,.T.);
#6475 = LINE('',#6476,#6477);
#6476 = CARTESIAN_POINT('',(4.2,-6.88,-4.6E-02));
#6477 = VECTOR('',#6478,1.);
#6478 = DIRECTION('',(0.,0.,1.));
#6479 = ORIENTED_EDGE('',*,*,#3608,.F.);
#6480 = ORIENTED_EDGE('',*,*,#6474,.F.);
#6481 = CYLINDRICAL_SURFACE('',#6482,0.5);
#6482 = AXIS2_PLACEMENT_3D('',#6483,#6484,#6485);
#6483 = CARTESIAN_POINT('',(4.2,-6.38,-4.6E-02));
#6484 = DIRECTION('',(-0.,-0.,-1.));
#6485 = DIRECTION('',(-0.,-1.,0.));
#6486 = ADVANCED_FACE('',(#6487),#6498,.F.);
#6487 = FACE_BOUND('',#6488,.T.);
#6488 = EDGE_LOOP('',(#6489,#6490,#6496,#6497));
#6489 = ORIENTED_EDGE('',*,*,#1547,.T.);
#6490 = ORIENTED_EDGE('',*,*,#6491,.T.);
#6491 = EDGE_CURVE('',#1548,#3620,#6492,.T.);
#6492 = LINE('',#6493,#6494);
#6493 = CARTESIAN_POINT('',(6.74,-6.88,-4.6E-02));
#6494 = VECTOR('',#6495,1.);
#6495 = DIRECTION('',(0.,0.,1.));
#6496 = ORIENTED_EDGE('',*,*,#3619,.F.);
#6497 = ORIENTED_EDGE('',*,*,#6491,.F.);
#6498 = CYLINDRICAL_SURFACE('',#6499,0.5);
#6499 = AXIS2_PLACEMENT_3D('',#6500,#6501,#6502);
#6500 = CARTESIAN_POINT('',(6.74,-6.38,-4.6E-02));
#6501 = DIRECTION('',(-0.,-0.,-1.));
#6502 = DIRECTION('',(-0.,-1.,0.));
#6503 = ADVANCED_FACE('',(#6504),#6515,.F.);
#6504 = FACE_BOUND('',#6505,.T.);
#6505 = EDGE_LOOP('',(#6506,#6507,#6513,#6514));
#6506 = ORIENTED_EDGE('',*,*,#1558,.T.);
#6507 = ORIENTED_EDGE('',*,*,#6508,.T.);
#6508 = EDGE_CURVE('',#1559,#3631,#6509,.T.);
#6509 = LINE('',#6510,#6511);
#6510 = CARTESIAN_POINT('',(9.28,-6.88,-4.6E-02));
#6511 = VECTOR('',#6512,1.);
#6512 = DIRECTION('',(0.,0.,1.));
#6513 = ORIENTED_EDGE('',*,*,#3630,.F.);
#6514 = ORIENTED_EDGE('',*,*,#6508,.F.);
#6515 = CYLINDRICAL_SURFACE('',#6516,0.5);
#6516 = AXIS2_PLACEMENT_3D('',#6517,#6518,#6519);
#6517 = CARTESIAN_POINT('',(9.28,-6.38,-4.6E-02));
#6518 = DIRECTION('',(-0.,-0.,-1.));
#6519 = DIRECTION('',(-0.,-1.,0.));
#6520 = ADVANCED_FACE('',(#6521),#6532,.F.);
#6521 = FACE_BOUND('',#6522,.T.);
#6522 = EDGE_LOOP('',(#6523,#6524,#6530,#6531));
#6523 = ORIENTED_EDGE('',*,*,#1569,.T.);
#6524 = ORIENTED_EDGE('',*,*,#6525,.T.);
#6525 = EDGE_CURVE('',#1570,#3642,#6526,.T.);
#6526 = LINE('',#6527,#6528);
#6527 = CARTESIAN_POINT('',(11.82,-6.88,-4.6E-02));
#6528 = VECTOR('',#6529,1.);
#6529 = DIRECTION('',(0.,0.,1.));
#6530 = ORIENTED_EDGE('',*,*,#3641,.F.);
#6531 = ORIENTED_EDGE('',*,*,#6525,.F.);
#6532 = CYLINDRICAL_SURFACE('',#6533,0.5);
#6533 = AXIS2_PLACEMENT_3D('',#6534,#6535,#6536);
#6534 = CARTESIAN_POINT('',(11.82,-6.38,-4.6E-02));
#6535 = DIRECTION('',(-0.,-0.,-1.));
#6536 = DIRECTION('',(-0.,-1.,0.));
#6537 = ADVANCED_FACE('',(#6538),#6549,.F.);
#6538 = FACE_BOUND('',#6539,.T.);
#6539 = EDGE_LOOP('',(#6540,#6541,#6547,#6548));
#6540 = ORIENTED_EDGE('',*,*,#1580,.T.);
#6541 = ORIENTED_EDGE('',*,*,#6542,.T.);
#6542 = EDGE_CURVE('',#1581,#3653,#6543,.T.);
#6543 = LINE('',#6544,#6545);
#6544 = CARTESIAN_POINT('',(14.36,-6.88,-4.6E-02));
#6545 = VECTOR('',#6546,1.);
#6546 = DIRECTION('',(0.,0.,1.));
#6547 = ORIENTED_EDGE('',*,*,#3652,.F.);
#6548 = ORIENTED_EDGE('',*,*,#6542,.F.);
#6549 = CYLINDRICAL_SURFACE('',#6550,0.5);
#6550 = AXIS2_PLACEMENT_3D('',#6551,#6552,#6553);
#6551 = CARTESIAN_POINT('',(14.36,-6.38,-4.6E-02));
#6552 = DIRECTION('',(-0.,-0.,-1.));
#6553 = DIRECTION('',(-0.,-1.,0.));
#6554 = ADVANCED_FACE('',(#6555),#6566,.F.);
#6555 = FACE_BOUND('',#6556,.T.);
#6556 = EDGE_LOOP('',(#6557,#6558,#6564,#6565));
#6557 = ORIENTED_EDGE('',*,*,#1591,.T.);
#6558 = ORIENTED_EDGE('',*,*,#6559,.T.);
#6559 = EDGE_CURVE('',#1592,#3664,#6560,.T.);
#6560 = LINE('',#6561,#6562);
#6561 = CARTESIAN_POINT('',(16.9,-6.88,-4.6E-02));
#6562 = VECTOR('',#6563,1.);
#6563 = DIRECTION('',(0.,0.,1.));
#6564 = ORIENTED_EDGE('',*,*,#3663,.F.);
#6565 = ORIENTED_EDGE('',*,*,#6559,.F.);
#6566 = CYLINDRICAL_SURFACE('',#6567,0.5);
#6567 = AXIS2_PLACEMENT_3D('',#6568,#6569,#6570);
#6568 = CARTESIAN_POINT('',(16.9,-6.38,-4.6E-02));
#6569 = DIRECTION('',(-0.,-0.,-1.));
#6570 = DIRECTION('',(-0.,-1.,0.));
#6571 = ADVANCED_FACE('',(#6572),#6583,.F.);
#6572 = FACE_BOUND('',#6573,.T.);
#6573 = EDGE_LOOP('',(#6574,#6575,#6581,#6582));
#6574 = ORIENTED_EDGE('',*,*,#1602,.T.);
#6575 = ORIENTED_EDGE('',*,*,#6576,.T.);
#6576 = EDGE_CURVE('',#1603,#3675,#6577,.T.);
#6577 = LINE('',#6578,#6579);
#6578 = CARTESIAN_POINT('',(19.44,-6.88,-4.6E-02));
#6579 = VECTOR('',#6580,1.);
#6580 = DIRECTION('',(0.,0.,1.));
#6581 = ORIENTED_EDGE('',*,*,#3674,.F.);
#6582 = ORIENTED_EDGE('',*,*,#6576,.F.);
#6583 = CYLINDRICAL_SURFACE('',#6584,0.5);
#6584 = AXIS2_PLACEMENT_3D('',#6585,#6586,#6587);
#6585 = CARTESIAN_POINT('',(19.44,-6.38,-4.6E-02));
#6586 = DIRECTION('',(-0.,-0.,-1.));
#6587 = DIRECTION('',(-0.,-1.,0.));
#6588 = ADVANCED_FACE('',(#6589),#6600,.F.);
#6589 = FACE_BOUND('',#6590,.T.);
#6590 = EDGE_LOOP('',(#6591,#6592,#6598,#6599));
#6591 = ORIENTED_EDGE('',*,*,#1613,.T.);
#6592 = ORIENTED_EDGE('',*,*,#6593,.T.);
#6593 = EDGE_CURVE('',#1614,#3686,#6594,.T.);
#6594 = LINE('',#6595,#6596);
#6595 = CARTESIAN_POINT('',(21.98,-6.88,-4.6E-02));
#6596 = VECTOR('',#6597,1.);
#6597 = DIRECTION('',(0.,0.,1.));
#6598 = ORIENTED_EDGE('',*,*,#3685,.F.);
#6599 = ORIENTED_EDGE('',*,*,#6593,.F.);
#6600 = CYLINDRICAL_SURFACE('',#6601,0.5);
#6601 = AXIS2_PLACEMENT_3D('',#6602,#6603,#6604);
#6602 = CARTESIAN_POINT('',(21.98,-6.38,-4.6E-02));
#6603 = DIRECTION('',(-0.,-0.,-1.));
#6604 = DIRECTION('',(-0.,-1.,0.));
#6605 = ADVANCED_FACE('',(#6606),#6617,.F.);
#6606 = FACE_BOUND('',#6607,.T.);
#6607 = EDGE_LOOP('',(#6608,#6609,#6615,#6616));
#6608 = ORIENTED_EDGE('',*,*,#1624,.T.);
#6609 = ORIENTED_EDGE('',*,*,#6610,.T.);
#6610 = EDGE_CURVE('',#1625,#3697,#6611,.T.);
#6611 = LINE('',#6612,#6613);
#6612 = CARTESIAN_POINT('',(24.52,-6.88,-4.6E-02));
#6613 = VECTOR('',#6614,1.);
#6614 = DIRECTION('',(0.,0.,1.));
#6615 = ORIENTED_EDGE('',*,*,#3696,.F.);
#6616 = ORIENTED_EDGE('',*,*,#6610,.F.);
#6617 = CYLINDRICAL_SURFACE('',#6618,0.5);
#6618 = AXIS2_PLACEMENT_3D('',#6619,#6620,#6621);
#6619 = CARTESIAN_POINT('',(24.52,-6.38,-4.6E-02));
#6620 = DIRECTION('',(-0.,-0.,-1.));
#6621 = DIRECTION('',(-0.,-1.,0.));
#6622 = ADVANCED_FACE('',(#6623),#6634,.F.);
#6623 = FACE_BOUND('',#6624,.T.);
#6624 = EDGE_LOOP('',(#6625,#6626,#6632,#6633));
#6625 = ORIENTED_EDGE('',*,*,#1635,.T.);
#6626 = ORIENTED_EDGE('',*,*,#6627,.T.);
#6627 = EDGE_CURVE('',#1636,#3708,#6628,.T.);
#6628 = LINE('',#6629,#6630);
#6629 = CARTESIAN_POINT('',(27.06,-6.88,-4.6E-02));
#6630 = VECTOR('',#6631,1.);
#6631 = DIRECTION('',(0.,0.,1.));
#6632 = ORIENTED_EDGE('',*,*,#3707,.F.);
#6633 = ORIENTED_EDGE('',*,*,#6627,.F.);
#6634 = CYLINDRICAL_SURFACE('',#6635,0.5);
#6635 = AXIS2_PLACEMENT_3D('',#6636,#6637,#6638);
#6636 = CARTESIAN_POINT('',(27.06,-6.38,-4.6E-02));
#6637 = DIRECTION('',(-0.,-0.,-1.));
#6638 = DIRECTION('',(-0.,-1.,0.));
#6639 = ADVANCED_FACE('',(#6640),#6651,.F.);
#6640 = FACE_BOUND('',#6641,.T.);
#6641 = EDGE_LOOP('',(#6642,#6643,#6649,#6650));
#6642 = ORIENTED_EDGE('',*,*,#1646,.T.);
#6643 = ORIENTED_EDGE('',*,*,#6644,.T.);
#6644 = EDGE_CURVE('',#1647,#3719,#6645,.T.);
#6645 = LINE('',#6646,#6647);
#6646 = CARTESIAN_POINT('',(29.6,-6.88,-4.6E-02));
#6647 = VECTOR('',#6648,1.);
#6648 = DIRECTION('',(0.,0.,1.));
#6649 = ORIENTED_EDGE('',*,*,#3718,.F.);
#6650 = ORIENTED_EDGE('',*,*,#6644,.F.);
#6651 = CYLINDRICAL_SURFACE('',#6652,0.5);
#6652 = AXIS2_PLACEMENT_3D('',#6653,#6654,#6655);
#6653 = CARTESIAN_POINT('',(29.6,-6.38,-4.6E-02));
#6654 = DIRECTION('',(-0.,-0.,-1.));
#6655 = DIRECTION('',(-0.,-1.,0.));
#6656 = ADVANCED_FACE('',(#6657),#6668,.F.);
#6657 = FACE_BOUND('',#6658,.T.);
#6658 = EDGE_LOOP('',(#6659,#6660,#6666,#6667));
#6659 = ORIENTED_EDGE('',*,*,#1657,.T.);
#6660 = ORIENTED_EDGE('',*,*,#6661,.T.);
#6661 = EDGE_CURVE('',#1658,#3730,#6662,.T.);
#6662 = LINE('',#6663,#6664);
#6663 = CARTESIAN_POINT('',(32.14,-6.88,-4.6E-02));
#6664 = VECTOR('',#6665,1.);
#6665 = DIRECTION('',(0.,0.,1.));
#6666 = ORIENTED_EDGE('',*,*,#3729,.F.);
#6667 = ORIENTED_EDGE('',*,*,#6661,.F.);
#6668 = CYLINDRICAL_SURFACE('',#6669,0.5);
#6669 = AXIS2_PLACEMENT_3D('',#6670,#6671,#6672);
#6670 = CARTESIAN_POINT('',(32.14,-6.38,-4.6E-02));
#6671 = DIRECTION('',(-0.,-0.,-1.));
#6672 = DIRECTION('',(-0.,-1.,0.));
#6673 = ADVANCED_FACE('',(#6674),#6685,.F.);
#6674 = FACE_BOUND('',#6675,.T.);
#6675 = EDGE_LOOP('',(#6676,#6677,#6683,#6684));
#6676 = ORIENTED_EDGE('',*,*,#1668,.T.);
#6677 = ORIENTED_EDGE('',*,*,#6678,.T.);
#6678 = EDGE_CURVE('',#1669,#3741,#6679,.T.);
#6679 = LINE('',#6680,#6681);
#6680 = CARTESIAN_POINT('',(34.68,-6.88,-4.6E-02));
#6681 = VECTOR('',#6682,1.);
#6682 = DIRECTION('',(0.,0.,1.));
#6683 = ORIENTED_EDGE('',*,*,#3740,.F.);
#6684 = ORIENTED_EDGE('',*,*,#6678,.F.);
#6685 = CYLINDRICAL_SURFACE('',#6686,0.5);
#6686 = AXIS2_PLACEMENT_3D('',#6687,#6688,#6689);
#6687 = CARTESIAN_POINT('',(34.68,-6.38,-4.6E-02));
#6688 = DIRECTION('',(-0.,-0.,-1.));
#6689 = DIRECTION('',(-0.,-1.,0.));
#6690 = ADVANCED_FACE('',(#6691),#6702,.F.);
#6691 = FACE_BOUND('',#6692,.T.);
#6692 = EDGE_LOOP('',(#6693,#6694,#6700,#6701));
#6693 = ORIENTED_EDGE('',*,*,#1679,.T.);
#6694 = ORIENTED_EDGE('',*,*,#6695,.T.);
#6695 = EDGE_CURVE('',#1680,#3752,#6696,.T.);
#6696 = LINE('',#6697,#6698);
#6697 = CARTESIAN_POINT('',(37.22,-6.88,-4.6E-02));
#6698 = VECTOR('',#6699,1.);
#6699 = DIRECTION('',(0.,0.,1.));
#6700 = ORIENTED_EDGE('',*,*,#3751,.F.);
#6701 = ORIENTED_EDGE('',*,*,#6695,.F.);
#6702 = CYLINDRICAL_SURFACE('',#6703,0.5);
#6703 = AXIS2_PLACEMENT_3D('',#6704,#6705,#6706);
#6704 = CARTESIAN_POINT('',(37.22,-6.38,-4.6E-02));
#6705 = DIRECTION('',(-0.,-0.,-1.));
#6706 = DIRECTION('',(-0.,-1.,0.));
#6707 = ADVANCED_FACE('',(#6708),#6719,.F.);
#6708 = FACE_BOUND('',#6709,.T.);
#6709 = EDGE_LOOP('',(#6710,#6711,#6717,#6718));
#6710 = ORIENTED_EDGE('',*,*,#1690,.T.);
#6711 = ORIENTED_EDGE('',*,*,#6712,.T.);
#6712 = EDGE_CURVE('',#1691,#3763,#6713,.T.);
#6713 = LINE('',#6714,#6715);
#6714 = CARTESIAN_POINT('',(39.76,-6.88,-4.6E-02));
#6715 = VECTOR('',#6716,1.);
#6716 = DIRECTION('',(0.,0.,1.));
#6717 = ORIENTED_EDGE('',*,*,#3762,.F.);
#6718 = ORIENTED_EDGE('',*,*,#6712,.F.);
#6719 = CYLINDRICAL_SURFACE('',#6720,0.5);
#6720 = AXIS2_PLACEMENT_3D('',#6721,#6722,#6723);
#6721 = CARTESIAN_POINT('',(39.76,-6.38,-4.6E-02));
#6722 = DIRECTION('',(-0.,-0.,-1.));
#6723 = DIRECTION('',(-0.,-1.,0.));
#6724 = ADVANCED_FACE('',(#6725),#6736,.F.);
#6725 = FACE_BOUND('',#6726,.T.);
#6726 = EDGE_LOOP('',(#6727,#6728,#6734,#6735));
#6727 = ORIENTED_EDGE('',*,*,#1701,.T.);
#6728 = ORIENTED_EDGE('',*,*,#6729,.T.);
#6729 = EDGE_CURVE('',#1702,#3774,#6730,.T.);
#6730 = LINE('',#6731,#6732);
#6731 = CARTESIAN_POINT('',(47.,-5.35,-4.6E-02));
#6732 = VECTOR('',#6733,1.);
#6733 = DIRECTION('',(0.,0.,1.));
#6734 = ORIENTED_EDGE('',*,*,#3773,.F.);
#6735 = ORIENTED_EDGE('',*,*,#6729,.F.);
#6736 = CYLINDRICAL_SURFACE('',#6737,1.35);
#6737 = AXIS2_PLACEMENT_3D('',#6738,#6739,#6740);
#6738 = CARTESIAN_POINT('',(47.,-4.,-4.6E-02));
#6739 = DIRECTION('',(-0.,-0.,-1.));
#6740 = DIRECTION('',(-0.,-1.,0.));
#6741 = ADVANCED_FACE('',(#6742),#6753,.F.);
#6742 = FACE_BOUND('',#6743,.T.);
#6743 = EDGE_LOOP('',(#6744,#6745,#6751,#6752));
#6744 = ORIENTED_EDGE('',*,*,#1712,.T.);
#6745 = ORIENTED_EDGE('',*,*,#6746,.T.);
#6746 = EDGE_CURVE('',#1713,#3785,#6747,.T.);
#6747 = LINE('',#6748,#6749);
#6748 = CARTESIAN_POINT('',(91.357,-48.434,-4.6E-02));
#6749 = VECTOR('',#6750,1.);
#6750 = DIRECTION('',(0.,0.,1.));
#6751 = ORIENTED_EDGE('',*,*,#3784,.F.);
#6752 = ORIENTED_EDGE('',*,*,#6746,.F.);
#6753 = CYLINDRICAL_SURFACE('',#6754,0.6);
#6754 = AXIS2_PLACEMENT_3D('',#6755,#6756,#6757);
#6755 = CARTESIAN_POINT('',(91.357,-47.834,-4.6E-02));
#6756 = DIRECTION('',(-0.,-0.,-1.));
#6757 = DIRECTION('',(-0.,-1.,0.));
#6758 = ADVANCED_FACE('',(#6759),#6770,.F.);
#6759 = FACE_BOUND('',#6760,.T.);
#6760 = EDGE_LOOP('',(#6761,#6762,#6768,#6769));
#6761 = ORIENTED_EDGE('',*,*,#1723,.T.);
#6762 = ORIENTED_EDGE('',*,*,#6763,.T.);
#6763 = EDGE_CURVE('',#1724,#3796,#6764,.T.);
#6764 = LINE('',#6765,#6766);
#6765 = CARTESIAN_POINT('',(93.111,-44.929,-4.6E-02));
#6766 = VECTOR('',#6767,1.);
#6767 = DIRECTION('',(0.,0.,1.));
#6768 = ORIENTED_EDGE('',*,*,#3795,.F.);
#6769 = ORIENTED_EDGE('',*,*,#6763,.F.);
#6770 = CYLINDRICAL_SURFACE('',#6771,0.6);
#6771 = AXIS2_PLACEMENT_3D('',#6772,#6773,#6774);
#6772 = CARTESIAN_POINT('',(93.111,-44.329,-4.6E-02));
#6773 = DIRECTION('',(-0.,0.,-1.));
#6774 = DIRECTION('',(2.368475785867E-14,-1.,-0.));
#6775 = ADVANCED_FACE('',(#6776),#6787,.F.);
#6776 = FACE_BOUND('',#6777,.T.);
#6777 = EDGE_LOOP('',(#6778,#6779,#6785,#6786));
#6778 = ORIENTED_EDGE('',*,*,#1734,.T.);
#6779 = ORIENTED_EDGE('',*,*,#6780,.T.);
#6780 = EDGE_CURVE('',#1735,#3807,#6781,.T.);
#6781 = LINE('',#6782,#6783);
#6782 = CARTESIAN_POINT('',(101.7874,-46.8515,-4.6E-02));
#6783 = VECTOR('',#6784,1.);
#6784 = DIRECTION('',(0.,0.,1.));
#6785 = ORIENTED_EDGE('',*,*,#3806,.F.);
#6786 = ORIENTED_EDGE('',*,*,#6780,.F.);
#6787 = CYLINDRICAL_SURFACE('',#6788,0.5);
#6788 = AXIS2_PLACEMENT_3D('',#6789,#6790,#6791);
#6789 = CARTESIAN_POINT('',(101.7874,-46.3515,-4.6E-02));
#6790 = DIRECTION('',(-0.,-0.,-1.));
#6791 = DIRECTION('',(-0.,-1.,0.));
#6792 = ADVANCED_FACE('',(#6793),#6804,.F.);
#6793 = FACE_BOUND('',#6794,.T.);
#6794 = EDGE_LOOP('',(#6795,#6796,#6802,#6803));
#6795 = ORIENTED_EDGE('',*,*,#1745,.T.);
#6796 = ORIENTED_EDGE('',*,*,#6797,.T.);
#6797 = EDGE_CURVE('',#1746,#3818,#6798,.T.);
#6798 = LINE('',#6799,#6800);
#6799 = CARTESIAN_POINT('',(101.7474,-44.209,-4.6E-02));
#6800 = VECTOR('',#6801,1.);
#6801 = DIRECTION('',(0.,0.,1.));
#6802 = ORIENTED_EDGE('',*,*,#3817,.F.);
#6803 = ORIENTED_EDGE('',*,*,#6797,.F.);
#6804 = CYLINDRICAL_SURFACE('',#6805,0.5);
#6805 = AXIS2_PLACEMENT_3D('',#6806,#6807,#6808);
#6806 = CARTESIAN_POINT('',(101.7474,-43.709,-4.6E-02));
#6807 = DIRECTION('',(-0.,-0.,-1.));
#6808 = DIRECTION('',(-0.,-1.,0.));
#6809 = ADVANCED_FACE('',(#6810),#6821,.F.);
#6810 = FACE_BOUND('',#6811,.T.);
#6811 = EDGE_LOOP('',(#6812,#6813,#6819,#6820));
#6812 = ORIENTED_EDGE('',*,*,#1756,.T.);
#6813 = ORIENTED_EDGE('',*,*,#6814,.T.);
#6814 = EDGE_CURVE('',#1757,#3829,#6815,.T.);
#6815 = LINE('',#6816,#6817);
#6816 = CARTESIAN_POINT('',(107.3824,-44.209,-4.6E-02));
#6817 = VECTOR('',#6818,1.);
#6818 = DIRECTION('',(0.,0.,1.));
#6819 = ORIENTED_EDGE('',*,*,#3828,.F.);
#6820 = ORIENTED_EDGE('',*,*,#6814,.F.);
#6821 = CYLINDRICAL_SURFACE('',#6822,0.5);
#6822 = AXIS2_PLACEMENT_3D('',#6823,#6824,#6825);
#6823 = CARTESIAN_POINT('',(107.3824,-43.709,-4.6E-02));
#6824 = DIRECTION('',(-0.,-0.,-1.));
#6825 = DIRECTION('',(-0.,-1.,0.));
#6826 = ADVANCED_FACE('',(#6827),#6838,.F.);
#6827 = FACE_BOUND('',#6828,.T.);
#6828 = EDGE_LOOP('',(#6829,#6830,#6836,#6837));
#6829 = ORIENTED_EDGE('',*,*,#1767,.T.);
#6830 = ORIENTED_EDGE('',*,*,#6831,.T.);
#6831 = EDGE_CURVE('',#1768,#3840,#6832,.T.);
#6832 = LINE('',#6833,#6834);
#6833 = CARTESIAN_POINT('',(93.111,-40.434,-4.6E-02));
#6834 = VECTOR('',#6835,1.);
#6835 = DIRECTION('',(0.,0.,1.));
#6836 = ORIENTED_EDGE('',*,*,#3839,.F.);
#6837 = ORIENTED_EDGE('',*,*,#6831,.F.);
#6838 = CYLINDRICAL_SURFACE('',#6839,0.6);
#6839 = AXIS2_PLACEMENT_3D('',#6840,#6841,#6842);
#6840 = CARTESIAN_POINT('',(93.111,-39.834,-4.6E-02));
#6841 = DIRECTION('',(-0.,0.,-1.));
#6842 = DIRECTION('',(2.368475785867E-14,-1.,-0.));
#6843 = ADVANCED_FACE('',(#6844),#6855,.F.);
#6844 = FACE_BOUND('',#6845,.T.);
#6845 = EDGE_LOOP('',(#6846,#6847,#6853,#6854));
#6846 = ORIENTED_EDGE('',*,*,#1778,.T.);
#6847 = ORIENTED_EDGE('',*,*,#6848,.T.);
#6848 = EDGE_CURVE('',#1779,#3851,#6849,.T.);
#6849 = LINE('',#6850,#6851);
#6850 = CARTESIAN_POINT('',(101.8274,-41.709,-4.6E-02));
#6851 = VECTOR('',#6852,1.);
#6852 = DIRECTION('',(0.,0.,1.));
#6853 = ORIENTED_EDGE('',*,*,#3850,.F.);
#6854 = ORIENTED_EDGE('',*,*,#6848,.F.);
#6855 = CYLINDRICAL_SURFACE('',#6856,0.5);
#6856 = AXIS2_PLACEMENT_3D('',#6857,#6858,#6859);
#6857 = CARTESIAN_POINT('',(101.8274,-41.209,-4.6E-02));
#6858 = DIRECTION('',(-0.,-0.,-1.));
#6859 = DIRECTION('',(-0.,-1.,0.));
#6860 = ADVANCED_FACE('',(#6861),#6872,.F.);
#6861 = FACE_BOUND('',#6862,.T.);
#6862 = EDGE_LOOP('',(#6863,#6864,#6870,#6871));
#6863 = ORIENTED_EDGE('',*,*,#1789,.T.);
#6864 = ORIENTED_EDGE('',*,*,#6865,.T.);
#6865 = EDGE_CURVE('',#1790,#3862,#6866,.T.);
#6866 = LINE('',#6867,#6868);
#6867 = CARTESIAN_POINT('',(107.3824,-41.709,-4.6E-02));
#6868 = VECTOR('',#6869,1.);
#6869 = DIRECTION('',(0.,0.,1.));
#6870 = ORIENTED_EDGE('',*,*,#3861,.F.);
#6871 = ORIENTED_EDGE('',*,*,#6865,.F.);
#6872 = CYLINDRICAL_SURFACE('',#6873,0.5);
#6873 = AXIS2_PLACEMENT_3D('',#6874,#6875,#6876);
#6874 = CARTESIAN_POINT('',(107.3824,-41.209,-4.6E-02));
#6875 = DIRECTION('',(-0.,-0.,-1.));
#6876 = DIRECTION('',(-0.,-1.,0.));
#6877 = ADVANCED_FACE('',(#6878),#6889,.F.);
#6878 = FACE_BOUND('',#6879,.T.);
#6879 = EDGE_LOOP('',(#6880,#6881,#6887,#6888));
#6880 = ORIENTED_EDGE('',*,*,#1800,.T.);
#6881 = ORIENTED_EDGE('',*,*,#6882,.T.);
#6882 = EDGE_CURVE('',#1801,#3873,#6883,.T.);
#6883 = LINE('',#6884,#6885);
#6884 = CARTESIAN_POINT('',(103.2399,-39.709,-4.6E-02));
#6885 = VECTOR('',#6886,1.);
#6886 = DIRECTION('',(0.,0.,1.));
#6887 = ORIENTED_EDGE('',*,*,#3872,.F.);
#6888 = ORIENTED_EDGE('',*,*,#6882,.F.);
#6889 = CYLINDRICAL_SURFACE('',#6890,0.5);
#6890 = AXIS2_PLACEMENT_3D('',#6891,#6892,#6893);
#6891 = CARTESIAN_POINT('',(103.2399,-39.209,-4.6E-02));
#6892 = DIRECTION('',(-0.,-0.,-1.));
#6893 = DIRECTION('',(-0.,-1.,0.));
#6894 = ADVANCED_FACE('',(#6895),#6906,.F.);
#6895 = FACE_BOUND('',#6896,.T.);
#6896 = EDGE_LOOP('',(#6897,#6898,#6904,#6905));
#6897 = ORIENTED_EDGE('',*,*,#1811,.T.);
#6898 = ORIENTED_EDGE('',*,*,#6899,.T.);
#6899 = EDGE_CURVE('',#1812,#3884,#6900,.T.);
#6900 = LINE('',#6901,#6902);
#6901 = CARTESIAN_POINT('',(105.9699,-39.709,-4.6E-02));
#6902 = VECTOR('',#6903,1.);
#6903 = DIRECTION('',(0.,0.,1.));
#6904 = ORIENTED_EDGE('',*,*,#3883,.F.);
#6905 = ORIENTED_EDGE('',*,*,#6899,.F.);
#6906 = CYLINDRICAL_SURFACE('',#6907,0.5);
#6907 = AXIS2_PLACEMENT_3D('',#6908,#6909,#6910);
#6908 = CARTESIAN_POINT('',(105.9699,-39.209,-4.6E-02));
#6909 = DIRECTION('',(-0.,-0.,-1.));
#6910 = DIRECTION('',(-0.,-1.,0.));
#6911 = ADVANCED_FACE('',(#6912),#6923,.F.);
#6912 = FACE_BOUND('',#6913,.T.);
#6913 = EDGE_LOOP('',(#6914,#6915,#6921,#6922));
#6914 = ORIENTED_EDGE('',*,*,#1822,.T.);
#6915 = ORIENTED_EDGE('',*,*,#6916,.T.);
#6916 = EDGE_CURVE('',#1823,#3895,#6917,.T.);
#6917 = LINE('',#6918,#6919);
#6918 = CARTESIAN_POINT('',(114.7874,-46.8515,-4.6E-02));
#6919 = VECTOR('',#6920,1.);
#6920 = DIRECTION('',(0.,0.,1.));
#6921 = ORIENTED_EDGE('',*,*,#3894,.F.);
#6922 = ORIENTED_EDGE('',*,*,#6916,.F.);
#6923 = CYLINDRICAL_SURFACE('',#6924,0.5);
#6924 = AXIS2_PLACEMENT_3D('',#6925,#6926,#6927);
#6925 = CARTESIAN_POINT('',(114.7874,-46.3515,-4.6E-02));
#6926 = DIRECTION('',(-0.,-0.,-1.));
#6927 = DIRECTION('',(-0.,-1.,0.));
#6928 = ADVANCED_FACE('',(#6929),#6940,.F.);
#6929 = FACE_BOUND('',#6930,.T.);
#6930 = EDGE_LOOP('',(#6931,#6932,#6938,#6939));
#6931 = ORIENTED_EDGE('',*,*,#1833,.T.);
#6932 = ORIENTED_EDGE('',*,*,#6933,.T.);
#6933 = EDGE_CURVE('',#1834,#3906,#6934,.T.);
#6934 = LINE('',#6935,#6936);
#6935 = CARTESIAN_POINT('',(114.7474,-44.209,-4.6E-02));
#6936 = VECTOR('',#6937,1.);
#6937 = DIRECTION('',(0.,0.,1.));
#6938 = ORIENTED_EDGE('',*,*,#3905,.F.);
#6939 = ORIENTED_EDGE('',*,*,#6933,.F.);
#6940 = CYLINDRICAL_SURFACE('',#6941,0.5);
#6941 = AXIS2_PLACEMENT_3D('',#6942,#6943,#6944);
#6942 = CARTESIAN_POINT('',(114.7474,-43.709,-4.6E-02));
#6943 = DIRECTION('',(-0.,-0.,-1.));
#6944 = DIRECTION('',(-0.,-1.,0.));
#6945 = ADVANCED_FACE('',(#6946),#6957,.F.);
#6946 = FACE_BOUND('',#6947,.T.);
#6947 = EDGE_LOOP('',(#6948,#6949,#6955,#6956));
#6948 = ORIENTED_EDGE('',*,*,#1844,.T.);
#6949 = ORIENTED_EDGE('',*,*,#6950,.T.);
#6950 = EDGE_CURVE('',#1845,#3917,#6951,.T.);
#6951 = LINE('',#6952,#6953);
#6952 = CARTESIAN_POINT('',(120.3824,-44.209,-4.6E-02));
#6953 = VECTOR('',#6954,1.);
#6954 = DIRECTION('',(0.,0.,1.));
#6955 = ORIENTED_EDGE('',*,*,#3916,.F.);
#6956 = ORIENTED_EDGE('',*,*,#6950,.F.);
#6957 = CYLINDRICAL_SURFACE('',#6958,0.5);
#6958 = AXIS2_PLACEMENT_3D('',#6959,#6960,#6961);
#6959 = CARTESIAN_POINT('',(120.3824,-43.709,-4.6E-02));
#6960 = DIRECTION('',(-0.,-0.,-1.));
#6961 = DIRECTION('',(-0.,-1.,0.));
#6962 = ADVANCED_FACE('',(#6963),#6974,.F.);
#6963 = FACE_BOUND('',#6964,.T.);
#6964 = EDGE_LOOP('',(#6965,#6966,#6972,#6973));
#6965 = ORIENTED_EDGE('',*,*,#1855,.T.);
#6966 = ORIENTED_EDGE('',*,*,#6967,.T.);
#6967 = EDGE_CURVE('',#1856,#3928,#6968,.T.);
#6968 = LINE('',#6969,#6970);
#6969 = CARTESIAN_POINT('',(129.258,-44.929,-4.6E-02));
#6970 = VECTOR('',#6971,1.);
#6971 = DIRECTION('',(0.,0.,1.));
#6972 = ORIENTED_EDGE('',*,*,#3927,.F.);
#6973 = ORIENTED_EDGE('',*,*,#6967,.F.);
#6974 = CYLINDRICAL_SURFACE('',#6975,0.6);
#6975 = AXIS2_PLACEMENT_3D('',#6976,#6977,#6978);
#6976 = CARTESIAN_POINT('',(129.258,-44.329,-4.6E-02));
#6977 = DIRECTION('',(-0.,0.,-1.));
#6978 = DIRECTION('',(4.736951571734E-14,-1.,-0.));
#6979 = ADVANCED_FACE('',(#6980),#6991,.F.);
#6980 = FACE_BOUND('',#6981,.T.);
#6981 = EDGE_LOOP('',(#6982,#6983,#6989,#6990));
#6982 = ORIENTED_EDGE('',*,*,#1866,.T.);
#6983 = ORIENTED_EDGE('',*,*,#6984,.T.);
#6984 = EDGE_CURVE('',#1867,#3939,#6985,.T.);
#6985 = LINE('',#6986,#6987);
#6986 = CARTESIAN_POINT('',(114.8274,-41.709,-4.6E-02));
#6987 = VECTOR('',#6988,1.);
#6988 = DIRECTION('',(0.,0.,1.));
#6989 = ORIENTED_EDGE('',*,*,#3938,.F.);
#6990 = ORIENTED_EDGE('',*,*,#6984,.F.);
#6991 = CYLINDRICAL_SURFACE('',#6992,0.5);
#6992 = AXIS2_PLACEMENT_3D('',#6993,#6994,#6995);
#6993 = CARTESIAN_POINT('',(114.8274,-41.209,-4.6E-02));
#6994 = DIRECTION('',(-0.,-0.,-1.));
#6995 = DIRECTION('',(-0.,-1.,0.));
#6996 = ADVANCED_FACE('',(#6997),#7008,.F.);
#6997 = FACE_BOUND('',#6998,.T.);
#6998 = EDGE_LOOP('',(#6999,#7000,#7006,#7007));
#6999 = ORIENTED_EDGE('',*,*,#1877,.T.);
#7000 = ORIENTED_EDGE('',*,*,#7001,.T.);
#7001 = EDGE_CURVE('',#1878,#3950,#7002,.T.);
#7002 = LINE('',#7003,#7004);
#7003 = CARTESIAN_POINT('',(116.2399,-39.709,-4.6E-02));
#7004 = VECTOR('',#7005,1.);
#7005 = DIRECTION('',(0.,0.,1.));
#7006 = ORIENTED_EDGE('',*,*,#3949,.F.);
#7007 = ORIENTED_EDGE('',*,*,#7001,.F.);
#7008 = CYLINDRICAL_SURFACE('',#7009,0.5);
#7009 = AXIS2_PLACEMENT_3D('',#7010,#7011,#7012);
#7010 = CARTESIAN_POINT('',(116.2399,-39.209,-4.6E-02));
#7011 = DIRECTION('',(-0.,-0.,-1.));
#7012 = DIRECTION('',(-0.,-1.,0.));
#7013 = ADVANCED_FACE('',(#7014),#7025,.F.);
#7014 = FACE_BOUND('',#7015,.T.);
#7015 = EDGE_LOOP('',(#7016,#7017,#7023,#7024));
#7016 = ORIENTED_EDGE('',*,*,#1888,.T.);
#7017 = ORIENTED_EDGE('',*,*,#7018,.T.);
#7018 = EDGE_CURVE('',#1889,#3961,#7019,.T.);
#7019 = LINE('',#7020,#7021);
#7020 = CARTESIAN_POINT('',(118.9699,-39.709,-4.6E-02));
#7021 = VECTOR('',#7022,1.);
#7022 = DIRECTION('',(0.,0.,1.));
#7023 = ORIENTED_EDGE('',*,*,#3960,.F.);
#7024 = ORIENTED_EDGE('',*,*,#7018,.F.);
#7025 = CYLINDRICAL_SURFACE('',#7026,0.5);
#7026 = AXIS2_PLACEMENT_3D('',#7027,#7028,#7029);
#7027 = CARTESIAN_POINT('',(118.9699,-39.209,-4.6E-02));
#7028 = DIRECTION('',(-0.,-0.,-1.));
#7029 = DIRECTION('',(-0.,-1.,0.));
#7030 = ADVANCED_FACE('',(#7031),#7042,.F.);
#7031 = FACE_BOUND('',#7032,.T.);
#7032 = EDGE_LOOP('',(#7033,#7034,#7040,#7041));
#7033 = ORIENTED_EDGE('',*,*,#1899,.T.);
#7034 = ORIENTED_EDGE('',*,*,#7035,.T.);
#7035 = EDGE_CURVE('',#1900,#3972,#7036,.T.);
#7036 = LINE('',#7037,#7038);
#7037 = CARTESIAN_POINT('',(120.3824,-41.709,-4.6E-02));
#7038 = VECTOR('',#7039,1.);
#7039 = DIRECTION('',(0.,0.,1.));
#7040 = ORIENTED_EDGE('',*,*,#3971,.F.);
#7041 = ORIENTED_EDGE('',*,*,#7035,.F.);
#7042 = CYLINDRICAL_SURFACE('',#7043,0.5);
#7043 = AXIS2_PLACEMENT_3D('',#7044,#7045,#7046);
#7044 = CARTESIAN_POINT('',(120.3824,-41.209,-4.6E-02));
#7045 = DIRECTION('',(-0.,-0.,-1.));
#7046 = DIRECTION('',(-0.,-1.,0.));
#7047 = ADVANCED_FACE('',(#7048),#7059,.F.);
#7048 = FACE_BOUND('',#7049,.T.);
#7049 = EDGE_LOOP('',(#7050,#7051,#7057,#7058));
#7050 = ORIENTED_EDGE('',*,*,#1910,.T.);
#7051 = ORIENTED_EDGE('',*,*,#7052,.T.);
#7052 = EDGE_CURVE('',#1911,#3983,#7053,.T.);
#7053 = LINE('',#7054,#7055);
#7054 = CARTESIAN_POINT('',(129.258,-40.434,-4.6E-02));
#7055 = VECTOR('',#7056,1.);
#7056 = DIRECTION('',(0.,0.,1.));
#7057 = ORIENTED_EDGE('',*,*,#3982,.F.);
#7058 = ORIENTED_EDGE('',*,*,#7052,.F.);
#7059 = CYLINDRICAL_SURFACE('',#7060,0.6);
#7060 = AXIS2_PLACEMENT_3D('',#7061,#7062,#7063);
#7061 = CARTESIAN_POINT('',(129.258,-39.834,-4.6E-02));
#7062 = DIRECTION('',(-0.,0.,-1.));
#7063 = DIRECTION('',(4.736951571734E-14,-1.,-0.));
#7064 = ADVANCED_FACE('',(#7065),#7076,.F.);
#7065 = FACE_BOUND('',#7066,.T.);
#7066 = EDGE_LOOP('',(#7067,#7068,#7074,#7075));
#7067 = ORIENTED_EDGE('',*,*,#1921,.T.);
#7068 = ORIENTED_EDGE('',*,*,#7069,.T.);
#7069 = EDGE_CURVE('',#1922,#3994,#7070,.T.);
#7070 = LINE('',#7071,#7072);
#7071 = CARTESIAN_POINT('',(93.111,-35.94,-4.6E-02));
#7072 = VECTOR('',#7073,1.);
#7073 = DIRECTION('',(0.,0.,1.));
#7074 = ORIENTED_EDGE('',*,*,#3993,.F.);
#7075 = ORIENTED_EDGE('',*,*,#7069,.F.);
#7076 = CYLINDRICAL_SURFACE('',#7077,0.6);
#7077 = AXIS2_PLACEMENT_3D('',#7078,#7079,#7080);
#7078 = CARTESIAN_POINT('',(93.111,-35.34,-4.6E-02));
#7079 = DIRECTION('',(-0.,0.,-1.));
#7080 = DIRECTION('',(2.368475785867E-14,-1.,-0.));
#7081 = ADVANCED_FACE('',(#7082),#7093,.F.);
#7082 = FACE_BOUND('',#7083,.T.);
#7083 = EDGE_LOOP('',(#7084,#7085,#7091,#7092));
#7084 = ORIENTED_EDGE('',*,*,#1932,.T.);
#7085 = ORIENTED_EDGE('',*,*,#7086,.T.);
#7086 = EDGE_CURVE('',#1933,#4005,#7087,.T.);
#7087 = LINE('',#7088,#7089);
#7088 = CARTESIAN_POINT('',(91.357,-32.432,-4.6E-02));
#7089 = VECTOR('',#7090,1.);
#7090 = DIRECTION('',(0.,0.,1.));
#7091 = ORIENTED_EDGE('',*,*,#4004,.F.);
#7092 = ORIENTED_EDGE('',*,*,#7086,.F.);
#7093 = CYLINDRICAL_SURFACE('',#7094,0.6);
#7094 = AXIS2_PLACEMENT_3D('',#7095,#7096,#7097);
#7095 = CARTESIAN_POINT('',(91.357,-31.832,-4.6E-02));
#7096 = DIRECTION('',(-0.,-0.,-1.));
#7097 = DIRECTION('',(-0.,-1.,0.));
#7098 = ADVANCED_FACE('',(#7099),#7110,.F.);
#7099 = FACE_BOUND('',#7100,.T.);
#7100 = EDGE_LOOP('',(#7101,#7102,#7108,#7109));
#7101 = ORIENTED_EDGE('',*,*,#1943,.T.);
#7102 = ORIENTED_EDGE('',*,*,#7103,.T.);
#7103 = EDGE_CURVE('',#1944,#4016,#7104,.T.);
#7104 = LINE('',#7105,#7106);
#7105 = CARTESIAN_POINT('',(129.258,-35.94,-4.6E-02));
#7106 = VECTOR('',#7107,1.);
#7107 = DIRECTION('',(0.,0.,1.));
#7108 = ORIENTED_EDGE('',*,*,#4015,.F.);
#7109 = ORIENTED_EDGE('',*,*,#7103,.F.);
#7110 = CYLINDRICAL_SURFACE('',#7111,0.6);
#7111 = AXIS2_PLACEMENT_3D('',#7112,#7113,#7114);
#7112 = CARTESIAN_POINT('',(129.258,-35.34,-4.6E-02));
#7113 = DIRECTION('',(-0.,0.,-1.));
#7114 = DIRECTION('',(4.736951571734E-14,-1.,-0.));
#7115 = ADVANCED_FACE('',(#7116),#7127,.F.);
#7116 = FACE_BOUND('',#7117,.T.);
#7117 = EDGE_LOOP('',(#7118,#7119,#7125,#7126));
#7118 = ORIENTED_EDGE('',*,*,#1954,.T.);
#7119 = ORIENTED_EDGE('',*,*,#7120,.T.);
#7120 = EDGE_CURVE('',#1955,#4027,#7121,.T.);
#7121 = LINE('',#7122,#7123);
#7122 = CARTESIAN_POINT('',(131.019,-48.434,-4.6E-02));
#7123 = VECTOR('',#7124,1.);
#7124 = DIRECTION('',(0.,0.,1.));
#7125 = ORIENTED_EDGE('',*,*,#4026,.F.);
#7126 = ORIENTED_EDGE('',*,*,#7120,.F.);
#7127 = CYLINDRICAL_SURFACE('',#7128,0.6);
#7128 = AXIS2_PLACEMENT_3D('',#7129,#7130,#7131);
#7129 = CARTESIAN_POINT('',(131.019,-47.834,-4.6E-02));
#7130 = DIRECTION('',(-0.,-0.,-1.));
#7131 = DIRECTION('',(-0.,-1.,0.));
#7132 = ADVANCED_FACE('',(#7133),#7144,.F.);
#7133 = FACE_BOUND('',#7134,.T.);
#7134 = EDGE_LOOP('',(#7135,#7136,#7142,#7143));
#7135 = ORIENTED_EDGE('',*,*,#1965,.T.);
#7136 = ORIENTED_EDGE('',*,*,#7137,.T.);
#7137 = EDGE_CURVE('',#1966,#4038,#7138,.T.);
#7138 = LINE('',#7139,#7140);
#7139 = CARTESIAN_POINT('',(138.987,-48.434,-4.6E-02));
#7140 = VECTOR('',#7141,1.);
#7141 = DIRECTION('',(0.,0.,1.));
#7142 = ORIENTED_EDGE('',*,*,#4037,.F.);
#7143 = ORIENTED_EDGE('',*,*,#7137,.F.);
#7144 = CYLINDRICAL_SURFACE('',#7145,0.6);
#7145 = AXIS2_PLACEMENT_3D('',#7146,#7147,#7148);
#7146 = CARTESIAN_POINT('',(138.987,-47.834,-4.6E-02));
#7147 = DIRECTION('',(-0.,-0.,-1.));
#7148 = DIRECTION('',(-0.,-1.,0.));
#7149 = ADVANCED_FACE('',(#7150),#7161,.F.);
#7150 = FACE_BOUND('',#7151,.T.);
#7151 = EDGE_LOOP('',(#7152,#7153,#7159,#7160));
#7152 = ORIENTED_EDGE('',*,*,#1976,.T.);
#7153 = ORIENTED_EDGE('',*,*,#7154,.T.);
#7154 = EDGE_CURVE('',#1977,#4049,#7155,.T.);
#7155 = LINE('',#7156,#7157);
#7156 = CARTESIAN_POINT('',(140.741,-44.929,-4.6E-02));
#7157 = VECTOR('',#7158,1.);
#7158 = DIRECTION('',(0.,0.,1.));
#7159 = ORIENTED_EDGE('',*,*,#4048,.F.);
#7160 = ORIENTED_EDGE('',*,*,#7154,.F.);
#7161 = CYLINDRICAL_SURFACE('',#7162,0.6);
#7162 = AXIS2_PLACEMENT_3D('',#7163,#7164,#7165);
#7163 = CARTESIAN_POINT('',(140.741,-44.329,-4.6E-02));
#7164 = DIRECTION('',(-0.,0.,-1.));
#7165 = DIRECTION('',(4.736951571734E-14,-1.,-0.));
#7166 = ADVANCED_FACE('',(#7167),#7178,.F.);
#7167 = FACE_BOUND('',#7168,.T.);
#7168 = EDGE_LOOP('',(#7169,#7170,#7176,#7177));
#7169 = ORIENTED_EDGE('',*,*,#1987,.T.);
#7170 = ORIENTED_EDGE('',*,*,#7171,.T.);
#7171 = EDGE_CURVE('',#1988,#4060,#7172,.T.);
#7172 = LINE('',#7173,#7174);
#7173 = CARTESIAN_POINT('',(150.258,-44.929,-4.6E-02));
#7174 = VECTOR('',#7175,1.);
#7175 = DIRECTION('',(0.,0.,1.));
#7176 = ORIENTED_EDGE('',*,*,#4059,.F.);
#7177 = ORIENTED_EDGE('',*,*,#7171,.F.);
#7178 = CYLINDRICAL_SURFACE('',#7179,0.6);
#7179 = AXIS2_PLACEMENT_3D('',#7180,#7181,#7182);
#7180 = CARTESIAN_POINT('',(150.258,-44.329,-4.6E-02));
#7181 = DIRECTION('',(-0.,0.,-1.));
#7182 = DIRECTION('',(4.736951571734E-14,-1.,-0.));
#7183 = ADVANCED_FACE('',(#7184),#7195,.F.);
#7184 = FACE_BOUND('',#7185,.T.);
#7185 = EDGE_LOOP('',(#7186,#7187,#7193,#7194));
#7186 = ORIENTED_EDGE('',*,*,#1998,.T.);
#7187 = ORIENTED_EDGE('',*,*,#7188,.T.);
#7188 = EDGE_CURVE('',#1999,#4071,#7189,.T.);
#7189 = LINE('',#7190,#7191);
#7190 = CARTESIAN_POINT('',(135.,-42.334,-4.6E-02));
#7191 = VECTOR('',#7192,1.);
#7192 = DIRECTION('',(0.,0.,1.));
#7193 = ORIENTED_EDGE('',*,*,#4070,.F.);
#7194 = ORIENTED_EDGE('',*,*,#7188,.F.);
#7195 = CYLINDRICAL_SURFACE('',#7196,2.5);
#7196 = AXIS2_PLACEMENT_3D('',#7197,#7198,#7199);
#7197 = CARTESIAN_POINT('',(135.,-39.834,-4.6E-02));
#7198 = DIRECTION('',(-0.,-0.,-1.));
#7199 = DIRECTION('',(-0.,-1.,0.));
#7200 = ADVANCED_FACE('',(#7201),#7212,.F.);
#7201 = FACE_BOUND('',#7202,.T.);
#7202 = EDGE_LOOP('',(#7203,#7204,#7210,#7211));
#7203 = ORIENTED_EDGE('',*,*,#2009,.T.);
#7204 = ORIENTED_EDGE('',*,*,#7205,.T.);
#7205 = EDGE_CURVE('',#2010,#4082,#7206,.T.);
#7206 = LINE('',#7207,#7208);
#7207 = CARTESIAN_POINT('',(140.741,-40.434,-4.6E-02));
#7208 = VECTOR('',#7209,1.);
#7209 = DIRECTION('',(0.,0.,1.));
#7210 = ORIENTED_EDGE('',*,*,#4081,.F.);
#7211 = ORIENTED_EDGE('',*,*,#7205,.F.);
#7212 = CYLINDRICAL_SURFACE('',#7213,0.6);
#7213 = AXIS2_PLACEMENT_3D('',#7214,#7215,#7216);
#7214 = CARTESIAN_POINT('',(140.741,-39.834,-4.6E-02));
#7215 = DIRECTION('',(-0.,0.,-1.));
#7216 = DIRECTION('',(4.736951571734E-14,-1.,-0.));
#7217 = ADVANCED_FACE('',(#7218),#7229,.F.);
#7218 = FACE_BOUND('',#7219,.T.);
#7219 = EDGE_LOOP('',(#7220,#7221,#7227,#7228));
#7220 = ORIENTED_EDGE('',*,*,#2020,.T.);
#7221 = ORIENTED_EDGE('',*,*,#7222,.T.);
#7222 = EDGE_CURVE('',#2021,#4093,#7223,.T.);
#7223 = LINE('',#7224,#7225);
#7224 = CARTESIAN_POINT('',(150.258,-40.434,-4.6E-02));
#7225 = VECTOR('',#7226,1.);
#7226 = DIRECTION('',(0.,0.,1.));
#7227 = ORIENTED_EDGE('',*,*,#4092,.F.);
#7228 = ORIENTED_EDGE('',*,*,#7222,.F.);
#7229 = CYLINDRICAL_SURFACE('',#7230,0.6);
#7230 = AXIS2_PLACEMENT_3D('',#7231,#7232,#7233);
#7231 = CARTESIAN_POINT('',(150.258,-39.834,-4.6E-02));
#7232 = DIRECTION('',(-0.,0.,-1.));
#7233 = DIRECTION('',(4.736951571734E-14,-1.,-0.));
#7234 = ADVANCED_FACE('',(#7235),#7246,.F.);
#7235 = FACE_BOUND('',#7236,.T.);
#7236 = EDGE_LOOP('',(#7237,#7238,#7244,#7245));
#7237 = ORIENTED_EDGE('',*,*,#2031,.T.);
#7238 = ORIENTED_EDGE('',*,*,#7239,.T.);
#7239 = EDGE_CURVE('',#2032,#4104,#7240,.T.);
#7240 = LINE('',#7241,#7242);
#7241 = CARTESIAN_POINT('',(152.019,-48.434,-4.6E-02));
#7242 = VECTOR('',#7243,1.);
#7243 = DIRECTION('',(0.,0.,1.));
#7244 = ORIENTED_EDGE('',*,*,#4103,.F.);
#7245 = ORIENTED_EDGE('',*,*,#7239,.F.);
#7246 = CYLINDRICAL_SURFACE('',#7247,0.6);
#7247 = AXIS2_PLACEMENT_3D('',#7248,#7249,#7250);
#7248 = CARTESIAN_POINT('',(152.019,-47.834,-4.6E-02));
#7249 = DIRECTION('',(-0.,-0.,-1.));
#7250 = DIRECTION('',(-0.,-1.,0.));
#7251 = ADVANCED_FACE('',(#7252),#7263,.F.);
#7252 = FACE_BOUND('',#7253,.T.);
#7253 = EDGE_LOOP('',(#7254,#7255,#7261,#7262));
#7254 = ORIENTED_EDGE('',*,*,#2042,.T.);
#7255 = ORIENTED_EDGE('',*,*,#7256,.T.);
#7256 = EDGE_CURVE('',#2043,#4115,#7257,.T.);
#7257 = LINE('',#7258,#7259);
#7258 = CARTESIAN_POINT('',(159.987,-48.434,-4.6E-02));
#7259 = VECTOR('',#7260,1.);
#7260 = DIRECTION('',(0.,0.,1.));
#7261 = ORIENTED_EDGE('',*,*,#4114,.F.);
#7262 = ORIENTED_EDGE('',*,*,#7256,.F.);
#7263 = CYLINDRICAL_SURFACE('',#7264,0.6);
#7264 = AXIS2_PLACEMENT_3D('',#7265,#7266,#7267);
#7265 = CARTESIAN_POINT('',(159.987,-47.834,-4.6E-02));
#7266 = DIRECTION('',(-0.,-0.,-1.));
#7267 = DIRECTION('',(-0.,-1.,0.));
#7268 = ADVANCED_FACE('',(#7269),#7280,.F.);
#7269 = FACE_BOUND('',#7270,.T.);
#7270 = EDGE_LOOP('',(#7271,#7272,#7278,#7279));
#7271 = ORIENTED_EDGE('',*,*,#2053,.T.);
#7272 = ORIENTED_EDGE('',*,*,#7273,.T.);
#7273 = EDGE_CURVE('',#2054,#4126,#7274,.T.);
#7274 = LINE('',#7275,#7276);
#7275 = CARTESIAN_POINT('',(161.741,-44.929,-4.6E-02));
#7276 = VECTOR('',#7277,1.);
#7277 = DIRECTION('',(0.,0.,1.));
#7278 = ORIENTED_EDGE('',*,*,#4125,.F.);
#7279 = ORIENTED_EDGE('',*,*,#7273,.F.);
#7280 = CYLINDRICAL_SURFACE('',#7281,0.6);
#7281 = AXIS2_PLACEMENT_3D('',#7282,#7283,#7284);
#7282 = CARTESIAN_POINT('',(161.741,-44.329,-4.6E-02));
#7283 = DIRECTION('',(-0.,0.,-1.));
#7284 = DIRECTION('',(4.736951571734E-14,-1.,-0.));
#7285 = ADVANCED_FACE('',(#7286),#7297,.F.);
#7286 = FACE_BOUND('',#7287,.T.);
#7287 = EDGE_LOOP('',(#7288,#7289,#7295,#7296));
#7288 = ORIENTED_EDGE('',*,*,#2064,.T.);
#7289 = ORIENTED_EDGE('',*,*,#7290,.T.);
#7290 = EDGE_CURVE('',#2065,#4137,#7291,.T.);
#7291 = LINE('',#7292,#7293);
#7292 = CARTESIAN_POINT('',(156.,-42.334,-4.6E-02));
#7293 = VECTOR('',#7294,1.);
#7294 = DIRECTION('',(0.,0.,1.));
#7295 = ORIENTED_EDGE('',*,*,#4136,.F.);
#7296 = ORIENTED_EDGE('',*,*,#7290,.F.);
#7297 = CYLINDRICAL_SURFACE('',#7298,2.5);
#7298 = AXIS2_PLACEMENT_3D('',#7299,#7300,#7301);
#7299 = CARTESIAN_POINT('',(156.,-39.834,-4.6E-02));
#7300 = DIRECTION('',(-0.,-0.,-1.));
#7301 = DIRECTION('',(-0.,-1.,0.));
#7302 = ADVANCED_FACE('',(#7303),#7314,.F.);
#7303 = FACE_BOUND('',#7304,.T.);
#7304 = EDGE_LOOP('',(#7305,#7306,#7312,#7313));
#7305 = ORIENTED_EDGE('',*,*,#2075,.T.);
#7306 = ORIENTED_EDGE('',*,*,#7307,.T.);
#7307 = EDGE_CURVE('',#2076,#4148,#7308,.T.);
#7308 = LINE('',#7309,#7310);
#7309 = CARTESIAN_POINT('',(161.741,-40.434,-4.6E-02));
#7310 = VECTOR('',#7311,1.);
#7311 = DIRECTION('',(0.,0.,1.));
#7312 = ORIENTED_EDGE('',*,*,#4147,.F.);
#7313 = ORIENTED_EDGE('',*,*,#7307,.F.);
#7314 = CYLINDRICAL_SURFACE('',#7315,0.6);
#7315 = AXIS2_PLACEMENT_3D('',#7316,#7317,#7318);
#7316 = CARTESIAN_POINT('',(161.741,-39.834,-4.6E-02));
#7317 = DIRECTION('',(-0.,0.,-1.));
#7318 = DIRECTION('',(4.736951571734E-14,-1.,-0.));
#7319 = ADVANCED_FACE('',(#7320),#7331,.F.);
#7320 = FACE_BOUND('',#7321,.T.);
#7321 = EDGE_LOOP('',(#7322,#7323,#7329,#7330));
#7322 = ORIENTED_EDGE('',*,*,#2086,.T.);
#7323 = ORIENTED_EDGE('',*,*,#7324,.T.);
#7324 = EDGE_CURVE('',#2087,#4159,#7325,.T.);
#7325 = LINE('',#7326,#7327);
#7326 = CARTESIAN_POINT('',(131.019,-32.432,-4.6E-02));
#7327 = VECTOR('',#7328,1.);
#7328 = DIRECTION('',(0.,0.,1.));
#7329 = ORIENTED_EDGE('',*,*,#4158,.F.);
#7330 = ORIENTED_EDGE('',*,*,#7324,.F.);
#7331 = CYLINDRICAL_SURFACE('',#7332,0.6);
#7332 = AXIS2_PLACEMENT_3D('',#7333,#7334,#7335);
#7333 = CARTESIAN_POINT('',(131.019,-31.832,-4.6E-02));
#7334 = DIRECTION('',(-0.,-0.,-1.));
#7335 = DIRECTION('',(-0.,-1.,0.));
#7336 = ADVANCED_FACE('',(#7337),#7348,.F.);
#7337 = FACE_BOUND('',#7338,.T.);
#7338 = EDGE_LOOP('',(#7339,#7340,#7346,#7347));
#7339 = ORIENTED_EDGE('',*,*,#2097,.T.);
#7340 = ORIENTED_EDGE('',*,*,#7341,.T.);
#7341 = EDGE_CURVE('',#2098,#4170,#7342,.T.);
#7342 = LINE('',#7343,#7344);
#7343 = CARTESIAN_POINT('',(138.987,-32.432,-4.6E-02));
#7344 = VECTOR('',#7345,1.);
#7345 = DIRECTION('',(0.,0.,1.));
#7346 = ORIENTED_EDGE('',*,*,#4169,.F.);
#7347 = ORIENTED_EDGE('',*,*,#7341,.F.);
#7348 = CYLINDRICAL_SURFACE('',#7349,0.6);
#7349 = AXIS2_PLACEMENT_3D('',#7350,#7351,#7352);
#7350 = CARTESIAN_POINT('',(138.987,-31.832,-4.6E-02));
#7351 = DIRECTION('',(-0.,-0.,-1.));
#7352 = DIRECTION('',(-0.,-1.,0.));
#7353 = ADVANCED_FACE('',(#7354),#7365,.F.);
#7354 = FACE_BOUND('',#7355,.T.);
#7355 = EDGE_LOOP('',(#7356,#7357,#7363,#7364));
#7356 = ORIENTED_EDGE('',*,*,#2108,.T.);
#7357 = ORIENTED_EDGE('',*,*,#7358,.T.);
#7358 = EDGE_CURVE('',#2109,#4181,#7359,.T.);
#7359 = LINE('',#7360,#7361);
#7360 = CARTESIAN_POINT('',(140.741,-35.94,-4.6E-02));
#7361 = VECTOR('',#7362,1.);
#7362 = DIRECTION('',(0.,0.,1.));
#7363 = ORIENTED_EDGE('',*,*,#4180,.F.);
#7364 = ORIENTED_EDGE('',*,*,#7358,.F.);
#7365 = CYLINDRICAL_SURFACE('',#7366,0.6);
#7366 = AXIS2_PLACEMENT_3D('',#7367,#7368,#7369);
#7367 = CARTESIAN_POINT('',(140.741,-35.34,-4.6E-02));
#7368 = DIRECTION('',(-0.,0.,-1.));
#7369 = DIRECTION('',(4.736951571734E-14,-1.,-0.));
#7370 = ADVANCED_FACE('',(#7371),#7382,.F.);
#7371 = FACE_BOUND('',#7372,.T.);
#7372 = EDGE_LOOP('',(#7373,#7374,#7380,#7381));
#7373 = ORIENTED_EDGE('',*,*,#2119,.T.);
#7374 = ORIENTED_EDGE('',*,*,#7375,.T.);
#7375 = EDGE_CURVE('',#2120,#4192,#7376,.T.);
#7376 = LINE('',#7377,#7378);
#7377 = CARTESIAN_POINT('',(150.258,-35.94,-4.6E-02));
#7378 = VECTOR('',#7379,1.);
#7379 = DIRECTION('',(0.,0.,1.));
#7380 = ORIENTED_EDGE('',*,*,#4191,.F.);
#7381 = ORIENTED_EDGE('',*,*,#7375,.F.);
#7382 = CYLINDRICAL_SURFACE('',#7383,0.6);
#7383 = AXIS2_PLACEMENT_3D('',#7384,#7385,#7386);
#7384 = CARTESIAN_POINT('',(150.258,-35.34,-4.6E-02));
#7385 = DIRECTION('',(-0.,0.,-1.));
#7386 = DIRECTION('',(4.736951571734E-14,-1.,-0.));
#7387 = ADVANCED_FACE('',(#7388),#7399,.F.);
#7388 = FACE_BOUND('',#7389,.T.);
#7389 = EDGE_LOOP('',(#7390,#7391,#7397,#7398));
#7390 = ORIENTED_EDGE('',*,*,#2130,.T.);
#7391 = ORIENTED_EDGE('',*,*,#7392,.T.);
#7392 = EDGE_CURVE('',#2131,#4203,#7393,.T.);
#7393 = LINE('',#7394,#7395);
#7394 = CARTESIAN_POINT('',(135.,-31.444,-4.6E-02));
#7395 = VECTOR('',#7396,1.);
#7396 = DIRECTION('',(0.,0.,1.));
#7397 = ORIENTED_EDGE('',*,*,#4202,.F.);
#7398 = ORIENTED_EDGE('',*,*,#7392,.F.);
#7399 = CYLINDRICAL_SURFACE('',#7400,0.6);
#7400 = AXIS2_PLACEMENT_3D('',#7401,#7402,#7403);
#7401 = CARTESIAN_POINT('',(135.,-30.844,-4.6E-02));
#7402 = DIRECTION('',(-0.,-0.,-1.));
#7403 = DIRECTION('',(-0.,-1.,0.));
#7404 = ADVANCED_FACE('',(#7405),#7416,.F.);
#7405 = FACE_BOUND('',#7406,.T.);
#7406 = EDGE_LOOP('',(#7407,#7408,#7414,#7415));
#7407 = ORIENTED_EDGE('',*,*,#2141,.T.);
#7408 = ORIENTED_EDGE('',*,*,#7409,.T.);
#7409 = EDGE_CURVE('',#2142,#4214,#7410,.T.);
#7410 = LINE('',#7411,#7412);
#7411 = CARTESIAN_POINT('',(161.741,-35.94,-4.6E-02));
#7412 = VECTOR('',#7413,1.);
#7413 = DIRECTION('',(0.,0.,1.));
#7414 = ORIENTED_EDGE('',*,*,#4213,.F.);
#7415 = ORIENTED_EDGE('',*,*,#7409,.F.);
#7416 = CYLINDRICAL_SURFACE('',#7417,0.6);
#7417 = AXIS2_PLACEMENT_3D('',#7418,#7419,#7420);
#7418 = CARTESIAN_POINT('',(161.741,-35.34,-4.6E-02));
#7419 = DIRECTION('',(-0.,0.,-1.));
#7420 = DIRECTION('',(4.736951571734E-14,-1.,-0.));
#7421 = ADVANCED_FACE('',(#7422),#7433,.F.);
#7422 = FACE_BOUND('',#7423,.T.);
#7423 = EDGE_LOOP('',(#7424,#7425,#7431,#7432));
#7424 = ORIENTED_EDGE('',*,*,#2152,.T.);
#7425 = ORIENTED_EDGE('',*,*,#7426,.T.);
#7426 = EDGE_CURVE('',#2153,#4225,#7427,.T.);
#7427 = LINE('',#7428,#7429);
#7428 = CARTESIAN_POINT('',(152.019,-32.432,-4.6E-02));
#7429 = VECTOR('',#7430,1.);
#7430 = DIRECTION('',(0.,0.,1.));
#7431 = ORIENTED_EDGE('',*,*,#4224,.F.);
#7432 = ORIENTED_EDGE('',*,*,#7426,.F.);
#7433 = CYLINDRICAL_SURFACE('',#7434,0.6);
#7434 = AXIS2_PLACEMENT_3D('',#7435,#7436,#7437);
#7435 = CARTESIAN_POINT('',(152.019,-31.832,-4.6E-02));
#7436 = DIRECTION('',(-0.,-0.,-1.));
#7437 = DIRECTION('',(-0.,-1.,0.));
#7438 = ADVANCED_FACE('',(#7439),#7450,.F.);
#7439 = FACE_BOUND('',#7440,.T.);
#7440 = EDGE_LOOP('',(#7441,#7442,#7448,#7449));
#7441 = ORIENTED_EDGE('',*,*,#2163,.T.);
#7442 = ORIENTED_EDGE('',*,*,#7443,.T.);
#7443 = EDGE_CURVE('',#2164,#4236,#7444,.T.);
#7444 = LINE('',#7445,#7446);
#7445 = CARTESIAN_POINT('',(159.987,-32.432,-4.6E-02));
#7446 = VECTOR('',#7447,1.);
#7447 = DIRECTION('',(0.,0.,1.));
#7448 = ORIENTED_EDGE('',*,*,#4235,.F.);
#7449 = ORIENTED_EDGE('',*,*,#7443,.F.);
#7450 = CYLINDRICAL_SURFACE('',#7451,0.6);
#7451 = AXIS2_PLACEMENT_3D('',#7452,#7453,#7454);
#7452 = CARTESIAN_POINT('',(159.987,-31.832,-4.6E-02));
#7453 = DIRECTION('',(-0.,-0.,-1.));
#7454 = DIRECTION('',(-0.,-1.,0.));
#7455 = ADVANCED_FACE('',(#7456),#7467,.F.);
#7456 = FACE_BOUND('',#7457,.T.);
#7457 = EDGE_LOOP('',(#7458,#7459,#7465,#7466));
#7458 = ORIENTED_EDGE('',*,*,#2174,.T.);
#7459 = ORIENTED_EDGE('',*,*,#7460,.T.);
#7460 = EDGE_CURVE('',#2175,#4247,#7461,.T.);
#7461 = LINE('',#7462,#7463);
#7462 = CARTESIAN_POINT('',(156.,-31.444,-4.6E-02));
#7463 = VECTOR('',#7464,1.);
#7464 = DIRECTION('',(0.,0.,1.));
#7465 = ORIENTED_EDGE('',*,*,#4246,.F.);
#7466 = ORIENTED_EDGE('',*,*,#7460,.F.);
#7467 = CYLINDRICAL_SURFACE('',#7468,0.6);
#7468 = AXIS2_PLACEMENT_3D('',#7469,#7470,#7471);
#7469 = CARTESIAN_POINT('',(156.,-30.844,-4.6E-02));
#7470 = DIRECTION('',(-0.,-0.,-1.));
#7471 = DIRECTION('',(-0.,-1.,0.));
#7472 = ADVANCED_FACE('',(#7473),#7484,.F.);
#7473 = FACE_BOUND('',#7474,.T.);
#7474 = EDGE_LOOP('',(#7475,#7476,#7482,#7483));
#7475 = ORIENTED_EDGE('',*,*,#2185,.T.);
#7476 = ORIENTED_EDGE('',*,*,#7477,.T.);
#7477 = EDGE_CURVE('',#2186,#4258,#7478,.T.);
#7478 = LINE('',#7479,#7480);
#7479 = CARTESIAN_POINT('',(125.5,-5.35,-4.6E-02));
#7480 = VECTOR('',#7481,1.);
#7481 = DIRECTION('',(0.,0.,1.));
#7482 = ORIENTED_EDGE('',*,*,#4257,.F.);
#7483 = ORIENTED_EDGE('',*,*,#7477,.F.);
#7484 = CYLINDRICAL_SURFACE('',#7485,1.35);
#7485 = AXIS2_PLACEMENT_3D('',#7486,#7487,#7488);
#7486 = CARTESIAN_POINT('',(125.5,-4.,-4.6E-02));
#7487 = DIRECTION('',(-0.,-0.,-1.));
#7488 = DIRECTION('',(-0.,-1.,0.));
#7489 = ADVANCED_FACE('',(#7490),#7501,.F.);
#7490 = FACE_BOUND('',#7491,.T.);
#7491 = EDGE_LOOP('',(#7492,#7493,#7499,#7500));
#7492 = ORIENTED_EDGE('',*,*,#2196,.T.);
#7493 = ORIENTED_EDGE('',*,*,#7494,.T.);
#7494 = EDGE_CURVE('',#2197,#4269,#7495,.T.);
#7495 = LINE('',#7496,#7497);
#7496 = CARTESIAN_POINT('',(171.,-5.35,-4.6E-02));
#7497 = VECTOR('',#7498,1.);
#7498 = DIRECTION('',(0.,0.,1.));
#7499 = ORIENTED_EDGE('',*,*,#4268,.F.);
#7500 = ORIENTED_EDGE('',*,*,#7494,.F.);
#7501 = CYLINDRICAL_SURFACE('',#7502,1.35);
#7502 = AXIS2_PLACEMENT_3D('',#7503,#7504,#7505);
#7503 = CARTESIAN_POINT('',(171.,-4.,-4.6E-02));
#7504 = DIRECTION('',(-0.,-0.,-1.));
#7505 = DIRECTION('',(-0.,-1.,0.));
#7506 = ( GEOMETRIC_REPRESENTATION_CONTEXT(3) 
GLOBAL_UNCERTAINTY_ASSIGNED_CONTEXT((#7510)) 
GLOBAL_UNIT_ASSIGNED_CONTEXT((#7507,#7508,#7509)) REPRESENTATION_CONTEXT
('Context #1','3D Context with UNIT and UNCERTAINTY') );
#7507 = ( LENGTH_UNIT() NAMED_UNIT(*) SI_UNIT(.MILLI.,.METRE.) );
#7508 = ( NAMED_UNIT(*) PLANE_ANGLE_UNIT() SI_UNIT($,.RADIAN.) );
#7509 = ( NAMED_UNIT(*) SI_UNIT($,.STERADIAN.) SOLID_ANGLE_UNIT() );
#7510 = UNCERTAINTY_MEASURE_WITH_UNIT(LENGTH_MEASURE(1.E-07),#7507,
  'distance_accuracy_value','confusion accuracy');
#7511 = CONTEXT_DEPENDENT_SHAPE_REPRESENTATION(#7512,#7514);
#7512 = ( REPRESENTATION_RELATIONSHIP('','',#32,#10) 
REPRESENTATION_RELATIONSHIP_WITH_TRANSFORMATION(#7513) 
SHAPE_REPRESENTATION_RELATIONSHIP() );
#7513 = ITEM_DEFINED_TRANSFORMATION('','',#11,#15);
#7514 = PRODUCT_DEFINITION_SHAPE('Placement','Placement of an item',
  #7515);
#7515 = NEXT_ASSEMBLY_USAGE_OCCURRENCE('1','=>[0:1:1:2]','',#5,#27,$);
#7516 = PRODUCT_RELATED_PRODUCT_CATEGORY('part',$,(#29));
#7517 = MECHANICAL_DESIGN_GEOMETRIC_PRESENTATION_REPRESENTATION('',(
    #7518),#7506);
#7518 = STYLED_ITEM('color',(#7519),#33);
#7519 = PRESENTATION_STYLE_ASSIGNMENT((#7520));
#7520 = SURFACE_STYLE_USAGE(.BOTH.,#7521);
#7521 = SURFACE_SIDE_STYLE('',(#7522));
#7522 = SURFACE_STYLE_FILL_AREA(#7523);
#7523 = FILL_AREA_STYLE('',(#7524));
#7524 = FILL_AREA_STYLE_COLOUR('',#7525);
#7525 = COLOUR_RGB('',0.313304153717,0.484529207832,0.410020903123);
ENDSEC;
END-ISO-10303-21;
