solid OpenSCAD_Model
  facet normal 1 -0 0
    outer loop
      vertex 7.5 32.6 11.5
      vertex 7.5 42.6 3.5
      vertex 7.5 42.6 11.5
    endloop
  endfacet
  facet normal 1 0 0
    outer loop
      vertex 7.5 42.6 3.5
      vertex 7.5 32.6 11.5
      vertex 7.5 32.6 3.5
    endloop
  endfacet
  facet normal -0 0 1
    outer loop
      vertex -0.5 42.6 11.5
      vertex 7.5 32.6 11.5
      vertex 7.5 42.6 11.5
    endloop
  endfacet
  facet normal 0 0 1
    outer loop
      vertex 7.5 32.6 11.5
      vertex -0.5 42.6 11.5
      vertex -0.5 32.6 11.5
    endloop
  endfacet
  facet normal 0 0 -1
    outer loop
      vertex -0.5 32.6 3.5
      vertex 7.5 42.6 3.5
      vertex 7.5 32.6 3.5
    endloop
  endfacet
  facet normal -0 0 -1
    outer loop
      vertex 7.5 42.6 3.5
      vertex -0.5 32.6 3.5
      vertex -0.5 42.6 3.5
    endloop
  endfacet
  facet normal 1 0 0
    outer loop
      vertex -0.5 32.6 3.5
      vertex -0.5 11.6791 -8.53406
      vertex -0.5 11.7 -8.8
    endloop
  endfacet
  facet normal 1 0 0
    outer loop
      vertex -0.5 32.6 11.5
      vertex -0.5 11.6168 -8.27467
      vertex -0.5 11.6791 -8.53406
    endloop
  endfacet
  facet normal 1 0 0
    outer loop
      vertex -0.5 32.6 11.5
      vertex -0.5 11.5147 -8.02822
      vertex -0.5 11.6168 -8.27467
    endloop
  endfacet
  facet normal 1 0 0
    outer loop
      vertex -0.5 -1 39
      vertex -0.5 11.7341 55.5209
      vertex -0.5 11.4747 55.5832
    endloop
  endfacet
  facet normal 1 0 0
    outer loop
      vertex -0.5 32.6 11.5
      vertex -0.5 11.3753 -7.80077
      vertex -0.5 11.5147 -8.02822
    endloop
  endfacet
  facet normal 1 0 0
    outer loop
      vertex -0.5 -1 39
      vertex -0.5 11.4747 55.5832
      vertex -0.5 11.2282 55.6853
    endloop
  endfacet
  facet normal 1 0 0
    outer loop
      vertex -0.5 32.6 11.5
      vertex -0.5 11.2021 -7.59792
      vertex -0.5 11.3753 -7.80077
    endloop
  endfacet
  facet normal 1 0 0
    outer loop
      vertex -0.5 -1 39
      vertex -0.5 11.2282 55.6853
      vertex -0.5 11.0008 55.8247
    endloop
  endfacet
  facet normal 1 0 0
    outer loop
      vertex -0.5 32.6 11.5
      vertex -0.5 10.9992 -7.42467
      vertex -0.5 11.2021 -7.59792
    endloop
  endfacet
  facet normal 1 0 0
    outer loop
      vertex -0.5 -1 39
      vertex -0.5 11.0008 55.8247
      vertex -0.5 10.7979 55.9979
    endloop
  endfacet
  facet normal 1 0 -0
    outer loop
      vertex -0.5 10 -7.1
      vertex -0.5 32.6 11.5
      vertex -0.5 -1 39
    endloop
  endfacet
  facet normal 1 0 0
    outer loop
      vertex -0.5 -1 39
      vertex -0.5 10.7979 55.9979
      vertex -0.5 10.6247 56.2008
    endloop
  endfacet
  facet normal 1 0 0
    outer loop
      vertex -0.5 32.6 11.5
      vertex -0.5 10.7718 -7.28529
      vertex -0.5 10.9992 -7.42467
    endloop
  endfacet
  facet normal 1 0 0
    outer loop
      vertex -0.5 -1 39
      vertex -0.5 10.6247 56.2008
      vertex -0.5 10.4853 56.4282
    endloop
  endfacet
  facet normal 1 0 0
    outer loop
      vertex -0.5 -1 39
      vertex -0.5 10.4853 56.4282
      vertex -0.5 10.3832 56.6747
    endloop
  endfacet
  facet normal 1 0 0
    outer loop
      vertex -0.5 -1 39
      vertex -0.5 10.3832 56.6747
      vertex -0.5 10.3209 56.9341
    endloop
  endfacet
  facet normal 1 0 0
    outer loop
      vertex -0.5 -1 39
      vertex -0.5 10.3209 56.9341
      vertex -0.5 10.3 57.2
    endloop
  endfacet
  facet normal 1 0 0
    outer loop
      vertex -0.5 32.6 11.5
      vertex -0.5 10.5253 -7.1832
      vertex -0.5 10.7718 -7.28529
    endloop
  endfacet
  facet normal 1 0 0
    outer loop
      vertex -0.5 13.6791 56.9341
      vertex -0.5 42.6 78.5
      vertex -0.5 32.6 78.5
    endloop
  endfacet
  facet normal 1 0 0
    outer loop
      vertex -0.5 42.6 78.5
      vertex -0.5 13.6168 56.6747
      vertex -0.5 42.6 11.5
    endloop
  endfacet
  facet normal 1 0 0
    outer loop
      vertex -0.5 57.5209 108.766
      vertex -0.5 54.3 100.35
      vertex -0.5 57.5 108.5
    endloop
  endfacet
  facet normal 1 0 0
    outer loop
      vertex -0.5 21.6791 108.766
      vertex -0.5 57.5209 108.766
      vertex -0.5 57.5832 109.025
    endloop
  endfacet
  facet normal 1 0 0
    outer loop
      vertex -0.5 54.3 100.35
      vertex -0.5 42.6 85.5
      vertex -0.5 54.3 88.35
    endloop
  endfacet
  facet normal 1 0 0
    outer loop
      vertex -0.5 57.5209 108.766
      vertex -0.5 21.6791 108.766
      vertex -0.5 54.3 100.35
    endloop
  endfacet
  facet normal 1 0 0
    outer loop
      vertex -0.5 21.6168 109.025
      vertex -0.5 57.5832 109.025
      vertex -0.5 57.6853 109.272
    endloop
  endfacet
  facet normal 1 0 0
    outer loop
      vertex -0.5 21.5147 109.272
      vertex -0.5 57.6853 109.272
      vertex -0.5 57.8247 109.499
    endloop
  endfacet
  facet normal 1 -0 0
    outer loop
      vertex -0.5 21.6168 107.975
      vertex -0.5 54.3 100.35
      vertex -0.5 21.6791 108.234
    endloop
  endfacet
  facet normal 1 0 0
    outer loop
      vertex -0.5 21.3753 109.499
      vertex -0.5 57.8247 109.499
      vertex -0.5 57.9979 109.702
    endloop
  endfacet
  facet normal 1 0 0
    outer loop
      vertex -0.5 13.7 57.2
      vertex -0.5 32.6 78.5
      vertex -0.5 32.6 85.5
    endloop
  endfacet
  facet normal 1 0 0
    outer loop
      vertex -0.5 42.6 78.5
      vertex -0.5 13.6791 56.9341
      vertex -0.5 13.6168 56.6747
    endloop
  endfacet
  facet normal 1 0 -0
    outer loop
      vertex -0.5 32.6 85.5
      vertex -0.5 54.3 100.35
      vertex -0.5 21.6168 107.975
    endloop
  endfacet
  facet normal 1 0 0
    outer loop
      vertex -0.5 54.3 100.35
      vertex -0.5 21.7 108.5
      vertex -0.5 21.6791 108.234
    endloop
  endfacet
  facet normal 1 0 0
    outer loop
      vertex -0.5 21.2021 109.702
      vertex -0.5 57.9979 109.702
      vertex -0.5 58.2008 109.875
    endloop
  endfacet
  facet normal 1 0 0
    outer loop
      vertex -0.5 20.9992 109.875
      vertex -0.5 58.2008 109.875
      vertex -0.5 58.4042 110
    endloop
  endfacet
  facet normal 1 0 0
    outer loop
      vertex -0.5 54.3 100.35
      vertex -0.5 21.6791 108.766
      vertex -0.5 21.7 108.5
    endloop
  endfacet
  facet normal 1 0 0
    outer loop
      vertex -0.5 57.5832 109.025
      vertex -0.5 21.6168 109.025
      vertex -0.5 21.6791 108.766
    endloop
  endfacet
  facet normal 1 0 0
    outer loop
      vertex -0.5 57.6853 109.272
      vertex -0.5 21.5147 109.272
      vertex -0.5 21.6168 109.025
    endloop
  endfacet
  facet normal 1 0 0
    outer loop
      vertex -0.5 57.8247 109.499
      vertex -0.5 21.3753 109.499
      vertex -0.5 21.5147 109.272
    endloop
  endfacet
  facet normal 1 0 0
    outer loop
      vertex -0.5 57.9979 109.702
      vertex -0.5 21.2021 109.702
      vertex -0.5 21.3753 109.499
    endloop
  endfacet
  facet normal 1 0 0
    outer loop
      vertex -0.5 58.2008 109.875
      vertex -0.5 20.9992 109.875
      vertex -0.5 21.2021 109.702
    endloop
  endfacet
  facet normal 1 0 -0
    outer loop
      vertex -0.5 20.9992 109.875
      vertex -0.5 58.4042 110
      vertex -0.5 20.7958 110
    endloop
  endfacet
  facet normal 1 0 0
    outer loop
      vertex -0.5 60.8791 108.234
      vertex -0.5 71.2 110
      vertex -0.5 60.9 108.5
    endloop
  endfacet
  facet normal 1 0 0
    outer loop
      vertex -0.5 71.2 110
      vertex -0.5 60.8791 108.766
      vertex -0.5 60.9 108.5
    endloop
  endfacet
  facet normal 1 0 0
    outer loop
      vertex -0.5 71.2 110
      vertex -0.5 60.8168 109.025
      vertex -0.5 60.8791 108.766
    endloop
  endfacet
  facet normal 1 0 0
    outer loop
      vertex -0.5 71.2 110
      vertex -0.5 60.7147 109.272
      vertex -0.5 60.8168 109.025
    endloop
  endfacet
  facet normal 1 0 0
    outer loop
      vertex -0.5 71.2 110
      vertex -0.5 60.5753 109.499
      vertex -0.5 60.7147 109.272
    endloop
  endfacet
  facet normal 1 0 0
    outer loop
      vertex -0.5 71.2 110
      vertex -0.5 60.4021 109.702
      vertex -0.5 60.5753 109.499
    endloop
  endfacet
  facet normal 1 0 0
    outer loop
      vertex -0.5 71.2 110
      vertex -0.5 60.1992 109.875
      vertex -0.5 60.4021 109.702
    endloop
  endfacet
  facet normal 1 0 -0
    outer loop
      vertex -0.5 60.1992 109.875
      vertex -0.5 71.2 110
      vertex -0.5 59.9958 110
    endloop
  endfacet
  facet normal 1 0 0
    outer loop
      vertex -0.5 60.8168 107.975
      vertex -0.5 71.2 110
      vertex -0.5 60.8791 108.234
    endloop
  endfacet
  facet normal 1 0 0
    outer loop
      vertex -0.5 60.7147 107.728
      vertex -0.5 71.2 110
      vertex -0.5 60.8168 107.975
    endloop
  endfacet
  facet normal 1 0 0
    outer loop
      vertex -0.5 71.2 110
      vertex -0.5 60.7147 107.728
      vertex -0.5 71.2 100.35
    endloop
  endfacet
  facet normal 1 -0 0
    outer loop
      vertex -0.5 60.5753 107.501
      vertex -0.5 71.2 100.35
      vertex -0.5 60.7147 107.728
    endloop
  endfacet
  facet normal 1 -0 0
    outer loop
      vertex -0.5 60.4021 107.298
      vertex -0.5 71.2 100.35
      vertex -0.5 60.5753 107.501
    endloop
  endfacet
  facet normal 1 -0 0
    outer loop
      vertex -0.5 60.1992 107.125
      vertex -0.5 71.2 100.35
      vertex -0.5 60.4021 107.298
    endloop
  endfacet
  facet normal 1 -0 0
    outer loop
      vertex -0.5 59.9718 106.985
      vertex -0.5 71.2 100.35
      vertex -0.5 60.1992 107.125
    endloop
  endfacet
  facet normal 1 -0 0
    outer loop
      vertex -0.5 59.7253 106.883
      vertex -0.5 71.2 100.35
      vertex -0.5 59.9718 106.985
    endloop
  endfacet
  facet normal 1 0 0
    outer loop
      vertex -0.5 54.3 100.35
      vertex -0.5 59.7253 106.883
      vertex -0.5 59.4659 106.821
    endloop
  endfacet
  facet normal 1 0 0
    outer loop
      vertex -0.5 54.3 100.35
      vertex -0.5 59.4659 106.821
      vertex -0.5 59.2 106.8
    endloop
  endfacet
  facet normal 1 0 0
    outer loop
      vertex -0.5 54.3 100.35
      vertex -0.5 59.2 106.8
      vertex -0.5 58.9341 106.821
    endloop
  endfacet
  facet normal 1 0 0
    outer loop
      vertex -0.5 54.3 100.35
      vertex -0.5 58.9341 106.821
      vertex -0.5 58.6747 106.883
    endloop
  endfacet
  facet normal 1 0 0
    outer loop
      vertex -0.5 54.3 100.35
      vertex -0.5 58.6747 106.883
      vertex -0.5 58.4282 106.985
    endloop
  endfacet
  facet normal 1 0 0
    outer loop
      vertex -0.5 59.7253 106.883
      vertex -0.5 54.3 100.35
      vertex -0.5 71.2 100.35
    endloop
  endfacet
  facet normal 1 0 0
    outer loop
      vertex -0.5 58.2008 107.125
      vertex -0.5 54.3 100.35
      vertex -0.5 58.4282 106.985
    endloop
  endfacet
  facet normal 1 0 0
    outer loop
      vertex -0.5 57.9979 107.298
      vertex -0.5 54.3 100.35
      vertex -0.5 58.2008 107.125
    endloop
  endfacet
  facet normal 1 0 0
    outer loop
      vertex -0.5 57.8247 107.501
      vertex -0.5 54.3 100.35
      vertex -0.5 57.9979 107.298
    endloop
  endfacet
  facet normal 1 0 0
    outer loop
      vertex -0.5 57.6853 107.728
      vertex -0.5 54.3 100.35
      vertex -0.5 57.8247 107.501
    endloop
  endfacet
  facet normal 1 0 0
    outer loop
      vertex -0.5 57.5832 107.975
      vertex -0.5 54.3 100.35
      vertex -0.5 57.6853 107.728
    endloop
  endfacet
  facet normal 1 0 0
    outer loop
      vertex -0.5 57.5209 108.234
      vertex -0.5 54.3 100.35
      vertex -0.5 57.5832 107.975
    endloop
  endfacet
  facet normal 1 0 0
    outer loop
      vertex -0.5 54.3 100.35
      vertex -0.5 57.5209 108.234
      vertex -0.5 57.5 108.5
    endloop
  endfacet
  facet normal 1 0 0
    outer loop
      vertex -0.5 6.35445 110
      vertex -0.5 18.3 108.5
      vertex -0.5 18.3209 108.766
    endloop
  endfacet
  facet normal 1 0 0
    outer loop
      vertex -0.5 18.3 108.5
      vertex -0.5 13.6791 57.4659
      vertex -0.5 13.7 57.2
    endloop
  endfacet
  facet normal 1 0 0
    outer loop
      vertex -0.5 18.3 108.5
      vertex -0.5 13.6168 57.7253
      vertex -0.5 13.6791 57.4659
    endloop
  endfacet
  facet normal 1 0 0
    outer loop
      vertex -0.5 18.3 108.5
      vertex -0.5 13.5147 57.9718
      vertex -0.5 13.6168 57.7253
    endloop
  endfacet
  facet normal 1 0 0
    outer loop
      vertex -0.5 18.3 108.5
      vertex -0.5 13.3753 58.1992
      vertex -0.5 13.5147 57.9718
    endloop
  endfacet
  facet normal 1 0 0
    outer loop
      vertex -0.5 18.3 108.5
      vertex -0.5 13.2021 58.4021
      vertex -0.5 13.3753 58.1992
    endloop
  endfacet
  facet normal 1 0 0
    outer loop
      vertex -0.5 18.3 108.5
      vertex -0.5 12.9992 58.5753
      vertex -0.5 13.2021 58.4021
    endloop
  endfacet
  facet normal 1 0 0
    outer loop
      vertex -0.5 18.3 108.5
      vertex -0.5 12.7718 58.7147
      vertex -0.5 12.9992 58.5753
    endloop
  endfacet
  facet normal 1 0 0
    outer loop
      vertex -0.5 18.3 108.5
      vertex -0.5 -1 75.4
      vertex -0.5 12.7718 58.7147
    endloop
  endfacet
  facet normal 1 0 0
    outer loop
      vertex -0.5 12.7718 58.7147
      vertex -0.5 -1 75.4
      vertex -0.5 12.5253 58.8168
    endloop
  endfacet
  facet normal 1 0 0
    outer loop
      vertex -0.5 12.5253 58.8168
      vertex -0.5 -1 75.4
      vertex -0.5 12.2659 58.8791
    endloop
  endfacet
  facet normal 1 0 0
    outer loop
      vertex -0.5 12.2659 58.8791
      vertex -0.5 -1 75.4
      vertex -0.5 12 58.9
    endloop
  endfacet
  facet normal 1 0 0
    outer loop
      vertex -0.5 12 58.9
      vertex -0.5 -1 75.4
      vertex -0.5 11.7341 58.8791
    endloop
  endfacet
  facet normal 1 0 0
    outer loop
      vertex -0.5 11.7341 58.8791
      vertex -0.5 -1 75.4
      vertex -0.5 11.4747 58.8168
    endloop
  endfacet
  facet normal 1 0 0
    outer loop
      vertex -0.5 11.4747 58.8168
      vertex -0.5 -1 75.4
      vertex -0.5 11.2282 58.7147
    endloop
  endfacet
  facet normal 1 0 0
    outer loop
      vertex -0.5 11.2282 58.7147
      vertex -0.5 -1 75.4
      vertex -0.5 11.0008 58.5753
    endloop
  endfacet
  facet normal 1 0 0
    outer loop
      vertex -0.5 11.0008 58.5753
      vertex -0.5 -1 75.4
      vertex -0.5 10.7979 58.4021
    endloop
  endfacet
  facet normal 1 0 0
    outer loop
      vertex -0.5 10.7979 58.4021
      vertex -0.5 -1 75.4
      vertex -0.5 10.6247 58.1992
    endloop
  endfacet
  facet normal 1 0 0
    outer loop
      vertex -0.5 10.6247 58.1992
      vertex -0.5 -1 75.4
      vertex -0.5 10.4853 57.9718
    endloop
  endfacet
  facet normal 1 0 0
    outer loop
      vertex -0.5 10.4853 57.9718
      vertex -0.5 -1 75.4
      vertex -0.5 10.3832 57.7253
    endloop
  endfacet
  facet normal 1 0 0
    outer loop
      vertex -0.5 32.6 11.5
      vertex -0.5 10.2659 -7.12093
      vertex -0.5 10.5253 -7.1832
    endloop
  endfacet
  facet normal 1 0 0
    outer loop
      vertex -0.5 32.6 11.5
      vertex -0.5 10 -7.1
      vertex -0.5 10.2659 -7.12093
    endloop
  endfacet
  facet normal 1 0 0
    outer loop
      vertex -0.5 10 -7.1
      vertex -0.5 -1 39
      vertex -0.5 9.73406 -7.12093
    endloop
  endfacet
  facet normal 1 0 0
    outer loop
      vertex -0.5 9.73406 -7.12093
      vertex -0.5 -1 39
      vertex -0.5 9.47467 -7.1832
    endloop
  endfacet
  facet normal 1 0 0
    outer loop
      vertex -0.5 9.47467 -7.1832
      vertex -0.5 -1 39
      vertex -0.5 9.22822 -7.28529
    endloop
  endfacet
  facet normal 1 0 0
    outer loop
      vertex -0.5 -10.8414 -7.29999
      vertex -0.5 9.22822 -7.28529
      vertex -0.5 -1 39
    endloop
  endfacet
  facet normal 1 0 0
    outer loop
      vertex -0.5 9.22822 -7.28529
      vertex -0.5 -10.8414 -7.29999
      vertex -0.5 9.00076 -7.42467
    endloop
  endfacet
  facet normal 1 0 0
    outer loop
      vertex -0.5 9.00076 -7.42467
      vertex -0.5 -10.8414 -7.29999
      vertex -0.5 8.79792 -7.59792
    endloop
  endfacet
  facet normal 1 0 0
    outer loop
      vertex -0.5 8.79792 -7.59792
      vertex -0.5 -10.8414 -7.29999
      vertex -0.5 8.62467 -7.80077
    endloop
  endfacet
  facet normal 1 0 0
    outer loop
      vertex -0.5 8.62467 -7.80077
      vertex -0.5 -10.8414 -7.29999
      vertex -0.5 8.48529 -8.02822
    endloop
  endfacet
  facet normal 1 0 0
    outer loop
      vertex -0.5 8.48529 -8.02822
      vertex -0.5 -10.8414 -7.29999
      vertex -0.5 8.3832 -8.27467
    endloop
  endfacet
  facet normal 1 0 0
    outer loop
      vertex -0.5 10.3209 57.4659
      vertex -0.5 -1 75.4
      vertex -0.5 10.3 57.2
    endloop
  endfacet
  facet normal 1 0 0
    outer loop
      vertex -0.5 10.3832 57.7253
      vertex -0.5 -1 75.4
      vertex -0.5 10.3209 57.4659
    endloop
  endfacet
  facet normal 1 0 0
    outer loop
      vertex -0.5 18.3 108.5
      vertex -0.5 6.35445 110
      vertex -0.5 -1 75.4
    endloop
  endfacet
  facet normal 1 0 0
    outer loop
      vertex -0.5 18.3832 109.025
      vertex -0.5 6.35445 110
      vertex -0.5 18.3209 108.766
    endloop
  endfacet
  facet normal 1 0 0
    outer loop
      vertex -0.5 18.4853 109.272
      vertex -0.5 6.35445 110
      vertex -0.5 18.3832 109.025
    endloop
  endfacet
  facet normal 1 0 0
    outer loop
      vertex -0.5 18.6247 109.499
      vertex -0.5 6.35445 110
      vertex -0.5 18.4853 109.272
    endloop
  endfacet
  facet normal 1 0 0
    outer loop
      vertex -0.5 18.7979 109.702
      vertex -0.5 6.35445 110
      vertex -0.5 18.6247 109.499
    endloop
  endfacet
  facet normal 1 0 0
    outer loop
      vertex -0.5 19.0008 109.875
      vertex -0.5 6.35445 110
      vertex -0.5 18.7979 109.702
    endloop
  endfacet
  facet normal 1 -0 0
    outer loop
      vertex -0.5 6.35445 110
      vertex -0.5 19.0008 109.875
      vertex -0.5 19.2042 110
    endloop
  endfacet
  facet normal 1 -0 0
    outer loop
      vertex -0.5 42.6 11.5
      vertex -0.5 71.2 -10.3
      vertex -0.5 71.2 88.35
    endloop
  endfacet
  facet normal 1 0 0
    outer loop
      vertex -0.5 71.2 -10.3
      vertex -0.5 60.8791 -8.53406
      vertex -0.5 60.9 -8.8
    endloop
  endfacet
  facet normal 1 0 0
    outer loop
      vertex -0.5 71.2 -10.3
      vertex -0.5 60.8168 -8.27467
      vertex -0.5 60.8791 -8.53406
    endloop
  endfacet
  facet normal 1 0 0
    outer loop
      vertex -0.5 71.2 -10.3
      vertex -0.5 60.7147 -8.02822
      vertex -0.5 60.8168 -8.27467
    endloop
  endfacet
  facet normal 1 0 0
    outer loop
      vertex -0.5 71.2 -10.3
      vertex -0.5 60.5753 -7.80077
      vertex -0.5 60.7147 -8.02822
    endloop
  endfacet
  facet normal 1 0 0
    outer loop
      vertex -0.5 71.2 -10.3
      vertex -0.5 60.4021 -7.59792
      vertex -0.5 60.5753 -7.80077
    endloop
  endfacet
  facet normal 1 0 0
    outer loop
      vertex -0.5 71.2 -10.3
      vertex -0.5 60.1992 -7.42467
      vertex -0.5 60.4021 -7.59792
    endloop
  endfacet
  facet normal 1 -0 -0
    outer loop
      vertex -0.5 59.9718 -7.28529
      vertex -0.5 71.2 -10.3
      vertex -0.5 42.6 11.5
    endloop
  endfacet
  facet normal 1 0 0
    outer loop
      vertex -0.5 71.2 -10.3
      vertex -0.5 59.9718 -7.28529
      vertex -0.5 60.1992 -7.42467
    endloop
  endfacet
  facet normal 1 0 0
    outer loop
      vertex -0.5 59.9718 -7.28529
      vertex -0.5 42.6 11.5
      vertex -0.5 59.7253 -7.1832
    endloop
  endfacet
  facet normal 1 0 0
    outer loop
      vertex -0.5 59.7253 -7.1832
      vertex -0.5 42.6 11.5
      vertex -0.5 59.4659 -7.12093
    endloop
  endfacet
  facet normal 1 0 0
    outer loop
      vertex -0.5 59.4659 -7.12093
      vertex -0.5 42.6 11.5
      vertex -0.5 59.2 -7.1
    endloop
  endfacet
  facet normal 1 0 0
    outer loop
      vertex -0.5 59.2 -7.1
      vertex -0.5 42.6 11.5
      vertex -0.5 58.9341 -7.12093
    endloop
  endfacet
  facet normal 1 -0 0
    outer loop
      vertex -0.5 42.6 3.5
      vertex -0.5 58.9341 -7.12093
      vertex -0.5 42.6 11.5
    endloop
  endfacet
  facet normal 1 0 0
    outer loop
      vertex -0.5 58.9341 -7.12093
      vertex -0.5 42.6 3.5
      vertex -0.5 58.6747 -7.1832
    endloop
  endfacet
  facet normal 1 0 0
    outer loop
      vertex -0.5 58.6747 -7.1832
      vertex -0.5 42.6 3.5
      vertex -0.5 58.4282 -7.28529
    endloop
  endfacet
  facet normal 1 0 0
    outer loop
      vertex -0.5 58.4282 -7.28529
      vertex -0.5 42.6 3.5
      vertex -0.5 58.2008 -7.42467
    endloop
  endfacet
  facet normal 1 0 0
    outer loop
      vertex -0.5 58.2008 -7.42467
      vertex -0.5 42.6 3.5
      vertex -0.5 57.9979 -7.59792
    endloop
  endfacet
  facet normal 1 0 0
    outer loop
      vertex -0.5 57.9979 -7.59792
      vertex -0.5 42.6 3.5
      vertex -0.5 57.8247 -7.80077
    endloop
  endfacet
  facet normal 1 0 0
    outer loop
      vertex -0.5 57.8247 -7.80077
      vertex -0.5 42.6 3.5
      vertex -0.5 57.6853 -8.02822
    endloop
  endfacet
  facet normal 1 0 0
    outer loop
      vertex -0.5 57.6853 -8.02822
      vertex -0.5 42.6 3.5
      vertex -0.5 57.5832 -8.27467
    endloop
  endfacet
  facet normal 1 0 0
    outer loop
      vertex -0.5 42.6 11.5
      vertex -0.5 71.2 88.35
      vertex -0.5 54.3 88.35
    endloop
  endfacet
  facet normal 1 -0 0
    outer loop
      vertex -0.5 60.8791 -9.06594
      vertex -0.5 71.2 -10.3
      vertex -0.5 60.9 -8.8
    endloop
  endfacet
  facet normal 1 -0 0
    outer loop
      vertex -0.5 60.8168 -9.32533
      vertex -0.5 71.2 -10.3
      vertex -0.5 60.8791 -9.06594
    endloop
  endfacet
  facet normal 1 -0 0
    outer loop
      vertex -0.5 60.7147 -9.57178
      vertex -0.5 71.2 -10.3
      vertex -0.5 60.8168 -9.32533
    endloop
  endfacet
  facet normal 1 -0 0
    outer loop
      vertex -0.5 60.5753 -9.79923
      vertex -0.5 71.2 -10.3
      vertex -0.5 60.7147 -9.57178
    endloop
  endfacet
  facet normal 1 -0 0
    outer loop
      vertex -0.5 60.4021 -10.0021
      vertex -0.5 71.2 -10.3
      vertex -0.5 60.5753 -9.79923
    endloop
  endfacet
  facet normal 1 -0 0
    outer loop
      vertex -0.5 60.1992 -10.1753
      vertex -0.5 71.2 -10.3
      vertex -0.5 60.4021 -10.0021
    endloop
  endfacet
  facet normal 1 0 0
    outer loop
      vertex -0.5 71.2 -10.3
      vertex -0.5 60.1992 -10.1753
      vertex -0.5 59.9958 -10.3
    endloop
  endfacet
  facet normal 1 0 0
    outer loop
      vertex -0.5 42.6 78.5
      vertex -0.5 54.3 88.35
      vertex -0.5 42.6 85.5
    endloop
  endfacet
  facet normal 1 0 0
    outer loop
      vertex -0.5 42.6 11.5
      vertex -0.5 54.3 88.35
      vertex -0.5 42.6 78.5
    endloop
  endfacet
  facet normal 1 0 0
    outer loop
      vertex -0.5 57.5832 -8.27467
      vertex -0.5 42.6 3.5
      vertex -0.5 57.5209 -8.53406
    endloop
  endfacet
  facet normal 1 0 0
    outer loop
      vertex -0.5 57.5209 -8.53406
      vertex -0.5 42.6 3.5
      vertex -0.5 57.5 -8.8
    endloop
  endfacet
  facet normal 1 0 0
    outer loop
      vertex -0.5 57.5 -8.8
      vertex -0.5 42.6 3.5
      vertex -0.5 57.5209 -9.06594
    endloop
  endfacet
  facet normal 1 0 0
    outer loop
      vertex -0.5 57.5209 -9.06594
      vertex -0.5 42.6 3.5
      vertex -0.5 57.5832 -9.32533
    endloop
  endfacet
  facet normal 1 -0 0
    outer loop
      vertex -0.5 32.6 3.5
      vertex -0.5 57.5832 -9.32533
      vertex -0.5 42.6 3.5
    endloop
  endfacet
  facet normal 1 0 0
    outer loop
      vertex -0.5 57.5832 -9.32533
      vertex -0.5 32.6 3.5
      vertex -0.5 57.6853 -9.57178
    endloop
  endfacet
  facet normal 1 0 0
    outer loop
      vertex -0.5 11.5147 -9.57178
      vertex -0.5 57.6853 -9.57178
      vertex -0.5 32.6 3.5
    endloop
  endfacet
  facet normal 1 0 0
    outer loop
      vertex -0.5 57.6853 -9.57178
      vertex -0.5 11.5147 -9.57178
      vertex -0.5 57.8247 -9.79923
    endloop
  endfacet
  facet normal 1 0 0
    outer loop
      vertex -0.5 11.3753 -9.79923
      vertex -0.5 57.8247 -9.79923
      vertex -0.5 11.5147 -9.57178
    endloop
  endfacet
  facet normal 1 0 0
    outer loop
      vertex -0.5 57.8247 -9.79923
      vertex -0.5 11.3753 -9.79923
      vertex -0.5 57.9979 -10.0021
    endloop
  endfacet
  facet normal 1 0 0
    outer loop
      vertex -0.5 54.3 100.35
      vertex -0.5 32.6 85.5
      vertex -0.5 42.6 85.5
    endloop
  endfacet
  facet normal 1 -0 0
    outer loop
      vertex -0.5 21.5147 107.728
      vertex -0.5 32.6 85.5
      vertex -0.5 21.6168 107.975
    endloop
  endfacet
  facet normal 1 -0 0
    outer loop
      vertex -0.5 21.3753 107.501
      vertex -0.5 32.6 85.5
      vertex -0.5 21.5147 107.728
    endloop
  endfacet
  facet normal 1 -0 0
    outer loop
      vertex -0.5 21.2021 107.298
      vertex -0.5 32.6 85.5
      vertex -0.5 21.3753 107.501
    endloop
  endfacet
  facet normal 1 -0 0
    outer loop
      vertex -0.5 20.9992 107.125
      vertex -0.5 32.6 85.5
      vertex -0.5 21.2021 107.298
    endloop
  endfacet
  facet normal 1 -0 0
    outer loop
      vertex -0.5 20.7718 106.985
      vertex -0.5 32.6 85.5
      vertex -0.5 20.9992 107.125
    endloop
  endfacet
  facet normal 1 -0 0
    outer loop
      vertex -0.5 20.5253 106.883
      vertex -0.5 32.6 85.5
      vertex -0.5 20.7718 106.985
    endloop
  endfacet
  facet normal 1 -0 0
    outer loop
      vertex -0.5 20.2659 106.821
      vertex -0.5 32.6 85.5
      vertex -0.5 20.5253 106.883
    endloop
  endfacet
  facet normal 1 -0 0
    outer loop
      vertex -0.5 20 106.8
      vertex -0.5 32.6 85.5
      vertex -0.5 20.2659 106.821
    endloop
  endfacet
  facet normal 1 0 0
    outer loop
      vertex -0.5 19.7341 106.821
      vertex -0.5 32.6 85.5
      vertex -0.5 20 106.8
    endloop
  endfacet
  facet normal 1 0 0
    outer loop
      vertex -0.5 19.4747 106.883
      vertex -0.5 32.6 85.5
      vertex -0.5 19.7341 106.821
    endloop
  endfacet
  facet normal 1 0 0
    outer loop
      vertex -0.5 19.2282 106.985
      vertex -0.5 32.6 85.5
      vertex -0.5 19.4747 106.883
    endloop
  endfacet
  facet normal 1 0 0
    outer loop
      vertex -0.5 32.6 85.5
      vertex -0.5 19.2282 106.985
      vertex -0.5 13.7 57.2
    endloop
  endfacet
  facet normal 1 0 0
    outer loop
      vertex -0.5 13.7 57.2
      vertex -0.5 19.2282 106.985
      vertex -0.5 19.0008 107.125
    endloop
  endfacet
  facet normal 1 0 0
    outer loop
      vertex -0.5 13.7 57.2
      vertex -0.5 19.0008 107.125
      vertex -0.5 18.7979 107.298
    endloop
  endfacet
  facet normal 1 0 0
    outer loop
      vertex -0.5 13.7 57.2
      vertex -0.5 18.7979 107.298
      vertex -0.5 18.6247 107.501
    endloop
  endfacet
  facet normal 1 0 0
    outer loop
      vertex -0.5 13.7 57.2
      vertex -0.5 18.6247 107.501
      vertex -0.5 18.4853 107.728
    endloop
  endfacet
  facet normal 1 0 0
    outer loop
      vertex -0.5 13.7 57.2
      vertex -0.5 18.4853 107.728
      vertex -0.5 18.3832 107.975
    endloop
  endfacet
  facet normal 1 0 0
    outer loop
      vertex -0.5 13.7 57.2
      vertex -0.5 18.3832 107.975
      vertex -0.5 18.3209 108.234
    endloop
  endfacet
  facet normal 1 0 0
    outer loop
      vertex -0.5 13.7 57.2
      vertex -0.5 18.3209 108.234
      vertex -0.5 18.3 108.5
    endloop
  endfacet
  facet normal 1 0 0
    outer loop
      vertex -0.5 32.6 78.5
      vertex -0.5 13.7 57.2
      vertex -0.5 13.6791 56.9341
    endloop
  endfacet
  facet normal 1 -0 0
    outer loop
      vertex -0.5 13.5147 56.4282
      vertex -0.5 42.6 11.5
      vertex -0.5 13.6168 56.6747
    endloop
  endfacet
  facet normal 1 -0 0
    outer loop
      vertex -0.5 13.3753 56.2008
      vertex -0.5 42.6 11.5
      vertex -0.5 13.5147 56.4282
    endloop
  endfacet
  facet normal 1 0 0
    outer loop
      vertex -0.5 42.6 11.5
      vertex -0.5 13.3753 56.2008
      vertex -0.5 32.6 11.5
    endloop
  endfacet
  facet normal 1 -0 0
    outer loop
      vertex -0.5 13.2021 55.9979
      vertex -0.5 32.6 11.5
      vertex -0.5 13.3753 56.2008
    endloop
  endfacet
  facet normal 1 -0 0
    outer loop
      vertex -0.5 12.9992 55.8247
      vertex -0.5 32.6 11.5
      vertex -0.5 13.2021 55.9979
    endloop
  endfacet
  facet normal 1 -0 0
    outer loop
      vertex -0.5 12.7718 55.6853
      vertex -0.5 32.6 11.5
      vertex -0.5 12.9992 55.8247
    endloop
  endfacet
  facet normal 1 0 0
    outer loop
      vertex -0.5 -1 39
      vertex -0.5 12.7718 55.6853
      vertex -0.5 12.5253 55.5832
    endloop
  endfacet
  facet normal 1 0 0
    outer loop
      vertex -0.5 -1 39
      vertex -0.5 12.5253 55.5832
      vertex -0.5 12.2659 55.5209
    endloop
  endfacet
  facet normal 1 0 0
    outer loop
      vertex -0.5 -1 39
      vertex -0.5 12.2659 55.5209
      vertex -0.5 12 55.5
    endloop
  endfacet
  facet normal 1 0 0
    outer loop
      vertex -0.5 -1 39
      vertex -0.5 12 55.5
      vertex -0.5 11.7341 55.5209
    endloop
  endfacet
  facet normal 1 0 0
    outer loop
      vertex -0.5 12.7718 55.6853
      vertex -0.5 -1 39
      vertex -0.5 32.6 11.5
    endloop
  endfacet
  facet normal 1 0 0
    outer loop
      vertex -0.5 11.6791 -8.53406
      vertex -0.5 32.6 3.5
      vertex -0.5 32.6 11.5
    endloop
  endfacet
  facet normal 1 0 0
    outer loop
      vertex -0.5 11.6791 -9.06594
      vertex -0.5 32.6 3.5
      vertex -0.5 11.7 -8.8
    endloop
  endfacet
  facet normal 1 0 0
    outer loop
      vertex -0.5 11.6168 -9.32533
      vertex -0.5 32.6 3.5
      vertex -0.5 11.6791 -9.06594
    endloop
  endfacet
  facet normal 1 0 0
    outer loop
      vertex -0.5 11.5147 -9.57178
      vertex -0.5 32.6 3.5
      vertex -0.5 11.6168 -9.32533
    endloop
  endfacet
  facet normal 1 0 0
    outer loop
      vertex -0.5 11.2021 -10.0021
      vertex -0.5 57.9979 -10.0021
      vertex -0.5 11.3753 -9.79923
    endloop
  endfacet
  facet normal 1 0 0
    outer loop
      vertex -0.5 57.9979 -10.0021
      vertex -0.5 11.2021 -10.0021
      vertex -0.5 58.2008 -10.1753
    endloop
  endfacet
  facet normal 1 0 0
    outer loop
      vertex -0.5 10.9992 -10.1753
      vertex -0.5 58.2008 -10.1753
      vertex -0.5 11.2021 -10.0021
    endloop
  endfacet
  facet normal 1 0 0
    outer loop
      vertex -0.5 58.2008 -10.1753
      vertex -0.5 10.9992 -10.1753
      vertex -0.5 58.4042 -10.3
    endloop
  endfacet
  facet normal 1 0 0
    outer loop
      vertex -0.5 58.4042 -10.3
      vertex -0.5 10.9992 -10.1753
      vertex -0.5 10.7958 -10.3
    endloop
  endfacet
  facet normal 1 0 0
    outer loop
      vertex -0.5 10.3 57.2
      vertex -0.5 -1 75.4
      vertex -0.5 -1 39
    endloop
  endfacet
  facet normal 1 0 0
    outer loop
      vertex -0.5 8.3832 -8.27467
      vertex -0.5 -10.8414 -7.29999
      vertex -0.5 8.32093 -8.53406
    endloop
  endfacet
  facet normal 1 0 0
    outer loop
      vertex -0.5 8.32093 -8.53406
      vertex -0.5 -10.8414 -7.29999
      vertex -0.5 8.3 -8.8
    endloop
  endfacet
  facet normal 1 0 0
    outer loop
      vertex -0.5 -10.8414 -10.3
      vertex -0.5 8.3 -8.8
      vertex -0.5 -10.8414 -7.29999
    endloop
  endfacet
  facet normal 1 0 0
    outer loop
      vertex -0.5 8.3 -8.8
      vertex -0.5 -10.8414 -10.3
      vertex -0.5 8.32093 -9.06594
    endloop
  endfacet
  facet normal 1 0 0
    outer loop
      vertex -0.5 8.32093 -9.06594
      vertex -0.5 -10.8414 -10.3
      vertex -0.5 8.3832 -9.32533
    endloop
  endfacet
  facet normal 1 0 0
    outer loop
      vertex -0.5 8.3832 -9.32533
      vertex -0.5 -10.8414 -10.3
      vertex -0.5 8.48529 -9.57178
    endloop
  endfacet
  facet normal 1 0 0
    outer loop
      vertex -0.5 8.48529 -9.57178
      vertex -0.5 -10.8414 -10.3
      vertex -0.5 8.62467 -9.79923
    endloop
  endfacet
  facet normal 1 0 0
    outer loop
      vertex -0.5 8.62467 -9.79923
      vertex -0.5 -10.8414 -10.3
      vertex -0.5 8.79792 -10.0021
    endloop
  endfacet
  facet normal 1 0 0
    outer loop
      vertex -0.5 8.79792 -10.0021
      vertex -0.5 -10.8414 -10.3
      vertex -0.5 9.00076 -10.1753
    endloop
  endfacet
  facet normal 1 0 0
    outer loop
      vertex -0.5 9.00076 -10.1753
      vertex -0.5 -10.8414 -10.3
      vertex -0.5 9.20419 -10.3
    endloop
  endfacet
  facet normal 0 1 0
    outer loop
      vertex 7.5 42.6 11.5
      vertex 3.5 42.6 9.5
      vertex -0.5 42.6 11.5
    endloop
  endfacet
  facet normal 0 1 0
    outer loop
      vertex 7.5 42.6 11.5
      vertex 3.81287 42.6 9.47538
      vertex 3.5 42.6 9.5
    endloop
  endfacet
  facet normal 0 1 0
    outer loop
      vertex 7.5 42.6 11.5
      vertex 4.11803 42.6 9.40211
      vertex 3.81287 42.6 9.47538
    endloop
  endfacet
  facet normal 0 1 0
    outer loop
      vertex 7.5 42.6 11.5
      vertex 4.40798 42.6 9.28201
      vertex 4.11803 42.6 9.40211
    endloop
  endfacet
  facet normal 0 1 0
    outer loop
      vertex 7.5 42.6 11.5
      vertex 4.67557 42.6 9.11803
      vertex 4.40798 42.6 9.28201
    endloop
  endfacet
  facet normal 0 1 0
    outer loop
      vertex 7.5 42.6 11.5
      vertex 4.91421 42.6 8.91421
      vertex 4.67557 42.6 9.11803
    endloop
  endfacet
  facet normal 0 1 0
    outer loop
      vertex 7.5 42.6 11.5
      vertex 5.11803 42.6 8.67557
      vertex 4.91421 42.6 8.91421
    endloop
  endfacet
  facet normal 0 1 0
    outer loop
      vertex 7.5 42.6 11.5
      vertex 5.28201 42.6 8.40798
      vertex 5.11803 42.6 8.67557
    endloop
  endfacet
  facet normal 0 1 0
    outer loop
      vertex 7.5 42.6 11.5
      vertex 5.40211 42.6 8.11803
      vertex 5.28201 42.6 8.40798
    endloop
  endfacet
  facet normal 0 1 0
    outer loop
      vertex 7.5 42.6 11.5
      vertex 5.47538 42.6 7.81287
      vertex 5.40211 42.6 8.11803
    endloop
  endfacet
  facet normal 0 1 0
    outer loop
      vertex 7.5 42.6 11.5
      vertex 5.5 42.6 7.5
      vertex 5.47538 42.6 7.81287
    endloop
  endfacet
  facet normal 0 1 -0
    outer loop
      vertex 7.5 42.6 3.5
      vertex 5.5 42.6 7.5
      vertex 7.5 42.6 11.5
    endloop
  endfacet
  facet normal 0 1 0
    outer loop
      vertex 5.5 42.6 7.5
      vertex 7.5 42.6 3.5
      vertex 5.47538 42.6 7.18713
    endloop
  endfacet
  facet normal 0 1 0
    outer loop
      vertex 5.47538 42.6 7.18713
      vertex 7.5 42.6 3.5
      vertex 5.40211 42.6 6.88197
    endloop
  endfacet
  facet normal 0 1 0
    outer loop
      vertex 3.81287 42.6 5.52462
      vertex 7.5 42.6 3.5
      vertex 3.5 42.6 5.5
    endloop
  endfacet
  facet normal 0 1 0
    outer loop
      vertex 4.11803 42.6 5.59789
      vertex 7.5 42.6 3.5
      vertex 3.81287 42.6 5.52462
    endloop
  endfacet
  facet normal 0 1 0
    outer loop
      vertex 4.40798 42.6 5.71799
      vertex 7.5 42.6 3.5
      vertex 4.11803 42.6 5.59789
    endloop
  endfacet
  facet normal 0 1 0
    outer loop
      vertex 4.67557 42.6 5.88197
      vertex 7.5 42.6 3.5
      vertex 4.40798 42.6 5.71799
    endloop
  endfacet
  facet normal 0 1 0
    outer loop
      vertex 4.91421 42.6 6.08579
      vertex 7.5 42.6 3.5
      vertex 4.67557 42.6 5.88197
    endloop
  endfacet
  facet normal 0 1 0
    outer loop
      vertex 5.11803 42.6 6.32443
      vertex 7.5 42.6 3.5
      vertex 4.91421 42.6 6.08579
    endloop
  endfacet
  facet normal 0 1 0
    outer loop
      vertex 5.28201 42.6 6.59202
      vertex 7.5 42.6 3.5
      vertex 5.11803 42.6 6.32443
    endloop
  endfacet
  facet normal 0 1 0
    outer loop
      vertex 5.40211 42.6 6.88197
      vertex 7.5 42.6 3.5
      vertex 5.28201 42.6 6.59202
    endloop
  endfacet
  facet normal 0 1 -0
    outer loop
      vertex 3.18713 42.6 9.47538
      vertex -0.5 42.6 11.5
      vertex 3.5 42.6 9.5
    endloop
  endfacet
  facet normal 0 1 -0
    outer loop
      vertex 2.88197 42.6 9.40211
      vertex -0.5 42.6 11.5
      vertex 3.18713 42.6 9.47538
    endloop
  endfacet
  facet normal 0 1 -0
    outer loop
      vertex 2.59202 42.6 9.28201
      vertex -0.5 42.6 11.5
      vertex 2.88197 42.6 9.40211
    endloop
  endfacet
  facet normal 0 1 -0
    outer loop
      vertex 2.32443 42.6 9.11803
      vertex -0.5 42.6 11.5
      vertex 2.59202 42.6 9.28201
    endloop
  endfacet
  facet normal 0 1 -0
    outer loop
      vertex 2.08579 42.6 8.91421
      vertex -0.5 42.6 11.5
      vertex 2.32443 42.6 9.11803
    endloop
  endfacet
  facet normal 0 1 -0
    outer loop
      vertex 1.88197 42.6 8.67557
      vertex -0.5 42.6 11.5
      vertex 2.08579 42.6 8.91421
    endloop
  endfacet
  facet normal 0 1 -0
    outer loop
      vertex 1.71799 42.6 8.40798
      vertex -0.5 42.6 11.5
      vertex 1.88197 42.6 8.67557
    endloop
  endfacet
  facet normal 0 1 -0
    outer loop
      vertex 1.59789 42.6 8.11803
      vertex -0.5 42.6 11.5
      vertex 1.71799 42.6 8.40798
    endloop
  endfacet
  facet normal 0 1 -0
    outer loop
      vertex 1.52462 42.6 7.81287
      vertex -0.5 42.6 11.5
      vertex 1.59789 42.6 8.11803
    endloop
  endfacet
  facet normal 0 1 -0
    outer loop
      vertex 1.5 42.6 7.5
      vertex -0.5 42.6 11.5
      vertex 1.52462 42.6 7.81287
    endloop
  endfacet
  facet normal 0 1 0
    outer loop
      vertex -0.5 42.6 3.5
      vertex 1.5 42.6 7.5
      vertex 1.52462 42.6 7.18713
    endloop
  endfacet
  facet normal 0 1 0
    outer loop
      vertex -0.5 42.6 3.5
      vertex 1.52462 42.6 7.18713
      vertex 1.59789 42.6 6.88197
    endloop
  endfacet
  facet normal 0 1 0
    outer loop
      vertex -0.5 42.6 3.5
      vertex 1.59789 42.6 6.88197
      vertex 1.71799 42.6 6.59202
    endloop
  endfacet
  facet normal 0 1 0
    outer loop
      vertex -0.5 42.6 3.5
      vertex 3.5 42.6 5.5
      vertex 7.5 42.6 3.5
    endloop
  endfacet
  facet normal 0 1 0
    outer loop
      vertex 3.5 42.6 5.5
      vertex -0.5 42.6 3.5
      vertex 3.18713 42.6 5.52462
    endloop
  endfacet
  facet normal 0 1 0
    outer loop
      vertex 3.18713 42.6 5.52462
      vertex -0.5 42.6 3.5
      vertex 2.88197 42.6 5.59789
    endloop
  endfacet
  facet normal 0 1 0
    outer loop
      vertex 1.5 42.6 7.5
      vertex -0.5 42.6 3.5
      vertex -0.5 42.6 11.5
    endloop
  endfacet
  facet normal 0 1 0
    outer loop
      vertex 1.88197 42.6 6.32443
      vertex -0.5 42.6 3.5
      vertex 1.71799 42.6 6.59202
    endloop
  endfacet
  facet normal 0 1 0
    outer loop
      vertex 2.08579 42.6 6.08579
      vertex -0.5 42.6 3.5
      vertex 1.88197 42.6 6.32443
    endloop
  endfacet
  facet normal 0 1 0
    outer loop
      vertex 2.32443 42.6 5.88197
      vertex -0.5 42.6 3.5
      vertex 2.08579 42.6 6.08579
    endloop
  endfacet
  facet normal 0 1 0
    outer loop
      vertex 2.59202 42.6 5.71799
      vertex -0.5 42.6 3.5
      vertex 2.32443 42.6 5.88197
    endloop
  endfacet
  facet normal 0 1 0
    outer loop
      vertex 2.88197 42.6 5.59789
      vertex -0.5 42.6 3.5
      vertex 2.59202 42.6 5.71799
    endloop
  endfacet
  facet normal 0 -1 0
    outer loop
      vertex -0.5 32.6 3.5
      vertex 7.5 32.6 11.5
      vertex -0.5 32.6 11.5
    endloop
  endfacet
  facet normal 0 -1 -0
    outer loop
      vertex 7.5 32.6 11.5
      vertex -0.5 32.6 3.5
      vertex 7.5 32.6 3.5
    endloop
  endfacet
  facet normal 0.233468 0 -0.972364
    outer loop
      vertex 2.88197 34.6 9.40211
      vertex 3.18713 42.6 9.47538
      vertex 3.18713 34.6 9.47538
    endloop
  endfacet
  facet normal 0.233468 0 -0.972364
    outer loop
      vertex 3.18713 42.6 9.47538
      vertex 2.88197 34.6 9.40211
      vertex 2.88197 42.6 9.40211
    endloop
  endfacet
  facet normal -0.972364 0 0.233468
    outer loop
      vertex 5.40211 34.6 6.88197
      vertex 5.47538 42.6 7.18713
      vertex 5.40211 42.6 6.88197
    endloop
  endfacet
  facet normal -0.972364 0 0.233468
    outer loop
      vertex 5.47538 42.6 7.18713
      vertex 5.40211 34.6 6.88197
      vertex 5.47538 34.6 7.18713
    endloop
  endfacet
  facet normal -0.996918 0 0.0784483
    outer loop
      vertex 5.47538 34.6 7.18713
      vertex 5.5 42.6 7.5
      vertex 5.47538 42.6 7.18713
    endloop
  endfacet
  facet normal -0.996918 0 0.0784483
    outer loop
      vertex 5.5 42.6 7.5
      vertex 5.47538 34.6 7.18713
      vertex 5.5 34.6 7.5
    endloop
  endfacet
  facet normal -0.923881 0 0.38268
    outer loop
      vertex 5.28201 34.6 6.59202
      vertex 5.40211 42.6 6.88197
      vertex 5.28201 42.6 6.59202
    endloop
  endfacet
  facet normal -0.923881 0 0.38268
    outer loop
      vertex 5.40211 42.6 6.88197
      vertex 5.28201 34.6 6.59202
      vertex 5.40211 34.6 6.88197
    endloop
  endfacet
  facet normal 0.996918 0 -0.0784483
    outer loop
      vertex 1.52462 34.6 7.81287
      vertex 1.5 42.6 7.5
      vertex 1.52462 42.6 7.81287
    endloop
  endfacet
  facet normal 0.996918 0 -0.0784483
    outer loop
      vertex 1.5 42.6 7.5
      vertex 1.52462 34.6 7.81287
      vertex 1.5 34.6 7.5
    endloop
  endfacet
  facet normal 0.923881 -0 0.38268
    outer loop
      vertex 1.59789 34.6 6.88197
      vertex 1.71799 42.6 6.59202
      vertex 1.59789 42.6 6.88197
    endloop
  endfacet
  facet normal 0.923881 0 0.38268
    outer loop
      vertex 1.71799 42.6 6.59202
      vertex 1.59789 34.6 6.88197
      vertex 1.71799 34.6 6.59202
    endloop
  endfacet
  facet normal 0.233468 0 0.972364
    outer loop
      vertex 2.88197 42.6 5.59789
      vertex 3.18713 34.6 5.52462
      vertex 3.18713 42.6 5.52462
    endloop
  endfacet
  facet normal 0.233468 0 0.972364
    outer loop
      vertex 3.18713 34.6 5.52462
      vertex 2.88197 42.6 5.59789
      vertex 2.88197 34.6 5.59789
    endloop
  endfacet
  facet normal -0.233468 0 -0.972364
    outer loop
      vertex 3.81287 34.6 9.47538
      vertex 4.11803 42.6 9.40211
      vertex 4.11803 34.6 9.40211
    endloop
  endfacet
  facet normal -0.233468 0 -0.972364
    outer loop
      vertex 4.11803 42.6 9.40211
      vertex 3.81287 34.6 9.47538
      vertex 3.81287 42.6 9.47538
    endloop
  endfacet
  facet normal 0.852639 0 -0.5225
    outer loop
      vertex 1.88197 34.6 8.67557
      vertex 1.71799 42.6 8.40798
      vertex 1.88197 42.6 8.67557
    endloop
  endfacet
  facet normal 0.852639 0 -0.5225
    outer loop
      vertex 1.71799 42.6 8.40798
      vertex 1.88197 34.6 8.67557
      vertex 1.71799 34.6 8.40798
    endloop
  endfacet
  facet normal -0.760403 0 -0.649452
    outer loop
      vertex 5.11803 34.6 8.67557
      vertex 4.91421 42.6 8.91421
      vertex 5.11803 42.6 8.67557
    endloop
  endfacet
  facet normal -0.760403 -0 -0.649452
    outer loop
      vertex 4.91421 42.6 8.91421
      vertex 5.11803 34.6 8.67557
      vertex 4.91421 34.6 8.91421
    endloop
  endfacet
  facet normal 0.38268 0 0.923881
    outer loop
      vertex 2.59202 42.6 5.71799
      vertex 2.88197 34.6 5.59789
      vertex 2.88197 42.6 5.59789
    endloop
  endfacet
  facet normal 0.38268 0 0.923881
    outer loop
      vertex 2.88197 34.6 5.59789
      vertex 2.59202 42.6 5.71799
      vertex 2.59202 34.6 5.71799
    endloop
  endfacet
  facet normal 0.0784483 0 0.996918
    outer loop
      vertex 3.18713 42.6 5.52462
      vertex 3.5 34.6 5.5
      vertex 3.5 42.6 5.5
    endloop
  endfacet
  facet normal 0.0784483 0 0.996918
    outer loop
      vertex 3.5 34.6 5.5
      vertex 3.18713 42.6 5.52462
      vertex 3.18713 34.6 5.52462
    endloop
  endfacet
  facet normal -0.996918 0 -0.0784483
    outer loop
      vertex 5.5 34.6 7.5
      vertex 5.47538 42.6 7.81287
      vertex 5.5 42.6 7.5
    endloop
  endfacet
  facet normal -0.996918 -0 -0.0784483
    outer loop
      vertex 5.47538 42.6 7.81287
      vertex 5.5 34.6 7.5
      vertex 5.47538 34.6 7.81287
    endloop
  endfacet
  facet normal -0.852639 0 -0.5225
    outer loop
      vertex 5.28201 34.6 8.40798
      vertex 5.11803 42.6 8.67557
      vertex 5.28201 42.6 8.40798
    endloop
  endfacet
  facet normal -0.852639 -0 -0.5225
    outer loop
      vertex 5.11803 42.6 8.67557
      vertex 5.28201 34.6 8.40798
      vertex 5.11803 34.6 8.67557
    endloop
  endfacet
  facet normal -0.233468 0 0.972364
    outer loop
      vertex 3.81287 42.6 5.52462
      vertex 4.11803 34.6 5.59789
      vertex 4.11803 42.6 5.59789
    endloop
  endfacet
  facet normal -0.233468 0 0.972364
    outer loop
      vertex 4.11803 34.6 5.59789
      vertex 3.81287 42.6 5.52462
      vertex 3.81287 34.6 5.52462
    endloop
  endfacet
  facet normal -0.38268 0 0.923881
    outer loop
      vertex 4.11803 42.6 5.59789
      vertex 4.40798 34.6 5.71799
      vertex 4.40798 42.6 5.71799
    endloop
  endfacet
  facet normal -0.38268 0 0.923881
    outer loop
      vertex 4.40798 34.6 5.71799
      vertex 4.11803 42.6 5.59789
      vertex 4.11803 34.6 5.59789
    endloop
  endfacet
  facet normal -0.972364 0 -0.233468
    outer loop
      vertex 5.47538 34.6 7.81287
      vertex 5.40211 42.6 8.11803
      vertex 5.47538 42.6 7.81287
    endloop
  endfacet
  facet normal -0.972364 -0 -0.233468
    outer loop
      vertex 5.40211 42.6 8.11803
      vertex 5.47538 34.6 7.81287
      vertex 5.40211 34.6 8.11803
    endloop
  endfacet
  facet normal 0.972364 -0 0.233468
    outer loop
      vertex 1.52462 34.6 7.18713
      vertex 1.59789 42.6 6.88197
      vertex 1.52462 42.6 7.18713
    endloop
  endfacet
  facet normal 0.972364 0 0.233468
    outer loop
      vertex 1.59789 42.6 6.88197
      vertex 1.52462 34.6 7.18713
      vertex 1.59789 34.6 6.88197
    endloop
  endfacet
  facet normal 0.923881 0 -0.38268
    outer loop
      vertex 1.71799 34.6 8.40798
      vertex 1.59789 42.6 8.11803
      vertex 1.71799 42.6 8.40798
    endloop
  endfacet
  facet normal 0.923881 0 -0.38268
    outer loop
      vertex 1.59789 42.6 8.11803
      vertex 1.71799 34.6 8.40798
      vertex 1.59789 34.6 8.11803
    endloop
  endfacet
  facet normal 0.996918 -0 0.0784483
    outer loop
      vertex 1.5 34.6 7.5
      vertex 1.52462 42.6 7.18713
      vertex 1.5 42.6 7.5
    endloop
  endfacet
  facet normal 0.996918 0 0.0784483
    outer loop
      vertex 1.52462 42.6 7.18713
      vertex 1.5 34.6 7.5
      vertex 1.52462 34.6 7.18713
    endloop
  endfacet
  facet normal -0.38268 0 -0.923881
    outer loop
      vertex 4.11803 34.6 9.40211
      vertex 4.40798 42.6 9.28201
      vertex 4.40798 34.6 9.28201
    endloop
  endfacet
  facet normal -0.38268 0 -0.923881
    outer loop
      vertex 4.40798 42.6 9.28201
      vertex 4.11803 34.6 9.40211
      vertex 4.11803 42.6 9.40211
    endloop
  endfacet
  facet normal -0.0784483 0 -0.996918
    outer loop
      vertex 3.5 34.6 9.5
      vertex 3.81287 42.6 9.47538
      vertex 3.81287 34.6 9.47538
    endloop
  endfacet
  facet normal -0.0784483 0 -0.996918
    outer loop
      vertex 3.81287 42.6 9.47538
      vertex 3.5 34.6 9.5
      vertex 3.5 42.6 9.5
    endloop
  endfacet
  facet normal 0.5225 0 0.852639
    outer loop
      vertex 2.32443 42.6 5.88197
      vertex 2.59202 34.6 5.71799
      vertex 2.59202 42.6 5.71799
    endloop
  endfacet
  facet normal 0.5225 0 0.852639
    outer loop
      vertex 2.59202 34.6 5.71799
      vertex 2.32443 42.6 5.88197
      vertex 2.32443 34.6 5.88197
    endloop
  endfacet
  facet normal -0.852639 0 0.5225
    outer loop
      vertex 5.11803 34.6 6.32443
      vertex 5.28201 42.6 6.59202
      vertex 5.11803 42.6 6.32443
    endloop
  endfacet
  facet normal -0.852639 0 0.5225
    outer loop
      vertex 5.28201 42.6 6.59202
      vertex 5.11803 34.6 6.32443
      vertex 5.28201 34.6 6.59202
    endloop
  endfacet
  facet normal 0.649452 0 -0.760403
    outer loop
      vertex 2.08579 34.6 8.91421
      vertex 2.32443 42.6 9.11803
      vertex 2.32443 34.6 9.11803
    endloop
  endfacet
  facet normal 0.649452 0 -0.760403
    outer loop
      vertex 2.32443 42.6 9.11803
      vertex 2.08579 34.6 8.91421
      vertex 2.08579 42.6 8.91421
    endloop
  endfacet
  facet normal -0.760403 0 0.649452
    outer loop
      vertex 4.91421 34.6 6.08579
      vertex 5.11803 42.6 6.32443
      vertex 4.91421 42.6 6.08579
    endloop
  endfacet
  facet normal -0.760403 0 0.649452
    outer loop
      vertex 5.11803 42.6 6.32443
      vertex 4.91421 34.6 6.08579
      vertex 5.11803 34.6 6.32443
    endloop
  endfacet
  facet normal 0.5225 0 -0.852639
    outer loop
      vertex 2.32443 34.6 9.11803
      vertex 2.59202 42.6 9.28201
      vertex 2.59202 34.6 9.28201
    endloop
  endfacet
  facet normal 0.5225 0 -0.852639
    outer loop
      vertex 2.59202 42.6 9.28201
      vertex 2.32443 34.6 9.11803
      vertex 2.32443 42.6 9.11803
    endloop
  endfacet
  facet normal 0.649452 0 0.760403
    outer loop
      vertex 2.08579 42.6 6.08579
      vertex 2.32443 34.6 5.88197
      vertex 2.32443 42.6 5.88197
    endloop
  endfacet
  facet normal 0.649452 0 0.760403
    outer loop
      vertex 2.32443 34.6 5.88197
      vertex 2.08579 42.6 6.08579
      vertex 2.08579 34.6 6.08579
    endloop
  endfacet
  facet normal -0.5225 0 0.852639
    outer loop
      vertex 4.40798 42.6 5.71799
      vertex 4.67557 34.6 5.88197
      vertex 4.67557 42.6 5.88197
    endloop
  endfacet
  facet normal -0.5225 0 0.852639
    outer loop
      vertex 4.67557 34.6 5.88197
      vertex 4.40798 42.6 5.71799
      vertex 4.40798 34.6 5.71799
    endloop
  endfacet
  facet normal 0.972364 0 -0.233468
    outer loop
      vertex 1.59789 34.6 8.11803
      vertex 1.52462 42.6 7.81287
      vertex 1.59789 42.6 8.11803
    endloop
  endfacet
  facet normal 0.972364 0 -0.233468
    outer loop
      vertex 1.52462 42.6 7.81287
      vertex 1.59789 34.6 8.11803
      vertex 1.52462 34.6 7.81287
    endloop
  endfacet
  facet normal -0.923881 0 -0.38268
    outer loop
      vertex 5.40211 34.6 8.11803
      vertex 5.28201 42.6 8.40798
      vertex 5.40211 42.6 8.11803
    endloop
  endfacet
  facet normal -0.923881 -0 -0.38268
    outer loop
      vertex 5.28201 42.6 8.40798
      vertex 5.40211 34.6 8.11803
      vertex 5.28201 34.6 8.40798
    endloop
  endfacet
  facet normal 0.0784483 0 -0.996918
    outer loop
      vertex 3.18713 34.6 9.47538
      vertex 3.5 42.6 9.5
      vertex 3.5 34.6 9.5
    endloop
  endfacet
  facet normal 0.0784483 0 -0.996918
    outer loop
      vertex 3.5 42.6 9.5
      vertex 3.18713 34.6 9.47538
      vertex 3.18713 42.6 9.47538
    endloop
  endfacet
  facet normal 0.38268 0 -0.923881
    outer loop
      vertex 2.59202 34.6 9.28201
      vertex 2.88197 42.6 9.40211
      vertex 2.88197 34.6 9.40211
    endloop
  endfacet
  facet normal 0.38268 0 -0.923881
    outer loop
      vertex 2.88197 42.6 9.40211
      vertex 2.59202 34.6 9.28201
      vertex 2.59202 42.6 9.28201
    endloop
  endfacet
  facet normal -0.0784483 0 0.996918
    outer loop
      vertex 3.5 42.6 5.5
      vertex 3.81287 34.6 5.52462
      vertex 3.81287 42.6 5.52462
    endloop
  endfacet
  facet normal -0.0784483 0 0.996918
    outer loop
      vertex 3.81287 34.6 5.52462
      vertex 3.5 42.6 5.5
      vertex 3.5 34.6 5.5
    endloop
  endfacet
  facet normal -0.649452 0 0.760403
    outer loop
      vertex 4.67557 42.6 5.88197
      vertex 4.91421 34.6 6.08579
      vertex 4.91421 42.6 6.08579
    endloop
  endfacet
  facet normal -0.649452 0 0.760403
    outer loop
      vertex 4.91421 34.6 6.08579
      vertex 4.67557 42.6 5.88197
      vertex 4.67557 34.6 5.88197
    endloop
  endfacet
  facet normal -0.5225 0 -0.852639
    outer loop
      vertex 4.40798 34.6 9.28201
      vertex 4.67557 42.6 9.11803
      vertex 4.67557 34.6 9.11803
    endloop
  endfacet
  facet normal -0.5225 0 -0.852639
    outer loop
      vertex 4.67557 42.6 9.11803
      vertex 4.40798 34.6 9.28201
      vertex 4.40798 42.6 9.28201
    endloop
  endfacet
  facet normal 0.760403 -0 0.649452
    outer loop
      vertex 1.88197 34.6 6.32443
      vertex 2.08579 42.6 6.08579
      vertex 1.88197 42.6 6.32443
    endloop
  endfacet
  facet normal 0.760403 0 0.649452
    outer loop
      vertex 2.08579 42.6 6.08579
      vertex 1.88197 34.6 6.32443
      vertex 2.08579 34.6 6.08579
    endloop
  endfacet
  facet normal 0.760403 0 -0.649452
    outer loop
      vertex 2.08579 34.6 8.91421
      vertex 1.88197 42.6 8.67557
      vertex 2.08579 42.6 8.91421
    endloop
  endfacet
  facet normal 0.760403 0 -0.649452
    outer loop
      vertex 1.88197 42.6 8.67557
      vertex 2.08579 34.6 8.91421
      vertex 1.88197 34.6 8.67557
    endloop
  endfacet
  facet normal -0.649452 0 -0.760403
    outer loop
      vertex 4.67557 34.6 9.11803
      vertex 4.91421 42.6 8.91421
      vertex 4.91421 34.6 8.91421
    endloop
  endfacet
  facet normal -0.649452 0 -0.760403
    outer loop
      vertex 4.91421 42.6 8.91421
      vertex 4.67557 34.6 9.11803
      vertex 4.67557 42.6 9.11803
    endloop
  endfacet
  facet normal 0.852639 -0 0.5225
    outer loop
      vertex 1.71799 34.6 6.59202
      vertex 1.88197 42.6 6.32443
      vertex 1.71799 42.6 6.59202
    endloop
  endfacet
  facet normal 0.852639 0 0.5225
    outer loop
      vertex 1.88197 42.6 6.32443
      vertex 1.71799 34.6 6.59202
      vertex 1.88197 34.6 6.32443
    endloop
  endfacet
  facet normal 0 1 0
    outer loop
      vertex 3.81287 34.6 9.47538
      vertex 3.18713 34.6 9.47538
      vertex 3.5 34.6 9.5
    endloop
  endfacet
  facet normal 0 1 0
    outer loop
      vertex 4.11803 34.6 9.40211
      vertex 3.18713 34.6 9.47538
      vertex 3.81287 34.6 9.47538
    endloop
  endfacet
  facet normal 0 1 0
    outer loop
      vertex 4.11803 34.6 9.40211
      vertex 2.88197 34.6 9.40211
      vertex 3.18713 34.6 9.47538
    endloop
  endfacet
  facet normal 0 1 0
    outer loop
      vertex 4.40798 34.6 9.28201
      vertex 2.88197 34.6 9.40211
      vertex 4.11803 34.6 9.40211
    endloop
  endfacet
  facet normal 0 1 0
    outer loop
      vertex 4.40798 34.6 9.28201
      vertex 2.59202 34.6 9.28201
      vertex 2.88197 34.6 9.40211
    endloop
  endfacet
  facet normal 0 1 0
    outer loop
      vertex 4.67557 34.6 9.11803
      vertex 2.59202 34.6 9.28201
      vertex 4.40798 34.6 9.28201
    endloop
  endfacet
  facet normal 0 1 0
    outer loop
      vertex 4.67557 34.6 9.11803
      vertex 2.32443 34.6 9.11803
      vertex 2.59202 34.6 9.28201
    endloop
  endfacet
  facet normal 0 1 0
    outer loop
      vertex 4.91421 34.6 8.91421
      vertex 2.32443 34.6 9.11803
      vertex 4.67557 34.6 9.11803
    endloop
  endfacet
  facet normal 0 1 0
    outer loop
      vertex 4.91421 34.6 8.91421
      vertex 2.08579 34.6 8.91421
      vertex 2.32443 34.6 9.11803
    endloop
  endfacet
  facet normal 0 1 0
    outer loop
      vertex 5.11803 34.6 8.67557
      vertex 2.08579 34.6 8.91421
      vertex 4.91421 34.6 8.91421
    endloop
  endfacet
  facet normal 0 1 0
    outer loop
      vertex 5.11803 34.6 8.67557
      vertex 1.88197 34.6 8.67557
      vertex 2.08579 34.6 8.91421
    endloop
  endfacet
  facet normal 0 1 0
    outer loop
      vertex 5.28201 34.6 8.40798
      vertex 1.88197 34.6 8.67557
      vertex 5.11803 34.6 8.67557
    endloop
  endfacet
  facet normal 0 1 0
    outer loop
      vertex 5.28201 34.6 8.40798
      vertex 1.71799 34.6 8.40798
      vertex 1.88197 34.6 8.67557
    endloop
  endfacet
  facet normal 0 1 0
    outer loop
      vertex 5.40211 34.6 8.11803
      vertex 1.71799 34.6 8.40798
      vertex 5.28201 34.6 8.40798
    endloop
  endfacet
  facet normal 0 1 0
    outer loop
      vertex 5.40211 34.6 8.11803
      vertex 1.59789 34.6 8.11803
      vertex 1.71799 34.6 8.40798
    endloop
  endfacet
  facet normal 0 1 0
    outer loop
      vertex 5.47538 34.6 7.81287
      vertex 1.59789 34.6 8.11803
      vertex 5.40211 34.6 8.11803
    endloop
  endfacet
  facet normal 0 1 0
    outer loop
      vertex 5.47538 34.6 7.81287
      vertex 1.52462 34.6 7.81287
      vertex 1.59789 34.6 8.11803
    endloop
  endfacet
  facet normal 0 1 0
    outer loop
      vertex 5.5 34.6 7.5
      vertex 1.52462 34.6 7.81287
      vertex 5.47538 34.6 7.81287
    endloop
  endfacet
  facet normal 0 1 0
    outer loop
      vertex 5.5 34.6 7.5
      vertex 1.5 34.6 7.5
      vertex 1.52462 34.6 7.81287
    endloop
  endfacet
  facet normal 0 1 -0
    outer loop
      vertex 5.47538 34.6 7.18713
      vertex 1.5 34.6 7.5
      vertex 5.5 34.6 7.5
    endloop
  endfacet
  facet normal 0 1 0
    outer loop
      vertex 5.47538 34.6 7.18713
      vertex 1.52462 34.6 7.18713
      vertex 1.5 34.6 7.5
    endloop
  endfacet
  facet normal 0 1 -0
    outer loop
      vertex 5.40211 34.6 6.88197
      vertex 1.52462 34.6 7.18713
      vertex 5.47538 34.6 7.18713
    endloop
  endfacet
  facet normal 0 1 0
    outer loop
      vertex 5.40211 34.6 6.88197
      vertex 1.59789 34.6 6.88197
      vertex 1.52462 34.6 7.18713
    endloop
  endfacet
  facet normal 0 1 -0
    outer loop
      vertex 5.28201 34.6 6.59202
      vertex 1.59789 34.6 6.88197
      vertex 5.40211 34.6 6.88197
    endloop
  endfacet
  facet normal 0 1 0
    outer loop
      vertex 5.28201 34.6 6.59202
      vertex 1.71799 34.6 6.59202
      vertex 1.59789 34.6 6.88197
    endloop
  endfacet
  facet normal 0 1 -0
    outer loop
      vertex 5.11803 34.6 6.32443
      vertex 1.71799 34.6 6.59202
      vertex 5.28201 34.6 6.59202
    endloop
  endfacet
  facet normal 0 1 0
    outer loop
      vertex 5.11803 34.6 6.32443
      vertex 1.88197 34.6 6.32443
      vertex 1.71799 34.6 6.59202
    endloop
  endfacet
  facet normal 0 1 -0
    outer loop
      vertex 4.91421 34.6 6.08579
      vertex 1.88197 34.6 6.32443
      vertex 5.11803 34.6 6.32443
    endloop
  endfacet
  facet normal 0 1 0
    outer loop
      vertex 4.91421 34.6 6.08579
      vertex 2.08579 34.6 6.08579
      vertex 1.88197 34.6 6.32443
    endloop
  endfacet
  facet normal 0 1 -0
    outer loop
      vertex 4.67557 34.6 5.88197
      vertex 2.08579 34.6 6.08579
      vertex 4.91421 34.6 6.08579
    endloop
  endfacet
  facet normal 0 1 0
    outer loop
      vertex 4.67557 34.6 5.88197
      vertex 2.32443 34.6 5.88197
      vertex 2.08579 34.6 6.08579
    endloop
  endfacet
  facet normal 0 1 -0
    outer loop
      vertex 4.40798 34.6 5.71799
      vertex 2.32443 34.6 5.88197
      vertex 4.67557 34.6 5.88197
    endloop
  endfacet
  facet normal 0 1 0
    outer loop
      vertex 4.40798 34.6 5.71799
      vertex 2.59202 34.6 5.71799
      vertex 2.32443 34.6 5.88197
    endloop
  endfacet
  facet normal 0 1 -0
    outer loop
      vertex 4.11803 34.6 5.59789
      vertex 2.59202 34.6 5.71799
      vertex 4.40798 34.6 5.71799
    endloop
  endfacet
  facet normal 0 1 0
    outer loop
      vertex 4.11803 34.6 5.59789
      vertex 2.88197 34.6 5.59789
      vertex 2.59202 34.6 5.71799
    endloop
  endfacet
  facet normal 0 1 -0
    outer loop
      vertex 3.81287 34.6 5.52462
      vertex 2.88197 34.6 5.59789
      vertex 4.11803 34.6 5.59789
    endloop
  endfacet
  facet normal 0 1 0
    outer loop
      vertex 3.81287 34.6 5.52462
      vertex 3.18713 34.6 5.52462
      vertex 2.88197 34.6 5.59789
    endloop
  endfacet
  facet normal -0 1 0
    outer loop
      vertex 3.18713 34.6 5.52462
      vertex 3.81287 34.6 5.52462
      vertex 3.5 34.6 5.5
    endloop
  endfacet
  facet normal 1 -0 0
    outer loop
      vertex 7.5 32.6 85.5
      vertex 7.5 42.6 78.5
      vertex 7.5 42.6 85.5
    endloop
  endfacet
  facet normal 1 0 0
    outer loop
      vertex 7.5 42.6 78.5
      vertex 7.5 32.6 85.5
      vertex 7.5 32.6 78.5
    endloop
  endfacet
  facet normal -0 0 1
    outer loop
      vertex -0.5 42.6 85.5
      vertex 7.5 32.6 85.5
      vertex 7.5 42.6 85.5
    endloop
  endfacet
  facet normal 0 0 1
    outer loop
      vertex 7.5 32.6 85.5
      vertex -0.5 42.6 85.5
      vertex -0.5 32.6 85.5
    endloop
  endfacet
  facet normal 0 0 -1
    outer loop
      vertex -0.5 32.6 78.5
      vertex 7.5 42.6 78.5
      vertex 7.5 32.6 78.5
    endloop
  endfacet
  facet normal -0 0 -1
    outer loop
      vertex 7.5 42.6 78.5
      vertex -0.5 32.6 78.5
      vertex -0.5 42.6 78.5
    endloop
  endfacet
  facet normal 0 1 0
    outer loop
      vertex 7.5 42.6 85.5
      vertex 3.5 42.6 83.5
      vertex -0.5 42.6 85.5
    endloop
  endfacet
  facet normal 0 1 0
    outer loop
      vertex 7.5 42.6 85.5
      vertex 3.81287 42.6 83.4754
      vertex 3.5 42.6 83.5
    endloop
  endfacet
  facet normal 0 1 0
    outer loop
      vertex 7.5 42.6 85.5
      vertex 4.11803 42.6 83.4021
      vertex 3.81287 42.6 83.4754
    endloop
  endfacet
  facet normal 0 1 0
    outer loop
      vertex 7.5 42.6 85.5
      vertex 4.40798 42.6 83.282
      vertex 4.11803 42.6 83.4021
    endloop
  endfacet
  facet normal 0 1 0
    outer loop
      vertex 7.5 42.6 85.5
      vertex 4.67557 42.6 83.118
      vertex 4.40798 42.6 83.282
    endloop
  endfacet
  facet normal 0 1 0
    outer loop
      vertex 7.5 42.6 85.5
      vertex 4.91421 42.6 82.9142
      vertex 4.67557 42.6 83.118
    endloop
  endfacet
  facet normal 0 1 0
    outer loop
      vertex 7.5 42.6 85.5
      vertex 5.11803 42.6 82.6756
      vertex 4.91421 42.6 82.9142
    endloop
  endfacet
  facet normal 0 1 0
    outer loop
      vertex 7.5 42.6 85.5
      vertex 5.28201 42.6 82.408
      vertex 5.11803 42.6 82.6756
    endloop
  endfacet
  facet normal 0 1 0
    outer loop
      vertex 7.5 42.6 85.5
      vertex 5.40211 42.6 82.118
      vertex 5.28201 42.6 82.408
    endloop
  endfacet
  facet normal 0 1 0
    outer loop
      vertex 7.5 42.6 85.5
      vertex 5.47538 42.6 81.8129
      vertex 5.40211 42.6 82.118
    endloop
  endfacet
  facet normal 0 1 0
    outer loop
      vertex 7.5 42.6 85.5
      vertex 5.5 42.6 81.5
      vertex 5.47538 42.6 81.8129
    endloop
  endfacet
  facet normal 0 1 -0
    outer loop
      vertex 7.5 42.6 78.5
      vertex 5.5 42.6 81.5
      vertex 7.5 42.6 85.5
    endloop
  endfacet
  facet normal 0 1 0
    outer loop
      vertex 5.5 42.6 81.5
      vertex 7.5 42.6 78.5
      vertex 5.47538 42.6 81.1871
    endloop
  endfacet
  facet normal 0 1 0
    outer loop
      vertex 5.47538 42.6 81.1871
      vertex 7.5 42.6 78.5
      vertex 5.40211 42.6 80.882
    endloop
  endfacet
  facet normal 0 1 0
    outer loop
      vertex 3.81287 42.6 79.5246
      vertex 7.5 42.6 78.5
      vertex 3.5 42.6 79.5
    endloop
  endfacet
  facet normal 0 1 0
    outer loop
      vertex 4.11803 42.6 79.5979
      vertex 7.5 42.6 78.5
      vertex 3.81287 42.6 79.5246
    endloop
  endfacet
  facet normal 0 1 0
    outer loop
      vertex 4.40798 42.6 79.718
      vertex 7.5 42.6 78.5
      vertex 4.11803 42.6 79.5979
    endloop
  endfacet
  facet normal 0 1 0
    outer loop
      vertex 4.67557 42.6 79.882
      vertex 7.5 42.6 78.5
      vertex 4.40798 42.6 79.718
    endloop
  endfacet
  facet normal 0 1 0
    outer loop
      vertex 4.91421 42.6 80.0858
      vertex 7.5 42.6 78.5
      vertex 4.67557 42.6 79.882
    endloop
  endfacet
  facet normal 0 1 0
    outer loop
      vertex 5.11803 42.6 80.3244
      vertex 7.5 42.6 78.5
      vertex 4.91421 42.6 80.0858
    endloop
  endfacet
  facet normal 0 1 0
    outer loop
      vertex 5.28201 42.6 80.592
      vertex 7.5 42.6 78.5
      vertex 5.11803 42.6 80.3244
    endloop
  endfacet
  facet normal 0 1 0
    outer loop
      vertex 5.40211 42.6 80.882
      vertex 7.5 42.6 78.5
      vertex 5.28201 42.6 80.592
    endloop
  endfacet
  facet normal 0 1 -0
    outer loop
      vertex 3.18713 42.6 83.4754
      vertex -0.5 42.6 85.5
      vertex 3.5 42.6 83.5
    endloop
  endfacet
  facet normal 0 1 -0
    outer loop
      vertex 2.88197 42.6 83.4021
      vertex -0.5 42.6 85.5
      vertex 3.18713 42.6 83.4754
    endloop
  endfacet
  facet normal 0 1 -0
    outer loop
      vertex 2.59202 42.6 83.282
      vertex -0.5 42.6 85.5
      vertex 2.88197 42.6 83.4021
    endloop
  endfacet
  facet normal 0 1 -0
    outer loop
      vertex 2.32443 42.6 83.118
      vertex -0.5 42.6 85.5
      vertex 2.59202 42.6 83.282
    endloop
  endfacet
  facet normal 0 1 -0
    outer loop
      vertex 2.08579 42.6 82.9142
      vertex -0.5 42.6 85.5
      vertex 2.32443 42.6 83.118
    endloop
  endfacet
  facet normal 0 1 -0
    outer loop
      vertex 1.88197 42.6 82.6756
      vertex -0.5 42.6 85.5
      vertex 2.08579 42.6 82.9142
    endloop
  endfacet
  facet normal 0 1 -0
    outer loop
      vertex 1.71799 42.6 82.408
      vertex -0.5 42.6 85.5
      vertex 1.88197 42.6 82.6756
    endloop
  endfacet
  facet normal 0 1 -0
    outer loop
      vertex 1.59789 42.6 82.118
      vertex -0.5 42.6 85.5
      vertex 1.71799 42.6 82.408
    endloop
  endfacet
  facet normal 0 1 -0
    outer loop
      vertex 1.52462 42.6 81.8129
      vertex -0.5 42.6 85.5
      vertex 1.59789 42.6 82.118
    endloop
  endfacet
  facet normal 0 1 -0
    outer loop
      vertex 1.5 42.6 81.5
      vertex -0.5 42.6 85.5
      vertex 1.52462 42.6 81.8129
    endloop
  endfacet
  facet normal 0 1 0
    outer loop
      vertex -0.5 42.6 78.5
      vertex 1.5 42.6 81.5
      vertex 1.52462 42.6 81.1871
    endloop
  endfacet
  facet normal 0 1 0
    outer loop
      vertex -0.5 42.6 78.5
      vertex 1.52462 42.6 81.1871
      vertex 1.59789 42.6 80.882
    endloop
  endfacet
  facet normal 0 1 0
    outer loop
      vertex -0.5 42.6 78.5
      vertex 1.59789 42.6 80.882
      vertex 1.71799 42.6 80.592
    endloop
  endfacet
  facet normal 0 1 0
    outer loop
      vertex -0.5 42.6 78.5
      vertex 3.5 42.6 79.5
      vertex 7.5 42.6 78.5
    endloop
  endfacet
  facet normal 0 1 0
    outer loop
      vertex 1.5 42.6 81.5
      vertex -0.5 42.6 78.5
      vertex -0.5 42.6 85.5
    endloop
  endfacet
  facet normal 0 1 0
    outer loop
      vertex 1.88197 42.6 80.3244
      vertex -0.5 42.6 78.5
      vertex 1.71799 42.6 80.592
    endloop
  endfacet
  facet normal 0 1 0
    outer loop
      vertex 2.08579 42.6 80.0858
      vertex -0.5 42.6 78.5
      vertex 1.88197 42.6 80.3244
    endloop
  endfacet
  facet normal 0 1 0
    outer loop
      vertex 2.32443 42.6 79.882
      vertex -0.5 42.6 78.5
      vertex 2.08579 42.6 80.0858
    endloop
  endfacet
  facet normal 0 1 0
    outer loop
      vertex 2.59202 42.6 79.718
      vertex -0.5 42.6 78.5
      vertex 2.32443 42.6 79.882
    endloop
  endfacet
  facet normal 0 1 0
    outer loop
      vertex 2.88197 42.6 79.5979
      vertex -0.5 42.6 78.5
      vertex 2.59202 42.6 79.718
    endloop
  endfacet
  facet normal 0 1 0
    outer loop
      vertex 3.18713 42.6 79.5246
      vertex -0.5 42.6 78.5
      vertex 2.88197 42.6 79.5979
    endloop
  endfacet
  facet normal 0 1 0
    outer loop
      vertex 3.5 42.6 79.5
      vertex -0.5 42.6 78.5
      vertex 3.18713 42.6 79.5246
    endloop
  endfacet
  facet normal 0 -1 0
    outer loop
      vertex -0.5 32.6 78.5
      vertex 7.5 32.6 85.5
      vertex -0.5 32.6 85.5
    endloop
  endfacet
  facet normal 0 -1 -0
    outer loop
      vertex 7.5 32.6 85.5
      vertex -0.5 32.6 78.5
      vertex 7.5 32.6 78.5
    endloop
  endfacet
  facet normal 0.233559 0 -0.972343
    outer loop
      vertex 2.88197 34.6 83.4021
      vertex 3.18713 42.6 83.4754
      vertex 3.18713 34.6 83.4754
    endloop
  endfacet
  facet normal 0.233559 0 -0.972343
    outer loop
      vertex 3.18713 42.6 83.4754
      vertex 2.88197 34.6 83.4021
      vertex 2.88197 42.6 83.4021
    endloop
  endfacet
  facet normal -0.972354 0 0.233512
    outer loop
      vertex 5.40211 34.6 80.882
      vertex 5.47538 42.6 81.1871
      vertex 5.40211 42.6 80.882
    endloop
  endfacet
  facet normal -0.972354 0 0.233512
    outer loop
      vertex 5.47538 42.6 81.1871
      vertex 5.40211 34.6 80.882
      vertex 5.47538 34.6 81.1871
    endloop
  endfacet
  facet normal -0.996919 0 0.0784408
    outer loop
      vertex 5.47538 34.6 81.1871
      vertex 5.5 42.6 81.5
      vertex 5.47538 42.6 81.1871
    endloop
  endfacet
  facet normal -0.996919 0 0.0784408
    outer loop
      vertex 5.5 42.6 81.5
      vertex 5.47538 34.6 81.1871
      vertex 5.5 34.6 81.5
    endloop
  endfacet
  facet normal -0.923904 0 0.382624
    outer loop
      vertex 5.28201 34.6 80.592
      vertex 5.40211 42.6 80.882
      vertex 5.28201 42.6 80.592
    endloop
  endfacet
  facet normal -0.923904 0 0.382624
    outer loop
      vertex 5.40211 42.6 80.882
      vertex 5.28201 34.6 80.592
      vertex 5.40211 34.6 80.882
    endloop
  endfacet
  facet normal 0.996919 0 -0.0784408
    outer loop
      vertex 1.52462 34.6 81.8129
      vertex 1.5 42.6 81.5
      vertex 1.52462 42.6 81.8129
    endloop
  endfacet
  facet normal 0.996919 0 -0.0784408
    outer loop
      vertex 1.5 42.6 81.5
      vertex 1.52462 34.6 81.8129
      vertex 1.5 34.6 81.5
    endloop
  endfacet
  facet normal 0.923904 -0 0.382624
    outer loop
      vertex 1.59789 34.6 80.882
      vertex 1.71799 42.6 80.592
      vertex 1.59789 42.6 80.882
    endloop
  endfacet
  facet normal 0.923904 0 0.382624
    outer loop
      vertex 1.71799 42.6 80.592
      vertex 1.59789 34.6 80.882
      vertex 1.71799 34.6 80.592
    endloop
  endfacet
  facet normal 0.233559 0 0.972343
    outer loop
      vertex 2.88197 42.6 79.5979
      vertex 3.18713 34.6 79.5246
      vertex 3.18713 42.6 79.5246
    endloop
  endfacet
  facet normal 0.233559 0 0.972343
    outer loop
      vertex 3.18713 34.6 79.5246
      vertex 2.88197 42.6 79.5979
      vertex 2.88197 34.6 79.5979
    endloop
  endfacet
  facet normal -0.233559 0 -0.972343
    outer loop
      vertex 3.81287 34.6 83.4754
      vertex 4.11803 42.6 83.4021
      vertex 4.11803 34.6 83.4021
    endloop
  endfacet
  facet normal -0.233559 0 -0.972343
    outer loop
      vertex 4.11803 42.6 83.4021
      vertex 3.81287 34.6 83.4754
      vertex 3.81287 42.6 83.4754
    endloop
  endfacet
  facet normal 0.852648 0 -0.522486
    outer loop
      vertex 1.88197 34.6 82.6756
      vertex 1.71799 42.6 82.408
      vertex 1.88197 42.6 82.6756
    endloop
  endfacet
  facet normal 0.852648 0 -0.522486
    outer loop
      vertex 1.71799 42.6 82.408
      vertex 1.88197 34.6 82.6756
      vertex 1.71799 34.6 82.408
    endloop
  endfacet
  facet normal -0.760349 0 -0.649515
    outer loop
      vertex 5.11803 34.6 82.6756
      vertex 4.91421 42.6 82.9142
      vertex 5.11803 42.6 82.6756
    endloop
  endfacet
  facet normal -0.760349 -0 -0.649515
    outer loop
      vertex 4.91421 42.6 82.9142
      vertex 5.11803 34.6 82.6756
      vertex 4.91421 34.6 82.9142
    endloop
  endfacet
  facet normal 0.38268 0 0.923881
    outer loop
      vertex 2.59202 42.6 79.718
      vertex 2.88197 34.6 79.5979
      vertex 2.88197 42.6 79.5979
    endloop
  endfacet
  facet normal 0.38268 0 0.923881
    outer loop
      vertex 2.88197 34.6 79.5979
      vertex 2.59202 42.6 79.718
      vertex 2.59202 34.6 79.718
    endloop
  endfacet
  facet normal 0.078385 0 0.996923
    outer loop
      vertex 3.18713 42.6 79.5246
      vertex 3.5 34.6 79.5
      vertex 3.5 42.6 79.5
    endloop
  endfacet
  facet normal 0.078385 0 0.996923
    outer loop
      vertex 3.5 34.6 79.5
      vertex 3.18713 42.6 79.5246
      vertex 3.18713 34.6 79.5246
    endloop
  endfacet
  facet normal -0.996919 0 -0.0784408
    outer loop
      vertex 5.5 34.6 81.5
      vertex 5.47538 42.6 81.8129
      vertex 5.5 42.6 81.5
    endloop
  endfacet
  facet normal -0.996919 -0 -0.0784408
    outer loop
      vertex 5.47538 42.6 81.8129
      vertex 5.5 34.6 81.5
      vertex 5.47538 34.6 81.8129
    endloop
  endfacet
  facet normal -0.852648 0 -0.522486
    outer loop
      vertex 5.28201 34.6 82.408
      vertex 5.11803 42.6 82.6756
      vertex 5.28201 42.6 82.408
    endloop
  endfacet
  facet normal -0.852648 -0 -0.522486
    outer loop
      vertex 5.11803 42.6 82.6756
      vertex 5.28201 34.6 82.408
      vertex 5.11803 34.6 82.6756
    endloop
  endfacet
  facet normal -0.233559 0 0.972343
    outer loop
      vertex 3.81287 42.6 79.5246
      vertex 4.11803 34.6 79.5979
      vertex 4.11803 42.6 79.5979
    endloop
  endfacet
  facet normal -0.233559 0 0.972343
    outer loop
      vertex 4.11803 34.6 79.5979
      vertex 3.81287 42.6 79.5246
      vertex 3.81287 34.6 79.5246
    endloop
  endfacet
  facet normal -0.38268 0 0.923881
    outer loop
      vertex 4.11803 42.6 79.5979
      vertex 4.40798 34.6 79.718
      vertex 4.40798 42.6 79.718
    endloop
  endfacet
  facet normal -0.38268 0 0.923881
    outer loop
      vertex 4.40798 34.6 79.718
      vertex 4.11803 42.6 79.5979
      vertex 4.11803 34.6 79.5979
    endloop
  endfacet
  facet normal -0.972354 0 -0.233512
    outer loop
      vertex 5.47538 34.6 81.8129
      vertex 5.40211 42.6 82.118
      vertex 5.47538 42.6 81.8129
    endloop
  endfacet
  facet normal -0.972354 -0 -0.233512
    outer loop
      vertex 5.40211 42.6 82.118
      vertex 5.47538 34.6 81.8129
      vertex 5.40211 34.6 82.118
    endloop
  endfacet
  facet normal 0.972354 -0 0.233512
    outer loop
      vertex 1.52462 34.6 81.1871
      vertex 1.59789 42.6 80.882
      vertex 1.52462 42.6 81.1871
    endloop
  endfacet
  facet normal 0.972354 0 0.233512
    outer loop
      vertex 1.59789 42.6 80.882
      vertex 1.52462 34.6 81.1871
      vertex 1.59789 34.6 80.882
    endloop
  endfacet
  facet normal 0.923904 0 -0.382624
    outer loop
      vertex 1.71799 34.6 82.408
      vertex 1.59789 42.6 82.118
      vertex 1.71799 42.6 82.408
    endloop
  endfacet
  facet normal 0.923904 0 -0.382624
    outer loop
      vertex 1.59789 42.6 82.118
      vertex 1.71799 34.6 82.408
      vertex 1.59789 34.6 82.118
    endloop
  endfacet
  facet normal 0.996919 -0 0.0784408
    outer loop
      vertex 1.5 34.6 81.5
      vertex 1.52462 42.6 81.1871
      vertex 1.5 42.6 81.5
    endloop
  endfacet
  facet normal 0.996919 0 0.0784408
    outer loop
      vertex 1.52462 42.6 81.1871
      vertex 1.5 34.6 81.5
      vertex 1.52462 34.6 81.1871
    endloop
  endfacet
  facet normal -0.38268 0 -0.923881
    outer loop
      vertex 4.11803 34.6 83.4021
      vertex 4.40798 42.6 83.282
      vertex 4.40798 34.6 83.282
    endloop
  endfacet
  facet normal -0.38268 0 -0.923881
    outer loop
      vertex 4.40798 42.6 83.282
      vertex 4.11803 34.6 83.4021
      vertex 4.11803 42.6 83.4021
    endloop
  endfacet
  facet normal -0.078385 0 -0.996923
    outer loop
      vertex 3.5 34.6 83.5
      vertex 3.81287 42.6 83.4754
      vertex 3.81287 34.6 83.4754
    endloop
  endfacet
  facet normal -0.078385 0 -0.996923
    outer loop
      vertex 3.81287 42.6 83.4754
      vertex 3.5 34.6 83.5
      vertex 3.5 42.6 83.5
    endloop
  endfacet
  facet normal 0.522546 0 0.852611
    outer loop
      vertex 2.32443 42.6 79.882
      vertex 2.59202 34.6 79.718
      vertex 2.59202 42.6 79.718
    endloop
  endfacet
  facet normal 0.522546 0 0.852611
    outer loop
      vertex 2.59202 34.6 79.718
      vertex 2.32443 42.6 79.882
      vertex 2.32443 34.6 79.882
    endloop
  endfacet
  facet normal -0.852648 0 0.522486
    outer loop
      vertex 5.11803 34.6 80.3244
      vertex 5.28201 42.6 80.592
      vertex 5.11803 42.6 80.3244
    endloop
  endfacet
  facet normal -0.852648 0 0.522486
    outer loop
      vertex 5.28201 42.6 80.592
      vertex 5.11803 34.6 80.3244
      vertex 5.28201 34.6 80.592
    endloop
  endfacet
  facet normal 0.649415 0 -0.760434
    outer loop
      vertex 2.08579 34.6 82.9142
      vertex 2.32443 42.6 83.118
      vertex 2.32443 34.6 83.118
    endloop
  endfacet
  facet normal 0.649415 0 -0.760434
    outer loop
      vertex 2.32443 42.6 83.118
      vertex 2.08579 34.6 82.9142
      vertex 2.08579 42.6 82.9142
    endloop
  endfacet
  facet normal -0.760349 0 0.649515
    outer loop
      vertex 4.91421 34.6 80.0858
      vertex 5.11803 42.6 80.3244
      vertex 4.91421 42.6 80.0858
    endloop
  endfacet
  facet normal -0.760349 0 0.649515
    outer loop
      vertex 5.11803 42.6 80.3244
      vertex 4.91421 34.6 80.0858
      vertex 5.11803 34.6 80.3244
    endloop
  endfacet
  facet normal 0.522546 0 -0.852611
    outer loop
      vertex 2.32443 34.6 83.118
      vertex 2.59202 42.6 83.282
      vertex 2.59202 34.6 83.282
    endloop
  endfacet
  facet normal 0.522546 0 -0.852611
    outer loop
      vertex 2.59202 42.6 83.282
      vertex 2.32443 34.6 83.118
      vertex 2.32443 42.6 83.118
    endloop
  endfacet
  facet normal 0.649415 0 0.760434
    outer loop
      vertex 2.08579 42.6 80.0858
      vertex 2.32443 34.6 79.882
      vertex 2.32443 42.6 79.882
    endloop
  endfacet
  facet normal 0.649415 0 0.760434
    outer loop
      vertex 2.32443 34.6 79.882
      vertex 2.08579 42.6 80.0858
      vertex 2.08579 34.6 80.0858
    endloop
  endfacet
  facet normal -0.522546 0 0.852611
    outer loop
      vertex 4.40798 42.6 79.718
      vertex 4.67557 34.6 79.882
      vertex 4.67557 42.6 79.882
    endloop
  endfacet
  facet normal -0.522546 0 0.852611
    outer loop
      vertex 4.67557 34.6 79.882
      vertex 4.40798 42.6 79.718
      vertex 4.40798 34.6 79.718
    endloop
  endfacet
  facet normal 0.972354 0 -0.233512
    outer loop
      vertex 1.59789 34.6 82.118
      vertex 1.52462 42.6 81.8129
      vertex 1.59789 42.6 82.118
    endloop
  endfacet
  facet normal 0.972354 0 -0.233512
    outer loop
      vertex 1.52462 42.6 81.8129
      vertex 1.59789 34.6 82.118
      vertex 1.52462 34.6 81.8129
    endloop
  endfacet
  facet normal -0.923904 0 -0.382624
    outer loop
      vertex 5.40211 34.6 82.118
      vertex 5.28201 42.6 82.408
      vertex 5.40211 42.6 82.118
    endloop
  endfacet
  facet normal -0.923904 -0 -0.382624
    outer loop
      vertex 5.28201 42.6 82.408
      vertex 5.40211 34.6 82.118
      vertex 5.28201 34.6 82.408
    endloop
  endfacet
  facet normal 0.078385 0 -0.996923
    outer loop
      vertex 3.18713 34.6 83.4754
      vertex 3.5 42.6 83.5
      vertex 3.5 34.6 83.5
    endloop
  endfacet
  facet normal 0.078385 0 -0.996923
    outer loop
      vertex 3.5 42.6 83.5
      vertex 3.18713 34.6 83.4754
      vertex 3.18713 42.6 83.4754
    endloop
  endfacet
  facet normal 0.38268 0 -0.923881
    outer loop
      vertex 2.59202 34.6 83.282
      vertex 2.88197 42.6 83.4021
      vertex 2.88197 34.6 83.4021
    endloop
  endfacet
  facet normal 0.38268 0 -0.923881
    outer loop
      vertex 2.88197 42.6 83.4021
      vertex 2.59202 34.6 83.282
      vertex 2.59202 42.6 83.282
    endloop
  endfacet
  facet normal -0.078385 0 0.996923
    outer loop
      vertex 3.5 42.6 79.5
      vertex 3.81287 34.6 79.5246
      vertex 3.81287 42.6 79.5246
    endloop
  endfacet
  facet normal -0.078385 0 0.996923
    outer loop
      vertex 3.81287 34.6 79.5246
      vertex 3.5 42.6 79.5
      vertex 3.5 34.6 79.5
    endloop
  endfacet
  facet normal -0.649415 0 0.760434
    outer loop
      vertex 4.67557 42.6 79.882
      vertex 4.91421 34.6 80.0858
      vertex 4.91421 42.6 80.0858
    endloop
  endfacet
  facet normal -0.649415 0 0.760434
    outer loop
      vertex 4.91421 34.6 80.0858
      vertex 4.67557 42.6 79.882
      vertex 4.67557 34.6 79.882
    endloop
  endfacet
  facet normal -0.522546 0 -0.852611
    outer loop
      vertex 4.40798 34.6 83.282
      vertex 4.67557 42.6 83.118
      vertex 4.67557 34.6 83.118
    endloop
  endfacet
  facet normal -0.522546 0 -0.852611
    outer loop
      vertex 4.67557 42.6 83.118
      vertex 4.40798 34.6 83.282
      vertex 4.40798 42.6 83.282
    endloop
  endfacet
  facet normal 0.760349 -0 0.649515
    outer loop
      vertex 1.88197 34.6 80.3244
      vertex 2.08579 42.6 80.0858
      vertex 1.88197 42.6 80.3244
    endloop
  endfacet
  facet normal 0.760349 0 0.649515
    outer loop
      vertex 2.08579 42.6 80.0858
      vertex 1.88197 34.6 80.3244
      vertex 2.08579 34.6 80.0858
    endloop
  endfacet
  facet normal 0.760349 0 -0.649515
    outer loop
      vertex 2.08579 34.6 82.9142
      vertex 1.88197 42.6 82.6756
      vertex 2.08579 42.6 82.9142
    endloop
  endfacet
  facet normal 0.760349 0 -0.649515
    outer loop
      vertex 1.88197 42.6 82.6756
      vertex 2.08579 34.6 82.9142
      vertex 1.88197 34.6 82.6756
    endloop
  endfacet
  facet normal -0.649415 0 -0.760434
    outer loop
      vertex 4.67557 34.6 83.118
      vertex 4.91421 42.6 82.9142
      vertex 4.91421 34.6 82.9142
    endloop
  endfacet
  facet normal -0.649415 0 -0.760434
    outer loop
      vertex 4.91421 42.6 82.9142
      vertex 4.67557 34.6 83.118
      vertex 4.67557 42.6 83.118
    endloop
  endfacet
  facet normal 0.852648 -0 0.522486
    outer loop
      vertex 1.71799 34.6 80.592
      vertex 1.88197 42.6 80.3244
      vertex 1.71799 42.6 80.592
    endloop
  endfacet
  facet normal 0.852648 0 0.522486
    outer loop
      vertex 1.88197 42.6 80.3244
      vertex 1.71799 34.6 80.592
      vertex 1.88197 34.6 80.3244
    endloop
  endfacet
  facet normal 0 1 0
    outer loop
      vertex 3.81287 34.6 83.4754
      vertex 3.18713 34.6 83.4754
      vertex 3.5 34.6 83.5
    endloop
  endfacet
  facet normal 0 1 0
    outer loop
      vertex 4.11803 34.6 83.4021
      vertex 3.18713 34.6 83.4754
      vertex 3.81287 34.6 83.4754
    endloop
  endfacet
  facet normal 0 1 0
    outer loop
      vertex 4.11803 34.6 83.4021
      vertex 2.88197 34.6 83.4021
      vertex 3.18713 34.6 83.4754
    endloop
  endfacet
  facet normal 0 1 0
    outer loop
      vertex 4.40798 34.6 83.282
      vertex 2.88197 34.6 83.4021
      vertex 4.11803 34.6 83.4021
    endloop
  endfacet
  facet normal 0 1 0
    outer loop
      vertex 4.40798 34.6 83.282
      vertex 2.59202 34.6 83.282
      vertex 2.88197 34.6 83.4021
    endloop
  endfacet
  facet normal 0 1 0
    outer loop
      vertex 4.67557 34.6 83.118
      vertex 2.59202 34.6 83.282
      vertex 4.40798 34.6 83.282
    endloop
  endfacet
  facet normal 0 1 0
    outer loop
      vertex 4.67557 34.6 83.118
      vertex 2.32443 34.6 83.118
      vertex 2.59202 34.6 83.282
    endloop
  endfacet
  facet normal 0 1 0
    outer loop
      vertex 4.91421 34.6 82.9142
      vertex 2.32443 34.6 83.118
      vertex 4.67557 34.6 83.118
    endloop
  endfacet
  facet normal 0 1 0
    outer loop
      vertex 4.91421 34.6 82.9142
      vertex 2.08579 34.6 82.9142
      vertex 2.32443 34.6 83.118
    endloop
  endfacet
  facet normal 0 1 0
    outer loop
      vertex 5.11803 34.6 82.6756
      vertex 2.08579 34.6 82.9142
      vertex 4.91421 34.6 82.9142
    endloop
  endfacet
  facet normal 0 1 0
    outer loop
      vertex 5.11803 34.6 82.6756
      vertex 1.88197 34.6 82.6756
      vertex 2.08579 34.6 82.9142
    endloop
  endfacet
  facet normal 0 1 0
    outer loop
      vertex 5.28201 34.6 82.408
      vertex 1.88197 34.6 82.6756
      vertex 5.11803 34.6 82.6756
    endloop
  endfacet
  facet normal 0 1 0
    outer loop
      vertex 5.28201 34.6 82.408
      vertex 1.71799 34.6 82.408
      vertex 1.88197 34.6 82.6756
    endloop
  endfacet
  facet normal 0 1 0
    outer loop
      vertex 5.40211 34.6 82.118
      vertex 1.71799 34.6 82.408
      vertex 5.28201 34.6 82.408
    endloop
  endfacet
  facet normal 0 1 0
    outer loop
      vertex 5.40211 34.6 82.118
      vertex 1.59789 34.6 82.118
      vertex 1.71799 34.6 82.408
    endloop
  endfacet
  facet normal 0 1 0
    outer loop
      vertex 5.47538 34.6 81.8129
      vertex 1.59789 34.6 82.118
      vertex 5.40211 34.6 82.118
    endloop
  endfacet
  facet normal 0 1 0
    outer loop
      vertex 5.47538 34.6 81.8129
      vertex 1.52462 34.6 81.8129
      vertex 1.59789 34.6 82.118
    endloop
  endfacet
  facet normal 0 1 0
    outer loop
      vertex 5.5 34.6 81.5
      vertex 1.52462 34.6 81.8129
      vertex 5.47538 34.6 81.8129
    endloop
  endfacet
  facet normal 0 1 0
    outer loop
      vertex 5.5 34.6 81.5
      vertex 1.5 34.6 81.5
      vertex 1.52462 34.6 81.8129
    endloop
  endfacet
  facet normal 0 1 -0
    outer loop
      vertex 5.47538 34.6 81.1871
      vertex 1.5 34.6 81.5
      vertex 5.5 34.6 81.5
    endloop
  endfacet
  facet normal 0 1 0
    outer loop
      vertex 5.47538 34.6 81.1871
      vertex 1.52462 34.6 81.1871
      vertex 1.5 34.6 81.5
    endloop
  endfacet
  facet normal 0 1 -0
    outer loop
      vertex 5.40211 34.6 80.882
      vertex 1.52462 34.6 81.1871
      vertex 5.47538 34.6 81.1871
    endloop
  endfacet
  facet normal 0 1 0
    outer loop
      vertex 5.40211 34.6 80.882
      vertex 1.59789 34.6 80.882
      vertex 1.52462 34.6 81.1871
    endloop
  endfacet
  facet normal 0 1 -0
    outer loop
      vertex 5.28201 34.6 80.592
      vertex 1.59789 34.6 80.882
      vertex 5.40211 34.6 80.882
    endloop
  endfacet
  facet normal 0 1 0
    outer loop
      vertex 5.28201 34.6 80.592
      vertex 1.71799 34.6 80.592
      vertex 1.59789 34.6 80.882
    endloop
  endfacet
  facet normal 0 1 -0
    outer loop
      vertex 5.11803 34.6 80.3244
      vertex 1.71799 34.6 80.592
      vertex 5.28201 34.6 80.592
    endloop
  endfacet
  facet normal 0 1 0
    outer loop
      vertex 5.11803 34.6 80.3244
      vertex 1.88197 34.6 80.3244
      vertex 1.71799 34.6 80.592
    endloop
  endfacet
  facet normal 0 1 -0
    outer loop
      vertex 4.91421 34.6 80.0858
      vertex 1.88197 34.6 80.3244
      vertex 5.11803 34.6 80.3244
    endloop
  endfacet
  facet normal 0 1 0
    outer loop
      vertex 4.91421 34.6 80.0858
      vertex 2.08579 34.6 80.0858
      vertex 1.88197 34.6 80.3244
    endloop
  endfacet
  facet normal 0 1 -0
    outer loop
      vertex 4.67557 34.6 79.882
      vertex 2.08579 34.6 80.0858
      vertex 4.91421 34.6 80.0858
    endloop
  endfacet
  facet normal 0 1 0
    outer loop
      vertex 4.67557 34.6 79.882
      vertex 2.32443 34.6 79.882
      vertex 2.08579 34.6 80.0858
    endloop
  endfacet
  facet normal 0 1 -0
    outer loop
      vertex 4.40798 34.6 79.718
      vertex 2.32443 34.6 79.882
      vertex 4.67557 34.6 79.882
    endloop
  endfacet
  facet normal 0 1 0
    outer loop
      vertex 4.40798 34.6 79.718
      vertex 2.59202 34.6 79.718
      vertex 2.32443 34.6 79.882
    endloop
  endfacet
  facet normal 0 1 -0
    outer loop
      vertex 4.11803 34.6 79.5979
      vertex 2.59202 34.6 79.718
      vertex 4.40798 34.6 79.718
    endloop
  endfacet
  facet normal 0 1 0
    outer loop
      vertex 4.11803 34.6 79.5979
      vertex 2.88197 34.6 79.5979
      vertex 2.59202 34.6 79.718
    endloop
  endfacet
  facet normal 0 1 -0
    outer loop
      vertex 3.81287 34.6 79.5246
      vertex 2.88197 34.6 79.5979
      vertex 4.11803 34.6 79.5979
    endloop
  endfacet
  facet normal 0 1 0
    outer loop
      vertex 3.81287 34.6 79.5246
      vertex 3.18713 34.6 79.5246
      vertex 2.88197 34.6 79.5979
    endloop
  endfacet
  facet normal -0 1 0
    outer loop
      vertex 3.18713 34.6 79.5246
      vertex 3.81287 34.6 79.5246
      vertex 3.5 34.6 79.5
    endloop
  endfacet
  facet normal 0 0.978147 -0.207912
    outer loop
      vertex 15.7 7.11818 29.0957
      vertex -0.499999 8.57356 35.9427
      vertex 15.7 8.57356 35.9427
    endloop
  endfacet
  facet normal 0 0.978147 -0.207912
    outer loop
      vertex -0.499999 8.57356 35.9427
      vertex 15.7 7.11818 29.0957
      vertex -0.499999 7.11818 29.0957
    endloop
  endfacet
  facet normal 0 -0.207913 -0.978147
    outer loop
      vertex -0.499999 -0.706998 30.759
      vertex 15.7 7.11818 29.0957
      vertex 15.7 -0.706998 30.759
    endloop
  endfacet
  facet normal -0 -0.207913 -0.978147
    outer loop
      vertex 15.7 7.11818 29.0957
      vertex -0.499999 -0.706998 30.759
      vertex -0.499999 7.11818 29.0957
    endloop
  endfacet
  facet normal 0 -0.978147 0.207916
    outer loop
      vertex 11.6592 0.36673 35.8105
      vertex 15.7 0.748383 37.606
      vertex -0.499999 0.748383 37.606
    endloop
  endfacet
  facet normal 6.85256e-05 -0.978175 0.207784
    outer loop
      vertex 15.7 0.748383 37.606
      vertex 12.1609 0.383898 35.8913
      vertex 12.2 0.384538 35.8943
    endloop
  endfacet
  facet normal -3.67989e-05 -0.97813 0.207992
    outer loop
      vertex 15.7 0.748383 37.606
      vertex 11.9262 0.380058 35.8732
      vertex 12.1609 0.383898 35.8913
    endloop
  endfacet
  facet normal -0.000478169 -0.977934 0.208912
    outer loop
      vertex 15.7 0.748383 37.606
      vertex 11.8881 0.378154 35.8642
      vertex 11.9262 0.380058 35.8732
    endloop
  endfacet
  facet normal 8.58484e-05 -0.978186 0.207731
    outer loop
      vertex 15.7 0.748383 37.606
      vertex 11.6592 0.36673 35.8105
      vertex 11.8881 0.378154 35.8642
    endloop
  endfacet
  facet normal 1.66956e-06 -0.978144 0.207927
    outer loop
      vertex -0.499999 0.748383 37.606
      vertex 11.4418 0.348002 35.7224
      vertex 11.6592 0.36673 35.8105
    endloop
  endfacet
  facet normal -2.76111e-05 -0.978182 0.207749
    outer loop
      vertex -0.499999 0.748383 37.606
      vertex 11.4055 0.344881 35.7077
      vertex 11.4418 0.348002 35.7224
    endloop
  endfacet
  facet normal -6.41015e-05 -0.978229 0.20753
    outer loop
      vertex -0.499999 0.748383 37.606
      vertex 11.3721 0.340619 35.6876
      vertex 11.4055 0.344881 35.7077
    endloop
  endfacet
  facet normal 2.17292e-05 -0.978121 0.208038
    outer loop
      vertex -0.499999 0.748383 37.606
      vertex 11.1714 0.315049 35.5674
      vertex 11.3721 0.340619 35.6876
    endloop
  endfacet
  facet normal -1.66729e-05 -0.978165 0.207828
    outer loop
      vertex -0.499999 0.748383 37.606
      vertex 10.9924 0.283267 35.4178
      vertex 11.1714 0.315049 35.5674
    endloop
  endfacet
  facet normal 2.6465e-05 -0.978119 0.208045
    outer loop
      vertex -0.499999 0.748383 37.606
      vertex 10.9626 0.27797 35.3929
      vertex 10.9924 0.283267 35.4178
    endloop
  endfacet
  facet normal -5.51573e-06 -0.978153 0.207886
    outer loop
      vertex -0.499999 0.748383 37.606
      vertex 10.8097 0.240757 35.2178
      vertex 10.9626 0.27797 35.3929
    endloop
  endfacet
  facet normal 9.95573e-05 -0.978052 0.208362
    outer loop
      vertex -0.499999 0.748383 37.606
      vertex 10.7842 0.234555 35.1887
      vertex 10.8097 0.240757 35.2178
    endloop
  endfacet
  facet normal -0.000101756 -0.978243 0.207463
    outer loop
      vertex -0.499999 0.748383 37.606
      vertex 10.7637 0.227601 35.1559
      vertex 10.7842 0.234555 35.1887
    endloop
  endfacet
  facet normal 1.31046e-06 -0.978147 0.207916
    outer loop
      vertex -0.499999 0.748383 37.606
      vertex 10.6407 0.185875 34.9596
      vertex 10.7637 0.227601 35.1559
    endloop
  endfacet
  facet normal 1.09562e-05 -0.978138 0.207955
    outer loop
      vertex -0.499999 0.748383 37.606
      vertex 10.5357 0.133127 34.7115
      vertex 10.6407 0.185875 34.9596
    endloop
  endfacet
  facet normal -3.66273e-06 -0.97815 0.207902
    outer loop
      vertex -0.499999 0.748383 37.606
      vertex 10.4715 0.0776102 34.4503
      vertex 10.5357 0.133127 34.7115
    endloop
  endfacet
  facet normal 5.13218e-06 -0.978143 0.207931
    outer loop
      vertex -0.499999 0.748383 37.606
      vertex 10.4531 0.0288236 34.2208
      vertex 10.4715 0.0776102 34.4503
    endloop
  endfacet
  facet normal -7.59512e-05 -0.978197 0.20768
    outer loop
      vertex -0.499999 0.748383 37.606
      vertex 10.45 0.0206924 34.1825
      vertex 10.4531 0.0288236 34.2208
    endloop
  endfacet
  facet normal -8.93285e-09 -0.978147 0.207913
    outer loop
      vertex -0.499999 -0.706998 30.759
      vertex 10.45 0.0206924 34.1825
      vertex -0.499999 0.748383 37.606
    endloop
  endfacet
  facet normal -6.45627e-06 -0.978143 0.207932
    outer loop
      vertex 10.45 0.0206924 34.1825
      vertex -0.499999 -0.706998 30.759
      vertex 10.4685 -0.0280945 33.953
    endloop
  endfacet
  facet normal 7.11906e-05 -0.978197 0.207677
    outer loop
      vertex 10.4685 -0.0280945 33.953
      vertex -0.499999 -0.706998 30.759
      vertex 10.4715 -0.0362256 33.9147
    endloop
  endfacet
  facet normal -1.72533e-05 -0.978135 0.207971
    outer loop
      vertex 10.4715 -0.0362256 33.9147
      vertex -0.499999 -0.706998 30.759
      vertex 10.4807 -0.0441565 33.8774
    endloop
  endfacet
  facet normal 7.40116e-06 -0.978153 0.207888
    outer loop
      vertex 10.4807 -0.0441565 33.8774
      vertex -0.499999 -0.706998 30.759
      vertex 10.5357 -0.0917419 33.6535
    endloop
  endfacet
  facet normal -5.44241e-07 -0.978146 0.207917
    outer loop
      vertex 10.5357 -0.0917419 33.6535
      vertex -0.499999 -0.706998 30.759
      vertex 10.6257 -0.136954 33.4408
    endloop
  endfacet
  facet normal -6.86957e-05 -0.978089 0.208188
    outer loop
      vertex 10.6257 -0.136954 33.4408
      vertex -0.499999 -0.706998 30.759
      vertex 10.6407 -0.14449 33.4054
    endloop
  endfacet
  facet normal -2.11586e-05 -0.97813 0.207996
    outer loop
      vertex 10.6407 -0.14449 33.4054
      vertex -0.499999 -0.706998 30.759
      vertex 10.6612 -0.151444 33.3727
    endloop
  endfacet
  facet normal -1.55574e-06 -0.978147 0.207916
    outer loop
      vertex 10.6612 -0.151444 33.3727
      vertex -0.499999 -0.706998 30.759
      vertex 10.7842 -0.19317 33.1764
    endloop
  endfacet
  facet normal 2.7666e-05 -0.978174 0.207786
    outer loop
      vertex 10.7842 -0.19317 33.1764
      vertex -0.499999 -0.706998 30.759
      vertex 10.8097 -0.199372 33.1472
    endloop
  endfacet
  facet normal 5.51573e-06 -0.978153 0.207886
    outer loop
      vertex 10.8097 -0.199372 33.1472
      vertex -0.499999 -0.706998 30.759
      vertex 10.9626 -0.236585 32.9721
    endloop
  endfacet
  facet normal -4.63699e-06 -0.978142 0.207936
    outer loop
      vertex 10.9626 -0.236585 32.9721
      vertex -0.499999 -0.706998 30.759
      vertex 11.1415 -0.268367 32.8226
    endloop
  endfacet
  facet normal -3.07168e-05 -0.978112 0.208077
    outer loop
      vertex 11.1415 -0.268367 32.8226
      vertex -0.499999 -0.706998 30.759
      vertex 11.1714 -0.273665 32.7977
    endloop
  endfacet
  facet normal 7.46313e-05 -0.978235 0.2075
    outer loop
      vertex 11.1714 -0.273665 32.7977
      vertex -0.499999 -0.706998 30.759
      vertex 11.2048 -0.277926 32.7776
    endloop
  endfacet
  facet normal -1.89787e-06 -0.978145 0.207926
    outer loop
      vertex -0.499999 -0.706998 30.759
      vertex 11.623 -0.322224 32.5692
      vertex 11.4055 -0.303496 32.6573
    endloop
  endfacet
  facet normal -0.000657405 -0.978446 0.2065
    outer loop
      vertex 15.7 -0.706998 30.759
      vertex 11.6974 -0.327249 32.5456
      vertex 11.6592 -0.325345 32.5545
    endloop
  endfacet
  facet normal 0.00010304 -0.978101 0.20813
    outer loop
      vertex 11.6974 -0.327249 32.5456
      vertex 15.7 -0.706998 30.759
      vertex 11.9262 -0.338673 32.4918
    endloop
  endfacet
  facet normal 0 -0.978147 0.207916
    outer loop
      vertex 15.7 -0.706998 30.759
      vertex 11.6592 -0.325345 32.5545
      vertex -0.499999 -0.706998 30.759
    endloop
  endfacet
  facet normal 2.62612e-05 -0.978183 0.207746
    outer loop
      vertex 11.623 -0.322224 32.5692
      vertex -0.499999 -0.706998 30.759
      vertex 11.6592 -0.325345 32.5545
    endloop
  endfacet
  facet normal 9.49223e-07 -0.978148 0.207909
    outer loop
      vertex 11.2048 -0.277926 32.7776
      vertex -0.499999 -0.706998 30.759
      vertex 11.4055 -0.303496 32.6573
    endloop
  endfacet
  facet normal -4.99374e-05 -0.978125 0.208016
    outer loop
      vertex 12.2391 0.383898 35.8913
      vertex 15.7 0.748383 37.606
      vertex 12.2 0.384538 35.8943
    endloop
  endfacet
  facet normal 2.67747e-05 -0.978157 0.207868
    outer loop
      vertex 12.4738 0.380058 35.8732
      vertex 15.7 0.748383 37.606
      vertex 12.2391 0.383898 35.8913
    endloop
  endfacet
  facet normal 0.000161298 -0.978208 0.207628
    outer loop
      vertex 12.5119 0.378154 35.8642
      vertex 15.7 0.748383 37.606
      vertex 12.4738 0.380058 35.8732
    endloop
  endfacet
  facet normal -2.92221e-05 -0.978137 0.207962
    outer loop
      vertex 12.7408 0.36673 35.8105
      vertex 15.7 0.748383 37.606
      vertex 12.5119 0.378154 35.8642
    endloop
  endfacet
  facet normal -3.74808e-06 -0.978145 0.207922
    outer loop
      vertex 12.9582 0.348002 35.7224
      vertex 15.7 0.748383 37.606
      vertex 12.7408 0.36673 35.8105
    endloop
  endfacet
  facet normal 6.19692e-05 -0.978165 0.20783
    outer loop
      vertex 12.9945 0.344881 35.7077
      vertex 15.7 0.748383 37.606
      vertex 12.9582 0.348002 35.7224
    endloop
  endfacet
  facet normal 0.000164735 -0.978195 0.20769
    outer loop
      vertex 13.0279 0.340619 35.6876
      vertex 15.7 0.748383 37.606
      vertex 12.9945 0.344881 35.7077
    endloop
  endfacet
  facet normal -5.57553e-05 -0.978132 0.207984
    outer loop
      vertex 13.2286 0.315049 35.5674
      vertex 15.7 0.748383 37.606
      vertex 13.0279 0.340619 35.6876
    endloop
  endfacet
  facet normal 4.79088e-05 -0.978158 0.207864
    outer loop
      vertex 13.4076 0.283267 35.4178
      vertex 15.7 0.748383 37.606
      vertex 13.2286 0.315049 35.5674
    endloop
  endfacet
  facet normal -7.60419e-05 -0.978131 0.207988
    outer loop
      vertex 13.4374 0.27797 35.3929
      vertex 15.7 0.748383 37.606
      vertex 13.4076 0.283267 35.4178
    endloop
  endfacet
  facet normal 1.76118e-05 -0.978151 0.207896
    outer loop
      vertex 13.5903 0.240757 35.2178
      vertex 15.7 0.748383 37.606
      vertex 13.4374 0.27797 35.3929
    endloop
  endfacet
  facet normal -0.00031752 -0.978091 0.208179
    outer loop
      vertex 13.6158 0.234555 35.1887
      vertex 15.7 0.748383 37.606
      vertex 13.5903 0.240757 35.2178
    endloop
  endfacet
  facet normal 0.000362146 -0.97821 0.207619
    outer loop
      vertex 13.6363 0.227601 35.1559
      vertex 15.7 0.748383 37.606
      vertex 13.6158 0.234555 35.1887
    endloop
  endfacet
  facet normal -4.66044e-06 -0.978147 0.207914
    outer loop
      vertex 13.7593 0.185875 34.9596
      vertex 15.7 0.748383 37.606
      vertex 13.6363 0.227601 35.1559
    endloop
  endfacet
  facet normal -4.38891e-05 -0.978141 0.207942
    outer loop
      vertex 13.8643 0.133127 34.7115
      vertex 15.7 0.748383 37.606
      vertex 13.7593 0.185875 34.9596
    endloop
  endfacet
  facet normal 1.68921e-05 -0.978149 0.207905
    outer loop
      vertex 13.9285 0.0776102 34.4503
      vertex 15.7 0.748383 37.606
      vertex 13.8643 0.133127 34.7115
    endloop
  endfacet
  facet normal -2.84544e-05 -0.978144 0.207929
    outer loop
      vertex 13.9469 0.0288236 34.2208
      vertex 15.7 0.748383 37.606
      vertex 13.9285 0.0776102 34.4503
    endloop
  endfacet
  facet normal 0.000420654 -0.978191 0.207707
    outer loop
      vertex 13.95 0.0206924 34.1825
      vertex 15.7 0.748383 37.606
      vertex 13.9469 0.0288236 34.2208
    endloop
  endfacet
  facet normal 3.57744e-05 -0.978144 0.20793
    outer loop
      vertex 15.7 -0.706998 30.759
      vertex 13.95 0.0206924 34.1825
      vertex 13.9315 -0.0280945 33.953
    endloop
  endfacet
  facet normal -0.000395635 -0.978192 0.207701
    outer loop
      vertex 15.7 -0.706998 30.759
      vertex 13.9315 -0.0280945 33.953
      vertex 13.9285 -0.0362256 33.9147
    endloop
  endfacet
  facet normal 7.95043e-05 -0.978138 0.207957
    outer loop
      vertex 15.7 -0.706998 30.759
      vertex 13.9285 -0.0362256 33.9147
      vertex 13.9193 -0.0441565 33.8774
    endloop
  endfacet
  facet normal -3.41377e-05 -0.978151 0.207895
    outer loop
      vertex 15.7 -0.706998 30.759
      vertex 13.9193 -0.0441565 33.8774
      vertex 13.8643 -0.0917419 33.6535
    endloop
  endfacet
  facet normal 2.18028e-06 -0.978147 0.207917
    outer loop
      vertex 15.7 -0.706998 30.759
      vertex 13.8643 -0.0917419 33.6535
      vertex 13.7743 -0.136954 33.4408
    endloop
  endfacet
  facet normal 0.000275098 -0.978107 0.208104
    outer loop
      vertex 15.7 -0.706998 30.759
      vertex 13.7743 -0.136954 33.4408
      vertex 13.7593 -0.14449 33.4054
    endloop
  endfacet
  facet normal 5.5327e-06 -0.978147 0.207914
    outer loop
      vertex 15.7 -0.706998 30.759
      vertex 13.7388 -0.151444 33.3727
      vertex 13.6158 -0.19317 33.1764
    endloop
  endfacet
  facet normal 8.81619e-05 -0.978126 0.208011
    outer loop
      vertex 15.7 -0.706998 30.759
      vertex 13.2585 -0.268367 32.8226
      vertex 13.2286 -0.273665 32.7977
    endloop
  endfacet
  facet normal -2.4363e-06 -0.978148 0.207911
    outer loop
      vertex 15.7 -0.706998 30.759
      vertex 13.1952 -0.277926 32.7776
      vertex 12.9945 -0.303496 32.6573
    endloop
  endfacet
  facet normal -5.89944e-05 -0.978167 0.207823
    outer loop
      vertex 15.7 -0.706998 30.759
      vertex 12.777 -0.322224 32.5692
      vertex 12.7408 -0.325345 32.5545
    endloop
  endfacet
  facet normal -3.49676e-05 -0.97816 0.207853
    outer loop
      vertex 15.7 -0.706998 30.759
      vertex 12.7026 -0.327249 32.5456
      vertex 12.4738 -0.338673 32.4918
    endloop
  endfacet
  facet normal -6.96002e-05 -0.978178 0.20777
    outer loop
      vertex 11.9262 -0.338673 32.4918
      vertex 15.7 -0.706998 30.759
      vertex 12.2 -0.343153 32.4708
    endloop
  endfacet
  facet normal 5.58941e-08 -0.978147 0.207913
    outer loop
      vertex 13.95 0.0206924 34.1825
      vertex 15.7 -0.706998 30.759
      vertex 15.7 0.748383 37.606
    endloop
  endfacet
  facet normal 7.52348e-05 -0.978137 0.207964
    outer loop
      vertex 13.7388 -0.151444 33.3727
      vertex 15.7 -0.706998 30.759
      vertex 13.7593 -0.14449 33.4054
    endloop
  endfacet
  facet normal -8.83349e-05 -0.978164 0.207836
    outer loop
      vertex 13.5903 -0.199372 33.1472
      vertex 15.7 -0.706998 30.759
      vertex 13.6158 -0.19317 33.1764
    endloop
  endfacet
  facet normal -1.76118e-05 -0.978151 0.207896
    outer loop
      vertex 13.4374 -0.236585 32.9721
      vertex 15.7 -0.706998 30.759
      vertex 13.5903 -0.199372 33.1472
    endloop
  endfacet
  facet normal 1.33238e-05 -0.978144 0.207926
    outer loop
      vertex 13.2585 -0.268367 32.8226
      vertex 15.7 -0.706998 30.759
      vertex 13.4374 -0.236585 32.9721
    endloop
  endfacet
  facet normal -0.00019181 -0.978195 0.207686
    outer loop
      vertex 13.1952 -0.277926 32.7776
      vertex 15.7 -0.706998 30.759
      vertex 13.2286 -0.273665 32.7977
    endloop
  endfacet
  facet normal 4.25993e-06 -0.978146 0.20792
    outer loop
      vertex 12.777 -0.322224 32.5692
      vertex 15.7 -0.706998 30.759
      vertex 12.9945 -0.303496 32.6573
    endloop
  endfacet
  facet normal 0.000225858 -0.978071 0.208272
    outer loop
      vertex 12.7026 -0.327249 32.5456
      vertex 15.7 -0.706998 30.759
      vertex 12.7408 -0.325345 32.5545
    endloop
  endfacet
  facet normal 5.07275e-05 -0.978128 0.208006
    outer loop
      vertex 12.2 -0.343153 32.4708
      vertex 15.7 -0.706998 30.759
      vertex 12.4738 -0.338673 32.4918
    endloop
  endfacet
  facet normal -1 0 0
    outer loop
      vertex -0.499999 7.11818 29.0957
      vertex -0.499999 4.54045 36.8
      vertex -0.499999 8.57356 35.9427
    endloop
  endfacet
  facet normal -1 0 0
    outer loop
      vertex -0.499999 -0.706998 30.759
      vertex -0.499999 4.54045 36.8
      vertex -0.499999 7.11818 29.0957
    endloop
  endfacet
  facet normal -1 0 0
    outer loop
      vertex -0.499999 1.04468 36.8
      vertex -0.499999 0.748383 37.606
      vertex -0.499999 1.04468 37.543
    endloop
  endfacet
  facet normal -1 -0 0
    outer loop
      vertex -0.499999 1.04468 36.8
      vertex -0.499999 -0.706998 30.759
      vertex -0.499999 0.748383 37.606
    endloop
  endfacet
  facet normal -1 -0 0
    outer loop
      vertex -0.499999 4.54045 36.8
      vertex -0.499999 -0.706998 30.759
      vertex -0.499999 1.04468 36.8
    endloop
  endfacet
  facet normal 1 0 0
    outer loop
      vertex 15.7 1.04468 37.543
      vertex 15.7 0.748383 37.606
      vertex 15.7 1.04468 36.8
    endloop
  endfacet
  facet normal 1 0 0
    outer loop
      vertex 15.7 4.54045 36.8
      vertex 15.7 7.11818 29.0957
      vertex 15.7 8.57356 35.9427
    endloop
  endfacet
  facet normal 1 0 0
    outer loop
      vertex 15.7 -0.706998 30.759
      vertex 15.7 4.54045 36.8
      vertex 15.7 1.04468 36.8
    endloop
  endfacet
  facet normal 1 0 0
    outer loop
      vertex 15.7 4.54045 36.8
      vertex 15.7 -0.706998 30.759
      vertex 15.7 7.11818 29.0957
    endloop
  endfacet
  facet normal 1 0 0
    outer loop
      vertex 15.7 -0.706998 30.759
      vertex 15.7 1.04468 36.8
      vertex 15.7 0.748383 37.606
    endloop
  endfacet
  facet normal -0 0.20792 0.978146
    outer loop
      vertex -0.499999 8.57356 35.9427
      vertex 15.7 4.54045 36.8
      vertex 15.7 8.57356 35.9427
    endloop
  endfacet
  facet normal 0 0.20792 0.978146
    outer loop
      vertex 15.7 4.54045 36.8
      vertex -0.499999 8.57356 35.9427
      vertex -0.499999 4.54045 36.8
    endloop
  endfacet
  facet normal -0 0.207975 0.978134
    outer loop
      vertex -0.499999 1.04468 37.543
      vertex 15.7 0.748383 37.606
      vertex 15.7 1.04468 37.543
    endloop
  endfacet
  facet normal 0 0.207975 0.978134
    outer loop
      vertex 15.7 0.748383 37.606
      vertex -0.499999 1.04468 37.543
      vertex -0.499999 0.748383 37.606
    endloop
  endfacet
  facet normal -0.996929 0.0162943 0.0766025
    outer loop
      vertex 13.9285 5.83266 32.6673
      vertex 13.9315 -0.0280945 33.953
      vertex 13.95 5.88958 32.935
    endloop
  endfacet
  facet normal -0.997077 0.0158831 0.0747281
    outer loop
      vertex 13.9315 -0.0280945 33.953
      vertex 13.9285 5.83266 32.6673
      vertex 13.9285 -0.0362256 33.9147
    endloop
  endfacet
  facet normal -9.86957e-05 -0.978136 0.207965
    outer loop
      vertex 11.1714 6.18394 34.3199
      vertex 10.9626 6.14686 34.1454
      vertex 10.4715 5.9465 33.2028
    endloop
  endfacet
  facet normal -0.996906 0.0163431 0.0768864
    outer loop
      vertex 13.95 0.0206924 34.1825
      vertex 13.95 5.88958 32.935
      vertex 13.9315 -0.0280945 33.953
    endloop
  endfacet
  facet normal -0.760384 -0.135036 -0.635281
    outer loop
      vertex 13.4374 6.14686 34.1454
      vertex 13.5903 0.240757 35.2178
      vertex 13.4374 0.27797 35.3929
    endloop
  endfacet
  facet normal 0.523969 -0.17701 -0.833141
    outer loop
      vertex 11.1714 6.18394 34.3199
      vertex 11.4055 0.344881 35.7077
      vertex 11.3721 0.340619 35.6876
    endloop
  endfacet
  facet normal 0.522444 -0.177285 -0.83404
    outer loop
      vertex 11.4055 0.344881 35.7077
      vertex 11.1714 6.18394 34.3199
      vertex 11.4055 6.21377 34.4602
    endloop
  endfacet
  facet normal 0 -0.978148 0.20791
    outer loop
      vertex 10.9626 5.6323 31.7246
      vertex 13.7593 5.7244 32.1579
      vertex 10.6407 5.7244 32.1579
    endloop
  endfacet
  facet normal 0 -0.978148 0.20791
    outer loop
      vertex 13.7593 5.7244 32.1579
      vertex 10.9626 5.6323 31.7246
      vertex 13.4374 5.6323 31.7246
    endloop
  endfacet
  facet normal 0.924013 -0.0794929 -0.374005
    outer loop
      vertex 10.6407 0.185875 34.9596
      vertex 10.5357 6.00201 33.464
      vertex 10.6407 6.05476 33.7122
    endloop
  endfacet
  facet normal 0.923961 -0.0795253 -0.374128
    outer loop
      vertex 10.5357 6.00201 33.464
      vertex 10.6407 0.185875 34.9596
      vertex 10.5357 0.133127 34.7115
    endloop
  endfacet
  facet normal -0.852603 0.108649 0.51114
    outer loop
      vertex 13.7388 -0.151444 33.3727
      vertex 13.6158 5.67571 31.9289
      vertex 13.6158 -0.19317 33.1764
    endloop
  endfacet
  facet normal -0.972295 -0.0486023 -0.22865
    outer loop
      vertex 13.9285 5.9465 33.2028
      vertex 13.8643 0.133127 34.7115
      vertex 13.8643 6.00201 33.464
    endloop
  endfacet
  facet normal -0.972295 -0.048602 -0.228649
    outer loop
      vertex 13.8643 0.133127 34.7115
      vertex 13.9285 5.9465 33.2028
      vertex 13.9285 0.0776102 34.4503
    endloop
  endfacet
  facet normal -0.924013 -0.0794929 -0.374005
    outer loop
      vertex 13.8643 6.00201 33.464
      vertex 13.7593 0.185875 34.9596
      vertex 13.7593 6.05476 33.7122
    endloop
  endfacet
  facet normal -0.923961 -0.0795253 -0.374128
    outer loop
      vertex 13.7593 0.185875 34.9596
      vertex 13.8643 6.00201 33.464
      vertex 13.8643 0.133127 34.7115
    endloop
  endfacet
  facet normal 0.0785923 -0.207273 -0.975121
    outer loop
      vertex 11.9262 6.24894 34.6257
      vertex 12.1609 0.383898 35.8913
      vertex 11.9262 0.380058 35.8732
    endloop
  endfacet
  facet normal 0.233725 0.202142 0.951058
    outer loop
      vertex 11.9262 -0.338673 32.4918
      vertex 11.9262 5.53021 31.2444
      vertex 11.6974 -0.327249 32.5456
    endloop
  endfacet
  facet normal -0.649377 0.158104 0.74385
    outer loop
      vertex 13.2286 5.59522 31.5502
      vertex 13.2585 -0.268367 32.8226
      vertex 13.4374 5.6323 31.7246
    endloop
  endfacet
  facet normal -0.648275 0.158309 0.744767
    outer loop
      vertex 13.2585 -0.268367 32.8226
      vertex 13.2286 5.59522 31.5502
      vertex 13.2286 -0.273665 32.7977
    endloop
  endfacet
  facet normal -0.000549118 -0.978065 0.2083
    outer loop
      vertex 13.6158 5.67571 31.9289
      vertex 13.7593 5.7244 32.1579
      vertex 13.4374 5.6323 31.7246
    endloop
  endfacet
  facet normal 0 -0.978153 0.207887
    outer loop
      vertex 12.2 5.52573 31.2233
      vertex 12.7408 5.54354 31.3071
      vertex 11.6592 5.54354 31.3071
    endloop
  endfacet
  facet normal -0.000405773 -0.978127 0.208008
    outer loop
      vertex 13.9285 5.83266 32.6673
      vertex 13.95 5.88958 32.935
      vertex 13.8643 5.77714 32.4061
    endloop
  endfacet
  facet normal -0.972295 0.0486032 0.228648
    outer loop
      vertex 13.9193 -0.0441565 33.8774
      vertex 13.9285 5.83266 32.6673
      vertex 13.8643 5.77714 32.4061
    endloop
  endfacet
  facet normal -0.97211 0.0487583 0.229402
    outer loop
      vertex 13.9285 5.83266 32.6673
      vertex 13.9193 -0.0441565 33.8774
      vertex 13.9285 -0.0362256 33.9147
    endloop
  endfacet
  facet normal 3.85619e-05 -0.978149 0.207905
    outer loop
      vertex 13.95 5.88958 32.935
      vertex 13.9285 5.9465 33.2028
      vertex 13.7593 5.7244 32.1579
    endloop
  endfacet
  facet normal 0 -0.978148 0.207912
    outer loop
      vertex 10.6407 5.7244 32.1579
      vertex 12.7408 6.23562 34.563
      vertex 11.6592 6.23562 34.563
    endloop
  endfacet
  facet normal 0 -0.978148 0.207912
    outer loop
      vertex 12.7408 6.23562 34.563
      vertex 10.6407 5.7244 32.1579
      vertex 13.7593 5.7244 32.1579
    endloop
  endfacet
  facet normal -0.64953 -0.158086 -0.74372
    outer loop
      vertex 13.4076 0.283267 35.4178
      vertex 13.4374 6.14686 34.1454
      vertex 13.4374 0.27797 35.3929
    endloop
  endfacet
  facet normal -0.649583 -0.158076 -0.743676
    outer loop
      vertex 13.4374 6.14686 34.1454
      vertex 13.4076 0.283267 35.4178
      vertex 13.2286 6.18394 34.3199
    endloop
  endfacet
  facet normal 1.32303e-05 -0.978159 0.207857
    outer loop
      vertex 12.7408 6.23562 34.563
      vertex 12.4738 6.24894 34.6257
      vertex 12.2 6.25342 34.6468
    endloop
  endfacet
  facet normal 0 -0.978139 0.207951
    outer loop
      vertex 11.6592 5.54354 31.3071
      vertex 13.4374 5.6323 31.7246
      vertex 10.9626 5.6323 31.7246
    endloop
  endfacet
  facet normal 0 -0.978139 0.207951
    outer loop
      vertex 13.4374 5.6323 31.7246
      vertex 11.6592 5.54354 31.3071
      vertex 12.7408 5.54354 31.3071
    endloop
  endfacet
  facet normal 0.233446 0.202156 0.951123
    outer loop
      vertex 11.6592 -0.325345 32.5545
      vertex 11.9262 5.53021 31.2444
      vertex 11.6592 5.54354 31.3071
    endloop
  endfacet
  facet normal 0.231768 0.202317 0.951499
    outer loop
      vertex 11.9262 5.53021 31.2444
      vertex 11.6592 -0.325345 32.5545
      vertex 11.6974 -0.327249 32.5456
    endloop
  endfacet
  facet normal 2.62667e-05 -0.978152 0.20789
    outer loop
      vertex 11.6592 6.23562 34.563
      vertex 11.1714 6.18394 34.3199
      vertex 10.4715 5.9465 33.2028
    endloop
  endfacet
  facet normal 3.11237e-05 -0.978112 0.208079
    outer loop
      vertex 11.9262 5.53021 31.2444
      vertex 12.2 5.52573 31.2233
      vertex 11.6592 5.54354 31.3071
    endloop
  endfacet
  facet normal -0.3826 0.192082 0.903726
    outer loop
      vertex 12.9945 -0.303496 32.6573
      vertex 12.9945 5.56539 31.4099
      vertex 12.777 -0.322224 32.5692
    endloop
  endfacet
  facet normal 0 -0.978177 0.207775
    outer loop
      vertex 12.7408 6.23562 34.563
      vertex 12.2 6.25342 34.6468
      vertex 11.6592 6.23562 34.563
    endloop
  endfacet
  facet normal -0.760377 0.135038 0.635288
    outer loop
      vertex 13.5903 -0.199372 33.1472
      vertex 13.6158 5.67571 31.9289
      vertex 13.4374 5.6323 31.7246
    endloop
  endfacet
  facet normal -0.760349 0.135045 0.63532
    outer loop
      vertex 13.6158 5.67571 31.9289
      vertex 13.5903 -0.199372 33.1472
      vertex 13.6158 -0.19317 33.1764
    endloop
  endfacet
  facet normal -0.852603 -0.10864 -0.511141
    outer loop
      vertex 13.7593 6.05476 33.7122
      vertex 13.7593 0.185875 34.9596
      vertex 13.6363 0.227601 35.1559
    endloop
  endfacet
  facet normal -0.000225144 -0.978172 0.207796
    outer loop
      vertex 13.8643 6.00201 33.464
      vertex 13.7593 6.05476 33.7122
      vertex 13.4374 6.14686 34.1454
    endloop
  endfacet
  facet normal -0.382503 -0.192105 -0.903763
    outer loop
      vertex 12.9582 0.348002 35.7224
      vertex 12.9945 6.21377 34.4602
      vertex 12.9945 0.344881 35.7077
    endloop
  endfacet
  facet normal -0.382716 -0.192085 -0.903677
    outer loop
      vertex 12.9945 6.21377 34.4602
      vertex 12.9582 0.348002 35.7224
      vertex 12.7408 6.23562 34.563
    endloop
  endfacet
  facet normal -0.000383158 -0.978128 0.208004
    outer loop
      vertex 13.8643 5.77714 32.4061
      vertex 13.95 5.88958 32.935
      vertex 13.7593 5.7244 32.1579
    endloop
  endfacet
  facet normal -0.852589 0.108655 0.511162
    outer loop
      vertex 13.7388 -0.151444 33.3727
      vertex 13.7593 5.7244 32.1579
      vertex 13.6158 5.67571 31.9289
    endloop
  endfacet
  facet normal -0.852489 0.108687 0.511321
    outer loop
      vertex 13.7593 5.7244 32.1579
      vertex 13.7388 -0.151444 33.3727
      vertex 13.7593 -0.14449 33.4054
    endloop
  endfacet
  facet normal -0.0782125 -0.207294 -0.975147
    outer loop
      vertex 12.2 0.384538 35.8943
      vertex 12.4738 6.24894 34.6257
      vertex 12.2391 0.383898 35.8913
    endloop
  endfacet
  facet normal -0.0785381 -0.207274 -0.975125
    outer loop
      vertex 12.4738 6.24894 34.6257
      vertex 12.2 0.384538 35.8943
      vertex 12.2 6.25342 34.6468
    endloop
  endfacet
  facet normal 0.852603 0.108649 0.51114
    outer loop
      vertex 10.7842 -0.19317 33.1764
      vertex 10.7842 5.67571 31.9289
      vertex 10.6612 -0.151444 33.3727
    endloop
  endfacet
  facet normal 0.382751 -0.192084 -0.903662
    outer loop
      vertex 11.6592 6.23562 34.563
      vertex 11.6592 0.36673 35.8105
      vertex 11.4418 0.348002 35.7224
    endloop
  endfacet
  facet normal 0.233235 -0.202182 -0.95117
    outer loop
      vertex 11.6592 6.23562 34.563
      vertex 11.8881 0.378154 35.8642
      vertex 11.6592 0.36673 35.8105
    endloop
  endfacet
  facet normal -0.0785381 0.207258 0.975129
    outer loop
      vertex 12.2 5.52573 31.2233
      vertex 12.4738 -0.338673 32.4918
      vertex 12.4738 5.53021 31.2444
    endloop
  endfacet
  facet normal -0.0781841 0.20728 0.975152
    outer loop
      vertex 12.4738 -0.338673 32.4918
      vertex 12.2 5.52573 31.2233
      vertex 12.2 -0.343153 32.4708
    endloop
  endfacet
  facet normal -0.382716 0.192077 0.903679
    outer loop
      vertex 12.7408 5.54354 31.3071
      vertex 12.777 -0.322224 32.5692
      vertex 12.9945 5.56539 31.4099
    endloop
  endfacet
  facet normal -0.383405 0.192013 0.9034
    outer loop
      vertex 12.777 -0.322224 32.5692
      vertex 12.7408 5.54354 31.3071
      vertex 12.7408 -0.325345 32.5545
    endloop
  endfacet
  facet normal -0.522444 0.177285 0.83404
    outer loop
      vertex 12.9945 5.56539 31.4099
      vertex 13.2286 -0.273665 32.7977
      vertex 13.2286 5.59522 31.5502
    endloop
  endfacet
  facet normal -0.523965 0.177011 0.833143
    outer loop
      vertex 13.2286 -0.273665 32.7977
      vertex 12.9945 5.56539 31.4099
      vertex 13.1952 -0.277926 32.7776
    endloop
  endfacet
  facet normal -0.760384 0.135036 0.63528
    outer loop
      vertex 13.5903 -0.199372 33.1472
      vertex 13.4374 5.6323 31.7246
      vertex 13.4374 -0.236585 32.9721
    endloop
  endfacet
  facet normal -0.852587 -0.108647 -0.511167
    outer loop
      vertex 13.6363 0.227601 35.1559
      vertex 13.6158 6.10344 33.9412
      vertex 13.7593 6.05476 33.7122
    endloop
  endfacet
  facet normal -0.853168 -0.108457 -0.510236
    outer loop
      vertex 13.6158 6.10344 33.9412
      vertex 13.6363 0.227601 35.1559
      vertex 13.6158 0.234555 35.1887
    endloop
  endfacet
  facet normal -0.523969 -0.17701 -0.833141
    outer loop
      vertex 12.9945 0.344881 35.7077
      vertex 13.2286 6.18394 34.3199
      vertex 13.0279 0.340619 35.6876
    endloop
  endfacet
  facet normal -0.522444 -0.177285 -0.83404
    outer loop
      vertex 13.2286 6.18394 34.3199
      vertex 12.9945 0.344881 35.7077
      vertex 12.9945 6.21377 34.4602
    endloop
  endfacet
  facet normal 0.760384 -0.135036 -0.635281
    outer loop
      vertex 10.9626 6.14686 34.1454
      vertex 10.9626 0.27797 35.3929
      vertex 10.8097 0.240757 35.2178
    endloop
  endfacet
  facet normal -0.382751 -0.192084 -0.903662
    outer loop
      vertex 12.7408 6.23562 34.563
      vertex 12.9582 0.348002 35.7224
      vertex 12.7408 0.36673 35.8105
    endloop
  endfacet
  facet normal -0.0785923 -0.207273 -0.975121
    outer loop
      vertex 12.4738 6.24894 34.6257
      vertex 12.4738 0.380058 35.8732
      vertex 12.2391 0.383898 35.8913
    endloop
  endfacet
  facet normal -0.234704 -0.202051 -0.950836
    outer loop
      vertex 12.4738 0.380058 35.8732
      vertex 12.7408 6.23562 34.563
      vertex 12.5119 0.378154 35.8642
    endloop
  endfacet
  facet normal -0.233439 -0.202172 -0.951122
    outer loop
      vertex 12.7408 6.23562 34.563
      vertex 12.4738 0.380058 35.8732
      vertex 12.4738 6.24894 34.6257
    endloop
  endfacet
  facet normal 0.234704 -0.202051 -0.950836
    outer loop
      vertex 11.6592 6.23562 34.563
      vertex 11.9262 0.380058 35.8732
      vertex 11.8881 0.378154 35.8642
    endloop
  endfacet
  facet normal 0.233439 -0.202172 -0.951122
    outer loop
      vertex 11.9262 0.380058 35.8732
      vertex 11.6592 6.23562 34.563
      vertex 11.9262 6.24894 34.6257
    endloop
  endfacet
  facet normal 7.10087e-07 -0.978148 0.207911
    outer loop
      vertex 10.6407 5.7244 32.1579
      vertex 11.6592 6.23562 34.563
      vertex 10.4715 5.9465 33.2028
    endloop
  endfacet
  facet normal 0.000148773 -0.978162 0.207842
    outer loop
      vertex 10.9626 6.14686 34.1454
      vertex 10.5357 6.00201 33.464
      vertex 10.4715 5.9465 33.2028
    endloop
  endfacet
  facet normal 0.996931 -0.0162734 -0.0765785
    outer loop
      vertex 10.4531 0.0288236 34.2208
      vertex 10.45 5.88958 32.935
      vertex 10.4715 5.9465 33.2028
    endloop
  endfacet
  facet normal 0.99688 -0.0164105 -0.0772034
    outer loop
      vertex 10.45 5.88958 32.935
      vertex 10.4531 0.0288236 34.2208
      vertex 10.45 0.0206924 34.1825
    endloop
  endfacet
  facet normal -3.85619e-05 -0.978149 0.207905
    outer loop
      vertex 10.6407 5.7244 32.1579
      vertex 10.4715 5.9465 33.2028
      vertex 10.45 5.88958 32.935
    endloop
  endfacet
  facet normal -0.233446 0.202156 0.951123
    outer loop
      vertex 12.4738 5.53021 31.2444
      vertex 12.7408 -0.325345 32.5545
      vertex 12.7408 5.54354 31.3071
    endloop
  endfacet
  facet normal -0.231768 0.202317 0.951499
    outer loop
      vertex 12.7408 -0.325345 32.5545
      vertex 12.4738 5.53021 31.2444
      vertex 12.7026 -0.327249 32.5456
    endloop
  endfacet
  facet normal 0.522191 -0.177317 -0.834191
    outer loop
      vertex 11.1714 6.18394 34.3199
      vertex 11.3721 0.340619 35.6876
      vertex 11.1714 0.315049 35.5674
    endloop
  endfacet
  facet normal 0.382503 -0.192105 -0.903763
    outer loop
      vertex 11.4055 6.21377 34.4602
      vertex 11.4418 0.348002 35.7224
      vertex 11.4055 0.344881 35.7077
    endloop
  endfacet
  facet normal 0.382716 -0.192085 -0.903677
    outer loop
      vertex 11.4418 0.348002 35.7224
      vertex 11.4055 6.21377 34.4602
      vertex 11.6592 6.23562 34.563
    endloop
  endfacet
  facet normal -8.22116e-05 -0.978108 0.208098
    outer loop
      vertex 11.6592 6.23562 34.563
      vertex 11.4055 6.21377 34.4602
      vertex 11.1714 6.18394 34.3199
    endloop
  endfacet
  facet normal 0.649591 -0.158075 -0.743669
    outer loop
      vertex 11.1714 6.18394 34.3199
      vertex 11.1714 0.315049 35.5674
      vertex 10.9924 0.283267 35.4178
    endloop
  endfacet
  facet normal 0.000549118 -0.978065 0.2083
    outer loop
      vertex 10.7842 5.67571 31.9289
      vertex 10.9626 5.6323 31.7246
      vertex 10.6407 5.7244 32.1579
    endloop
  endfacet
  facet normal 0.852489 0.108687 0.511321
    outer loop
      vertex 10.6612 -0.151444 33.3727
      vertex 10.6407 5.7244 32.1579
      vertex 10.6407 -0.14449 33.4054
    endloop
  endfacet
  facet normal 0.852589 0.108655 0.511162
    outer loop
      vertex 10.6407 5.7244 32.1579
      vertex 10.6612 -0.151444 33.3727
      vertex 10.7842 5.67571 31.9289
    endloop
  endfacet
  facet normal -3.11237e-05 -0.978112 0.208079
    outer loop
      vertex 12.4738 5.53021 31.2444
      vertex 12.7408 5.54354 31.3071
      vertex 12.2 5.52573 31.2233
    endloop
  endfacet
  facet normal -0.649561 0.158081 0.743694
    outer loop
      vertex 13.4374 -0.236585 32.9721
      vertex 13.4374 5.6323 31.7246
      vertex 13.2585 -0.268367 32.8226
    endloop
  endfacet
  facet normal -0.924012 0.079496 0.374008
    outer loop
      vertex 13.7593 5.7244 32.1579
      vertex 13.7743 -0.136954 33.4408
      vertex 13.8643 5.77714 32.4061
    endloop
  endfacet
  facet normal -0.923805 0.0796036 0.374497
    outer loop
      vertex 13.7743 -0.136954 33.4408
      vertex 13.7593 5.7244 32.1579
      vertex 13.7593 -0.14449 33.4054
    endloop
  endfacet
  facet normal -0.522191 -0.177317 -0.834191
    outer loop
      vertex 13.2286 6.18394 34.3199
      vertex 13.2286 0.315049 35.5674
      vertex 13.0279 0.340619 35.6876
    endloop
  endfacet
  facet normal -7.10087e-07 -0.978148 0.207911
    outer loop
      vertex 13.7593 5.7244 32.1579
      vertex 13.9285 5.9465 33.2028
      vertex 12.7408 6.23562 34.563
    endloop
  endfacet
  facet normal -0.000230678 -0.978173 0.207792
    outer loop
      vertex 13.7593 6.05476 33.7122
      vertex 13.6158 6.10344 33.9412
      vertex 13.4374 6.14686 34.1454
    endloop
  endfacet
  facet normal -0.76023 -0.135064 -0.635458
    outer loop
      vertex 13.6158 6.10344 33.9412
      vertex 13.5903 0.240757 35.2178
      vertex 13.4374 6.14686 34.1454
    endloop
  endfacet
  facet normal -0.759295 -0.135301 -0.636525
    outer loop
      vertex 13.5903 0.240757 35.2178
      vertex 13.6158 6.10344 33.9412
      vertex 13.6158 0.234555 35.1887
    endloop
  endfacet
  facet normal -0.000148773 -0.978162 0.207842
    outer loop
      vertex 13.9285 5.9465 33.2028
      vertex 13.8643 6.00201 33.464
      vertex 13.4374 6.14686 34.1454
    endloop
  endfacet
  facet normal 9.86957e-05 -0.978136 0.207965
    outer loop
      vertex 13.9285 5.9465 33.2028
      vertex 13.4374 6.14686 34.1454
      vertex 13.2286 6.18394 34.3199
    endloop
  endfacet
  facet normal -0.649591 -0.158075 -0.743669
    outer loop
      vertex 13.2286 6.18394 34.3199
      vertex 13.4076 0.283267 35.4178
      vertex 13.2286 0.315049 35.5674
    endloop
  endfacet
  facet normal -1.32303e-05 -0.978159 0.207857
    outer loop
      vertex 12.2 6.25342 34.6468
      vertex 11.9262 6.24894 34.6257
      vertex 11.6592 6.23562 34.563
    endloop
  endfacet
  facet normal 0.0782125 -0.20728 -0.97515
    outer loop
      vertex 12.1609 0.383898 35.8913
      vertex 12.2 6.25342 34.6468
      vertex 12.2 0.384538 35.8943
    endloop
  endfacet
  facet normal 0.0785381 -0.207276 -0.975125
    outer loop
      vertex 12.2 6.25342 34.6468
      vertex 12.1609 0.383898 35.8913
      vertex 11.9262 6.24894 34.6257
    endloop
  endfacet
  facet normal 0.852603 -0.10864 -0.511141
    outer loop
      vertex 10.6407 6.05476 33.7122
      vertex 10.7637 0.227601 35.1559
      vertex 10.6407 0.185875 34.9596
    endloop
  endfacet
  facet normal 0.76023 -0.135064 -0.635458
    outer loop
      vertex 10.8097 0.240757 35.2178
      vertex 10.7842 6.10344 33.9412
      vertex 10.9626 6.14686 34.1454
    endloop
  endfacet
  facet normal 0.759295 -0.135301 -0.636525
    outer loop
      vertex 10.7842 6.10344 33.9412
      vertex 10.8097 0.240757 35.2178
      vertex 10.7842 0.234555 35.1887
    endloop
  endfacet
  facet normal 0.64953 -0.158086 -0.74372
    outer loop
      vertex 10.9626 6.14686 34.1454
      vertex 10.9924 0.283267 35.4178
      vertex 10.9626 0.27797 35.3929
    endloop
  endfacet
  facet normal 0.649583 -0.158076 -0.743676
    outer loop
      vertex 10.9924 0.283267 35.4178
      vertex 10.9626 6.14686 34.1454
      vertex 11.1714 6.18394 34.3199
    endloop
  endfacet
  facet normal 0.972295 -0.0486023 -0.22865
    outer loop
      vertex 10.5357 0.133127 34.7115
      vertex 10.4715 5.9465 33.2028
      vertex 10.5357 6.00201 33.464
    endloop
  endfacet
  facet normal 0.972295 -0.048602 -0.228649
    outer loop
      vertex 10.4715 5.9465 33.2028
      vertex 10.5357 0.133127 34.7115
      vertex 10.4715 0.0776102 34.4503
    endloop
  endfacet
  facet normal 0.996939 -0.0162553 -0.0764734
    outer loop
      vertex 10.4715 5.9465 33.2028
      vertex 10.4715 0.0776102 34.4503
      vertex 10.4531 0.0288236 34.2208
    endloop
  endfacet
  facet normal 0.649561 0.158081 0.743694
    outer loop
      vertex 11.1415 -0.268367 32.8226
      vertex 10.9626 5.6323 31.7246
      vertex 10.9626 -0.236585 32.9721
    endloop
  endfacet
  facet normal 8.22116e-05 -0.978108 0.208098
    outer loop
      vertex 11.4055 5.56539 31.4099
      vertex 11.6592 5.54354 31.3071
      vertex 11.1714 5.59522 31.5502
    endloop
  endfacet
  facet normal 0.383405 0.192013 0.9034
    outer loop
      vertex 11.6592 5.54354 31.3071
      vertex 11.623 -0.322224 32.5692
      vertex 11.6592 -0.325345 32.5545
    endloop
  endfacet
  facet normal 0.382716 0.192077 0.903679
    outer loop
      vertex 11.623 -0.322224 32.5692
      vertex 11.6592 5.54354 31.3071
      vertex 11.4055 5.56539 31.4099
    endloop
  endfacet
  facet normal 3.2953e-05 -0.978128 0.208004
    outer loop
      vertex 11.1714 5.59522 31.5502
      vertex 11.6592 5.54354 31.3071
      vertex 10.9626 5.6323 31.7246
    endloop
  endfacet
  facet normal 0.760349 0.135045 0.63532
    outer loop
      vertex 10.8097 -0.199372 33.1472
      vertex 10.7842 5.67571 31.9289
      vertex 10.7842 -0.19317 33.1764
    endloop
  endfacet
  facet normal 0.760377 0.135038 0.635288
    outer loop
      vertex 10.7842 5.67571 31.9289
      vertex 10.8097 -0.199372 33.1472
      vertex 10.9626 5.6323 31.7246
    endloop
  endfacet
  facet normal 0.0785381 0.207258 0.975129
    outer loop
      vertex 11.9262 -0.338673 32.4918
      vertex 12.2 5.52573 31.2233
      vertex 11.9262 5.53021 31.2444
    endloop
  endfacet
  facet normal 0.0781841 0.20728 0.975152
    outer loop
      vertex 12.2 5.52573 31.2233
      vertex 11.9262 -0.338673 32.4918
      vertex 12.2 -0.343153 32.4708
    endloop
  endfacet
  facet normal -0.233725 0.202142 0.951058
    outer loop
      vertex 12.7026 -0.327249 32.5456
      vertex 12.4738 5.53021 31.2444
      vertex 12.4738 -0.338673 32.4918
    endloop
  endfacet
  facet normal -0.522493 0.177265 0.834013
    outer loop
      vertex 13.1952 -0.277926 32.7776
      vertex 12.9945 5.56539 31.4099
      vertex 12.9945 -0.303496 32.6573
    endloop
  endfacet
  facet normal -8.22116e-05 -0.978108 0.208098
    outer loop
      vertex 12.9945 5.56539 31.4099
      vertex 13.2286 5.59522 31.5502
      vertex 12.7408 5.54354 31.3071
    endloop
  endfacet
  facet normal -3.2953e-05 -0.978128 0.208004
    outer loop
      vertex 13.2286 5.59522 31.5502
      vertex 13.4374 5.6323 31.7246
      vertex 12.7408 5.54354 31.3071
    endloop
  endfacet
  facet normal -0.923987 0.0795061 0.374068
    outer loop
      vertex 13.8643 -0.0917419 33.6535
      vertex 13.8643 5.77714 32.4061
      vertex 13.7743 -0.136954 33.4408
    endloop
  endfacet
  facet normal -0.972326 0.0485717 0.228524
    outer loop
      vertex 13.9193 -0.0441565 33.8774
      vertex 13.8643 5.77714 32.4061
      vertex 13.8643 -0.0917419 33.6535
    endloop
  endfacet
  facet normal -0.996939 -0.0162553 -0.0764734
    outer loop
      vertex 13.9285 5.9465 33.2028
      vertex 13.9469 0.0288236 34.2208
      vertex 13.9285 0.0776102 34.4503
    endloop
  endfacet
  facet normal -0.996931 -0.0162734 -0.0765785
    outer loop
      vertex 13.95 5.88958 32.935
      vertex 13.9469 0.0288236 34.2208
      vertex 13.9285 5.9465 33.2028
    endloop
  endfacet
  facet normal -0.99688 -0.0164105 -0.0772034
    outer loop
      vertex 13.9469 0.0288236 34.2208
      vertex 13.95 5.88958 32.935
      vertex 13.95 0.0206924 34.1825
    endloop
  endfacet
  facet normal 0.853168 -0.108457 -0.510236
    outer loop
      vertex 10.7637 0.227601 35.1559
      vertex 10.7842 6.10344 33.9412
      vertex 10.7842 0.234555 35.1887
    endloop
  endfacet
  facet normal 0.852587 -0.108647 -0.511167
    outer loop
      vertex 10.7842 6.10344 33.9412
      vertex 10.7637 0.227601 35.1559
      vertex 10.6407 6.05476 33.7122
    endloop
  endfacet
  facet normal 0.000230678 -0.978173 0.207792
    outer loop
      vertex 10.9626 6.14686 34.1454
      vertex 10.7842 6.10344 33.9412
      vertex 10.6407 6.05476 33.7122
    endloop
  endfacet
  facet normal 0.000225144 -0.978172 0.207796
    outer loop
      vertex 10.9626 6.14686 34.1454
      vertex 10.6407 6.05476 33.7122
      vertex 10.5357 6.00201 33.464
    endloop
  endfacet
  facet normal 0.996929 0.0162943 0.0766025
    outer loop
      vertex 10.4685 -0.0280945 33.953
      vertex 10.4715 5.83266 32.6673
      vertex 10.45 5.88958 32.935
    endloop
  endfacet
  facet normal 0.997077 0.0158831 0.0747281
    outer loop
      vertex 10.4715 5.83266 32.6673
      vertex 10.4685 -0.0280945 33.953
      vertex 10.4715 -0.0362256 33.9147
    endloop
  endfacet
  facet normal 0.996906 0.0163431 0.0768864
    outer loop
      vertex 10.4685 -0.0280945 33.953
      vertex 10.45 5.88958 32.935
      vertex 10.45 0.0206924 34.1825
    endloop
  endfacet
  facet normal 0.97211 0.0487583 0.229402
    outer loop
      vertex 10.4807 -0.0441565 33.8774
      vertex 10.4715 5.83266 32.6673
      vertex 10.4715 -0.0362256 33.9147
    endloop
  endfacet
  facet normal 0.972295 0.0486032 0.228648
    outer loop
      vertex 10.4715 5.83266 32.6673
      vertex 10.4807 -0.0441565 33.8774
      vertex 10.5357 5.77714 32.4061
    endloop
  endfacet
  facet normal 0.972326 0.0485717 0.228524
    outer loop
      vertex 10.5357 -0.0917419 33.6535
      vertex 10.5357 5.77714 32.4061
      vertex 10.4807 -0.0441565 33.8774
    endloop
  endfacet
  facet normal 0.522444 0.177285 0.83404
    outer loop
      vertex 11.1714 -0.273665 32.7977
      vertex 11.4055 5.56539 31.4099
      vertex 11.1714 5.59522 31.5502
    endloop
  endfacet
  facet normal 0.523965 0.177011 0.833143
    outer loop
      vertex 11.4055 5.56539 31.4099
      vertex 11.1714 -0.273665 32.7977
      vertex 11.2048 -0.277926 32.7776
    endloop
  endfacet
  facet normal 0.648275 0.158309 0.744767
    outer loop
      vertex 11.1714 5.59522 31.5502
      vertex 11.1415 -0.268367 32.8226
      vertex 11.1714 -0.273665 32.7977
    endloop
  endfacet
  facet normal 0.649377 0.158104 0.74385
    outer loop
      vertex 11.1415 -0.268367 32.8226
      vertex 11.1714 5.59522 31.5502
      vertex 10.9626 5.6323 31.7246
    endloop
  endfacet
  facet normal 0.522493 0.177265 0.834013
    outer loop
      vertex 11.4055 -0.303496 32.6573
      vertex 11.4055 5.56539 31.4099
      vertex 11.2048 -0.277926 32.7776
    endloop
  endfacet
  facet normal 0.3826 0.192082 0.903726
    outer loop
      vertex 11.623 -0.322224 32.5692
      vertex 11.4055 5.56539 31.4099
      vertex 11.4055 -0.303496 32.6573
    endloop
  endfacet
  facet normal -2.62667e-05 -0.978152 0.20789
    outer loop
      vertex 13.9285 5.9465 33.2028
      vertex 13.2286 6.18394 34.3199
      vertex 12.7408 6.23562 34.563
    endloop
  endfacet
  facet normal 8.22116e-05 -0.978108 0.208098
    outer loop
      vertex 13.2286 6.18394 34.3199
      vertex 12.9945 6.21377 34.4602
      vertex 12.7408 6.23562 34.563
    endloop
  endfacet
  facet normal -0.233235 -0.202182 -0.95117
    outer loop
      vertex 12.7408 6.23562 34.563
      vertex 12.7408 0.36673 35.8105
      vertex 12.5119 0.378154 35.8642
    endloop
  endfacet
  facet normal 0.000405773 -0.978127 0.208008
    outer loop
      vertex 10.4715 5.83266 32.6673
      vertex 10.5357 5.77714 32.4061
      vertex 10.45 5.88958 32.935
    endloop
  endfacet
  facet normal 0.000383158 -0.978128 0.208004
    outer loop
      vertex 10.5357 5.77714 32.4061
      vertex 10.6407 5.7244 32.1579
      vertex 10.45 5.88958 32.935
    endloop
  endfacet
  facet normal 0.923987 0.0795061 0.374068
    outer loop
      vertex 10.6257 -0.136954 33.4408
      vertex 10.5357 5.77714 32.4061
      vertex 10.5357 -0.0917419 33.6535
    endloop
  endfacet
  facet normal 0.924012 0.079496 0.374008
    outer loop
      vertex 10.6257 -0.136954 33.4408
      vertex 10.6407 5.7244 32.1579
      vertex 10.5357 5.77714 32.4061
    endloop
  endfacet
  facet normal 0.923805 0.0796036 0.374497
    outer loop
      vertex 10.6407 5.7244 32.1579
      vertex 10.6257 -0.136954 33.4408
      vertex 10.6407 -0.14449 33.4054
    endloop
  endfacet
  facet normal 0.760384 0.135036 0.63528
    outer loop
      vertex 10.9626 -0.236585 32.9721
      vertex 10.9626 5.6323 31.7246
      vertex 10.8097 -0.199372 33.1472
    endloop
  endfacet
  facet normal -0 0 1
    outer loop
      vertex -0.499999 4.54045 36.8
      vertex 15.7 1.04468 36.8
      vertex 15.7 4.54045 36.8
    endloop
  endfacet
  facet normal 0 0 1
    outer loop
      vertex 15.7 1.04468 36.8
      vertex -0.499999 4.54045 36.8
      vertex -0.499999 1.04468 36.8
    endloop
  endfacet
  facet normal 0 1 -0
    outer loop
      vertex 15.7 1.04468 36.8
      vertex -0.499999 1.04468 37.543
      vertex 15.7 1.04468 37.543
    endloop
  endfacet
  facet normal 0 1 0
    outer loop
      vertex -0.499999 1.04468 37.543
      vertex 15.7 1.04468 36.8
      vertex -0.499999 1.04468 36.8
    endloop
  endfacet
  facet normal 0 0.978148 -0.207912
    outer loop
      vertex 15.7 0.672919 -1.22687
      vertex -0.499999 2.1283 5.62016
      vertex 15.7 2.1283 5.62016
    endloop
  endfacet
  facet normal 0 0.978148 -0.207912
    outer loop
      vertex -0.499999 2.1283 5.62016
      vertex 15.7 0.672919 -1.22687
      vertex -0.499999 0.672919 -1.22687
    endloop
  endfacet
  facet normal 0 -0.207911 -0.978148
    outer loop
      vertex -0.499999 -7.15226 0.436419
      vertex 15.7 0.672919 -1.22687
      vertex 15.7 -7.15226 0.436419
    endloop
  endfacet
  facet normal -0 -0.207911 -0.978148
    outer loop
      vertex 15.7 0.672919 -1.22687
      vertex -0.499999 -7.15226 0.436419
      vertex -0.499999 0.672919 -1.22687
    endloop
  endfacet
  facet normal 0 -0.978148 0.207911
    outer loop
      vertex 11.6592 -6.07853 5.48792
      vertex 15.7 -5.69688 7.28345
      vertex -0.499999 -5.69688 7.28345
    endloop
  endfacet
  facet normal 6.38008e-06 -0.978151 0.207896
    outer loop
      vertex 15.7 -5.69688 7.28345
      vertex 11.9262 -6.0652 5.55062
      vertex 12.2 -6.06072 5.57169
    endloop
  endfacet
  facet normal 2.14625e-05 -0.978158 0.207865
    outer loop
      vertex 15.7 -5.69688 7.28345
      vertex 11.6592 -6.07853 5.48792
      vertex 11.9262 -6.0652 5.55062
    endloop
  endfacet
  facet normal -7.39566e-07 -0.978149 0.207906
    outer loop
      vertex -0.499999 -5.69688 7.28345
      vertex 11.4055 -6.10038 5.38512
      vertex 11.6592 -6.07853 5.48792
    endloop
  endfacet
  facet normal 1.77119e-06 -0.978146 0.207921
    outer loop
      vertex -0.499999 -5.69688 7.28345
      vertex 11.2048 -6.12595 5.26483
      vertex 11.4055 -6.10038 5.38512
    endloop
  endfacet
  facet normal -1.1437e-05 -0.978161 0.207848
    outer loop
      vertex -0.499999 -5.69688 7.28345
      vertex 11.1714 -6.13021 5.24478
      vertex 11.2048 -6.12595 5.26483
    endloop
  endfacet
  facet normal -3.19954e-06 -0.978152 0.207893
    outer loop
      vertex -0.499999 -5.69688 7.28345
      vertex 10.9924 -6.16199 5.09525
      vertex 11.1714 -6.13021 5.24478
    endloop
  endfacet
  facet normal 1.92477e-05 -0.978128 0.208006
    outer loop
      vertex -0.499999 -5.69688 7.28345
      vertex 10.9626 -6.16729 5.07033
      vertex 10.9924 -6.16199 5.09525
    endloop
  endfacet
  facet normal -1.30612e-05 -0.978162 0.207846
    outer loop
      vertex -0.499999 -5.69688 7.28345
      vertex 10.9371 -6.17349 5.04115
      vertex 10.9626 -6.16729 5.07033
    endloop
  endfacet
  facet normal 7.63e-06 -0.97814 0.207947
    outer loop
      vertex -0.499999 -5.69688 7.28345
      vertex 10.7842 -6.21071 4.86608
      vertex 10.9371 -6.17349 5.04115
    endloop
  endfacet
  facet normal -2.75533e-05 -0.978174 0.207789
    outer loop
      vertex -0.499999 -5.69688 7.28345
      vertex 10.7637 -6.21766 4.83336
      vertex 10.7842 -6.21071 4.86608
    endloop
  endfacet
  facet normal 5.11636e-06 -0.978143 0.207933
    outer loop
      vertex -0.499999 -5.69688 7.28345
      vertex 10.6407 -6.25939 4.63706
      vertex 10.7637 -6.21766 4.83336
    endloop
  endfacet
  facet normal -3.0794e-06 -0.97815 0.2079
    outer loop
      vertex -0.499999 -5.69688 7.28345
      vertex 10.5507 -6.3046 4.42435
      vertex 10.6407 -6.25939 4.63706
    endloop
  endfacet
  facet normal -3.29731e-05 -0.978174 0.20779
    outer loop
      vertex -0.499999 -5.69688 7.28345
      vertex 10.5357 -6.31213 4.3889
      vertex 10.5507 -6.3046 4.42435
    endloop
  endfacet
  facet normal 6.1915e-05 -0.9781 0.208136
    outer loop
      vertex -0.499999 -5.69688 7.28345
      vertex 10.5265 -6.32007 4.35159
      vertex 10.5357 -6.31213 4.3889
    endloop
  endfacet
  facet normal -8.13747e-06 -0.978154 0.207884
    outer loop
      vertex -0.499999 -5.69688 7.28345
      vertex 10.4715 -6.36765 4.12771
      vertex 10.5265 -6.32007 4.35159
    endloop
  endfacet
  facet normal 5.09688e-06 -0.978144 0.207928
    outer loop
      vertex -0.499999 -5.69688 7.28345
      vertex 10.4531 -6.41644 3.89819
      vertex 10.4715 -6.36765 4.12771
    endloop
  endfacet
  facet normal -2.2918e-06 -0.978149 0.207905
    outer loop
      vertex -0.499999 -5.69688 7.28345
      vertex 10.45 -6.42457 3.85994
      vertex 10.4531 -6.41644 3.89819
    endloop
  endfacet
  facet normal -1.0443e-07 -0.978148 0.207912
    outer loop
      vertex -0.499999 -7.15226 0.436419
      vertex 10.45 -6.42457 3.85994
      vertex -0.499999 -5.69688 7.28345
    endloop
  endfacet
  facet normal -2.62081e-06 -0.978146 0.207919
    outer loop
      vertex 10.45 -6.42457 3.85994
      vertex -0.499999 -7.15226 0.436419
      vertex 10.4685 -6.47336 3.63041
    endloop
  endfacet
  facet normal 1.77375e-06 -0.978149 0.207905
    outer loop
      vertex 10.4685 -6.47336 3.63041
      vertex -0.499999 -7.15226 0.436419
      vertex 10.4715 -6.48149 3.59216
    endloop
  endfacet
  facet normal 3.12954e-06 -0.97815 0.2079
    outer loop
      vertex 10.4715 -6.48149 3.59216
      vertex -0.499999 -7.15226 0.436419
      vertex 10.4807 -6.48942 3.55485
    endloop
  endfacet
  facet normal 8.06076e-06 -0.978154 0.207884
    outer loop
      vertex 10.4807 -6.48942 3.55485
      vertex -0.499999 -7.15226 0.436419
      vertex 10.5357 -6.537 3.33097
    endloop
  endfacet
  facet normal -9.67495e-06 -0.97814 0.207948
    outer loop
      vertex 10.5357 -6.537 3.33097
      vertex -0.499999 -7.15226 0.436419
      vertex 10.6257 -6.58222 3.11827
    endloop
  endfacet
  facet normal 4.33812e-05 -0.978185 0.207738
    outer loop
      vertex 10.6257 -6.58222 3.11827
      vertex -0.499999 -7.15226 0.436419
      vertex 10.6407 -6.58975 3.08281
    endloop
  endfacet
  facet normal -4.48079e-05 -0.978109 0.208093
    outer loop
      vertex 10.6407 -6.58975 3.08281
      vertex -0.499999 -7.15226 0.436419
      vertex 10.6612 -6.59671 3.0501
    endloop
  endfacet
  facet normal 6.71526e-06 -0.978154 0.207882
    outer loop
      vertex 10.6612 -6.59671 3.0501
      vertex -0.499999 -7.15226 0.436419
      vertex 10.7842 -6.63843 2.85379
    endloop
  endfacet
  facet normal 1.46611e-05 -0.978161 0.207847
    outer loop
      vertex 10.7842 -6.63843 2.85379
      vertex -0.499999 -7.15226 0.436419
      vertex 10.8097 -6.64463 2.82461
    endloop
  endfacet
  facet normal -7.37624e-06 -0.97814 0.207947
    outer loop
      vertex 10.8097 -6.64463 2.82461
      vertex -0.499999 -7.15226 0.436419
      vertex 10.9626 -6.68185 2.64954
    endloop
  endfacet
  facet normal 1.26003e-06 -0.978149 0.207904
    outer loop
      vertex 10.9626 -6.68185 2.64954
      vertex -0.499999 -7.15226 0.436419
      vertex 11.1415 -6.71363 2.50002
    endloop
  endfacet
  facet normal -5.66833e-06 -0.978141 0.207941
    outer loop
      vertex 11.1415 -6.71363 2.50002
      vertex -0.499999 -7.15226 0.436419
      vertex 11.1714 -6.71893 2.47509
    endloop
  endfacet
  facet normal -5.58311e-06 -0.978151 0.207898
    outer loop
      vertex 11.6592 -6.77061 2.23196
      vertex 15.7 -7.15226 0.436419
      vertex 11.9262 -6.78394 2.16925
    endloop
  endfacet
  facet normal 0 -0.978148 0.20791
    outer loop
      vertex 15.7 -7.15226 0.436419
      vertex 11.6592 -6.77061 2.23196
      vertex -0.499999 -7.15226 0.436419
    endloop
  endfacet
  facet normal -1.58726e-06 -0.978146 0.20792
    outer loop
      vertex 11.4055 -6.74876 2.33475
      vertex -0.499999 -7.15226 0.436419
      vertex 11.6592 -6.77061 2.23196
    endloop
  endfacet
  facet normal -1.09736e-08 -0.978148 0.20791
    outer loop
      vertex 11.1714 -6.71893 2.47509
      vertex -0.499999 -7.15226 0.436419
      vertex 11.4055 -6.74876 2.33475
    endloop
  endfacet
  facet normal -4.64526e-06 -0.978146 0.207918
    outer loop
      vertex 12.4738 -6.0652 5.55062
      vertex 15.7 -5.69688 7.28345
      vertex 12.2 -6.06072 5.57169
    endloop
  endfacet
  facet normal -7.29606e-06 -0.978145 0.207922
    outer loop
      vertex 12.7408 -6.07853 5.48792
      vertex 15.7 -5.69688 7.28345
      vertex 12.4738 -6.0652 5.55062
    endloop
  endfacet
  facet normal 1.66022e-06 -0.978148 0.207908
    outer loop
      vertex 12.9945 -6.10038 5.38512
      vertex 15.7 -5.69688 7.28345
      vertex 12.7408 -6.07853 5.48792
    endloop
  endfacet
  facet normal -4.54583e-06 -0.978147 0.207917
    outer loop
      vertex 13.1952 -6.12595 5.26483
      vertex 15.7 -5.69688 7.28345
      vertex 12.9945 -6.10038 5.38512
    endloop
  endfacet
  facet normal 2.93696e-05 -0.978155 0.207876
    outer loop
      vertex 13.2286 -6.13021 5.24478
      vertex 15.7 -5.69688 7.28345
      vertex 13.1952 -6.12595 5.26483
    endloop
  endfacet
  facet normal 9.19232e-06 -0.97815 0.2079
    outer loop
      vertex 13.4076 -6.16199 5.09525
      vertex 15.7 -5.69688 7.28345
      vertex 13.2286 -6.13021 5.24478
    endloop
  endfacet
  facet normal -5.53197e-05 -0.978136 0.207964
    outer loop
      vertex 13.4374 -6.16729 5.07033
      vertex 15.7 -5.69688 7.28345
      vertex 13.4076 -6.16199 5.09525
    endloop
  endfacet
  facet normal 4.16944e-05 -0.978157 0.20787
    outer loop
      vertex 13.4629 -6.17349 5.04115
      vertex 15.7 -5.69688 7.28345
      vertex 13.4374 -6.16729 5.07033
    endloop
  endfacet
  facet normal -2.43615e-05 -0.978143 0.207933
    outer loop
      vertex 13.6158 -6.21071 4.86608
      vertex 15.7 -5.69688 7.28345
      vertex 13.4629 -6.17349 5.04115
    endloop
  endfacet
  facet normal 9.79908e-05 -0.978165 0.207832
    outer loop
      vertex 13.6363 -6.21766 4.83336
      vertex 15.7 -5.69688 7.28345
      vertex 13.6158 -6.21071 4.86608
    endloop
  endfacet
  facet normal -1.81955e-05 -0.978145 0.207925
    outer loop
      vertex 13.7593 -6.25939 4.63706
      vertex 15.7 -5.69688 7.28345
      vertex 13.6363 -6.21766 4.83336
    endloop
  endfacet
  facet normal 1.23365e-05 -0.978149 0.207904
    outer loop
      vertex 13.8493 -6.3046 4.42435
      vertex 15.7 -5.69688 7.28345
      vertex 13.7593 -6.25939 4.63706
    endloop
  endfacet
  facet normal 0.000132091 -0.978165 0.20783
    outer loop
      vertex 13.8643 -6.31213 4.3889
      vertex 15.7 -5.69688 7.28345
      vertex 13.8493 -6.3046 4.42435
    endloop
  endfacet
  facet normal -0.000285346 -0.978111 0.208083
    outer loop
      vertex 13.8735 -6.32007 4.35159
      vertex 15.7 -5.69688 7.28345
      vertex 13.8643 -6.31213 4.3889
    endloop
  endfacet
  facet normal 3.75334e-05 -0.978152 0.207891
    outer loop
      vertex 13.9285 -6.36765 4.12771
      vertex 15.7 -5.69688 7.28345
      vertex 13.8735 -6.32007 4.35159
    endloop
  endfacet
  facet normal -2.82589e-05 -0.978145 0.207926
    outer loop
      vertex 13.9469 -6.41644 3.89819
      vertex 15.7 -5.69688 7.28345
      vertex 13.9285 -6.36765 4.12771
    endloop
  endfacet
  facet normal 1.26913e-05 -0.978149 0.207906
    outer loop
      vertex 13.95 -6.42457 3.85994
      vertex 15.7 -5.69688 7.28345
      vertex 13.9469 -6.41644 3.89819
    endloop
  endfacet
  facet normal 1.45222e-05 -0.978146 0.207918
    outer loop
      vertex 15.7 -7.15226 0.436419
      vertex 13.95 -6.42457 3.85994
      vertex 13.9315 -6.47336 3.63041
    endloop
  endfacet
  facet normal -9.85621e-06 -0.978149 0.207905
    outer loop
      vertex 15.7 -7.15226 0.436419
      vertex 13.9315 -6.47336 3.63041
      vertex 13.9285 -6.48149 3.59216
    endloop
  endfacet
  facet normal -1.44219e-05 -0.978149 0.207903
    outer loop
      vertex 15.7 -7.15226 0.436419
      vertex 13.9285 -6.48149 3.59216
      vertex 13.9193 -6.48942 3.55485
    endloop
  endfacet
  facet normal -3.71792e-05 -0.978152 0.20789
    outer loop
      vertex 15.7 -7.15226 0.436419
      vertex 13.9193 -6.48942 3.55485
      vertex 13.8643 -6.537 3.33097
    endloop
  endfacet
  facet normal 3.87586e-05 -0.978142 0.207937
    outer loop
      vertex 15.7 -7.15226 0.436419
      vertex 13.8643 -6.537 3.33097
      vertex 13.7743 -6.58222 3.11827
    endloop
  endfacet
  facet normal -0.0001738 -0.978173 0.207791
    outer loop
      vertex 15.7 -7.15226 0.436419
      vertex 13.7743 -6.58222 3.11827
      vertex 13.7593 -6.58975 3.08281
    endloop
  endfacet
  facet normal 1.62752e-05 -0.978144 0.207929
    outer loop
      vertex 15.7 -7.15226 0.436419
      vertex 13.2585 -6.71363 2.50002
      vertex 13.2286 -6.71893 2.47509
    endloop
  endfacet
  facet normal 3.65258e-05 -0.978132 0.207985
    outer loop
      vertex 11.9262 -6.78394 2.16925
      vertex 15.7 -7.15226 0.436419
      vertex 12.2 -6.78841 2.14818
    endloop
  endfacet
  facet normal 6.53436e-07 -0.978148 0.207912
    outer loop
      vertex 13.95 -6.42457 3.85994
      vertex 15.7 -7.15226 0.436419
      vertex 15.7 -5.69688 7.28345
    endloop
  endfacet
  facet normal 0.000159343 -0.978124 0.208024
    outer loop
      vertex 13.7388 -6.59671 3.0501
      vertex 15.7 -7.15226 0.436419
      vertex 13.7593 -6.58975 3.08281
    endloop
  endfacet
  facet normal -2.3882e-05 -0.978152 0.207893
    outer loop
      vertex 13.6158 -6.63843 2.85379
      vertex 15.7 -7.15226 0.436419
      vertex 13.7388 -6.59671 3.0501
    endloop
  endfacet
  facet normal -4.68007e-05 -0.978156 0.207874
    outer loop
      vertex 13.5903 -6.64463 2.82461
      vertex 15.7 -7.15226 0.436419
      vertex 13.6158 -6.63843 2.85379
    endloop
  endfacet
  facet normal 2.35512e-05 -0.978143 0.207933
    outer loop
      vertex 13.4374 -6.68185 2.64954
      vertex 15.7 -7.15226 0.436419
      vertex 13.5903 -6.64463 2.82461
    endloop
  endfacet
  facet normal -3.6207e-06 -0.978149 0.207907
    outer loop
      vertex 13.2585 -6.71363 2.50002
      vertex 15.7 -7.15226 0.436419
      vertex 13.4374 -6.68185 2.64954
    endloop
  endfacet
  facet normal 2.81662e-08 -0.978148 0.20791
    outer loop
      vertex 12.9945 -6.74876 2.33475
      vertex 15.7 -7.15226 0.436419
      vertex 13.2286 -6.71893 2.47509
    endloop
  endfacet
  facet normal 3.56306e-06 -0.978147 0.207915
    outer loop
      vertex 12.7408 -6.77061 2.23196
      vertex 15.7 -7.15226 0.436419
      vertex 12.9945 -6.74876 2.33475
    endloop
  endfacet
  facet normal 1.89756e-06 -0.978147 0.207913
    outer loop
      vertex 12.4738 -6.78394 2.16925
      vertex 15.7 -7.15226 0.436419
      vertex 12.7408 -6.77061 2.23196
    endloop
  endfacet
  facet normal -2.65948e-05 -0.978158 0.207862
    outer loop
      vertex 12.2 -6.78841 2.14818
      vertex 15.7 -7.15226 0.436419
      vertex 12.4738 -6.78394 2.16925
    endloop
  endfacet
  facet normal -1 0 0
    outer loop
      vertex -0.499999 0.672919 -1.22687
      vertex -0.499999 -5.69688 7.28345
      vertex -0.499999 2.1283 5.62016
    endloop
  endfacet
  facet normal -1 0 -0
    outer loop
      vertex -0.499999 -5.69688 7.28345
      vertex -0.499999 0.672919 -1.22687
      vertex -0.499999 -7.15226 0.436419
    endloop
  endfacet
  facet normal 1 0 0
    outer loop
      vertex 15.7 -5.69688 7.28345
      vertex 15.7 0.672919 -1.22687
      vertex 15.7 2.1283 5.62016
    endloop
  endfacet
  facet normal 1 0 0
    outer loop
      vertex 15.7 0.672919 -1.22687
      vertex 15.7 -5.69688 7.28345
      vertex 15.7 -7.15226 0.436419
    endloop
  endfacet
  facet normal -0 0.207911 0.978148
    outer loop
      vertex -0.499999 2.1283 5.62016
      vertex 15.7 -5.69688 7.28345
      vertex 15.7 2.1283 5.62016
    endloop
  endfacet
  facet normal 0 0.207911 0.978148
    outer loop
      vertex 15.7 -5.69688 7.28345
      vertex -0.499999 2.1283 5.62016
      vertex -0.499999 -5.69688 7.28345
    endloop
  endfacet
  facet normal -0.99693 0.0162898 0.0765809
    outer loop
      vertex 13.9285 -0.612601 2.34469
      vertex 13.9315 -6.47336 3.63041
      vertex 13.95 -0.555684 2.61247
    endloop
  endfacet
  facet normal -0.99707 0.0159037 0.0748213
    outer loop
      vertex 13.9315 -6.47336 3.63041
      vertex 13.9285 -0.612601 2.34469
      vertex 13.9285 -6.48149 3.59216
    endloop
  endfacet
  facet normal -0.996907 0.0163406 0.0768767
    outer loop
      vertex 13.95 -6.42457 3.85994
      vertex 13.95 -0.555684 2.61247
      vertex 13.9315 -6.47336 3.63041
    endloop
  endfacet
  facet normal -0.972321 0.0485784 0.228543
    outer loop
      vertex 13.9193 -6.48942 3.55485
      vertex 13.8643 -0.668118 2.0835
      vertex 13.8643 -6.537 3.33097
    endloop
  endfacet
  facet normal 0 -0.978148 0.207912
    outer loop
      vertex 12.2 -0.919529 0.900708
      vertex 12.7408 -0.901721 0.984488
      vertex 11.6592 -0.901721 0.984488
    endloop
  endfacet
  facet normal 0.923988 0.0795099 0.374064
    outer loop
      vertex 10.6257 -6.58222 3.11827
      vertex 10.5357 -0.668118 2.0835
      vertex 10.5357 -6.537 3.33097
    endloop
  endfacet
  facet normal 0.522463 -0.177278 -0.834029
    outer loop
      vertex 11.4055 -0.231495 4.13765
      vertex 11.4055 -6.10038 5.38512
      vertex 11.2048 -6.12595 5.26483
    endloop
  endfacet
  facet normal 0.233446 -0.202167 -0.951121
    outer loop
      vertex 11.6592 -0.209646 4.24045
      vertex 11.9262 -6.0652 5.55062
      vertex 11.6592 -6.07853 5.48792
    endloop
  endfacet
  facet normal 0.233445 -0.202167 -0.951121
    outer loop
      vertex 11.9262 -6.0652 5.55062
      vertex 11.6592 -0.209646 4.24045
      vertex 11.9262 -0.196318 4.30315
    endloop
  endfacet
  facet normal 0.649608 0.158069 0.743656
    outer loop
      vertex 11.1415 -6.71363 2.50002
      vertex 10.9626 -0.812962 1.40207
      vertex 10.9626 -6.68185 2.64954
    endloop
  endfacet
  facet normal -0.852606 -0.108645 -0.511135
    outer loop
      vertex 13.6363 -6.21766 4.83336
      vertex 13.6158 -0.341821 3.61861
      vertex 13.7593 -0.390501 3.38959
    endloop
  endfacet
  facet normal -0.852619 -0.108641 -0.511114
    outer loop
      vertex 13.6158 -0.341821 3.61861
      vertex 13.6363 -6.21766 4.83336
      vertex 13.6158 -6.21071 4.86608
    endloop
  endfacet
  facet normal -0.852606 0.108646 0.511135
    outer loop
      vertex 13.7388 -6.59671 3.0501
      vertex 13.7593 -0.720866 1.83534
      vertex 13.6158 -0.769547 1.60632
    endloop
  endfacet
  facet normal -0.852566 0.108659 0.511199
    outer loop
      vertex 13.7593 -0.720866 1.83534
      vertex 13.7388 -6.59671 3.0501
      vertex 13.7593 -6.58975 3.08281
    endloop
  endfacet
  facet normal 0.0784453 0.207271 0.975133
    outer loop
      vertex 11.9262 -6.78394 2.16925
      vertex 12.2 -0.919529 0.900708
      vertex 11.9262 -0.91505 0.921782
    endloop
  endfacet
  facet normal 0.0784244 0.207272 0.975135
    outer loop
      vertex 12.2 -0.919529 0.900708
      vertex 11.9262 -6.78394 2.16925
      vertex 12.2 -6.78841 2.14818
    endloop
  endfacet
  facet normal -0.760334 0.135045 0.635338
    outer loop
      vertex 13.5903 -6.64463 2.82461
      vertex 13.4374 -0.812962 1.40207
      vertex 13.4374 -6.68185 2.64954
    endloop
  endfacet
  facet normal 0.760334 -0.135045 -0.635338
    outer loop
      vertex 10.7842 -0.341821 3.61861
      vertex 10.9371 -6.17349 5.04115
      vertex 10.7842 -6.21071 4.86608
    endloop
  endfacet
  facet normal 0.923993 -0.0795074 -0.374053
    outer loop
      vertex 10.6407 -0.390501 3.38959
      vertex 10.6407 -6.25939 4.63706
      vertex 10.5507 -6.3046 4.42435
    endloop
  endfacet
  facet normal 9.63608e-08 -0.978147 0.207913
    outer loop
      vertex 13.7593 -0.390501 3.38959
      vertex 13.6158 -0.341821 3.61861
      vertex 12.9945 -0.231495 4.13765
    endloop
  endfacet
  facet normal 0.852619 -0.108641 -0.511114
    outer loop
      vertex 10.7637 -6.21766 4.83336
      vertex 10.7842 -0.341821 3.61861
      vertex 10.7842 -6.21071 4.86608
    endloop
  endfacet
  facet normal 0.852606 -0.108645 -0.511135
    outer loop
      vertex 10.7842 -0.341821 3.61861
      vertex 10.7637 -6.21766 4.83336
      vertex 10.6407 -0.390501 3.38959
    endloop
  endfacet
  facet normal 0.972126 -0.0487468 -0.229336
    outer loop
      vertex 10.5265 -6.32007 4.35159
      vertex 10.5357 -0.44325 3.14143
      vertex 10.5357 -6.31213 4.3889
    endloop
  endfacet
  facet normal 0.972293 -0.0486072 -0.228656
    outer loop
      vertex 10.5357 -0.44325 3.14143
      vertex 10.5265 -6.32007 4.35159
      vertex 10.4715 -0.498766 2.88024
    endloop
  endfacet
  facet normal 0.99693 -0.0162742 -0.076587
    outer loop
      vertex 10.4531 -6.41644 3.89819
      vertex 10.45 -0.555684 2.61247
      vertex 10.4715 -0.498766 2.88024
    endloop
  endfacet
  facet normal 0.996872 -0.0164306 -0.0773
    outer loop
      vertex 10.45 -0.555684 2.61247
      vertex 10.4531 -6.41644 3.89819
      vertex 10.45 -6.42457 3.85994
    endloop
  endfacet
  facet normal -0.382716 -0.192083 -0.903677
    outer loop
      vertex 12.7408 -6.07853 5.48792
      vertex 12.9945 -0.231495 4.13765
      vertex 12.9945 -6.10038 5.38512
    endloop
  endfacet
  facet normal -0.382715 -0.192083 -0.903678
    outer loop
      vertex 12.9945 -0.231495 4.13765
      vertex 12.7408 -6.07853 5.48792
      vertex 12.7408 -0.209646 4.24045
    endloop
  endfacet
  facet normal 0.0784319 -0.207271 -0.975134
    outer loop
      vertex 11.9262 -0.196318 4.30315
      vertex 12.2 -6.06072 5.57169
      vertex 11.9262 -6.0652 5.55062
    endloop
  endfacet
  facet normal 0.0784319 -0.207271 -0.975134
    outer loop
      vertex 12.2 -6.06072 5.57169
      vertex 11.9262 -0.196318 4.30315
      vertex 12.2 -0.191838 4.32422
    endloop
  endfacet
  facet normal 2.3272e-05 -0.978149 0.207903
    outer loop
      vertex 13.7593 -0.720866 1.83534
      vertex 13.9285 -0.612601 2.34469
      vertex 13.6158 -0.769547 1.60632
    endloop
  endfacet
  facet normal -0.923992 0.0795082 0.374054
    outer loop
      vertex 13.7593 -0.720866 1.83534
      vertex 13.7743 -6.58222 3.11827
      vertex 13.8643 -0.668118 2.0835
    endloop
  endfacet
  facet normal -0.924019 0.0794941 0.37399
    outer loop
      vertex 13.7743 -6.58222 3.11827
      vertex 13.7593 -0.720866 1.83534
      vertex 13.7593 -6.58975 3.08281
    endloop
  endfacet
  facet normal 7.10993e-05 -0.978147 0.207912
    outer loop
      vertex 10.4715 -0.612601 2.34469
      vertex 10.4715 -0.498766 2.88024
      vertex 10.45 -0.555684 2.61247
    endloop
  endfacet
  facet normal 3.66936e-06 -0.978147 0.207916
    outer loop
      vertex 13.7593 -0.390501 3.38959
      vertex 12.9945 -0.231495 4.13765
      vertex 12.4738 -0.196318 4.30315
    endloop
  endfacet
  facet normal 0.972321 -0.0485784 -0.228543
    outer loop
      vertex 10.4715 -0.498766 2.88024
      vertex 10.5265 -6.32007 4.35159
      vertex 10.4715 -6.36765 4.12771
    endloop
  endfacet
  facet normal 0.99694 -0.0162535 -0.0764669
    outer loop
      vertex 10.4715 -0.498766 2.88024
      vertex 10.4715 -6.36765 4.12771
      vertex 10.4531 -6.41644 3.89819
    endloop
  endfacet
  facet normal 0.523055 -0.177203 -0.833674
    outer loop
      vertex 11.1714 -0.261327 3.99731
      vertex 11.2048 -6.12595 5.26483
      vertex 11.1714 -6.13021 5.24478
    endloop
  endfacet
  facet normal 0.522549 -0.177271 -0.833977
    outer loop
      vertex 11.2048 -6.12595 5.26483
      vertex 11.1714 -0.261327 3.99731
      vertex 11.4055 -0.231495 4.13765
    endloop
  endfacet
  facet normal -0.649479 0.158085 0.743765
    outer loop
      vertex 13.2286 -0.85004 1.22762
      vertex 13.2585 -6.71363 2.50002
      vertex 13.4374 -0.812962 1.40207
    endloop
  endfacet
  facet normal -0.648714 0.158227 0.744402
    outer loop
      vertex 13.2585 -6.71363 2.50002
      vertex 13.2286 -0.85004 1.22762
      vertex 13.2286 -6.71893 2.47509
    endloop
  endfacet
  facet normal -0.760304 0.135054 0.635373
    outer loop
      vertex 13.5903 -6.64463 2.82461
      vertex 13.6158 -0.769547 1.60632
      vertex 13.4374 -0.812962 1.40207
    endloop
  endfacet
  facet normal -0.760134 0.135094 0.635567
    outer loop
      vertex 13.6158 -0.769547 1.60632
      vertex 13.5903 -6.64463 2.82461
      vertex 13.6158 -6.63843 2.85379
    endloop
  endfacet
  facet normal 2.98067e-06 -0.978144 0.20793
    outer loop
      vertex 11.9262 -0.91505 0.921782
      vertex 12.2 -0.919529 0.900708
      vertex 11.6592 -0.901721 0.984488
    endloop
  endfacet
  facet normal -1.71448e-05 -0.978139 0.207951
    outer loop
      vertex 12.9945 -0.879872 1.08728
      vertex 13.2286 -0.85004 1.22762
      vertex 12.7408 -0.901721 0.984488
    endloop
  endfacet
  facet normal 0.382691 0.192085 0.903688
    outer loop
      vertex 11.4055 -6.74876 2.33475
      vertex 11.6592 -0.901721 0.984488
      vertex 11.4055 -0.879872 1.08728
    endloop
  endfacet
  facet normal 0.382686 0.192085 0.90369
    outer loop
      vertex 11.6592 -0.901721 0.984488
      vertex 11.4055 -6.74876 2.33475
      vertex 11.6592 -6.77061 2.23196
    endloop
  endfacet
  facet normal 1.07102e-05 -0.978147 0.207917
    outer loop
      vertex 10.7842 -0.769547 1.60632
      vertex 11.1714 -0.85004 1.22762
      vertex 10.4715 -0.612601 2.34469
    endloop
  endfacet
  facet normal 0.972321 0.0485784 0.228543
    outer loop
      vertex 10.5357 -6.537 3.33097
      vertex 10.5357 -0.668118 2.0835
      vertex 10.4807 -6.48942 3.55485
    endloop
  endfacet
  facet normal 0 -0.978148 0.20791
    outer loop
      vertex 11.1714 -0.85004 1.22762
      vertex 13.9285 -0.612601 2.34469
      vertex 10.4715 -0.612601 2.34469
    endloop
  endfacet
  facet normal 0 -0.978148 0.20791
    outer loop
      vertex 13.9285 -0.612601 2.34469
      vertex 11.1714 -0.85004 1.22762
      vertex 13.2286 -0.85004 1.22762
    endloop
  endfacet
  facet normal -0.99694 -0.0162535 -0.0764669
    outer loop
      vertex 13.9285 -0.498766 2.88024
      vertex 13.9469 -6.41644 3.89819
      vertex 13.9285 -6.36765 4.12771
    endloop
  endfacet
  facet normal 5.79127e-06 -0.978147 0.207912
    outer loop
      vertex 13.9285 -0.612601 2.34469
      vertex 13.9285 -0.498766 2.88024
      vertex 13.7593 -0.390501 3.38959
    endloop
  endfacet
  facet normal -0.972321 -0.0485784 -0.228543
    outer loop
      vertex 13.9285 -0.498766 2.88024
      vertex 13.9285 -6.36765 4.12771
      vertex 13.8735 -6.32007 4.35159
    endloop
  endfacet
  facet normal -0.923988 0.0795099 0.374064
    outer loop
      vertex 13.8643 -6.537 3.33097
      vertex 13.8643 -0.668118 2.0835
      vertex 13.7743 -6.58222 3.11827
    endloop
  endfacet
  facet normal -1.57735e-05 -0.978159 0.207858
    outer loop
      vertex 12.9945 -0.231495 4.13765
      vertex 12.7408 -0.209646 4.24045
      vertex 12.4738 -0.196318 4.30315
    endloop
  endfacet
  facet normal 0.99693 0.0162898 0.0765809
    outer loop
      vertex 10.4685 -6.47336 3.63041
      vertex 10.4715 -0.612601 2.34469
      vertex 10.45 -0.555684 2.61247
    endloop
  endfacet
  facet normal 0.99707 0.0159037 0.0748213
    outer loop
      vertex 10.4715 -0.612601 2.34469
      vertex 10.4685 -6.47336 3.63041
      vertex 10.4715 -6.48149 3.59216
    endloop
  endfacet
  facet normal 0.760334 0.135045 0.635338
    outer loop
      vertex 10.9626 -6.68185 2.64954
      vertex 10.9626 -0.812962 1.40207
      vertex 10.8097 -6.64463 2.82461
    endloop
  endfacet
  facet normal 1.28853e-05 -0.978149 0.207906
    outer loop
      vertex 13.8643 -0.668118 2.0835
      vertex 13.9285 -0.612601 2.34469
      vertex 13.7593 -0.720866 1.83534
    endloop
  endfacet
  facet normal -0.972293 0.0486072 0.228656
    outer loop
      vertex 13.9193 -6.48942 3.55485
      vertex 13.9285 -0.612601 2.34469
      vertex 13.8643 -0.668118 2.0835
    endloop
  endfacet
  facet normal -0.972123 0.0487493 0.229347
    outer loop
      vertex 13.9285 -0.612601 2.34469
      vertex 13.9193 -6.48942 3.55485
      vertex 13.9285 -6.48149 3.59216
    endloop
  endfacet
  facet normal -0.852613 0.108643 0.511124
    outer loop
      vertex 13.7388 -6.59671 3.0501
      vertex 13.6158 -0.769547 1.60632
      vertex 13.6158 -6.63843 2.85379
    endloop
  endfacet
  facet normal -0.649608 0.158069 0.743656
    outer loop
      vertex 13.4374 -6.68185 2.64954
      vertex 13.4374 -0.812962 1.40207
      vertex 13.2585 -6.71363 2.50002
    endloop
  endfacet
  facet normal 0 -0.978146 0.207918
    outer loop
      vertex 11.6592 -0.901721 0.984488
      vertex 13.2286 -0.85004 1.22762
      vertex 11.1714 -0.85004 1.22762
    endloop
  endfacet
  facet normal 0 -0.978146 0.207918
    outer loop
      vertex 13.2286 -0.85004 1.22762
      vertex 11.6592 -0.901721 0.984488
      vertex 12.7408 -0.901721 0.984488
    endloop
  endfacet
  facet normal -2.98067e-06 -0.978144 0.20793
    outer loop
      vertex 12.4738 -0.91505 0.921782
      vertex 12.7408 -0.901721 0.984488
      vertex 12.2 -0.919529 0.900708
    endloop
  endfacet
  facet normal 1.71448e-05 -0.978139 0.207951
    outer loop
      vertex 11.4055 -0.879872 1.08728
      vertex 11.6592 -0.901721 0.984488
      vertex 11.1714 -0.85004 1.22762
    endloop
  endfacet
  facet normal 0.923992 0.0795082 0.374054
    outer loop
      vertex 10.6257 -6.58222 3.11827
      vertex 10.6407 -0.720866 1.83534
      vertex 10.5357 -0.668118 2.0835
    endloop
  endfacet
  facet normal 0.924019 0.0794941 0.37399
    outer loop
      vertex 10.6407 -0.720866 1.83534
      vertex 10.6257 -6.58222 3.11827
      vertex 10.6407 -6.58975 3.08281
    endloop
  endfacet
  facet normal 0.648714 0.158227 0.744402
    outer loop
      vertex 11.1714 -0.85004 1.22762
      vertex 11.1415 -6.71363 2.50002
      vertex 11.1714 -6.71893 2.47509
    endloop
  endfacet
  facet normal 0.649479 0.158085 0.743765
    outer loop
      vertex 11.1415 -6.71363 2.50002
      vertex 11.1714 -0.85004 1.22762
      vertex 10.9626 -0.812962 1.40207
    endloop
  endfacet
  facet normal 0.972123 0.0487493 0.229347
    outer loop
      vertex 10.4807 -6.48942 3.55485
      vertex 10.4715 -0.612601 2.34469
      vertex 10.4715 -6.48149 3.59216
    endloop
  endfacet
  facet normal 0.972293 0.0486072 0.228656
    outer loop
      vertex 10.4715 -0.612601 2.34469
      vertex 10.4807 -6.48942 3.55485
      vertex 10.5357 -0.668118 2.0835
    endloop
  endfacet
  facet normal 0.996907 0.0163406 0.0768767
    outer loop
      vertex 10.4685 -6.47336 3.63041
      vertex 10.45 -0.555684 2.61247
      vertex 10.45 -6.42457 3.85994
    endloop
  endfacet
  facet normal -0.760334 -0.135045 -0.635338
    outer loop
      vertex 13.6158 -0.341821 3.61861
      vertex 13.6158 -6.21071 4.86608
      vertex 13.4629 -6.17349 5.04115
    endloop
  endfacet
  facet normal -0.760304 -0.135054 -0.635373
    outer loop
      vertex 13.4629 -6.17349 5.04115
      vertex 13.4374 -0.298407 3.82286
      vertex 13.6158 -0.341821 3.61861
    endloop
  endfacet
  facet normal -0.760134 -0.135094 -0.635567
    outer loop
      vertex 13.4374 -0.298407 3.82286
      vertex 13.4629 -6.17349 5.04115
      vertex 13.4374 -6.16729 5.07033
    endloop
  endfacet
  facet normal -0.923992 -0.0795076 -0.374054
    outer loop
      vertex 13.8643 -0.44325 3.14143
      vertex 13.8493 -6.3046 4.42435
      vertex 13.7593 -0.390501 3.38959
    endloop
  endfacet
  facet normal -0.923983 -0.0795125 -0.374077
    outer loop
      vertex 13.8493 -6.3046 4.42435
      vertex 13.8643 -0.44325 3.14143
      vertex 13.8643 -6.31213 4.3889
    endloop
  endfacet
  facet normal -0.852604 -0.108646 -0.511139
    outer loop
      vertex 13.7593 -0.390501 3.38959
      vertex 13.7593 -6.25939 4.63706
      vertex 13.6363 -6.21766 4.83336
    endloop
  endfacet
  facet normal -0.99693 -0.0162742 -0.076587
    outer loop
      vertex 13.95 -0.555684 2.61247
      vertex 13.9469 -6.41644 3.89819
      vertex 13.9285 -0.498766 2.88024
    endloop
  endfacet
  facet normal -0.996872 -0.0164306 -0.0773
    outer loop
      vertex 13.9469 -6.41644 3.89819
      vertex 13.95 -0.555684 2.61247
      vertex 13.95 -6.42457 3.85994
    endloop
  endfacet
  facet normal -7.10993e-05 -0.978147 0.207912
    outer loop
      vertex 13.95 -0.555684 2.61247
      vertex 13.9285 -0.498766 2.88024
      vertex 13.9285 -0.612601 2.34469
    endloop
  endfacet
  facet normal -0.233446 -0.202167 -0.951121
    outer loop
      vertex 12.4738 -6.0652 5.55062
      vertex 12.7408 -0.209646 4.24045
      vertex 12.7408 -6.07853 5.48792
    endloop
  endfacet
  facet normal -0.233445 -0.202167 -0.951121
    outer loop
      vertex 12.7408 -0.209646 4.24045
      vertex 12.4738 -6.0652 5.55062
      vertex 12.4738 -0.196318 4.30315
    endloop
  endfacet
  facet normal 0.852604 -0.108646 -0.511139
    outer loop
      vertex 10.6407 -0.390501 3.38959
      vertex 10.7637 -6.21766 4.83336
      vertex 10.6407 -6.25939 4.63706
    endloop
  endfacet
  facet normal 2.42426e-05 -0.978153 0.207885
    outer loop
      vertex 11.4055 -0.231495 4.13765
      vertex 11.1714 -0.261327 3.99731
      vertex 10.7842 -0.341821 3.61861
    endloop
  endfacet
  facet normal 1.57735e-05 -0.978159 0.207858
    outer loop
      vertex 11.9262 -0.196318 4.30315
      vertex 11.6592 -0.209646 4.24045
      vertex 11.4055 -0.231495 4.13765
    endloop
  endfacet
  facet normal 0 -0.978148 0.207911
    outer loop
      vertex 10.4715 -0.612601 2.34469
      vertex 13.7593 -0.390501 3.38959
      vertex 10.6407 -0.390501 3.38959
    endloop
  endfacet
  facet normal 0 -0.978148 0.207911
    outer loop
      vertex 13.7593 -0.390501 3.38959
      vertex 10.4715 -0.612601 2.34469
      vertex 13.9285 -0.612601 2.34469
    endloop
  endfacet
  facet normal -5.79127e-06 -0.978147 0.207912
    outer loop
      vertex 10.6407 -0.390501 3.38959
      vertex 10.4715 -0.498766 2.88024
      vertex 10.4715 -0.612601 2.34469
    endloop
  endfacet
  facet normal -3.66936e-06 -0.978147 0.207916
    outer loop
      vertex 11.9262 -0.196318 4.30315
      vertex 11.4055 -0.231495 4.13765
      vertex 10.6407 -0.390501 3.38959
    endloop
  endfacet
  facet normal 0.649828 -0.15803 -0.743472
    outer loop
      vertex 10.9626 -0.298407 3.82286
      vertex 10.9924 -6.16199 5.09525
      vertex 10.9626 -6.16729 5.07033
    endloop
  endfacet
  facet normal 0.64948 -0.158095 -0.743762
    outer loop
      vertex 10.9924 -6.16199 5.09525
      vertex 10.9626 -0.298407 3.82286
      vertex 11.1714 -0.261327 3.99731
    endloop
  endfacet
  facet normal -4.79712e-05 -0.978139 0.207953
    outer loop
      vertex 13.4374 -0.812962 1.40207
      vertex 13.6158 -0.769547 1.60632
      vertex 13.2286 -0.85004 1.22762
    endloop
  endfacet
  facet normal -1.07102e-05 -0.978147 0.207917
    outer loop
      vertex 13.6158 -0.769547 1.60632
      vertex 13.9285 -0.612601 2.34469
      vertex 13.2286 -0.85004 1.22762
    endloop
  endfacet
  facet normal -0.522549 0.177267 0.833978
    outer loop
      vertex 12.9945 -0.879872 1.08728
      vertex 13.2286 -6.71893 2.47509
      vertex 13.2286 -0.85004 1.22762
    endloop
  endfacet
  facet normal -0.522548 0.177268 0.833978
    outer loop
      vertex 13.2286 -6.71893 2.47509
      vertex 12.9945 -0.879872 1.08728
      vertex 12.9945 -6.74876 2.33475
    endloop
  endfacet
  facet normal -0.0784453 0.207271 0.975133
    outer loop
      vertex 12.2 -0.919529 0.900708
      vertex 12.4738 -6.78394 2.16925
      vertex 12.4738 -0.91505 0.921782
    endloop
  endfacet
  facet normal -0.0784244 0.207272 0.975135
    outer loop
      vertex 12.4738 -6.78394 2.16925
      vertex 12.2 -0.919529 0.900708
      vertex 12.2 -6.78841 2.14818
    endloop
  endfacet
  facet normal 0.522549 0.177267 0.833978
    outer loop
      vertex 11.1714 -6.71893 2.47509
      vertex 11.4055 -0.879872 1.08728
      vertex 11.1714 -0.85004 1.22762
    endloop
  endfacet
  facet normal 0.522548 0.177268 0.833978
    outer loop
      vertex 11.4055 -0.879872 1.08728
      vertex 11.1714 -6.71893 2.47509
      vertex 11.4055 -6.74876 2.33475
    endloop
  endfacet
  facet normal 0.233466 0.202166 0.951116
    outer loop
      vertex 11.6592 -6.77061 2.23196
      vertex 11.9262 -0.91505 0.921782
      vertex 11.6592 -0.901721 0.984488
    endloop
  endfacet
  facet normal 0.23348 0.202165 0.951113
    outer loop
      vertex 11.9262 -0.91505 0.921782
      vertex 11.6592 -6.77061 2.23196
      vertex 11.9262 -6.78394 2.16925
    endloop
  endfacet
  facet normal -0.523055 -0.177203 -0.833674
    outer loop
      vertex 13.1952 -6.12595 5.26483
      vertex 13.2286 -0.261327 3.99731
      vertex 13.2286 -6.13021 5.24478
    endloop
  endfacet
  facet normal -0.522549 -0.177271 -0.833977
    outer loop
      vertex 13.2286 -0.261327 3.99731
      vertex 13.1952 -6.12595 5.26483
      vertex 12.9945 -0.231495 4.13765
    endloop
  endfacet
  facet normal -0.649422 -0.158102 -0.743811
    outer loop
      vertex 13.2286 -0.261327 3.99731
      vertex 13.4076 -6.16199 5.09525
      vertex 13.2286 -6.13021 5.24478
    endloop
  endfacet
  facet normal -0.522463 -0.177278 -0.834029
    outer loop
      vertex 12.9945 -0.231495 4.13765
      vertex 13.1952 -6.12595 5.26483
      vertex 12.9945 -6.10038 5.38512
    endloop
  endfacet
  facet normal -0.649828 -0.15803 -0.743472
    outer loop
      vertex 13.4076 -6.16199 5.09525
      vertex 13.4374 -0.298407 3.82286
      vertex 13.4374 -6.16729 5.07033
    endloop
  endfacet
  facet normal -0.64948 -0.158095 -0.743762
    outer loop
      vertex 13.4374 -0.298407 3.82286
      vertex 13.4076 -6.16199 5.09525
      vertex 13.2286 -0.261327 3.99731
    endloop
  endfacet
  facet normal -0.923993 -0.0795074 -0.374053
    outer loop
      vertex 13.7593 -0.390501 3.38959
      vertex 13.8493 -6.3046 4.42435
      vertex 13.7593 -6.25939 4.63706
    endloop
  endfacet
  facet normal 0 -0.978134 0.207975
    outer loop
      vertex 12.4738 -0.196318 4.30315
      vertex 12.2 -0.191838 4.32422
      vertex 11.9262 -0.196318 4.30315
    endloop
  endfacet
  facet normal 0 -0.978148 0.207912
    outer loop
      vertex 10.6407 -0.390501 3.38959
      vertex 12.4738 -0.196318 4.30315
      vertex 11.9262 -0.196318 4.30315
    endloop
  endfacet
  facet normal 0 -0.978148 0.207912
    outer loop
      vertex 12.4738 -0.196318 4.30315
      vertex 10.6407 -0.390501 3.38959
      vertex 13.7593 -0.390501 3.38959
    endloop
  endfacet
  facet normal -9.63608e-08 -0.978147 0.207913
    outer loop
      vertex 11.4055 -0.231495 4.13765
      vertex 10.7842 -0.341821 3.61861
      vertex 10.6407 -0.390501 3.38959
    endloop
  endfacet
  facet normal 0.649422 -0.158102 -0.743811
    outer loop
      vertex 11.1714 -0.261327 3.99731
      vertex 11.1714 -6.13021 5.24478
      vertex 10.9924 -6.16199 5.09525
    endloop
  endfacet
  facet normal 0.382716 -0.192083 -0.903677
    outer loop
      vertex 11.4055 -0.231495 4.13765
      vertex 11.6592 -6.07853 5.48792
      vertex 11.4055 -6.10038 5.38512
    endloop
  endfacet
  facet normal 0.382715 -0.192083 -0.903678
    outer loop
      vertex 11.6592 -6.07853 5.48792
      vertex 11.4055 -0.231495 4.13765
      vertex 11.6592 -0.209646 4.24045
    endloop
  endfacet
  facet normal 1.50216e-06 -0.978149 0.207907
    outer loop
      vertex 11.1714 -0.261327 3.99731
      vertex 10.9626 -0.298407 3.82286
      vertex 10.7842 -0.341821 3.61861
    endloop
  endfacet
  facet normal 0.760134 -0.135094 -0.635567
    outer loop
      vertex 10.9371 -6.17349 5.04115
      vertex 10.9626 -0.298407 3.82286
      vertex 10.9626 -6.16729 5.07033
    endloop
  endfacet
  facet normal 0.760304 -0.135054 -0.635373
    outer loop
      vertex 10.9626 -0.298407 3.82286
      vertex 10.9371 -6.17349 5.04115
      vertex 10.7842 -0.341821 3.61861
    endloop
  endfacet
  facet normal -0.382691 0.192085 0.903688
    outer loop
      vertex 12.7408 -0.901721 0.984488
      vertex 12.9945 -6.74876 2.33475
      vertex 12.9945 -0.879872 1.08728
    endloop
  endfacet
  facet normal -0.382686 0.192085 0.90369
    outer loop
      vertex 12.9945 -6.74876 2.33475
      vertex 12.7408 -0.901721 0.984488
      vertex 12.7408 -6.77061 2.23196
    endloop
  endfacet
  facet normal -0.233466 0.202166 0.951116
    outer loop
      vertex 12.4738 -0.91505 0.921782
      vertex 12.7408 -6.77061 2.23196
      vertex 12.7408 -0.901721 0.984488
    endloop
  endfacet
  facet normal -0.23348 0.202165 0.951113
    outer loop
      vertex 12.7408 -6.77061 2.23196
      vertex 12.4738 -0.91505 0.921782
      vertex 12.4738 -6.78394 2.16925
    endloop
  endfacet
  facet normal -1.28853e-05 -0.978149 0.207906
    outer loop
      vertex 10.5357 -0.668118 2.0835
      vertex 10.6407 -0.720866 1.83534
      vertex 10.4715 -0.612601 2.34469
    endloop
  endfacet
  facet normal 4.79712e-05 -0.978139 0.207953
    outer loop
      vertex 10.9626 -0.812962 1.40207
      vertex 11.1714 -0.85004 1.22762
      vertex 10.7842 -0.769547 1.60632
    endloop
  endfacet
  facet normal -1.50216e-06 -0.978149 0.207907
    outer loop
      vertex 13.6158 -0.341821 3.61861
      vertex 13.4374 -0.298407 3.82286
      vertex 13.2286 -0.261327 3.99731
    endloop
  endfacet
  facet normal -2.42426e-05 -0.978153 0.207885
    outer loop
      vertex 13.6158 -0.341821 3.61861
      vertex 13.2286 -0.261327 3.99731
      vertex 12.9945 -0.231495 4.13765
    endloop
  endfacet
  facet normal -0.972293 -0.0486072 -0.228656
    outer loop
      vertex 13.8735 -6.32007 4.35159
      vertex 13.8643 -0.44325 3.14143
      vertex 13.9285 -0.498766 2.88024
    endloop
  endfacet
  facet normal -0.972126 -0.0487468 -0.229336
    outer loop
      vertex 13.8643 -0.44325 3.14143
      vertex 13.8735 -6.32007 4.35159
      vertex 13.8643 -6.31213 4.3889
    endloop
  endfacet
  facet normal -5.6235e-05 -0.978152 0.207893
    outer loop
      vertex 13.9285 -0.498766 2.88024
      vertex 13.8643 -0.44325 3.14143
      vertex 13.7593 -0.390501 3.38959
    endloop
  endfacet
  facet normal -0.0784319 -0.207271 -0.975134
    outer loop
      vertex 12.2 -6.06072 5.57169
      vertex 12.4738 -0.196318 4.30315
      vertex 12.4738 -6.0652 5.55062
    endloop
  endfacet
  facet normal -0.0784319 -0.207271 -0.975134
    outer loop
      vertex 12.4738 -0.196318 4.30315
      vertex 12.2 -6.06072 5.57169
      vertex 12.2 -0.191838 4.32422
    endloop
  endfacet
  facet normal 0.923992 -0.0795076 -0.374054
    outer loop
      vertex 10.5507 -6.3046 4.42435
      vertex 10.5357 -0.44325 3.14143
      vertex 10.6407 -0.390501 3.38959
    endloop
  endfacet
  facet normal 0.923983 -0.0795125 -0.374077
    outer loop
      vertex 10.5357 -0.44325 3.14143
      vertex 10.5507 -6.3046 4.42435
      vertex 10.5357 -6.31213 4.3889
    endloop
  endfacet
  facet normal 5.6235e-05 -0.978152 0.207893
    outer loop
      vertex 10.6407 -0.390501 3.38959
      vertex 10.5357 -0.44325 3.14143
      vertex 10.4715 -0.498766 2.88024
    endloop
  endfacet
  facet normal 0.760134 0.135094 0.635567
    outer loop
      vertex 10.8097 -6.64463 2.82461
      vertex 10.7842 -0.769547 1.60632
      vertex 10.7842 -6.63843 2.85379
    endloop
  endfacet
  facet normal 0.760304 0.135054 0.635373
    outer loop
      vertex 10.7842 -0.769547 1.60632
      vertex 10.8097 -6.64463 2.82461
      vertex 10.9626 -0.812962 1.40207
    endloop
  endfacet
  facet normal 0.852613 0.108643 0.511124
    outer loop
      vertex 10.7842 -6.63843 2.85379
      vertex 10.7842 -0.769547 1.60632
      vertex 10.6612 -6.59671 3.0501
    endloop
  endfacet
  facet normal -2.3272e-05 -0.978149 0.207903
    outer loop
      vertex 10.6407 -0.720866 1.83534
      vertex 10.7842 -0.769547 1.60632
      vertex 10.4715 -0.612601 2.34469
    endloop
  endfacet
  facet normal 0.852566 0.108659 0.511199
    outer loop
      vertex 10.6612 -6.59671 3.0501
      vertex 10.6407 -0.720866 1.83534
      vertex 10.6407 -6.58975 3.08281
    endloop
  endfacet
  facet normal 0.852606 0.108646 0.511135
    outer loop
      vertex 10.6407 -0.720866 1.83534
      vertex 10.6612 -6.59671 3.0501
      vertex 10.7842 -0.769547 1.60632
    endloop
  endfacet
  facet normal -1 0 0
    outer loop
      vertex -6.5 8.93817 57.6849
      vertex -6.5 -1 75.4
      vertex -6.5 9.05172 58.158
    endloop
  endfacet
  facet normal -1 0 0
    outer loop
      vertex -6.5 -10.8414 -10.3
      vertex -6.5 6.9 -8.8
      vertex -6.5 6.93817 -9.28495
    endloop
  endfacet
  facet normal -1 0 0
    outer loop
      vertex -6.5 -10.8414 -10.3
      vertex -6.5 7.23788 -10.2074
      vertex -6.5 7.29464 -10.3
    endloop
  endfacet
  facet normal -1 0 0
    outer loop
      vertex -6.5 -10.8414 -10.3
      vertex -6.5 7.05172 -9.75795
      vertex -6.5 7.23788 -10.2074
    endloop
  endfacet
  facet normal -1 0 0
    outer loop
      vertex -6.5 -10.8414 -10.3
      vertex -6.5 6.93817 -9.28495
      vertex -6.5 7.05172 -9.75795
    endloop
  endfacet
  facet normal -1 -0 0
    outer loop
      vertex -6.5 6.9 -8.8
      vertex -6.5 -10.8414 -10.3
      vertex -6.5 -10.8414 -7.29999
    endloop
  endfacet
  facet normal -1 0 0
    outer loop
      vertex -6.5 6.93817 -8.31505
      vertex -6.5 -10.8414 -7.29999
      vertex -6.5 -1 39
    endloop
  endfacet
  facet normal -1 0 0
    outer loop
      vertex -6.5 9.05172 58.158
      vertex -6.5 -1 75.4
      vertex -6.5 6.35445 110
    endloop
  endfacet
  facet normal -1 0 0
    outer loop
      vertex -6.5 54.3 88.35
      vertex -6.5 23.1 108.5
      vertex -6.5 54.3 100.35
    endloop
  endfacet
  facet normal -1 0 0
    outer loop
      vertex -6.5 56.692 -6.97787
      vertex -6.5 23.1 108.5
      vertex -6.5 54.3 88.35
    endloop
  endfacet
  facet normal -1 0 0
    outer loop
      vertex -6.5 13.1 -8.8
      vertex -6.5 56.1 -8.8
      vertex -6.5 56.1382 -9.28495
    endloop
  endfacet
  facet normal -1 0 0
    outer loop
      vertex -6.5 13.0618 -9.28495
      vertex -6.5 56.1382 -9.28495
      vertex -6.5 56.2517 -9.75795
    endloop
  endfacet
  facet normal -1 0 0
    outer loop
      vertex -6.5 56.1382 -8.31505
      vertex -6.5 23.0618 108.015
      vertex -6.5 23.1 108.5
    endloop
  endfacet
  facet normal -1 0 0
    outer loop
      vertex -6.5 56.1382 -8.31505
      vertex -6.5 22.9483 107.542
      vertex -6.5 23.0618 108.015
    endloop
  endfacet
  facet normal -1 0 0
    outer loop
      vertex -6.5 56.1382 -8.31505
      vertex -6.5 22.7621 107.093
      vertex -6.5 22.9483 107.542
    endloop
  endfacet
  facet normal -1 0 0
    outer loop
      vertex -6.5 56.1382 -8.31505
      vertex -6.5 15.0618 57.6849
      vertex -6.5 22.7621 107.093
    endloop
  endfacet
  facet normal -1 0 0
    outer loop
      vertex -6.5 22.7621 107.093
      vertex -6.5 15.0618 57.6849
      vertex -6.5 22.508 106.678
    endloop
  endfacet
  facet normal -1 0 0
    outer loop
      vertex -6.5 14.9483 58.158
      vertex -6.5 22.508 106.678
      vertex -6.5 15.0618 57.6849
    endloop
  endfacet
  facet normal -1 0 0
    outer loop
      vertex -6.5 22.508 106.678
      vertex -6.5 14.9483 58.158
      vertex -6.5 22.192 106.308
    endloop
  endfacet
  facet normal -1 0 0
    outer loop
      vertex -6.5 14.7621 58.6074
      vertex -6.5 22.192 106.308
      vertex -6.5 14.9483 58.158
    endloop
  endfacet
  facet normal -1 0 0
    outer loop
      vertex -6.5 22.192 106.308
      vertex -6.5 14.7621 58.6074
      vertex -6.5 21.8221 105.992
    endloop
  endfacet
  facet normal -1 0 0
    outer loop
      vertex -6.5 14.508 59.0221
      vertex -6.5 21.8221 105.992
      vertex -6.5 14.7621 58.6074
    endloop
  endfacet
  facet normal -1 0 0
    outer loop
      vertex -6.5 21.8221 105.992
      vertex -6.5 14.508 59.0221
      vertex -6.5 21.4074 105.738
    endloop
  endfacet
  facet normal -1 0 0
    outer loop
      vertex -6.5 14.192 59.392
      vertex -6.5 21.4074 105.738
      vertex -6.5 14.508 59.0221
    endloop
  endfacet
  facet normal -1 0 0
    outer loop
      vertex -6.5 21.4074 105.738
      vertex -6.5 14.192 59.392
      vertex -6.5 20.958 105.552
    endloop
  endfacet
  facet normal -1 0 0
    outer loop
      vertex -6.5 13.8221 59.708
      vertex -6.5 20.958 105.552
      vertex -6.5 14.192 59.392
    endloop
  endfacet
  facet normal -1 0 0
    outer loop
      vertex -6.5 20.958 105.552
      vertex -6.5 13.8221 59.708
      vertex -6.5 20.4849 105.438
    endloop
  endfacet
  facet normal -1 0 0
    outer loop
      vertex -6.5 13.4074 59.9621
      vertex -6.5 20.4849 105.438
      vertex -6.5 13.8221 59.708
    endloop
  endfacet
  facet normal -1 0 0
    outer loop
      vertex -6.5 20.4849 105.438
      vertex -6.5 13.4074 59.9621
      vertex -6.5 20 105.4
    endloop
  endfacet
  facet normal -1 0 0
    outer loop
      vertex -6.5 12.958 60.1483
      vertex -6.5 20 105.4
      vertex -6.5 13.4074 59.9621
    endloop
  endfacet
  facet normal -1 0 0
    outer loop
      vertex -6.5 12.4849 60.2618
      vertex -6.5 19.5151 105.438
      vertex -6.5 12.958 60.1483
    endloop
  endfacet
  facet normal -1 -0 0
    outer loop
      vertex -6.5 20 105.4
      vertex -6.5 12.958 60.1483
      vertex -6.5 19.5151 105.438
    endloop
  endfacet
  facet normal -1 0 0
    outer loop
      vertex -6.5 56.1382 -8.31505
      vertex -6.5 15.1 57.2
      vertex -6.5 15.0618 57.6849
    endloop
  endfacet
  facet normal -1 0 0
    outer loop
      vertex -6.5 12.9483 -9.75795
      vertex -6.5 56.2517 -9.75795
      vertex -6.5 56.4379 -10.2074
    endloop
  endfacet
  facet normal -1 0 0
    outer loop
      vertex -6.5 12.7621 -10.2074
      vertex -6.5 56.4379 -10.2074
      vertex -6.5 56.4946 -10.3
    endloop
  endfacet
  facet normal -1 0 0
    outer loop
      vertex -6.5 56.1382 -8.31505
      vertex -6.5 15.0618 56.7151
      vertex -6.5 15.1 57.2
    endloop
  endfacet
  facet normal -1 0 0
    outer loop
      vertex -6.5 56.1382 -8.31505
      vertex -6.5 14.9483 56.242
      vertex -6.5 15.0618 56.7151
    endloop
  endfacet
  facet normal -1 0 0
    outer loop
      vertex -6.5 56.1382 -8.31505
      vertex -6.5 14.7621 55.7926
      vertex -6.5 14.9483 56.242
    endloop
  endfacet
  facet normal -1 0 0
    outer loop
      vertex -6.5 56.1382 -8.31505
      vertex -6.5 14.508 55.3779
      vertex -6.5 14.7621 55.7926
    endloop
  endfacet
  facet normal -1 0 0
    outer loop
      vertex -6.5 56.1382 -8.31505
      vertex -6.5 14.192 55.008
      vertex -6.5 14.508 55.3779
    endloop
  endfacet
  facet normal -1 0 0
    outer loop
      vertex -6.5 56.1382 -8.31505
      vertex -6.5 13.8221 54.692
      vertex -6.5 14.192 55.008
    endloop
  endfacet
  facet normal -1 0 0
    outer loop
      vertex -6.5 56.1382 -8.31505
      vertex -6.5 11.8221 -6.29205
      vertex -6.5 13.8221 54.692
    endloop
  endfacet
  facet normal -1 0 0
    outer loop
      vertex -6.5 56.1 -8.8
      vertex -6.5 13.1 -8.8
      vertex -6.5 13.0618 -8.31505
    endloop
  endfacet
  facet normal -1 0 0
    outer loop
      vertex -6.5 56.1382 -9.28495
      vertex -6.5 13.0618 -9.28495
      vertex -6.5 13.1 -8.8
    endloop
  endfacet
  facet normal -1 0 0
    outer loop
      vertex -6.5 56.2517 -9.75795
      vertex -6.5 12.9483 -9.75795
      vertex -6.5 13.0618 -9.28495
    endloop
  endfacet
  facet normal -1 0 0
    outer loop
      vertex -6.5 56.4379 -10.2074
      vertex -6.5 12.7621 -10.2074
      vertex -6.5 12.9483 -9.75795
    endloop
  endfacet
  facet normal -1 0 -0
    outer loop
      vertex -6.5 12.7621 -10.2074
      vertex -6.5 56.4946 -10.3
      vertex -6.5 12.7054 -10.3
    endloop
  endfacet
  facet normal -1 0 0
    outer loop
      vertex -6.5 62.2618 -8.31505
      vertex -6.5 71.2 -10.3
      vertex -6.5 62.3 -8.8
    endloop
  endfacet
  facet normal -1 0 0
    outer loop
      vertex -6.5 71.2 -10.3
      vertex -6.5 62.2618 -9.28495
      vertex -6.5 62.3 -8.8
    endloop
  endfacet
  facet normal -1 0 0
    outer loop
      vertex -6.5 71.2 -10.3
      vertex -6.5 62.1483 -9.75795
      vertex -6.5 62.2618 -9.28495
    endloop
  endfacet
  facet normal -1 0 0
    outer loop
      vertex -6.5 71.2 -10.3
      vertex -6.5 61.9621 -10.2074
      vertex -6.5 62.1483 -9.75795
    endloop
  endfacet
  facet normal -1 0 -0
    outer loop
      vertex -6.5 61.9621 -10.2074
      vertex -6.5 71.2 -10.3
      vertex -6.5 61.9054 -10.3
    endloop
  endfacet
  facet normal -1 0 0
    outer loop
      vertex -6.5 62.1483 -7.84205
      vertex -6.5 71.2 -10.3
      vertex -6.5 62.2618 -8.31505
    endloop
  endfacet
  facet normal -1 0 0
    outer loop
      vertex -6.5 61.9621 -7.39263
      vertex -6.5 71.2 -10.3
      vertex -6.5 62.1483 -7.84205
    endloop
  endfacet
  facet normal -1 0 0
    outer loop
      vertex -6.5 61.708 -6.97787
      vertex -6.5 71.2 -10.3
      vertex -6.5 61.9621 -7.39263
    endloop
  endfacet
  facet normal -1 0 0
    outer loop
      vertex -6.5 61.392 -6.60797
      vertex -6.5 71.2 -10.3
      vertex -6.5 61.708 -6.97787
    endloop
  endfacet
  facet normal -1 0 0
    outer loop
      vertex -6.5 61.0221 -6.29205
      vertex -6.5 71.2 -10.3
      vertex -6.5 61.392 -6.60797
    endloop
  endfacet
  facet normal -1 0 0
    outer loop
      vertex -6.5 60.6074 -6.03788
      vertex -6.5 71.2 -10.3
      vertex -6.5 61.0221 -6.29205
    endloop
  endfacet
  facet normal -1 0 0
    outer loop
      vertex -6.5 71.2 -10.3
      vertex -6.5 60.6074 -6.03788
      vertex -6.5 71.2 88.35
    endloop
  endfacet
  facet normal -1 0 0
    outer loop
      vertex -6.5 60.158 -5.85172
      vertex -6.5 71.2 88.35
      vertex -6.5 60.6074 -6.03788
    endloop
  endfacet
  facet normal -1 0 0
    outer loop
      vertex -6.5 59.6849 -5.73817
      vertex -6.5 71.2 88.35
      vertex -6.5 60.158 -5.85172
    endloop
  endfacet
  facet normal -1 0 0
    outer loop
      vertex -6.5 59.2 -5.7
      vertex -6.5 71.2 88.35
      vertex -6.5 59.6849 -5.73817
    endloop
  endfacet
  facet normal -1 0 0
    outer loop
      vertex -6.5 54.3 88.35
      vertex -6.5 59.2 -5.7
      vertex -6.5 58.7151 -5.73817
    endloop
  endfacet
  facet normal -1 0 0
    outer loop
      vertex -6.5 54.3 88.35
      vertex -6.5 58.7151 -5.73817
      vertex -6.5 58.242 -5.85172
    endloop
  endfacet
  facet normal -1 0 0
    outer loop
      vertex -6.5 54.3 88.35
      vertex -6.5 58.242 -5.85172
      vertex -6.5 57.7926 -6.03788
    endloop
  endfacet
  facet normal -1 0 0
    outer loop
      vertex -6.5 54.3 88.35
      vertex -6.5 57.7926 -6.03788
      vertex -6.5 57.3779 -6.29205
    endloop
  endfacet
  facet normal -1 0 0
    outer loop
      vertex -6.5 54.3 88.35
      vertex -6.5 57.3779 -6.29205
      vertex -6.5 57.008 -6.60797
    endloop
  endfacet
  facet normal -1 0 0
    outer loop
      vertex -6.5 54.3 88.35
      vertex -6.5 57.008 -6.60797
      vertex -6.5 56.692 -6.97787
    endloop
  endfacet
  facet normal -1 0 0
    outer loop
      vertex -6.5 23.1 108.5
      vertex -6.5 56.692 -6.97787
      vertex -6.5 56.4379 -7.39263
    endloop
  endfacet
  facet normal -1 0 0
    outer loop
      vertex -6.5 23.1 108.5
      vertex -6.5 56.4379 -7.39263
      vertex -6.5 56.2517 -7.84205
    endloop
  endfacet
  facet normal -1 0 0
    outer loop
      vertex -6.5 23.1 108.5
      vertex -6.5 56.2517 -7.84205
      vertex -6.5 56.1382 -8.31505
    endloop
  endfacet
  facet normal -1 0 0
    outer loop
      vertex -6.5 59.2 -5.7
      vertex -6.5 54.3 88.35
      vertex -6.5 71.2 88.35
    endloop
  endfacet
  facet normal -1 0 0
    outer loop
      vertex -6.5 13.0618 -8.31505
      vertex -6.5 56.1382 -8.31505
      vertex -6.5 56.1 -8.8
    endloop
  endfacet
  facet normal -1 0 0
    outer loop
      vertex -6.5 62.1483 107.542
      vertex -6.5 71.2 110
      vertex -6.5 71.2 100.35
    endloop
  endfacet
  facet normal -1 0 0
    outer loop
      vertex -6.5 71.2 110
      vertex -6.5 62.2618 108.015
      vertex -6.5 62.3 108.5
    endloop
  endfacet
  facet normal -1 0 0
    outer loop
      vertex -6.5 71.2 110
      vertex -6.5 62.1483 107.542
      vertex -6.5 62.2618 108.015
    endloop
  endfacet
  facet normal -1 0 0
    outer loop
      vertex -6.5 71.2 100.35
      vertex -6.5 61.9621 107.093
      vertex -6.5 62.1483 107.542
    endloop
  endfacet
  facet normal -1 0 0
    outer loop
      vertex -6.5 71.2 100.35
      vertex -6.5 61.708 106.678
      vertex -6.5 61.9621 107.093
    endloop
  endfacet
  facet normal -1 0 0
    outer loop
      vertex -6.5 71.2 100.35
      vertex -6.5 61.392 106.308
      vertex -6.5 61.708 106.678
    endloop
  endfacet
  facet normal -1 0 0
    outer loop
      vertex -6.5 71.2 100.35
      vertex -6.5 61.0221 105.992
      vertex -6.5 61.392 106.308
    endloop
  endfacet
  facet normal -1 0 0
    outer loop
      vertex -6.5 71.2 100.35
      vertex -6.5 60.6074 105.738
      vertex -6.5 61.0221 105.992
    endloop
  endfacet
  facet normal -1 0 0
    outer loop
      vertex -6.5 71.2 100.35
      vertex -6.5 60.158 105.552
      vertex -6.5 60.6074 105.738
    endloop
  endfacet
  facet normal -1 0 0
    outer loop
      vertex -6.5 54.3 100.35
      vertex -6.5 60.158 105.552
      vertex -6.5 71.2 100.35
    endloop
  endfacet
  facet normal -1 0 0
    outer loop
      vertex -6.5 60.158 105.552
      vertex -6.5 54.3 100.35
      vertex -6.5 59.6849 105.438
    endloop
  endfacet
  facet normal -1 0 0
    outer loop
      vertex -6.5 59.6849 105.438
      vertex -6.5 54.3 100.35
      vertex -6.5 59.2 105.4
    endloop
  endfacet
  facet normal -1 -0 0
    outer loop
      vertex -6.5 59.2 105.4
      vertex -6.5 54.3 100.35
      vertex -6.5 58.7151 105.438
    endloop
  endfacet
  facet normal -1 -0 0
    outer loop
      vertex -6.5 56.1382 108.015
      vertex -6.5 54.3 100.35
      vertex -6.5 56.1 108.5
    endloop
  endfacet
  facet normal -1 -0 0
    outer loop
      vertex -6.5 56.2517 107.542
      vertex -6.5 54.3 100.35
      vertex -6.5 56.1382 108.015
    endloop
  endfacet
  facet normal -1 -0 0
    outer loop
      vertex -6.5 56.4379 107.093
      vertex -6.5 54.3 100.35
      vertex -6.5 56.2517 107.542
    endloop
  endfacet
  facet normal -1 -0 0
    outer loop
      vertex -6.5 56.692 106.678
      vertex -6.5 54.3 100.35
      vertex -6.5 56.4379 107.093
    endloop
  endfacet
  facet normal -1 -0 0
    outer loop
      vertex -6.5 57.008 106.308
      vertex -6.5 54.3 100.35
      vertex -6.5 56.692 106.678
    endloop
  endfacet
  facet normal -1 -0 0
    outer loop
      vertex -6.5 57.3779 105.992
      vertex -6.5 54.3 100.35
      vertex -6.5 57.008 106.308
    endloop
  endfacet
  facet normal -1 -0 0
    outer loop
      vertex -6.5 57.7926 105.738
      vertex -6.5 54.3 100.35
      vertex -6.5 57.3779 105.992
    endloop
  endfacet
  facet normal -1 -0 0
    outer loop
      vertex -6.5 58.242 105.552
      vertex -6.5 54.3 100.35
      vertex -6.5 57.7926 105.738
    endloop
  endfacet
  facet normal -1 -0 0
    outer loop
      vertex -6.5 58.7151 105.438
      vertex -6.5 54.3 100.35
      vertex -6.5 58.242 105.552
    endloop
  endfacet
  facet normal -1 0 0
    outer loop
      vertex -6.5 62.2618 108.985
      vertex -6.5 71.2 110
      vertex -6.5 62.3 108.5
    endloop
  endfacet
  facet normal -1 0 0
    outer loop
      vertex -6.5 62.1483 109.458
      vertex -6.5 71.2 110
      vertex -6.5 62.2618 108.985
    endloop
  endfacet
  facet normal -1 0 0
    outer loop
      vertex -6.5 61.9621 109.907
      vertex -6.5 71.2 110
      vertex -6.5 62.1483 109.458
    endloop
  endfacet
  facet normal -1 -0 0
    outer loop
      vertex -6.5 71.2 110
      vertex -6.5 61.9621 109.907
      vertex -6.5 61.9054 110
    endloop
  endfacet
  facet normal -1 0 0
    outer loop
      vertex -6.5 23.1 108.5
      vertex -6.5 56.1 108.5
      vertex -6.5 54.3 100.35
    endloop
  endfacet
  facet normal -1 0 0
    outer loop
      vertex -6.5 56.1 108.5
      vertex -6.5 23.1 108.5
      vertex -6.5 56.1382 108.985
    endloop
  endfacet
  facet normal -1 0 0
    outer loop
      vertex -6.5 23.0618 108.985
      vertex -6.5 56.1382 108.985
      vertex -6.5 23.1 108.5
    endloop
  endfacet
  facet normal -1 0 0
    outer loop
      vertex -6.5 56.1382 108.985
      vertex -6.5 23.0618 108.985
      vertex -6.5 56.2517 109.458
    endloop
  endfacet
  facet normal -1 0 0
    outer loop
      vertex -6.5 22.9483 109.458
      vertex -6.5 56.2517 109.458
      vertex -6.5 23.0618 108.985
    endloop
  endfacet
  facet normal -1 0 0
    outer loop
      vertex -6.5 56.2517 109.458
      vertex -6.5 22.9483 109.458
      vertex -6.5 56.4379 109.907
    endloop
  endfacet
  facet normal -1 0 0
    outer loop
      vertex -6.5 22.7621 109.907
      vertex -6.5 56.4379 109.907
      vertex -6.5 22.9483 109.458
    endloop
  endfacet
  facet normal -1 0 0
    outer loop
      vertex -6.5 56.4379 109.907
      vertex -6.5 22.7621 109.907
      vertex -6.5 56.4946 110
    endloop
  endfacet
  facet normal -1 -0 0
    outer loop
      vertex -6.5 56.4946 110
      vertex -6.5 22.7621 109.907
      vertex -6.5 22.7054 110
    endloop
  endfacet
  facet normal -1 -0 0
    outer loop
      vertex -6.5 19.5151 105.438
      vertex -6.5 12.4849 60.2618
      vertex -6.5 19.042 105.552
    endloop
  endfacet
  facet normal -1 0 0
    outer loop
      vertex -6.5 12 60.3
      vertex -6.5 19.042 105.552
      vertex -6.5 12.4849 60.2618
    endloop
  endfacet
  facet normal -1 -0 0
    outer loop
      vertex -6.5 19.042 105.552
      vertex -6.5 12 60.3
      vertex -6.5 18.5926 105.738
    endloop
  endfacet
  facet normal -1 0 0
    outer loop
      vertex -6.5 11.5151 60.2618
      vertex -6.5 18.5926 105.738
      vertex -6.5 12 60.3
    endloop
  endfacet
  facet normal -1 -0 0
    outer loop
      vertex -6.5 18.5926 105.738
      vertex -6.5 11.5151 60.2618
      vertex -6.5 18.1779 105.992
    endloop
  endfacet
  facet normal -1 0 0
    outer loop
      vertex -6.5 11.042 60.1483
      vertex -6.5 18.1779 105.992
      vertex -6.5 11.5151 60.2618
    endloop
  endfacet
  facet normal -1 0 0
    outer loop
      vertex -6.5 6.35445 110
      vertex -6.5 18.1779 105.992
      vertex -6.5 11.042 60.1483
    endloop
  endfacet
  facet normal -1 0 0
    outer loop
      vertex -6.5 18.1779 105.992
      vertex -6.5 6.35445 110
      vertex -6.5 17.808 106.308
    endloop
  endfacet
  facet normal -1 0 0
    outer loop
      vertex -6.5 17.492 106.678
      vertex -6.5 6.35445 110
      vertex -6.5 17.2379 107.093
    endloop
  endfacet
  facet normal -1 0 0
    outer loop
      vertex -6.5 17.2379 107.093
      vertex -6.5 6.35445 110
      vertex -6.5 17.0517 107.542
    endloop
  endfacet
  facet normal -1 0 0
    outer loop
      vertex -6.5 17.0517 107.542
      vertex -6.5 6.35445 110
      vertex -6.5 16.9382 108.015
    endloop
  endfacet
  facet normal -1 0 0
    outer loop
      vertex -6.5 16.9382 108.015
      vertex -6.5 6.35445 110
      vertex -6.5 16.9 108.5
    endloop
  endfacet
  facet normal -1 0 0
    outer loop
      vertex -6.5 17.808 106.308
      vertex -6.5 6.35445 110
      vertex -6.5 17.492 106.678
    endloop
  endfacet
  facet normal -1 0 0
    outer loop
      vertex -6.5 6.35445 110
      vertex -6.5 11.042 60.1483
      vertex -6.5 10.5926 59.9621
    endloop
  endfacet
  facet normal -1 0 0
    outer loop
      vertex -6.5 6.35445 110
      vertex -6.5 10.5926 59.9621
      vertex -6.5 10.1779 59.708
    endloop
  endfacet
  facet normal -1 0 0
    outer loop
      vertex -6.5 6.35445 110
      vertex -6.5 10.1779 59.708
      vertex -6.5 9.80797 59.392
    endloop
  endfacet
  facet normal -1 0 0
    outer loop
      vertex -6.5 6.35445 110
      vertex -6.5 9.80797 59.392
      vertex -6.5 9.49205 59.0221
    endloop
  endfacet
  facet normal -1 0 0
    outer loop
      vertex -6.5 6.35445 110
      vertex -6.5 9.49205 59.0221
      vertex -6.5 9.23788 58.6074
    endloop
  endfacet
  facet normal -1 0 0
    outer loop
      vertex -6.5 6.35445 110
      vertex -6.5 9.23788 58.6074
      vertex -6.5 9.05172 58.158
    endloop
  endfacet
  facet normal -1 0 0
    outer loop
      vertex -6.5 8.9 57.2
      vertex -6.5 -1 75.4
      vertex -6.5 8.93817 57.6849
    endloop
  endfacet
  facet normal -1 0 0
    outer loop
      vertex -6.5 -1 39
      vertex -6.5 7.49205 -6.97787
      vertex -6.5 7.23788 -7.39263
    endloop
  endfacet
  facet normal -1 -0 0
    outer loop
      vertex -6.5 9.49205 55.3779
      vertex -6.5 -1 39
      vertex -6.5 9.23788 55.7926
    endloop
  endfacet
  facet normal -1 0 0
    outer loop
      vertex -6.5 -1 39
      vertex -6.5 7.23788 -7.39263
      vertex -6.5 7.05172 -7.84205
    endloop
  endfacet
  facet normal -1 -0 0
    outer loop
      vertex -6.5 9.23788 55.7926
      vertex -6.5 -1 39
      vertex -6.5 9.05172 56.242
    endloop
  endfacet
  facet normal -1 0 0
    outer loop
      vertex -6.5 -1 39
      vertex -6.5 7.05172 -7.84205
      vertex -6.5 6.93817 -8.31505
    endloop
  endfacet
  facet normal -1 -0 0
    outer loop
      vertex -6.5 9.05172 56.242
      vertex -6.5 -1 39
      vertex -6.5 8.93817 56.7151
    endloop
  endfacet
  facet normal -1 0 0
    outer loop
      vertex -6.5 -10.8414 -7.29999
      vertex -6.5 6.93817 -8.31505
      vertex -6.5 6.9 -8.8
    endloop
  endfacet
  facet normal -1 0 0
    outer loop
      vertex -6.5 17.2379 109.907
      vertex -6.5 6.35445 110
      vertex -6.5 17.2946 110
    endloop
  endfacet
  facet normal -1 0 0
    outer loop
      vertex -6.5 17.0517 109.458
      vertex -6.5 6.35445 110
      vertex -6.5 17.2379 109.907
    endloop
  endfacet
  facet normal -1 0 0
    outer loop
      vertex -6.5 16.9382 108.985
      vertex -6.5 6.35445 110
      vertex -6.5 17.0517 109.458
    endloop
  endfacet
  facet normal -1 0 0
    outer loop
      vertex -6.5 16.9 108.5
      vertex -6.5 6.35445 110
      vertex -6.5 16.9382 108.985
    endloop
  endfacet
  facet normal -1 0 0
    outer loop
      vertex -6.5 -1 75.4
      vertex -6.5 8.9 57.2
      vertex -6.5 -1 39
    endloop
  endfacet
  facet normal -1 -0 0
    outer loop
      vertex -6.5 8.93817 56.7151
      vertex -6.5 -1 39
      vertex -6.5 8.9 57.2
    endloop
  endfacet
  facet normal -1 0 0
    outer loop
      vertex -6.5 56.1382 -8.31505
      vertex -6.5 13.0618 -8.31505
      vertex -6.5 12.9483 -7.84205
    endloop
  endfacet
  facet normal -1 0 0
    outer loop
      vertex -6.5 56.1382 -8.31505
      vertex -6.5 12.9483 -7.84205
      vertex -6.5 12.7621 -7.39263
    endloop
  endfacet
  facet normal -1 0 0
    outer loop
      vertex -6.5 56.1382 -8.31505
      vertex -6.5 12.7621 -7.39263
      vertex -6.5 12.508 -6.97787
    endloop
  endfacet
  facet normal -1 0 0
    outer loop
      vertex -6.5 56.1382 -8.31505
      vertex -6.5 12.508 -6.97787
      vertex -6.5 12.192 -6.60797
    endloop
  endfacet
  facet normal -1 0 0
    outer loop
      vertex -6.5 56.1382 -8.31505
      vertex -6.5 12.192 -6.60797
      vertex -6.5 11.8221 -6.29205
    endloop
  endfacet
  facet normal -1 0 0
    outer loop
      vertex -6.5 13.8221 54.692
      vertex -6.5 11.8221 -6.29205
      vertex -6.5 13.4074 54.4379
    endloop
  endfacet
  facet normal -1 0 0
    outer loop
      vertex -6.5 -1 39
      vertex -6.5 11.8221 -6.29205
      vertex -6.5 11.4074 -6.03788
    endloop
  endfacet
  facet normal -1 0 0
    outer loop
      vertex -6.5 11.8221 -6.29205
      vertex -6.5 -1 39
      vertex -6.5 13.4074 54.4379
    endloop
  endfacet
  facet normal -1 0 0
    outer loop
      vertex -6.5 -1 39
      vertex -6.5 11.4074 -6.03788
      vertex -6.5 10.958 -5.85172
    endloop
  endfacet
  facet normal -1 0 0
    outer loop
      vertex -6.5 13.4074 54.4379
      vertex -6.5 -1 39
      vertex -6.5 12.958 54.2517
    endloop
  endfacet
  facet normal -1 0 0
    outer loop
      vertex -6.5 -1 39
      vertex -6.5 10.958 -5.85172
      vertex -6.5 10.4849 -5.73817
    endloop
  endfacet
  facet normal -1 0 0
    outer loop
      vertex -6.5 12.958 54.2517
      vertex -6.5 -1 39
      vertex -6.5 12.4849 54.1382
    endloop
  endfacet
  facet normal -1 0 0
    outer loop
      vertex -6.5 -1 39
      vertex -6.5 10.4849 -5.73817
      vertex -6.5 10 -5.7
    endloop
  endfacet
  facet normal -1 0 0
    outer loop
      vertex -6.5 12.4849 54.1382
      vertex -6.5 -1 39
      vertex -6.5 12 54.1
    endloop
  endfacet
  facet normal -1 0 0
    outer loop
      vertex -6.5 -1 39
      vertex -6.5 10 -5.7
      vertex -6.5 9.51505 -5.73817
    endloop
  endfacet
  facet normal -1 -0 0
    outer loop
      vertex -6.5 12 54.1
      vertex -6.5 -1 39
      vertex -6.5 11.5151 54.1382
    endloop
  endfacet
  facet normal -1 0 0
    outer loop
      vertex -6.5 -1 39
      vertex -6.5 9.51505 -5.73817
      vertex -6.5 9.04205 -5.85172
    endloop
  endfacet
  facet normal -1 -0 0
    outer loop
      vertex -6.5 11.5151 54.1382
      vertex -6.5 -1 39
      vertex -6.5 11.042 54.2517
    endloop
  endfacet
  facet normal -1 0 0
    outer loop
      vertex -6.5 -1 39
      vertex -6.5 9.04205 -5.85172
      vertex -6.5 8.59263 -6.03788
    endloop
  endfacet
  facet normal -1 -0 0
    outer loop
      vertex -6.5 11.042 54.2517
      vertex -6.5 -1 39
      vertex -6.5 10.5926 54.4379
    endloop
  endfacet
  facet normal -1 0 0
    outer loop
      vertex -6.5 -1 39
      vertex -6.5 8.59263 -6.03788
      vertex -6.5 8.17787 -6.29205
    endloop
  endfacet
  facet normal -1 -0 0
    outer loop
      vertex -6.5 10.5926 54.4379
      vertex -6.5 -1 39
      vertex -6.5 10.1779 54.692
    endloop
  endfacet
  facet normal -1 0 0
    outer loop
      vertex -6.5 -1 39
      vertex -6.5 8.17787 -6.29205
      vertex -6.5 7.80797 -6.60797
    endloop
  endfacet
  facet normal -1 -0 0
    outer loop
      vertex -6.5 10.1779 54.692
      vertex -6.5 -1 39
      vertex -6.5 9.80797 55.008
    endloop
  endfacet
  facet normal -1 0 0
    outer loop
      vertex -6.5 -1 39
      vertex -6.5 7.80797 -6.60797
      vertex -6.5 7.49205 -6.97787
    endloop
  endfacet
  facet normal -1 -0 0
    outer loop
      vertex -6.5 9.80797 55.008
      vertex -6.5 -1 39
      vertex -6.5 9.49205 55.3779
    endloop
  endfacet
  facet normal 0 0 1
    outer loop
      vertex -0.5 71.2 110
      vertex -4.5 61.9054 110
      vertex -0.5 59.9958 110
    endloop
  endfacet
  facet normal -0 0 1
    outer loop
      vertex -6.5 71.2 110
      vertex -4.5 61.9054 110
      vertex -0.5 71.2 110
    endloop
  endfacet
  facet normal 0 0 1
    outer loop
      vertex -4.5 61.9054 110
      vertex -6.5 71.2 110
      vertex -6.5 61.9054 110
    endloop
  endfacet
  facet normal 0 0 1
    outer loop
      vertex -0.5 59.9958 110
      vertex -4.5 61.9054 110
      vertex -4.5 59.9958 110
    endloop
  endfacet
  facet normal 0 0 1
    outer loop
      vertex -4.5 17.2946 110
      vertex -0.5 19.2042 110
      vertex -4.5 19.2042 110
    endloop
  endfacet
  facet normal 0 0 1
    outer loop
      vertex -0.5 19.2042 110
      vertex -4.5 17.2946 110
      vertex -0.5 6.35445 110
    endloop
  endfacet
  facet normal 0 0 1
    outer loop
      vertex -6.5 6.35445 110
      vertex -4.5 17.2946 110
      vertex -6.5 17.2946 110
    endloop
  endfacet
  facet normal 0 0 1
    outer loop
      vertex -4.5 17.2946 110
      vertex -6.5 6.35445 110
      vertex -0.5 6.35445 110
    endloop
  endfacet
  facet normal -0 0 1
    outer loop
      vertex -6.5 56.4946 110
      vertex -4.5 22.7054 110
      vertex -4.5 56.4946 110
    endloop
  endfacet
  facet normal 0 0 1
    outer loop
      vertex -4.5 22.7054 110
      vertex -6.5 56.4946 110
      vertex -6.5 22.7054 110
    endloop
  endfacet
  facet normal 0 0 1
    outer loop
      vertex -4.5 56.4946 110
      vertex -0.5 58.4042 110
      vertex -4.5 58.4042 110
    endloop
  endfacet
  facet normal 0 0 1
    outer loop
      vertex -0.5 58.4042 110
      vertex -4.5 56.4946 110
      vertex -0.5 20.7958 110
    endloop
  endfacet
  facet normal -0 0 1
    outer loop
      vertex -4.5 22.7054 110
      vertex -0.5 20.7958 110
      vertex -4.5 56.4946 110
    endloop
  endfacet
  facet normal 0 0 1
    outer loop
      vertex -0.5 20.7958 110
      vertex -4.5 22.7054 110
      vertex -4.5 20.7958 110
    endloop
  endfacet
  facet normal 0 -0.978148 0.207912
    outer loop
      vertex -6.5 -1 75.4
      vertex -0.5 6.35445 110
      vertex -6.5 6.35445 110
    endloop
  endfacet
  facet normal 0 -0.978148 0.207912
    outer loop
      vertex -0.5 6.35445 110
      vertex -6.5 -1 75.4
      vertex -0.5 -1 75.4
    endloop
  endfacet
  facet normal 0 -1 0
    outer loop
      vertex -6.5 -1 39
      vertex -0.5 -1 75.4
      vertex -6.5 -1 75.4
    endloop
  endfacet
  facet normal 0 -1 -0
    outer loop
      vertex -0.5 -1 75.4
      vertex -6.5 -1 39
      vertex -0.5 -1 39
    endloop
  endfacet
  facet normal 0 -0.978147 0.207912
    outer loop
      vertex -6.5 -10.8414 -7.29999
      vertex -0.5 -1 39
      vertex -6.5 -1 39
    endloop
  endfacet
  facet normal 0 -0.978147 0.207912
    outer loop
      vertex -0.5 -1 39
      vertex -6.5 -10.8414 -7.29999
      vertex -0.5 -10.8414 -7.29999
    endloop
  endfacet
  facet normal 0 -1 0
    outer loop
      vertex -6.5 -10.8414 -10.3
      vertex -0.5 -10.8414 -7.29999
      vertex -6.5 -10.8414 -7.29999
    endloop
  endfacet
  facet normal 0 -1 -0
    outer loop
      vertex -0.5 -10.8414 -7.29999
      vertex -6.5 -10.8414 -10.3
      vertex -0.5 -10.8414 -10.3
    endloop
  endfacet
  facet normal 0 0 -1
    outer loop
      vertex -4.5 61.9054 -10.3
      vertex -0.5 59.9958 -10.3
      vertex -4.5 59.9958 -10.3
    endloop
  endfacet
  facet normal 0 0 -1
    outer loop
      vertex -0.5 59.9958 -10.3
      vertex -4.5 61.9054 -10.3
      vertex -0.5 71.2 -10.3
    endloop
  endfacet
  facet normal 0 0 -1
    outer loop
      vertex -6.5 71.2 -10.3
      vertex -4.5 61.9054 -10.3
      vertex -6.5 61.9054 -10.3
    endloop
  endfacet
  facet normal 0 0 -1
    outer loop
      vertex -4.5 61.9054 -10.3
      vertex -6.5 71.2 -10.3
      vertex -0.5 71.2 -10.3
    endloop
  endfacet
  facet normal 0 0 -1
    outer loop
      vertex -0.5 -10.8414 -10.3
      vertex -4.5 7.29464 -10.3
      vertex -0.5 9.20419 -10.3
    endloop
  endfacet
  facet normal 0 0 -1
    outer loop
      vertex -6.5 -10.8414 -10.3
      vertex -4.5 7.29464 -10.3
      vertex -0.5 -10.8414 -10.3
    endloop
  endfacet
  facet normal -0 0 -1
    outer loop
      vertex -4.5 7.29464 -10.3
      vertex -6.5 -10.8414 -10.3
      vertex -6.5 7.29464 -10.3
    endloop
  endfacet
  facet normal -0 0 -1
    outer loop
      vertex -0.5 9.20419 -10.3
      vertex -4.5 7.29464 -10.3
      vertex -4.5 9.20419 -10.3
    endloop
  endfacet
  facet normal 0 0 -1
    outer loop
      vertex -6.5 12.7054 -10.3
      vertex -4.5 56.4946 -10.3
      vertex -4.5 12.7054 -10.3
    endloop
  endfacet
  facet normal -0 0 -1
    outer loop
      vertex -4.5 56.4946 -10.3
      vertex -6.5 12.7054 -10.3
      vertex -6.5 56.4946 -10.3
    endloop
  endfacet
  facet normal 0 0 -1
    outer loop
      vertex -4.5 12.7054 -10.3
      vertex -0.5 10.7958 -10.3
      vertex -4.5 10.7958 -10.3
    endloop
  endfacet
  facet normal 0 0 -1
    outer loop
      vertex -0.5 10.7958 -10.3
      vertex -4.5 12.7054 -10.3
      vertex -0.5 58.4042 -10.3
    endloop
  endfacet
  facet normal 0 0 -1
    outer loop
      vertex -4.5 56.4946 -10.3
      vertex -0.5 58.4042 -10.3
      vertex -4.5 12.7054 -10.3
    endloop
  endfacet
  facet normal -0 0 -1
    outer loop
      vertex -0.5 58.4042 -10.3
      vertex -4.5 56.4946 -10.3
      vertex -4.5 58.4042 -10.3
    endloop
  endfacet
  facet normal 0 1 0
    outer loop
      vertex -0.5 71.2 110
      vertex -3.5 71.2 106.75
      vertex -6.5 71.2 110
    endloop
  endfacet
  facet normal 0 1 0
    outer loop
      vertex -0.5 71.2 110
      vertex -3.22624 71.2 106.728
      vertex -3.5 71.2 106.75
    endloop
  endfacet
  facet normal 0 1 0
    outer loop
      vertex -0.5 71.2 110
      vertex -2.95922 71.2 106.664
      vertex -3.22624 71.2 106.728
    endloop
  endfacet
  facet normal 0 1 0
    outer loop
      vertex -0.5 71.2 110
      vertex -2.70552 71.2 106.559
      vertex -2.95922 71.2 106.664
    endloop
  endfacet
  facet normal 0 1 0
    outer loop
      vertex -0.5 71.2 110
      vertex -2.47138 71.2 106.416
      vertex -2.70552 71.2 106.559
    endloop
  endfacet
  facet normal 0 1 0
    outer loop
      vertex -0.5 71.2 110
      vertex -2.26256 71.2 106.237
      vertex -2.47138 71.2 106.416
    endloop
  endfacet
  facet normal 0 1 0
    outer loop
      vertex -0.5 71.2 110
      vertex -2.08422 71.2 106.029
      vertex -2.26256 71.2 106.237
    endloop
  endfacet
  facet normal 0 1 0
    outer loop
      vertex -0.5 71.2 110
      vertex -1.94074 71.2 105.794
      vertex -2.08422 71.2 106.029
    endloop
  endfacet
  facet normal 0 1 0
    outer loop
      vertex -0.5 71.2 110
      vertex -1.83565 71.2 105.541
      vertex -1.94074 71.2 105.794
    endloop
  endfacet
  facet normal 0 1 0
    outer loop
      vertex -0.5 71.2 110
      vertex -1.77154 71.2 105.274
      vertex -1.83565 71.2 105.541
    endloop
  endfacet
  facet normal 0 1 0
    outer loop
      vertex -0.5 71.2 110
      vertex -1.75 71.2 105
      vertex -1.77154 71.2 105.274
    endloop
  endfacet
  facet normal 0 1 -0
    outer loop
      vertex -0.5 71.2 100.35
      vertex -1.75 71.2 105
      vertex -0.5 71.2 110
    endloop
  endfacet
  facet normal 0 1 0
    outer loop
      vertex -1.75 71.2 105
      vertex -0.5 71.2 100.35
      vertex -1.77154 71.2 104.726
    endloop
  endfacet
  facet normal 0 1 0
    outer loop
      vertex -3.22624 71.2 103.272
      vertex -0.5 71.2 100.35
      vertex -3.5 71.2 103.25
    endloop
  endfacet
  facet normal 0 1 0
    outer loop
      vertex -2.95922 71.2 103.336
      vertex -0.5 71.2 100.35
      vertex -3.22624 71.2 103.272
    endloop
  endfacet
  facet normal 0 1 0
    outer loop
      vertex -2.70552 71.2 103.441
      vertex -0.5 71.2 100.35
      vertex -2.95922 71.2 103.336
    endloop
  endfacet
  facet normal 0 1 0
    outer loop
      vertex -2.47138 71.2 103.584
      vertex -0.5 71.2 100.35
      vertex -2.70552 71.2 103.441
    endloop
  endfacet
  facet normal 0 1 0
    outer loop
      vertex -2.26256 71.2 103.763
      vertex -0.5 71.2 100.35
      vertex -2.47138 71.2 103.584
    endloop
  endfacet
  facet normal 0 1 0
    outer loop
      vertex -2.08422 71.2 103.971
      vertex -0.5 71.2 100.35
      vertex -2.26256 71.2 103.763
    endloop
  endfacet
  facet normal 0 1 0
    outer loop
      vertex -1.94074 71.2 104.206
      vertex -0.5 71.2 100.35
      vertex -2.08422 71.2 103.971
    endloop
  endfacet
  facet normal 0 1 0
    outer loop
      vertex -1.83565 71.2 104.459
      vertex -0.5 71.2 100.35
      vertex -1.94074 71.2 104.206
    endloop
  endfacet
  facet normal 0 1 0
    outer loop
      vertex -1.77154 71.2 104.726
      vertex -0.5 71.2 100.35
      vertex -1.83565 71.2 104.459
    endloop
  endfacet
  facet normal 0 1 -0
    outer loop
      vertex -3.77376 71.2 106.728
      vertex -6.5 71.2 110
      vertex -3.5 71.2 106.75
    endloop
  endfacet
  facet normal 0 1 -0
    outer loop
      vertex -4.04078 71.2 106.664
      vertex -6.5 71.2 110
      vertex -3.77376 71.2 106.728
    endloop
  endfacet
  facet normal 0 1 -0
    outer loop
      vertex -4.29448 71.2 106.559
      vertex -6.5 71.2 110
      vertex -4.04078 71.2 106.664
    endloop
  endfacet
  facet normal 0 1 -0
    outer loop
      vertex -4.52862 71.2 106.416
      vertex -6.5 71.2 110
      vertex -4.29448 71.2 106.559
    endloop
  endfacet
  facet normal 0 1 -0
    outer loop
      vertex -4.73744 71.2 106.237
      vertex -6.5 71.2 110
      vertex -4.52862 71.2 106.416
    endloop
  endfacet
  facet normal 0 1 -0
    outer loop
      vertex -4.91578 71.2 106.029
      vertex -6.5 71.2 110
      vertex -4.73744 71.2 106.237
    endloop
  endfacet
  facet normal 0 1 -0
    outer loop
      vertex -5.05926 71.2 105.794
      vertex -6.5 71.2 110
      vertex -4.91578 71.2 106.029
    endloop
  endfacet
  facet normal 0 1 -0
    outer loop
      vertex -5.16435 71.2 105.541
      vertex -6.5 71.2 110
      vertex -5.05926 71.2 105.794
    endloop
  endfacet
  facet normal 0 1 -0
    outer loop
      vertex -5.22845 71.2 105.274
      vertex -6.5 71.2 110
      vertex -5.16435 71.2 105.541
    endloop
  endfacet
  facet normal 0 1 -0
    outer loop
      vertex -5.25 71.2 105
      vertex -6.5 71.2 110
      vertex -5.22845 71.2 105.274
    endloop
  endfacet
  facet normal 0 1 0
    outer loop
      vertex -6.5 71.2 100.35
      vertex -5.25 71.2 105
      vertex -5.22845 71.2 104.726
    endloop
  endfacet
  facet normal 0 1 0
    outer loop
      vertex -6.5 71.2 100.35
      vertex -5.22845 71.2 104.726
      vertex -5.16435 71.2 104.459
    endloop
  endfacet
  facet normal 0 1 0
    outer loop
      vertex -6.5 71.2 100.35
      vertex -3.5 71.2 103.25
      vertex -0.5 71.2 100.35
    endloop
  endfacet
  facet normal 0 1 0
    outer loop
      vertex -3.5 71.2 103.25
      vertex -6.5 71.2 100.35
      vertex -3.77376 71.2 103.272
    endloop
  endfacet
  facet normal 0 1 0
    outer loop
      vertex -3.77376 71.2 103.272
      vertex -6.5 71.2 100.35
      vertex -4.04078 71.2 103.336
    endloop
  endfacet
  facet normal 0 1 0
    outer loop
      vertex -4.04078 71.2 103.336
      vertex -6.5 71.2 100.35
      vertex -4.29448 71.2 103.441
    endloop
  endfacet
  facet normal 0 1 0
    outer loop
      vertex -5.25 71.2 105
      vertex -6.5 71.2 100.35
      vertex -6.5 71.2 110
    endloop
  endfacet
  facet normal 0 1 0
    outer loop
      vertex -5.05926 71.2 104.206
      vertex -6.5 71.2 100.35
      vertex -5.16435 71.2 104.459
    endloop
  endfacet
  facet normal 0 1 0
    outer loop
      vertex -4.91578 71.2 103.971
      vertex -6.5 71.2 100.35
      vertex -5.05926 71.2 104.206
    endloop
  endfacet
  facet normal 0 1 0
    outer loop
      vertex -4.73744 71.2 103.763
      vertex -6.5 71.2 100.35
      vertex -4.91578 71.2 103.971
    endloop
  endfacet
  facet normal 0 1 0
    outer loop
      vertex -4.52862 71.2 103.584
      vertex -6.5 71.2 100.35
      vertex -4.73744 71.2 103.763
    endloop
  endfacet
  facet normal 0 1 0
    outer loop
      vertex -4.29448 71.2 103.441
      vertex -6.5 71.2 100.35
      vertex -4.52862 71.2 103.584
    endloop
  endfacet
  facet normal 0 1 0
    outer loop
      vertex -0.5 71.2 88.35
      vertex -3.5 71.2 -0.549999
      vertex -6.5 71.2 88.35
    endloop
  endfacet
  facet normal 0 1 0
    outer loop
      vertex -0.5 71.2 88.35
      vertex -3.22624 71.2 -0.571545
      vertex -3.5 71.2 -0.549999
    endloop
  endfacet
  facet normal 0 1 0
    outer loop
      vertex -0.5 71.2 88.35
      vertex -2.95922 71.2 -0.635651
      vertex -3.22624 71.2 -0.571545
    endloop
  endfacet
  facet normal 0 1 0
    outer loop
      vertex -0.5 71.2 88.35
      vertex -2.70552 71.2 -0.740738
      vertex -2.95922 71.2 -0.635651
    endloop
  endfacet
  facet normal 0 1 0
    outer loop
      vertex -0.5 71.2 88.35
      vertex -2.47138 71.2 -0.88422
      vertex -2.70552 71.2 -0.740738
    endloop
  endfacet
  facet normal 0 1 0
    outer loop
      vertex -0.5 71.2 88.35
      vertex -2.26256 71.2 -1.06256
      vertex -2.47138 71.2 -0.88422
    endloop
  endfacet
  facet normal 0 1 0
    outer loop
      vertex -0.5 71.2 88.35
      vertex -2.08422 71.2 -1.27138
      vertex -2.26256 71.2 -1.06256
    endloop
  endfacet
  facet normal 0 1 0
    outer loop
      vertex -0.5 71.2 88.35
      vertex -1.94074 71.2 -1.50552
      vertex -2.08422 71.2 -1.27138
    endloop
  endfacet
  facet normal 0 1 0
    outer loop
      vertex -0.5 71.2 88.35
      vertex -1.83565 71.2 -1.75922
      vertex -1.94074 71.2 -1.50552
    endloop
  endfacet
  facet normal 0 1 0
    outer loop
      vertex -0.5 71.2 88.35
      vertex -1.77154 71.2 -2.02624
      vertex -1.83565 71.2 -1.75922
    endloop
  endfacet
  facet normal 0 1 -0
    outer loop
      vertex -0.5 71.2 -10.3
      vertex -1.77154 71.2 -2.02624
      vertex -0.5 71.2 88.35
    endloop
  endfacet
  facet normal 0 1 0
    outer loop
      vertex -3.22624 71.2 -4.02845
      vertex -0.5 71.2 -10.3
      vertex -3.5 71.2 -4.05
    endloop
  endfacet
  facet normal 0 1 0
    outer loop
      vertex -2.95922 71.2 -3.96435
      vertex -0.5 71.2 -10.3
      vertex -3.22624 71.2 -4.02845
    endloop
  endfacet
  facet normal 0 1 0
    outer loop
      vertex -2.70552 71.2 -3.85926
      vertex -0.5 71.2 -10.3
      vertex -2.95922 71.2 -3.96435
    endloop
  endfacet
  facet normal 0 1 0
    outer loop
      vertex -2.47138 71.2 -3.71578
      vertex -0.5 71.2 -10.3
      vertex -2.70552 71.2 -3.85926
    endloop
  endfacet
  facet normal 0 1 0
    outer loop
      vertex -2.26256 71.2 -3.53744
      vertex -0.5 71.2 -10.3
      vertex -2.47138 71.2 -3.71578
    endloop
  endfacet
  facet normal 0 1 0
    outer loop
      vertex -2.08422 71.2 -3.32862
      vertex -0.5 71.2 -10.3
      vertex -2.26256 71.2 -3.53744
    endloop
  endfacet
  facet normal 0 1 0
    outer loop
      vertex -1.94074 71.2 -3.09448
      vertex -0.5 71.2 -10.3
      vertex -2.08422 71.2 -3.32862
    endloop
  endfacet
  facet normal 0 1 0
    outer loop
      vertex -1.83565 71.2 -2.84078
      vertex -0.5 71.2 -10.3
      vertex -1.94074 71.2 -3.09448
    endloop
  endfacet
  facet normal 0 1 0
    outer loop
      vertex -1.77154 71.2 -2.57376
      vertex -0.5 71.2 -10.3
      vertex -1.83565 71.2 -2.84078
    endloop
  endfacet
  facet normal 0 1 0
    outer loop
      vertex -1.75 71.2 -2.3
      vertex -0.5 71.2 -10.3
      vertex -1.77154 71.2 -2.57376
    endloop
  endfacet
  facet normal 0 1 0
    outer loop
      vertex -1.77154 71.2 -2.02624
      vertex -0.5 71.2 -10.3
      vertex -1.75 71.2 -2.3
    endloop
  endfacet
  facet normal 0 1 -0
    outer loop
      vertex -3.77376 71.2 -0.571545
      vertex -6.5 71.2 88.35
      vertex -3.5 71.2 -0.549999
    endloop
  endfacet
  facet normal 0 1 -0
    outer loop
      vertex -4.04078 71.2 -0.635651
      vertex -6.5 71.2 88.35
      vertex -3.77376 71.2 -0.571545
    endloop
  endfacet
  facet normal 0 1 -0
    outer loop
      vertex -4.29448 71.2 -0.740738
      vertex -6.5 71.2 88.35
      vertex -4.04078 71.2 -0.635651
    endloop
  endfacet
  facet normal 0 1 -0
    outer loop
      vertex -4.52862 71.2 -0.88422
      vertex -6.5 71.2 88.35
      vertex -4.29448 71.2 -0.740738
    endloop
  endfacet
  facet normal 0 1 -0
    outer loop
      vertex -4.73744 71.2 -1.06256
      vertex -6.5 71.2 88.35
      vertex -4.52862 71.2 -0.88422
    endloop
  endfacet
  facet normal 0 1 -0
    outer loop
      vertex -4.91578 71.2 -1.27138
      vertex -6.5 71.2 88.35
      vertex -4.73744 71.2 -1.06256
    endloop
  endfacet
  facet normal 0 1 -0
    outer loop
      vertex -5.05926 71.2 -1.50552
      vertex -6.5 71.2 88.35
      vertex -4.91578 71.2 -1.27138
    endloop
  endfacet
  facet normal 0 1 -0
    outer loop
      vertex -5.16435 71.2 -1.75922
      vertex -6.5 71.2 88.35
      vertex -5.05926 71.2 -1.50552
    endloop
  endfacet
  facet normal 0 1 -0
    outer loop
      vertex -5.22845 71.2 -2.02624
      vertex -6.5 71.2 88.35
      vertex -5.16435 71.2 -1.75922
    endloop
  endfacet
  facet normal 0 1 0
    outer loop
      vertex -6.5 71.2 -10.3
      vertex -5.22845 71.2 -2.02624
      vertex -5.25 71.2 -2.3
    endloop
  endfacet
  facet normal 0 1 0
    outer loop
      vertex -6.5 71.2 -10.3
      vertex -3.5 71.2 -4.05
      vertex -0.5 71.2 -10.3
    endloop
  endfacet
  facet normal 0 1 0
    outer loop
      vertex -3.5 71.2 -4.05
      vertex -6.5 71.2 -10.3
      vertex -3.77376 71.2 -4.02845
    endloop
  endfacet
  facet normal 0 1 0
    outer loop
      vertex -3.77376 71.2 -4.02845
      vertex -6.5 71.2 -10.3
      vertex -4.04078 71.2 -3.96435
    endloop
  endfacet
  facet normal 0 1 0
    outer loop
      vertex -4.04078 71.2 -3.96435
      vertex -6.5 71.2 -10.3
      vertex -4.29448 71.2 -3.85926
    endloop
  endfacet
  facet normal 0 1 0
    outer loop
      vertex -4.29448 71.2 -3.85926
      vertex -6.5 71.2 -10.3
      vertex -4.52862 71.2 -3.71578
    endloop
  endfacet
  facet normal 0 1 0
    outer loop
      vertex -4.52862 71.2 -3.71578
      vertex -6.5 71.2 -10.3
      vertex -4.73744 71.2 -3.53744
    endloop
  endfacet
  facet normal 0 1 0
    outer loop
      vertex -5.22845 71.2 -2.02624
      vertex -6.5 71.2 -10.3
      vertex -6.5 71.2 88.35
    endloop
  endfacet
  facet normal 0 1 0
    outer loop
      vertex -5.22845 71.2 -2.57376
      vertex -6.5 71.2 -10.3
      vertex -5.25 71.2 -2.3
    endloop
  endfacet
  facet normal 0 1 0
    outer loop
      vertex -5.16435 71.2 -2.84078
      vertex -6.5 71.2 -10.3
      vertex -5.22845 71.2 -2.57376
    endloop
  endfacet
  facet normal 0 1 0
    outer loop
      vertex -5.05926 71.2 -3.09448
      vertex -6.5 71.2 -10.3
      vertex -5.16435 71.2 -2.84078
    endloop
  endfacet
  facet normal 0 1 0
    outer loop
      vertex -4.91578 71.2 -3.32862
      vertex -6.5 71.2 -10.3
      vertex -5.05926 71.2 -3.09448
    endloop
  endfacet
  facet normal 0 1 0
    outer loop
      vertex -4.73744 71.2 -3.53744
      vertex -6.5 71.2 -10.3
      vertex -4.91578 71.2 -3.32862
    endloop
  endfacet
  facet normal -0.522501 0 -0.852639
    outer loop
      vertex -2.70552 63.2 -0.740738
      vertex -2.47138 71.2 -0.88422
      vertex -2.47138 63.2 -0.88422
    endloop
  endfacet
  facet normal -0.522501 0 -0.852639
    outer loop
      vertex -2.47138 71.2 -0.88422
      vertex -2.70552 63.2 -0.740738
      vertex -2.70552 71.2 -0.740738
    endloop
  endfacet
  facet normal 0.0784758 0 0.996916
    outer loop
      vertex -3.77376 71.2 -4.02845
      vertex -3.5 63.2 -4.05
      vertex -3.5 71.2 -4.05
    endloop
  endfacet
  facet normal 0.0784758 0 0.996916
    outer loop
      vertex -3.5 63.2 -4.05
      vertex -3.77376 71.2 -4.02845
      vertex -3.77376 63.2 -4.02845
    endloop
  endfacet
  facet normal -0.972366 0 0.23346
    outer loop
      vertex -1.83565 63.2 -2.84078
      vertex -1.77154 71.2 -2.57376
      vertex -1.83565 71.2 -2.84078
    endloop
  endfacet
  facet normal -0.972366 0 0.23346
    outer loop
      vertex -1.77154 71.2 -2.57376
      vertex -1.83565 63.2 -2.84078
      vertex -1.77154 63.2 -2.57376
    endloop
  endfacet
  facet normal -0.996919 0 0.0784396
    outer loop
      vertex -1.77154 63.2 -2.57376
      vertex -1.75 71.2 -2.3
      vertex -1.77154 71.2 -2.57376
    endloop
  endfacet
  facet normal -0.996919 0 0.0784396
    outer loop
      vertex -1.75 71.2 -2.3
      vertex -1.77154 63.2 -2.57376
      vertex -1.75 63.2 -2.3
    endloop
  endfacet
  facet normal -0.923874 0 0.382696
    outer loop
      vertex -1.94074 63.2 -3.09448
      vertex -1.83565 71.2 -2.84078
      vertex -1.94074 71.2 -3.09448
    endloop
  endfacet
  facet normal -0.923874 0 0.382696
    outer loop
      vertex -1.83565 71.2 -2.84078
      vertex -1.94074 63.2 -3.09448
      vertex -1.83565 63.2 -2.84078
    endloop
  endfacet
  facet normal 0.923874 0 -0.382696
    outer loop
      vertex -5.05926 63.2 -1.50552
      vertex -5.16435 71.2 -1.75922
      vertex -5.05926 71.2 -1.50552
    endloop
  endfacet
  facet normal 0.923874 0 -0.382696
    outer loop
      vertex -5.16435 71.2 -1.75922
      vertex -5.05926 63.2 -1.50552
      vertex -5.16435 63.2 -1.75922
    endloop
  endfacet
  facet normal 0.522495 0 0.852642
    outer loop
      vertex -4.52862 71.2 -3.71578
      vertex -4.29448 63.2 -3.85926
      vertex -4.29448 71.2 -3.85926
    endloop
  endfacet
  facet normal 0.522495 0 0.852642
    outer loop
      vertex -4.29448 63.2 -3.85926
      vertex -4.52862 71.2 -3.71578
      vertex -4.52862 63.2 -3.71578
    endloop
  endfacet
  facet normal 0.522501 0 -0.852639
    outer loop
      vertex -4.52862 63.2 -0.88422
      vertex -4.29448 71.2 -0.740738
      vertex -4.29448 63.2 -0.740738
    endloop
  endfacet
  facet normal 0.522501 0 -0.852639
    outer loop
      vertex -4.29448 71.2 -0.740738
      vertex -4.52862 63.2 -0.88422
      vertex -4.52862 71.2 -0.88422
    endloop
  endfacet
  facet normal -0.996919 0 -0.0784396
    outer loop
      vertex -1.75 63.2 -2.3
      vertex -1.77154 71.2 -2.02624
      vertex -1.75 71.2 -2.3
    endloop
  endfacet
  facet normal -0.996919 -0 -0.0784396
    outer loop
      vertex -1.77154 71.2 -2.02624
      vertex -1.75 63.2 -2.3
      vertex -1.77154 63.2 -2.02624
    endloop
  endfacet
  facet normal -0.852642 0 0.522495
    outer loop
      vertex -2.08422 63.2 -3.32862
      vertex -1.94074 71.2 -3.09448
      vertex -2.08422 71.2 -3.32862
    endloop
  endfacet
  facet normal -0.852642 0 0.522495
    outer loop
      vertex -1.94074 71.2 -3.09448
      vertex -2.08422 63.2 -3.32862
      vertex -1.94074 63.2 -3.09448
    endloop
  endfacet
  facet normal 0.649429 0 0.760422
    outer loop
      vertex -4.73744 71.2 -3.53744
      vertex -4.52862 63.2 -3.71578
      vertex -4.52862 71.2 -3.71578
    endloop
  endfacet
  facet normal 0.649429 0 0.760422
    outer loop
      vertex -4.52862 63.2 -3.71578
      vertex -4.73744 71.2 -3.53744
      vertex -4.73744 63.2 -3.53744
    endloop
  endfacet
  facet normal 0 1 0
    outer loop
      vertex -3.22624 63.2 -0.571545
      vertex -3.77376 63.2 -0.571545
      vertex -3.5 63.2 -0.549999
    endloop
  endfacet
  facet normal 0 1 0
    outer loop
      vertex -2.95922 63.2 -0.635651
      vertex -3.77376 63.2 -0.571545
      vertex -3.22624 63.2 -0.571545
    endloop
  endfacet
  facet normal 0 1 0
    outer loop
      vertex -2.95922 63.2 -0.635651
      vertex -4.04078 63.2 -0.635651
      vertex -3.77376 63.2 -0.571545
    endloop
  endfacet
  facet normal 0 1 0
    outer loop
      vertex -2.70552 63.2 -0.740738
      vertex -4.04078 63.2 -0.635651
      vertex -2.95922 63.2 -0.635651
    endloop
  endfacet
  facet normal 0 1 0
    outer loop
      vertex -2.70552 63.2 -0.740738
      vertex -4.29448 63.2 -0.740738
      vertex -4.04078 63.2 -0.635651
    endloop
  endfacet
  facet normal 0 1 0
    outer loop
      vertex -2.47138 63.2 -0.88422
      vertex -4.29448 63.2 -0.740738
      vertex -2.70552 63.2 -0.740738
    endloop
  endfacet
  facet normal 0 1 0
    outer loop
      vertex -2.47138 63.2 -0.88422
      vertex -4.52862 63.2 -0.88422
      vertex -4.29448 63.2 -0.740738
    endloop
  endfacet
  facet normal 0 1 0
    outer loop
      vertex -2.26256 63.2 -1.06256
      vertex -4.52862 63.2 -0.88422
      vertex -2.47138 63.2 -0.88422
    endloop
  endfacet
  facet normal 0 1 0
    outer loop
      vertex -2.26256 63.2 -1.06256
      vertex -4.73744 63.2 -1.06256
      vertex -4.52862 63.2 -0.88422
    endloop
  endfacet
  facet normal 0 1 0
    outer loop
      vertex -2.08422 63.2 -1.27138
      vertex -4.73744 63.2 -1.06256
      vertex -2.26256 63.2 -1.06256
    endloop
  endfacet
  facet normal 0 1 0
    outer loop
      vertex -2.08422 63.2 -1.27138
      vertex -4.91578 63.2 -1.27138
      vertex -4.73744 63.2 -1.06256
    endloop
  endfacet
  facet normal 0 1 0
    outer loop
      vertex -1.94074 63.2 -1.50552
      vertex -4.91578 63.2 -1.27138
      vertex -2.08422 63.2 -1.27138
    endloop
  endfacet
  facet normal 0 1 0
    outer loop
      vertex -1.94074 63.2 -1.50552
      vertex -5.05926 63.2 -1.50552
      vertex -4.91578 63.2 -1.27138
    endloop
  endfacet
  facet normal 0 1 0
    outer loop
      vertex -1.83565 63.2 -1.75922
      vertex -5.05926 63.2 -1.50552
      vertex -1.94074 63.2 -1.50552
    endloop
  endfacet
  facet normal 0 1 0
    outer loop
      vertex -1.83565 63.2 -1.75922
      vertex -5.16435 63.2 -1.75922
      vertex -5.05926 63.2 -1.50552
    endloop
  endfacet
  facet normal 0 1 0
    outer loop
      vertex -1.77154 63.2 -2.02624
      vertex -5.16435 63.2 -1.75922
      vertex -1.83565 63.2 -1.75922
    endloop
  endfacet
  facet normal 0 1 0
    outer loop
      vertex -1.77154 63.2 -2.02624
      vertex -5.22845 63.2 -2.02624
      vertex -5.16435 63.2 -1.75922
    endloop
  endfacet
  facet normal 0 1 0
    outer loop
      vertex -1.75 63.2 -2.3
      vertex -5.22845 63.2 -2.02624
      vertex -1.77154 63.2 -2.02624
    endloop
  endfacet
  facet normal 0 1 0
    outer loop
      vertex -1.75 63.2 -2.3
      vertex -5.25 63.2 -2.3
      vertex -5.22845 63.2 -2.02624
    endloop
  endfacet
  facet normal 0 1 -0
    outer loop
      vertex -1.77154 63.2 -2.57376
      vertex -5.25 63.2 -2.3
      vertex -1.75 63.2 -2.3
    endloop
  endfacet
  facet normal 0 1 0
    outer loop
      vertex -1.77154 63.2 -2.57376
      vertex -5.22845 63.2 -2.57376
      vertex -5.25 63.2 -2.3
    endloop
  endfacet
  facet normal 0 1 -0
    outer loop
      vertex -1.83565 63.2 -2.84078
      vertex -5.22845 63.2 -2.57376
      vertex -1.77154 63.2 -2.57376
    endloop
  endfacet
  facet normal 0 1 0
    outer loop
      vertex -1.83565 63.2 -2.84078
      vertex -5.16435 63.2 -2.84078
      vertex -5.22845 63.2 -2.57376
    endloop
  endfacet
  facet normal 0 1 -0
    outer loop
      vertex -1.94074 63.2 -3.09448
      vertex -5.16435 63.2 -2.84078
      vertex -1.83565 63.2 -2.84078
    endloop
  endfacet
  facet normal 0 1 0
    outer loop
      vertex -1.94074 63.2 -3.09448
      vertex -5.05926 63.2 -3.09448
      vertex -5.16435 63.2 -2.84078
    endloop
  endfacet
  facet normal 0 1 -0
    outer loop
      vertex -2.08422 63.2 -3.32862
      vertex -5.05926 63.2 -3.09448
      vertex -1.94074 63.2 -3.09448
    endloop
  endfacet
  facet normal 0 1 0
    outer loop
      vertex -2.08422 63.2 -3.32862
      vertex -4.91578 63.2 -3.32862
      vertex -5.05926 63.2 -3.09448
    endloop
  endfacet
  facet normal 0 1 -0
    outer loop
      vertex -2.26256 63.2 -3.53744
      vertex -4.91578 63.2 -3.32862
      vertex -2.08422 63.2 -3.32862
    endloop
  endfacet
  facet normal 0 1 0
    outer loop
      vertex -2.26256 63.2 -3.53744
      vertex -4.73744 63.2 -3.53744
      vertex -4.91578 63.2 -3.32862
    endloop
  endfacet
  facet normal 0 1 -0
    outer loop
      vertex -2.47138 63.2 -3.71578
      vertex -4.73744 63.2 -3.53744
      vertex -2.26256 63.2 -3.53744
    endloop
  endfacet
  facet normal 0 1 0
    outer loop
      vertex -2.47138 63.2 -3.71578
      vertex -4.52862 63.2 -3.71578
      vertex -4.73744 63.2 -3.53744
    endloop
  endfacet
  facet normal 0 1 -0
    outer loop
      vertex -2.70552 63.2 -3.85926
      vertex -4.52862 63.2 -3.71578
      vertex -2.47138 63.2 -3.71578
    endloop
  endfacet
  facet normal 0 1 0
    outer loop
      vertex -2.70552 63.2 -3.85926
      vertex -4.29448 63.2 -3.85926
      vertex -4.52862 63.2 -3.71578
    endloop
  endfacet
  facet normal 0 1 -0
    outer loop
      vertex -2.95922 63.2 -3.96435
      vertex -4.29448 63.2 -3.85926
      vertex -2.70552 63.2 -3.85926
    endloop
  endfacet
  facet normal 0 1 0
    outer loop
      vertex -2.95922 63.2 -3.96435
      vertex -4.04078 63.2 -3.96435
      vertex -4.29448 63.2 -3.85926
    endloop
  endfacet
  facet normal 0 1 -0
    outer loop
      vertex -3.22624 63.2 -4.02845
      vertex -4.04078 63.2 -3.96435
      vertex -2.95922 63.2 -3.96435
    endloop
  endfacet
  facet normal 0 1 0
    outer loop
      vertex -3.22624 63.2 -4.02845
      vertex -3.77376 63.2 -4.02845
      vertex -4.04078 63.2 -3.96435
    endloop
  endfacet
  facet normal -0 1 0
    outer loop
      vertex -3.77376 63.2 -4.02845
      vertex -3.22624 63.2 -4.02845
      vertex -3.5 63.2 -4.05
    endloop
  endfacet
  facet normal -0.382687 0 -0.923878
    outer loop
      vertex -2.95922 63.2 -0.635651
      vertex -2.70552 71.2 -0.740738
      vertex -2.70552 63.2 -0.740738
    endloop
  endfacet
  facet normal -0.382687 0 -0.923878
    outer loop
      vertex -2.70552 71.2 -0.740738
      vertex -2.95922 63.2 -0.635651
      vertex -2.95922 71.2 -0.635651
    endloop
  endfacet
  facet normal -0.0784758 0 0.996916
    outer loop
      vertex -3.5 71.2 -4.05
      vertex -3.22624 63.2 -4.02845
      vertex -3.22624 71.2 -4.02845
    endloop
  endfacet
  facet normal -0.0784758 0 0.996916
    outer loop
      vertex -3.22624 63.2 -4.02845
      vertex -3.5 71.2 -4.05
      vertex -3.5 63.2 -4.05
    endloop
  endfacet
  facet normal -0.852642 0 -0.522495
    outer loop
      vertex -1.94074 63.2 -1.50552
      vertex -2.08422 71.2 -1.27138
      vertex -1.94074 71.2 -1.50552
    endloop
  endfacet
  facet normal -0.852642 -0 -0.522495
    outer loop
      vertex -2.08422 71.2 -1.27138
      vertex -1.94074 63.2 -1.50552
      vertex -2.08422 63.2 -1.27138
    endloop
  endfacet
  facet normal -0.233446 0 -0.97237
    outer loop
      vertex -3.22624 63.2 -0.571545
      vertex -2.95922 71.2 -0.635651
      vertex -2.95922 63.2 -0.635651
    endloop
  endfacet
  facet normal -0.233446 0 -0.97237
    outer loop
      vertex -2.95922 71.2 -0.635651
      vertex -3.22624 63.2 -0.571545
      vertex -3.22624 71.2 -0.571545
    endloop
  endfacet
  facet normal -0.972366 0 -0.23346
    outer loop
      vertex -1.77154 63.2 -2.02624
      vertex -1.83565 71.2 -1.75922
      vertex -1.77154 71.2 -2.02624
    endloop
  endfacet
  facet normal -0.972366 -0 -0.23346
    outer loop
      vertex -1.83565 71.2 -1.75922
      vertex -1.77154 63.2 -2.02624
      vertex -1.83565 63.2 -1.75922
    endloop
  endfacet
  facet normal 0.233425 0 0.972375
    outer loop
      vertex -4.04078 71.2 -3.96435
      vertex -3.77376 63.2 -4.02845
      vertex -3.77376 71.2 -4.02845
    endloop
  endfacet
  facet normal 0.233425 0 0.972375
    outer loop
      vertex -3.77376 63.2 -4.02845
      vertex -4.04078 71.2 -3.96435
      vertex -4.04078 63.2 -3.96435
    endloop
  endfacet
  facet normal -0.382696 0 0.923874
    outer loop
      vertex -2.95922 71.2 -3.96435
      vertex -2.70552 63.2 -3.85926
      vertex -2.70552 71.2 -3.85926
    endloop
  endfacet
  facet normal -0.382696 0 0.923874
    outer loop
      vertex -2.70552 63.2 -3.85926
      vertex -2.95922 71.2 -3.96435
      vertex -2.95922 63.2 -3.96435
    endloop
  endfacet
  facet normal 0.760422 -0 0.649429
    outer loop
      vertex -4.91578 63.2 -3.32862
      vertex -4.73744 71.2 -3.53744
      vertex -4.91578 71.2 -3.32862
    endloop
  endfacet
  facet normal 0.760422 0 0.649429
    outer loop
      vertex -4.73744 71.2 -3.53744
      vertex -4.91578 63.2 -3.32862
      vertex -4.73744 63.2 -3.53744
    endloop
  endfacet
  facet normal 0.972375 0 -0.233425
    outer loop
      vertex -5.16435 63.2 -1.75922
      vertex -5.22845 71.2 -2.02624
      vertex -5.16435 71.2 -1.75922
    endloop
  endfacet
  facet normal 0.972375 0 -0.233425
    outer loop
      vertex -5.22845 71.2 -2.02624
      vertex -5.16435 63.2 -1.75922
      vertex -5.22845 63.2 -2.02624
    endloop
  endfacet
  facet normal 0.852642 -0 0.522495
    outer loop
      vertex -5.05926 63.2 -3.09448
      vertex -4.91578 71.2 -3.32862
      vertex -5.05926 71.2 -3.09448
    endloop
  endfacet
  facet normal 0.852642 0 0.522495
    outer loop
      vertex -4.91578 71.2 -3.32862
      vertex -5.05926 63.2 -3.09448
      vertex -4.91578 63.2 -3.32862
    endloop
  endfacet
  facet normal 0.996916 -0 0.0784758
    outer loop
      vertex -5.25 63.2 -2.3
      vertex -5.22845 71.2 -2.57376
      vertex -5.25 71.2 -2.3
    endloop
  endfacet
  facet normal 0.996916 0 0.0784758
    outer loop
      vertex -5.22845 71.2 -2.57376
      vertex -5.25 63.2 -2.3
      vertex -5.22845 63.2 -2.57376
    endloop
  endfacet
  facet normal -0.760422 0 -0.649429
    outer loop
      vertex -2.08422 63.2 -1.27138
      vertex -2.26256 71.2 -1.06256
      vertex -2.08422 71.2 -1.27138
    endloop
  endfacet
  facet normal -0.760422 -0 -0.649429
    outer loop
      vertex -2.26256 71.2 -1.06256
      vertex -2.08422 63.2 -1.27138
      vertex -2.26256 63.2 -1.06256
    endloop
  endfacet
  facet normal 0.233446 0 -0.97237
    outer loop
      vertex -4.04078 63.2 -0.635651
      vertex -3.77376 71.2 -0.571545
      vertex -3.77376 63.2 -0.571545
    endloop
  endfacet
  facet normal 0.233446 0 -0.97237
    outer loop
      vertex -3.77376 71.2 -0.571545
      vertex -4.04078 63.2 -0.635651
      vertex -4.04078 71.2 -0.635651
    endloop
  endfacet
  facet normal -0.649429 0 0.760422
    outer loop
      vertex -2.47138 71.2 -3.71578
      vertex -2.26256 63.2 -3.53744
      vertex -2.26256 71.2 -3.53744
    endloop
  endfacet
  facet normal -0.649429 0 0.760422
    outer loop
      vertex -2.26256 63.2 -3.53744
      vertex -2.47138 71.2 -3.71578
      vertex -2.47138 63.2 -3.71578
    endloop
  endfacet
  facet normal -0.923874 0 -0.382696
    outer loop
      vertex -1.83565 63.2 -1.75922
      vertex -1.94074 71.2 -1.50552
      vertex -1.83565 71.2 -1.75922
    endloop
  endfacet
  facet normal -0.923874 -0 -0.382696
    outer loop
      vertex -1.94074 71.2 -1.50552
      vertex -1.83565 63.2 -1.75922
      vertex -1.94074 63.2 -1.50552
    endloop
  endfacet
  facet normal -0.522495 0 0.852642
    outer loop
      vertex -2.70552 71.2 -3.85926
      vertex -2.47138 63.2 -3.71578
      vertex -2.47138 71.2 -3.71578
    endloop
  endfacet
  facet normal -0.522495 0 0.852642
    outer loop
      vertex -2.47138 63.2 -3.71578
      vertex -2.70552 71.2 -3.85926
      vertex -2.70552 63.2 -3.85926
    endloop
  endfacet
  facet normal 0.972375 -0 0.233425
    outer loop
      vertex -5.22845 63.2 -2.57376
      vertex -5.16435 71.2 -2.84078
      vertex -5.22845 71.2 -2.57376
    endloop
  endfacet
  facet normal 0.972375 0 0.233425
    outer loop
      vertex -5.16435 71.2 -2.84078
      vertex -5.22845 63.2 -2.57376
      vertex -5.16435 63.2 -2.84078
    endloop
  endfacet
  facet normal 0.760422 0 -0.649429
    outer loop
      vertex -4.73744 63.2 -1.06256
      vertex -4.91578 71.2 -1.27138
      vertex -4.73744 71.2 -1.06256
    endloop
  endfacet
  facet normal 0.760422 0 -0.649429
    outer loop
      vertex -4.91578 71.2 -1.27138
      vertex -4.73744 63.2 -1.06256
      vertex -4.91578 63.2 -1.27138
    endloop
  endfacet
  facet normal 0.996916 0 -0.0784758
    outer loop
      vertex -5.22845 63.2 -2.02624
      vertex -5.25 71.2 -2.3
      vertex -5.22845 71.2 -2.02624
    endloop
  endfacet
  facet normal 0.996916 0 -0.0784758
    outer loop
      vertex -5.25 71.2 -2.3
      vertex -5.22845 63.2 -2.02624
      vertex -5.25 63.2 -2.3
    endloop
  endfacet
  facet normal 0.852642 0 -0.522495
    outer loop
      vertex -4.91578 63.2 -1.27138
      vertex -5.05926 71.2 -1.50552
      vertex -4.91578 71.2 -1.27138
    endloop
  endfacet
  facet normal 0.852642 0 -0.522495
    outer loop
      vertex -5.05926 71.2 -1.50552
      vertex -4.91578 63.2 -1.27138
      vertex -5.05926 63.2 -1.50552
    endloop
  endfacet
  facet normal -0.233425 0 0.972375
    outer loop
      vertex -3.22624 71.2 -4.02845
      vertex -2.95922 63.2 -3.96435
      vertex -2.95922 71.2 -3.96435
    endloop
  endfacet
  facet normal -0.233425 0 0.972375
    outer loop
      vertex -2.95922 63.2 -3.96435
      vertex -3.22624 71.2 -4.02845
      vertex -3.22624 63.2 -4.02845
    endloop
  endfacet
  facet normal 0.0784613 0 -0.996917
    outer loop
      vertex -3.77376 63.2 -0.571545
      vertex -3.5 71.2 -0.549999
      vertex -3.5 63.2 -0.549999
    endloop
  endfacet
  facet normal 0.0784613 0 -0.996917
    outer loop
      vertex -3.5 71.2 -0.549999
      vertex -3.77376 63.2 -0.571545
      vertex -3.77376 71.2 -0.571545
    endloop
  endfacet
  facet normal -0.760422 0 0.649429
    outer loop
      vertex -2.26256 63.2 -3.53744
      vertex -2.08422 71.2 -3.32862
      vertex -2.26256 71.2 -3.53744
    endloop
  endfacet
  facet normal -0.760422 0 0.649429
    outer loop
      vertex -2.08422 71.2 -3.32862
      vertex -2.26256 63.2 -3.53744
      vertex -2.08422 63.2 -3.32862
    endloop
  endfacet
  facet normal 0.382687 0 -0.923878
    outer loop
      vertex -4.29448 63.2 -0.740738
      vertex -4.04078 71.2 -0.635651
      vertex -4.04078 63.2 -0.635651
    endloop
  endfacet
  facet normal 0.382687 0 -0.923878
    outer loop
      vertex -4.04078 71.2 -0.635651
      vertex -4.29448 63.2 -0.740738
      vertex -4.29448 71.2 -0.740738
    endloop
  endfacet
  facet normal -0.649429 0 -0.760422
    outer loop
      vertex -2.47138 63.2 -0.88422
      vertex -2.26256 71.2 -1.06256
      vertex -2.26256 63.2 -1.06256
    endloop
  endfacet
  facet normal -0.649429 0 -0.760422
    outer loop
      vertex -2.26256 71.2 -1.06256
      vertex -2.47138 63.2 -0.88422
      vertex -2.47138 71.2 -0.88422
    endloop
  endfacet
  facet normal 0.923874 -0 0.382696
    outer loop
      vertex -5.16435 63.2 -2.84078
      vertex -5.05926 71.2 -3.09448
      vertex -5.16435 71.2 -2.84078
    endloop
  endfacet
  facet normal 0.923874 0 0.382696
    outer loop
      vertex -5.05926 71.2 -3.09448
      vertex -5.16435 63.2 -2.84078
      vertex -5.05926 63.2 -3.09448
    endloop
  endfacet
  facet normal -0.0784613 0 -0.996917
    outer loop
      vertex -3.5 63.2 -0.549999
      vertex -3.22624 71.2 -0.571545
      vertex -3.22624 63.2 -0.571545
    endloop
  endfacet
  facet normal -0.0784613 0 -0.996917
    outer loop
      vertex -3.22624 71.2 -0.571545
      vertex -3.5 63.2 -0.549999
      vertex -3.5 71.2 -0.549999
    endloop
  endfacet
  facet normal 0.382696 0 0.923874
    outer loop
      vertex -4.29448 71.2 -3.85926
      vertex -4.04078 63.2 -3.96435
      vertex -4.04078 71.2 -3.96435
    endloop
  endfacet
  facet normal 0.382696 0 0.923874
    outer loop
      vertex -4.04078 63.2 -3.96435
      vertex -4.29448 71.2 -3.85926
      vertex -4.29448 63.2 -3.85926
    endloop
  endfacet
  facet normal 0.649429 0 -0.760422
    outer loop
      vertex -4.73744 63.2 -1.06256
      vertex -4.52862 71.2 -0.88422
      vertex -4.52862 63.2 -0.88422
    endloop
  endfacet
  facet normal 0.649429 0 -0.760422
    outer loop
      vertex -4.52862 71.2 -0.88422
      vertex -4.73744 63.2 -1.06256
      vertex -4.73744 71.2 -1.06256
    endloop
  endfacet
  facet normal 0.233081 0 0.972457
    outer loop
      vertex -4.04078 71.2 103.336
      vertex -3.77376 63.2 103.272
      vertex -3.77376 71.2 103.272
    endloop
  endfacet
  facet normal 0.233081 0 0.972457
    outer loop
      vertex -3.77376 63.2 103.272
      vertex -4.04078 71.2 103.336
      vertex -4.04078 63.2 103.336
    endloop
  endfacet
  facet normal -0.972363 0 0.233476
    outer loop
      vertex -1.83565 63.2 104.459
      vertex -1.77154 71.2 104.726
      vertex -1.83565 71.2 104.459
    endloop
  endfacet
  facet normal -0.972363 0 0.233476
    outer loop
      vertex -1.77154 71.2 104.726
      vertex -1.83565 63.2 104.459
      vertex -1.77154 63.2 104.726
    endloop
  endfacet
  facet normal -0.996924 0 0.0783713
    outer loop
      vertex -1.77154 63.2 104.726
      vertex -1.75 71.2 105
      vertex -1.77154 71.2 104.726
    endloop
  endfacet
  facet normal -0.996924 0 0.0783713
    outer loop
      vertex -1.75 71.2 105
      vertex -1.77154 63.2 104.726
      vertex -1.75 63.2 105
    endloop
  endfacet
  facet normal -0.9235 0 0.383599
    outer loop
      vertex -1.94074 63.2 104.206
      vertex -1.83565 71.2 104.459
      vertex -1.94074 71.2 104.206
    endloop
  endfacet
  facet normal -0.9235 0 0.383599
    outer loop
      vertex -1.83565 71.2 104.459
      vertex -1.94074 63.2 104.206
      vertex -1.83565 63.2 104.459
    endloop
  endfacet
  facet normal -0.650815 0 -0.759236
    outer loop
      vertex -2.47138 63.2 106.416
      vertex -2.26256 71.2 106.237
      vertex -2.26256 63.2 106.237
    endloop
  endfacet
  facet normal -0.650815 0 -0.759236
    outer loop
      vertex -2.26256 71.2 106.237
      vertex -2.47138 63.2 106.416
      vertex -2.47138 71.2 106.416
    endloop
  endfacet
  facet normal 0.972371 0 -0.233442
    outer loop
      vertex -5.16435 63.2 105.541
      vertex -5.22845 71.2 105.274
      vertex -5.16435 71.2 105.541
    endloop
  endfacet
  facet normal 0.972371 0 -0.233442
    outer loop
      vertex -5.22845 71.2 105.274
      vertex -5.16435 63.2 105.541
      vertex -5.22845 63.2 105.274
    endloop
  endfacet
  facet normal -0.853494 0 -0.521103
    outer loop
      vertex -1.94074 63.2 105.794
      vertex -2.08422 71.2 106.029
      vertex -1.94074 71.2 105.794
    endloop
  endfacet
  facet normal -0.853494 -0 -0.521103
    outer loop
      vertex -2.08422 71.2 106.029
      vertex -1.94074 63.2 105.794
      vertex -2.08422 63.2 106.029
    endloop
  endfacet
  facet normal -0.996924 0 -0.0783713
    outer loop
      vertex -1.75 63.2 105
      vertex -1.77154 71.2 105.274
      vertex -1.75 71.2 105
    endloop
  endfacet
  facet normal -0.996924 -0 -0.0783713
    outer loop
      vertex -1.77154 71.2 105.274
      vertex -1.75 63.2 105
      vertex -1.77154 63.2 105.274
    endloop
  endfacet
  facet normal -0.382416 0 0.92399
    outer loop
      vertex -2.95922 71.2 103.336
      vertex -2.70552 63.2 103.441
      vertex -2.70552 71.2 103.441
    endloop
  endfacet
  facet normal -0.382416 0 0.92399
    outer loop
      vertex -2.70552 63.2 103.441
      vertex -2.95922 71.2 103.336
      vertex -2.95922 63.2 103.336
    endloop
  endfacet
  facet normal -0.853494 0 0.521103
    outer loop
      vertex -2.08422 63.2 103.971
      vertex -1.94074 71.2 104.206
      vertex -2.08422 71.2 103.971
    endloop
  endfacet
  facet normal -0.853494 0 0.521103
    outer loop
      vertex -1.94074 71.2 104.206
      vertex -2.08422 63.2 103.971
      vertex -1.94074 63.2 104.206
    endloop
  endfacet
  facet normal 0.650815 0 0.759236
    outer loop
      vertex -4.73744 71.2 103.763
      vertex -4.52862 63.2 103.584
      vertex -4.52862 71.2 103.584
    endloop
  endfacet
  facet normal 0.650815 0 0.759236
    outer loop
      vertex -4.52862 63.2 103.584
      vertex -4.73744 71.2 103.763
      vertex -4.73744 63.2 103.763
    endloop
  endfacet
  facet normal 0.0801041 0 -0.996787
    outer loop
      vertex -3.77376 63.2 106.728
      vertex -3.5 71.2 106.75
      vertex -3.5 63.2 106.75
    endloop
  endfacet
  facet normal 0.0801041 0 -0.996787
    outer loop
      vertex -3.5 71.2 106.75
      vertex -3.77376 63.2 106.728
      vertex -3.77376 71.2 106.728
    endloop
  endfacet
  facet normal 0 1 0
    outer loop
      vertex -3.22624 63.2 106.728
      vertex -3.77376 63.2 106.728
      vertex -3.5 63.2 106.75
    endloop
  endfacet
  facet normal 0 1 0
    outer loop
      vertex -2.95922 63.2 106.664
      vertex -3.77376 63.2 106.728
      vertex -3.22624 63.2 106.728
    endloop
  endfacet
  facet normal 0 1 0
    outer loop
      vertex -2.95922 63.2 106.664
      vertex -4.04078 63.2 106.664
      vertex -3.77376 63.2 106.728
    endloop
  endfacet
  facet normal 0 1 0
    outer loop
      vertex -2.70552 63.2 106.559
      vertex -4.04078 63.2 106.664
      vertex -2.95922 63.2 106.664
    endloop
  endfacet
  facet normal 0 1 0
    outer loop
      vertex -2.70552 63.2 106.559
      vertex -4.29448 63.2 106.559
      vertex -4.04078 63.2 106.664
    endloop
  endfacet
  facet normal 0 1 0
    outer loop
      vertex -2.47138 63.2 106.416
      vertex -4.29448 63.2 106.559
      vertex -2.70552 63.2 106.559
    endloop
  endfacet
  facet normal 0 1 0
    outer loop
      vertex -2.47138 63.2 106.416
      vertex -4.52862 63.2 106.416
      vertex -4.29448 63.2 106.559
    endloop
  endfacet
  facet normal 0 1 0
    outer loop
      vertex -2.26256 63.2 106.237
      vertex -4.52862 63.2 106.416
      vertex -2.47138 63.2 106.416
    endloop
  endfacet
  facet normal 0 1 0
    outer loop
      vertex -2.26256 63.2 106.237
      vertex -4.73744 63.2 106.237
      vertex -4.52862 63.2 106.416
    endloop
  endfacet
  facet normal 0 1 0
    outer loop
      vertex -2.08422 63.2 106.029
      vertex -4.73744 63.2 106.237
      vertex -2.26256 63.2 106.237
    endloop
  endfacet
  facet normal 0 1 0
    outer loop
      vertex -2.08422 63.2 106.029
      vertex -4.91578 63.2 106.029
      vertex -4.73744 63.2 106.237
    endloop
  endfacet
  facet normal 0 1 0
    outer loop
      vertex -1.94074 63.2 105.794
      vertex -4.91578 63.2 106.029
      vertex -2.08422 63.2 106.029
    endloop
  endfacet
  facet normal 0 1 0
    outer loop
      vertex -1.94074 63.2 105.794
      vertex -5.05926 63.2 105.794
      vertex -4.91578 63.2 106.029
    endloop
  endfacet
  facet normal 0 1 0
    outer loop
      vertex -1.83565 63.2 105.541
      vertex -5.05926 63.2 105.794
      vertex -1.94074 63.2 105.794
    endloop
  endfacet
  facet normal 0 1 0
    outer loop
      vertex -1.83565 63.2 105.541
      vertex -5.16435 63.2 105.541
      vertex -5.05926 63.2 105.794
    endloop
  endfacet
  facet normal 0 1 0
    outer loop
      vertex -1.77154 63.2 105.274
      vertex -5.16435 63.2 105.541
      vertex -1.83565 63.2 105.541
    endloop
  endfacet
  facet normal 0 1 0
    outer loop
      vertex -1.77154 63.2 105.274
      vertex -5.22845 63.2 105.274
      vertex -5.16435 63.2 105.541
    endloop
  endfacet
  facet normal 0 1 0
    outer loop
      vertex -1.75 63.2 105
      vertex -5.22845 63.2 105.274
      vertex -1.77154 63.2 105.274
    endloop
  endfacet
  facet normal 0 1 0
    outer loop
      vertex -1.75 63.2 105
      vertex -5.25 63.2 105
      vertex -5.22845 63.2 105.274
    endloop
  endfacet
  facet normal 0 1 -0
    outer loop
      vertex -1.77154 63.2 104.726
      vertex -5.25 63.2 105
      vertex -1.75 63.2 105
    endloop
  endfacet
  facet normal 0 1 0
    outer loop
      vertex -1.77154 63.2 104.726
      vertex -5.22845 63.2 104.726
      vertex -5.25 63.2 105
    endloop
  endfacet
  facet normal 0 1 -0
    outer loop
      vertex -1.83565 63.2 104.459
      vertex -5.22845 63.2 104.726
      vertex -1.77154 63.2 104.726
    endloop
  endfacet
  facet normal 0 1 0
    outer loop
      vertex -1.83565 63.2 104.459
      vertex -5.16435 63.2 104.459
      vertex -5.22845 63.2 104.726
    endloop
  endfacet
  facet normal 0 1 -0
    outer loop
      vertex -1.94074 63.2 104.206
      vertex -5.16435 63.2 104.459
      vertex -1.83565 63.2 104.459
    endloop
  endfacet
  facet normal 0 1 0
    outer loop
      vertex -1.94074 63.2 104.206
      vertex -5.05926 63.2 104.206
      vertex -5.16435 63.2 104.459
    endloop
  endfacet
  facet normal 0 1 -0
    outer loop
      vertex -2.08422 63.2 103.971
      vertex -5.05926 63.2 104.206
      vertex -1.94074 63.2 104.206
    endloop
  endfacet
  facet normal 0 1 0
    outer loop
      vertex -2.08422 63.2 103.971
      vertex -4.91578 63.2 103.971
      vertex -5.05926 63.2 104.206
    endloop
  endfacet
  facet normal 0 1 -0
    outer loop
      vertex -2.26256 63.2 103.763
      vertex -4.91578 63.2 103.971
      vertex -2.08422 63.2 103.971
    endloop
  endfacet
  facet normal 0 1 0
    outer loop
      vertex -2.26256 63.2 103.763
      vertex -4.73744 63.2 103.763
      vertex -4.91578 63.2 103.971
    endloop
  endfacet
  facet normal 0 1 -0
    outer loop
      vertex -2.47138 63.2 103.584
      vertex -4.73744 63.2 103.763
      vertex -2.26256 63.2 103.763
    endloop
  endfacet
  facet normal 0 1 0
    outer loop
      vertex -2.47138 63.2 103.584
      vertex -4.52862 63.2 103.584
      vertex -4.73744 63.2 103.763
    endloop
  endfacet
  facet normal 0 1 -0
    outer loop
      vertex -2.70552 63.2 103.441
      vertex -4.52862 63.2 103.584
      vertex -2.47138 63.2 103.584
    endloop
  endfacet
  facet normal 0 1 0
    outer loop
      vertex -2.70552 63.2 103.441
      vertex -4.29448 63.2 103.441
      vertex -4.52862 63.2 103.584
    endloop
  endfacet
  facet normal 0 1 -0
    outer loop
      vertex -2.95922 63.2 103.336
      vertex -4.29448 63.2 103.441
      vertex -2.70552 63.2 103.441
    endloop
  endfacet
  facet normal 0 1 0
    outer loop
      vertex -2.95922 63.2 103.336
      vertex -4.04078 63.2 103.336
      vertex -4.29448 63.2 103.441
    endloop
  endfacet
  facet normal 0 1 -0
    outer loop
      vertex -3.22624 63.2 103.272
      vertex -4.04078 63.2 103.336
      vertex -2.95922 63.2 103.336
    endloop
  endfacet
  facet normal 0 1 0
    outer loop
      vertex -3.22624 63.2 103.272
      vertex -3.77376 63.2 103.272
      vertex -4.04078 63.2 103.336
    endloop
  endfacet
  facet normal -0 1 0
    outer loop
      vertex -3.77376 63.2 103.272
      vertex -3.22624 63.2 103.272
      vertex -3.5 63.2 103.25
    endloop
  endfacet
  facet normal 0.521223 0 0.853421
    outer loop
      vertex -4.52862 71.2 103.584
      vertex -4.29448 63.2 103.441
      vertex -4.29448 71.2 103.441
    endloop
  endfacet
  facet normal 0.521223 0 0.853421
    outer loop
      vertex -4.29448 63.2 103.441
      vertex -4.52862 71.2 103.584
      vertex -4.52862 63.2 103.584
    endloop
  endfacet
  facet normal 0.9235 -0 0.383599
    outer loop
      vertex -5.16435 63.2 104.459
      vertex -5.05926 71.2 104.206
      vertex -5.16435 71.2 104.459
    endloop
  endfacet
  facet normal 0.9235 0 0.383599
    outer loop
      vertex -5.05926 71.2 104.206
      vertex -5.16435 63.2 104.459
      vertex -5.05926 63.2 104.206
    endloop
  endfacet
  facet normal -0.521223 0 -0.853421
    outer loop
      vertex -2.70552 63.2 106.559
      vertex -2.47138 71.2 106.416
      vertex -2.47138 63.2 106.416
    endloop
  endfacet
  facet normal -0.521223 0 -0.853421
    outer loop
      vertex -2.47138 71.2 106.416
      vertex -2.70552 63.2 106.559
      vertex -2.70552 71.2 106.559
    endloop
  endfacet
  facet normal -0.233081 0 -0.972457
    outer loop
      vertex -3.22624 63.2 106.728
      vertex -2.95922 71.2 106.664
      vertex -2.95922 63.2 106.664
    endloop
  endfacet
  facet normal -0.233081 0 -0.972457
    outer loop
      vertex -2.95922 71.2 106.664
      vertex -3.22624 63.2 106.728
      vertex -3.22624 71.2 106.728
    endloop
  endfacet
  facet normal -0.972363 0 -0.233476
    outer loop
      vertex -1.77154 63.2 105.274
      vertex -1.83565 71.2 105.541
      vertex -1.77154 71.2 105.274
    endloop
  endfacet
  facet normal -0.972363 -0 -0.233476
    outer loop
      vertex -1.83565 71.2 105.541
      vertex -1.77154 63.2 105.274
      vertex -1.83565 63.2 105.541
    endloop
  endfacet
  facet normal 0.759159 -0 0.650906
    outer loop
      vertex -4.91578 63.2 103.971
      vertex -4.73744 71.2 103.763
      vertex -4.91578 71.2 103.971
    endloop
  endfacet
  facet normal 0.759159 0 0.650906
    outer loop
      vertex -4.73744 71.2 103.763
      vertex -4.91578 63.2 103.971
      vertex -4.73744 63.2 103.763
    endloop
  endfacet
  facet normal -0.759159 0 -0.650906
    outer loop
      vertex -2.08422 63.2 106.029
      vertex -2.26256 71.2 106.237
      vertex -2.08422 71.2 106.029
    endloop
  endfacet
  facet normal -0.759159 -0 -0.650906
    outer loop
      vertex -2.26256 71.2 106.237
      vertex -2.08422 63.2 106.029
      vertex -2.26256 63.2 106.237
    endloop
  endfacet
  facet normal 0.853494 -0 0.521103
    outer loop
      vertex -5.05926 63.2 104.206
      vertex -4.91578 71.2 103.971
      vertex -5.05926 71.2 104.206
    endloop
  endfacet
  facet normal 0.853494 0 0.521103
    outer loop
      vertex -4.91578 71.2 103.971
      vertex -5.05926 63.2 104.206
      vertex -4.91578 63.2 103.971
    endloop
  endfacet
  facet normal 0.382416 0 0.92399
    outer loop
      vertex -4.29448 71.2 103.441
      vertex -4.04078 63.2 103.336
      vertex -4.04078 71.2 103.336
    endloop
  endfacet
  facet normal 0.382416 0 0.92399
    outer loop
      vertex -4.04078 63.2 103.336
      vertex -4.29448 71.2 103.441
      vertex -4.29448 63.2 103.441
    endloop
  endfacet
  facet normal -0.382416 0 -0.92399
    outer loop
      vertex -2.95922 63.2 106.664
      vertex -2.70552 71.2 106.559
      vertex -2.70552 63.2 106.559
    endloop
  endfacet
  facet normal -0.382416 0 -0.92399
    outer loop
      vertex -2.70552 71.2 106.559
      vertex -2.95922 63.2 106.664
      vertex -2.95922 71.2 106.664
    endloop
  endfacet
  facet normal -0.650815 0 0.759236
    outer loop
      vertex -2.47138 71.2 103.584
      vertex -2.26256 63.2 103.763
      vertex -2.26256 71.2 103.763
    endloop
  endfacet
  facet normal -0.650815 0 0.759236
    outer loop
      vertex -2.26256 63.2 103.763
      vertex -2.47138 71.2 103.584
      vertex -2.47138 63.2 103.584
    endloop
  endfacet
  facet normal -0.233081 0 0.972457
    outer loop
      vertex -3.22624 71.2 103.272
      vertex -2.95922 63.2 103.336
      vertex -2.95922 71.2 103.336
    endloop
  endfacet
  facet normal -0.233081 0 0.972457
    outer loop
      vertex -2.95922 63.2 103.336
      vertex -3.22624 71.2 103.272
      vertex -3.22624 63.2 103.272
    endloop
  endfacet
  facet normal -0.521223 0 0.853421
    outer loop
      vertex -2.70552 71.2 103.441
      vertex -2.47138 63.2 103.584
      vertex -2.47138 71.2 103.584
    endloop
  endfacet
  facet normal -0.521223 0 0.853421
    outer loop
      vertex -2.47138 63.2 103.584
      vertex -2.70552 71.2 103.441
      vertex -2.70552 63.2 103.441
    endloop
  endfacet
  facet normal 0.759159 0 -0.650906
    outer loop
      vertex -4.73744 63.2 106.237
      vertex -4.91578 71.2 106.029
      vertex -4.73744 71.2 106.237
    endloop
  endfacet
  facet normal 0.759159 0 -0.650906
    outer loop
      vertex -4.91578 71.2 106.029
      vertex -4.73744 63.2 106.237
      vertex -4.91578 63.2 106.029
    endloop
  endfacet
  facet normal -0.9235 0 -0.383599
    outer loop
      vertex -1.83565 63.2 105.541
      vertex -1.94074 71.2 105.794
      vertex -1.83565 71.2 105.541
    endloop
  endfacet
  facet normal -0.9235 -0 -0.383599
    outer loop
      vertex -1.94074 71.2 105.794
      vertex -1.83565 63.2 105.541
      vertex -1.94074 63.2 105.794
    endloop
  endfacet
  facet normal 0.996921 0 -0.0784075
    outer loop
      vertex -5.22845 63.2 105.274
      vertex -5.25 71.2 105
      vertex -5.22845 71.2 105.274
    endloop
  endfacet
  facet normal 0.996921 0 -0.0784075
    outer loop
      vertex -5.25 71.2 105
      vertex -5.22845 63.2 105.274
      vertex -5.25 63.2 105
    endloop
  endfacet
  facet normal 0.853494 0 -0.521103
    outer loop
      vertex -4.91578 63.2 106.029
      vertex -5.05926 71.2 105.794
      vertex -4.91578 71.2 106.029
    endloop
  endfacet
  facet normal 0.853494 0 -0.521103
    outer loop
      vertex -5.05926 71.2 105.794
      vertex -4.91578 63.2 106.029
      vertex -5.05926 63.2 105.794
    endloop
  endfacet
  facet normal 0.996921 -0 0.0784075
    outer loop
      vertex -5.25 63.2 105
      vertex -5.22845 71.2 104.726
      vertex -5.25 71.2 105
    endloop
  endfacet
  facet normal 0.996921 0 0.0784075
    outer loop
      vertex -5.22845 71.2 104.726
      vertex -5.25 63.2 105
      vertex -5.22845 63.2 104.726
    endloop
  endfacet
  facet normal 0.0801041 0 0.996787
    outer loop
      vertex -3.77376 71.2 103.272
      vertex -3.5 63.2 103.25
      vertex -3.5 71.2 103.25
    endloop
  endfacet
  facet normal 0.0801041 0 0.996787
    outer loop
      vertex -3.5 63.2 103.25
      vertex -3.77376 71.2 103.272
      vertex -3.77376 63.2 103.272
    endloop
  endfacet
  facet normal -0.0801041 0 0.996787
    outer loop
      vertex -3.5 71.2 103.25
      vertex -3.22624 63.2 103.272
      vertex -3.22624 71.2 103.272
    endloop
  endfacet
  facet normal -0.0801041 0 0.996787
    outer loop
      vertex -3.22624 63.2 103.272
      vertex -3.5 71.2 103.25
      vertex -3.5 63.2 103.25
    endloop
  endfacet
  facet normal 0.382416 0 -0.92399
    outer loop
      vertex -4.29448 63.2 106.559
      vertex -4.04078 71.2 106.664
      vertex -4.04078 63.2 106.664
    endloop
  endfacet
  facet normal 0.382416 0 -0.92399
    outer loop
      vertex -4.04078 71.2 106.664
      vertex -4.29448 63.2 106.559
      vertex -4.29448 71.2 106.559
    endloop
  endfacet
  facet normal 0.233081 0 -0.972457
    outer loop
      vertex -4.04078 63.2 106.664
      vertex -3.77376 71.2 106.728
      vertex -3.77376 63.2 106.728
    endloop
  endfacet
  facet normal 0.233081 0 -0.972457
    outer loop
      vertex -3.77376 71.2 106.728
      vertex -4.04078 63.2 106.664
      vertex -4.04078 71.2 106.664
    endloop
  endfacet
  facet normal 0.9235 0 -0.383599
    outer loop
      vertex -5.05926 63.2 105.794
      vertex -5.16435 71.2 105.541
      vertex -5.05926 71.2 105.794
    endloop
  endfacet
  facet normal 0.9235 0 -0.383599
    outer loop
      vertex -5.16435 71.2 105.541
      vertex -5.05926 63.2 105.794
      vertex -5.16435 63.2 105.541
    endloop
  endfacet
  facet normal -0.759159 0 0.650906
    outer loop
      vertex -2.26256 63.2 103.763
      vertex -2.08422 71.2 103.971
      vertex -2.26256 71.2 103.763
    endloop
  endfacet
  facet normal -0.759159 0 0.650906
    outer loop
      vertex -2.08422 71.2 103.971
      vertex -2.26256 63.2 103.763
      vertex -2.08422 63.2 103.971
    endloop
  endfacet
  facet normal 0.521223 0 -0.853421
    outer loop
      vertex -4.52862 63.2 106.416
      vertex -4.29448 71.2 106.559
      vertex -4.29448 63.2 106.559
    endloop
  endfacet
  facet normal 0.521223 0 -0.853421
    outer loop
      vertex -4.29448 71.2 106.559
      vertex -4.52862 63.2 106.416
      vertex -4.52862 71.2 106.416
    endloop
  endfacet
  facet normal -0.0801041 0 -0.996787
    outer loop
      vertex -3.5 63.2 106.75
      vertex -3.22624 71.2 106.728
      vertex -3.22624 63.2 106.728
    endloop
  endfacet
  facet normal -0.0801041 0 -0.996787
    outer loop
      vertex -3.22624 71.2 106.728
      vertex -3.5 63.2 106.75
      vertex -3.5 71.2 106.75
    endloop
  endfacet
  facet normal 0.972371 -0 0.233442
    outer loop
      vertex -5.22845 63.2 104.726
      vertex -5.16435 71.2 104.459
      vertex -5.22845 71.2 104.726
    endloop
  endfacet
  facet normal 0.972371 0 0.233442
    outer loop
      vertex -5.16435 71.2 104.459
      vertex -5.22845 63.2 104.726
      vertex -5.16435 63.2 104.459
    endloop
  endfacet
  facet normal 0.650815 0 -0.759236
    outer loop
      vertex -4.73744 63.2 106.237
      vertex -4.52862 71.2 106.416
      vertex -4.52862 63.2 106.416
    endloop
  endfacet
  facet normal 0.650815 0 -0.759236
    outer loop
      vertex -4.52862 71.2 106.416
      vertex -4.73744 63.2 106.237
      vertex -4.73744 71.2 106.237
    endloop
  endfacet
  facet normal 0 -0.923857 0.382738
    outer loop
      vertex -4.5 11.5147 -9.57178
      vertex -0.5 11.6168 -9.32533
      vertex -4.5 11.6168 -9.32533
    endloop
  endfacet
  facet normal 0 -0.923857 0.382738
    outer loop
      vertex -0.5 11.6168 -9.32533
      vertex -4.5 11.5147 -9.57178
      vertex -0.5 11.5147 -9.57178
    endloop
  endfacet
  facet normal 0 0.522478 -0.852653
    outer loop
      vertex -4.5 9.00076 -7.42467
      vertex -0.5 9.22822 -7.28529
      vertex -0.5 9.00076 -7.42467
    endloop
  endfacet
  facet normal 0 0.522478 -0.852653
    outer loop
      vertex -0.5 9.22822 -7.28529
      vertex -4.5 9.00076 -7.42467
      vertex -4.5 9.22822 -7.28529
    endloop
  endfacet
  facet normal 0 -0.38264 -0.923898
    outer loop
      vertex -4.5 10.5253 -7.1832
      vertex -0.5 10.7718 -7.28529
      vertex -0.5 10.5253 -7.1832
    endloop
  endfacet
  facet normal -0 -0.38264 -0.923898
    outer loop
      vertex -0.5 10.7718 -7.28529
      vertex -4.5 10.5253 -7.1832
      vertex -4.5 10.7718 -7.28529
    endloop
  endfacet
  facet normal 0 0.649466 -0.760391
    outer loop
      vertex -4.5 8.79792 -7.59792
      vertex -0.5 9.00076 -7.42467
      vertex -0.5 8.79792 -7.59792
    endloop
  endfacet
  facet normal 0 0.649466 -0.760391
    outer loop
      vertex -0.5 9.00076 -7.42467
      vertex -4.5 8.79792 -7.59792
      vertex -4.5 9.00076 -7.42467
    endloop
  endfacet
  facet normal 0 -0.923857 -0.382738
    outer loop
      vertex -4.5 11.6168 -8.27467
      vertex -0.5 11.5147 -8.02822
      vertex -4.5 11.5147 -8.02822
    endloop
  endfacet
  facet normal 0 -0.923857 -0.382738
    outer loop
      vertex -0.5 11.5147 -8.02822
      vertex -4.5 11.6168 -8.27467
      vertex -0.5 11.6168 -8.27467
    endloop
  endfacet
  facet normal 0 -0.996926 -0.0783476
    outer loop
      vertex -4.5 11.7 -8.8
      vertex -0.5 11.6791 -8.53406
      vertex -4.5 11.6791 -8.53406
    endloop
  endfacet
  facet normal 0 -0.996926 -0.0783476
    outer loop
      vertex -0.5 11.6791 -8.53406
      vertex -4.5 11.7 -8.8
      vertex -0.5 11.7 -8.8
    endloop
  endfacet
  facet normal 0 -0.852609 -0.522549
    outer loop
      vertex -4.5 11.5147 -8.02822
      vertex -0.5 11.3753 -7.80077
      vertex -4.5 11.3753 -7.80077
    endloop
  endfacet
  facet normal 0 -0.852609 -0.522549
    outer loop
      vertex -0.5 11.3753 -7.80077
      vertex -4.5 11.5147 -8.02822
      vertex -0.5 11.5147 -8.02822
    endloop
  endfacet
  facet normal 0 -0.522578 -0.852592
    outer loop
      vertex -4.5 10.7718 -7.28529
      vertex -0.5 10.9992 -7.42467
      vertex -0.5 10.7718 -7.28529
    endloop
  endfacet
  facet normal -0 -0.522578 -0.852592
    outer loop
      vertex -0.5 10.9992 -7.42467
      vertex -4.5 10.7718 -7.28529
      vertex -4.5 10.9992 -7.42467
    endloop
  endfacet
  facet normal 0 0.852643 0.522494
    outer loop
      vertex -0.5 8.62467 -9.79923
      vertex -4.5 8.48529 -9.57178
      vertex -0.5 8.48529 -9.57178
    endloop
  endfacet
  facet normal 0 0.852643 0.522494
    outer loop
      vertex -4.5 8.48529 -9.57178
      vertex -0.5 8.62467 -9.79923
      vertex -4.5 8.62467 -9.79923
    endloop
  endfacet
  facet normal 0 -0.760499 -0.649339
    outer loop
      vertex -4.5 11.3753 -7.80077
      vertex -0.5 11.2021 -7.59792
      vertex -4.5 11.2021 -7.59792
    endloop
  endfacet
  facet normal 0 -0.760499 -0.649339
    outer loop
      vertex -0.5 11.2021 -7.59792
      vertex -4.5 11.3753 -7.80077
      vertex -0.5 11.3753 -7.80077
    endloop
  endfacet
  facet normal 0 0.972373 0.233431
    outer loop
      vertex -0.5 8.3832 -9.32533
      vertex -4.5 8.32093 -9.06594
      vertex -0.5 8.32093 -9.06594
    endloop
  endfacet
  facet normal 0 0.972373 0.233431
    outer loop
      vertex -4.5 8.32093 -9.06594
      vertex -0.5 8.3832 -9.32533
      vertex -4.5 8.3832 -9.32533
    endloop
  endfacet
  facet normal 0 0.760406 -0.649447
    outer loop
      vertex -0.5 8.62467 -7.80077
      vertex -4.5 8.79792 -7.59792
      vertex -0.5 8.79792 -7.59792
    endloop
  endfacet
  facet normal 0 0.760406 -0.649447
    outer loop
      vertex -4.5 8.79792 -7.59792
      vertex -0.5 8.62467 -7.80077
      vertex -4.5 8.62467 -7.80077
    endloop
  endfacet
  facet normal 0 0.996917 0.0784593
    outer loop
      vertex -0.5 8.32093 -9.06594
      vertex -4.5 8.3 -8.8
      vertex -0.5 8.3 -8.8
    endloop
  endfacet
  facet normal 0 0.996917 0.0784593
    outer loop
      vertex -4.5 8.3 -8.8
      vertex -0.5 8.32093 -9.06594
      vertex -4.5 8.32093 -9.06594
    endloop
  endfacet
  facet normal 0 -0.233423 -0.972375
    outer loop
      vertex -4.5 10.2659 -7.12093
      vertex -0.5 10.5253 -7.1832
      vertex -0.5 10.2659 -7.12093
    endloop
  endfacet
  facet normal -0 -0.233423 -0.972375
    outer loop
      vertex -0.5 10.5253 -7.1832
      vertex -4.5 10.2659 -7.12093
      vertex -4.5 10.5253 -7.1832
    endloop
  endfacet
  facet normal 0 -0.649247 0.760578
    outer loop
      vertex -4.5 11.2021 -10.0021
      vertex -0.5 10.9992 -10.1753
      vertex -0.5 11.2021 -10.0021
    endloop
  endfacet
  facet normal 0 -0.649247 0.760578
    outer loop
      vertex -0.5 10.9992 -10.1753
      vertex -4.5 11.2021 -10.0021
      vertex -4.5 10.9992 -10.1753
    endloop
  endfacet
  facet normal 0 -0.972348 0.233537
    outer loop
      vertex -4.5 11.6168 -9.32533
      vertex -0.5 11.6791 -9.06594
      vertex -4.5 11.6791 -9.06594
    endloop
  endfacet
  facet normal 0 -0.972348 0.233537
    outer loop
      vertex -0.5 11.6791 -9.06594
      vertex -4.5 11.6168 -9.32533
      vertex -0.5 11.6168 -9.32533
    endloop
  endfacet
  facet normal 0 -0.649355 -0.760485
    outer loop
      vertex -4.5 10.9992 -7.42467
      vertex -0.5 11.2021 -7.59792
      vertex -0.5 10.9992 -7.42467
    endloop
  endfacet
  facet normal -0 -0.649355 -0.760485
    outer loop
      vertex -0.5 11.2021 -7.59792
      vertex -4.5 10.9992 -7.42467
      vertex -4.5 11.2021 -7.59792
    endloop
  endfacet
  facet normal 0 -0.760531 0.649302
    outer loop
      vertex -4.5 11.2021 -10.0021
      vertex -0.5 11.3753 -9.79923
      vertex -4.5 11.3753 -9.79923
    endloop
  endfacet
  facet normal 0 -0.760531 0.649302
    outer loop
      vertex -0.5 11.3753 -9.79923
      vertex -4.5 11.2021 -10.0021
      vertex -0.5 11.2021 -10.0021
    endloop
  endfacet
  facet normal 0 0.92387 0.382706
    outer loop
      vertex -0.5 8.48529 -9.57178
      vertex -4.5 8.3832 -9.32533
      vertex -0.5 8.3832 -9.32533
    endloop
  endfacet
  facet normal 0 0.92387 0.382706
    outer loop
      vertex -4.5 8.3832 -9.32533
      vertex -0.5 8.48529 -9.57178
      vertex -4.5 8.48529 -9.57178
    endloop
  endfacet
  facet normal 0 -0.852609 0.522549
    outer loop
      vertex -4.5 11.3753 -9.79923
      vertex -0.5 11.5147 -9.57178
      vertex -4.5 11.5147 -9.57178
    endloop
  endfacet
  facet normal 0 -0.852609 0.522549
    outer loop
      vertex -0.5 11.5147 -9.57178
      vertex -4.5 11.3753 -9.79923
      vertex -0.5 11.3753 -9.79923
    endloop
  endfacet
  facet normal -0 0.522614 0.852569
    outer loop
      vertex -4.5 9.20419 -10.3
      vertex -0.5 9.00076 -10.1753
      vertex -0.5 9.20419 -10.3
    endloop
  endfacet
  facet normal 0 0.522614 0.852569
    outer loop
      vertex -0.5 9.00076 -10.1753
      vertex -4.5 9.20419 -10.3
      vertex -4.5 9.00076 -10.1753
    endloop
  endfacet
  facet normal 0 0.760438 0.64941
    outer loop
      vertex -0.5 8.79792 -10.0021
      vertex -4.5 8.62467 -9.79923
      vertex -0.5 8.62467 -9.79923
    endloop
  endfacet
  facet normal 0 0.760438 0.64941
    outer loop
      vertex -4.5 8.62467 -9.79923
      vertex -0.5 8.79792 -10.0021
      vertex -4.5 8.79792 -10.0021
    endloop
  endfacet
  facet normal 0 -0.996926 0.0783476
    outer loop
      vertex -4.5 11.6791 -9.06594
      vertex -0.5 11.7 -8.8
      vertex -4.5 11.7 -8.8
    endloop
  endfacet
  facet normal 0 -0.996926 0.0783476
    outer loop
      vertex -0.5 11.7 -8.8
      vertex -4.5 11.6791 -9.06594
      vertex -0.5 11.6791 -9.06594
    endloop
  endfacet
  facet normal 0 -0.972348 -0.233537
    outer loop
      vertex -4.5 11.6791 -8.53406
      vertex -0.5 11.6168 -8.27467
      vertex -4.5 11.6168 -8.27467
    endloop
  endfacet
  facet normal 0 -0.972348 -0.233537
    outer loop
      vertex -0.5 11.6168 -8.27467
      vertex -4.5 11.6791 -8.53406
      vertex -0.5 11.6791 -8.53406
    endloop
  endfacet
  facet normal -0 0.649358 0.760483
    outer loop
      vertex -4.5 9.00076 -10.1753
      vertex -0.5 8.79792 -10.0021
      vertex -0.5 9.00076 -10.1753
    endloop
  endfacet
  facet normal 0 0.649358 0.760483
    outer loop
      vertex -0.5 8.79792 -10.0021
      vertex -4.5 9.00076 -10.1753
      vertex -4.5 8.79792 -10.0021
    endloop
  endfacet
  facet normal 0 -0.52267 0.852535
    outer loop
      vertex -4.5 10.9992 -10.1753
      vertex -0.5 10.7958 -10.3
      vertex -0.5 10.9992 -10.1753
    endloop
  endfacet
  facet normal 0 -0.52267 0.852535
    outer loop
      vertex -0.5 10.7958 -10.3
      vertex -4.5 10.9992 -10.1753
      vertex -4.5 10.7958 -10.3
    endloop
  endfacet
  facet normal 0 0.972373 -0.233431
    outer loop
      vertex -0.5 8.32093 -8.53406
      vertex -4.5 8.3832 -8.27467
      vertex -0.5 8.3832 -8.27467
    endloop
  endfacet
  facet normal 0 0.972373 -0.233431
    outer loop
      vertex -4.5 8.3832 -8.27467
      vertex -0.5 8.32093 -8.53406
      vertex -4.5 8.32093 -8.53406
    endloop
  endfacet
  facet normal 0 0.852643 -0.522494
    outer loop
      vertex -0.5 8.48529 -8.02822
      vertex -4.5 8.62467 -7.80077
      vertex -0.5 8.62467 -7.80077
    endloop
  endfacet
  facet normal 0 0.852643 -0.522494
    outer loop
      vertex -4.5 8.62467 -7.80077
      vertex -0.5 8.48529 -8.02822
      vertex -4.5 8.48529 -8.02822
    endloop
  endfacet
  facet normal 0 -0.0784711 -0.996916
    outer loop
      vertex -4.5 10 -7.1
      vertex -0.5 10.2659 -7.12093
      vertex -0.5 10 -7.1
    endloop
  endfacet
  facet normal -0 -0.0784711 -0.996916
    outer loop
      vertex -0.5 10.2659 -7.12093
      vertex -4.5 10 -7.1
      vertex -4.5 10.2659 -7.12093
    endloop
  endfacet
  facet normal 0 0.0784593 -0.996917
    outer loop
      vertex -4.5 9.73406 -7.12093
      vertex -0.5 10 -7.1
      vertex -0.5 9.73406 -7.12093
    endloop
  endfacet
  facet normal 0 0.0784593 -0.996917
    outer loop
      vertex -0.5 10 -7.1
      vertex -4.5 9.73406 -7.12093
      vertex -4.5 10 -7.1
    endloop
  endfacet
  facet normal 0 0.92387 -0.382706
    outer loop
      vertex -0.5 8.3832 -8.27467
      vertex -4.5 8.48529 -8.02822
      vertex -0.5 8.48529 -8.02822
    endloop
  endfacet
  facet normal 0 0.92387 -0.382706
    outer loop
      vertex -4.5 8.48529 -8.02822
      vertex -0.5 8.3832 -8.27467
      vertex -4.5 8.3832 -8.27467
    endloop
  endfacet
  facet normal 0 0.382706 -0.92387
    outer loop
      vertex -4.5 9.22822 -7.28529
      vertex -0.5 9.47467 -7.1832
      vertex -0.5 9.22822 -7.28529
    endloop
  endfacet
  facet normal 0 0.382706 -0.92387
    outer loop
      vertex -0.5 9.47467 -7.1832
      vertex -4.5 9.22822 -7.28529
      vertex -4.5 9.47467 -7.1832
    endloop
  endfacet
  facet normal 0 0.233431 -0.972373
    outer loop
      vertex -4.5 9.47467 -7.1832
      vertex -0.5 9.73406 -7.12093
      vertex -0.5 9.47467 -7.1832
    endloop
  endfacet
  facet normal 0 0.233431 -0.972373
    outer loop
      vertex -0.5 9.73406 -7.12093
      vertex -4.5 9.47467 -7.1832
      vertex -4.5 9.73406 -7.12093
    endloop
  endfacet
  facet normal 0 0.996917 -0.0784593
    outer loop
      vertex -0.5 8.3 -8.8
      vertex -4.5 8.32093 -8.53406
      vertex -0.5 8.32093 -8.53406
    endloop
  endfacet
  facet normal 0 0.996917 -0.0784593
    outer loop
      vertex -4.5 8.32093 -8.53406
      vertex -0.5 8.3 -8.8
      vertex -4.5 8.3 -8.8
    endloop
  endfacet
  facet normal 0 -0.972397 0.233334
    outer loop
      vertex -6.5 12.9483 -9.75795
      vertex -4.5 13.0618 -9.28495
      vertex -6.5 13.0618 -9.28495
    endloop
  endfacet
  facet normal 0 -0.972397 0.233334
    outer loop
      vertex -4.5 13.0618 -9.28495
      vertex -6.5 12.9483 -9.75795
      vertex -4.5 12.9483 -9.75795
    endloop
  endfacet
  facet normal 0 0.996917 -0.0784665
    outer loop
      vertex -4.5 6.9 -8.8
      vertex -6.5 6.93817 -8.31505
      vertex -4.5 6.93817 -8.31505
    endloop
  endfacet
  facet normal 0 0.996917 -0.0784665
    outer loop
      vertex -6.5 6.93817 -8.31505
      vertex -4.5 6.9 -8.8
      vertex -6.5 6.9 -8.8
    endloop
  endfacet
  facet normal 0 0.996917 0.0784665
    outer loop
      vertex -4.5 6.93817 -9.28495
      vertex -6.5 6.9 -8.8
      vertex -4.5 6.9 -8.8
    endloop
  endfacet
  facet normal 0 0.996917 0.0784665
    outer loop
      vertex -6.5 6.9 -8.8
      vertex -4.5 6.93817 -9.28495
      vertex -6.5 6.93817 -9.28495
    endloop
  endfacet
  facet normal 0 -0.522561 -0.852602
    outer loop
      vertex -6.5 11.4074 -6.03788
      vertex -4.5 11.8221 -6.29205
      vertex -4.5 11.4074 -6.03788
    endloop
  endfacet
  facet normal -0 -0.522561 -0.852602
    outer loop
      vertex -4.5 11.8221 -6.29205
      vertex -6.5 11.4074 -6.03788
      vertex -6.5 11.8221 -6.29205
    endloop
  endfacet
  facet normal 0 -0.852826 0.522195
    outer loop
      vertex -6.5 12.7054 -10.3
      vertex -4.5 12.7621 -10.2074
      vertex -6.5 12.7621 -10.2074
    endloop
  endfacet
  facet normal 0 -0.852826 0.522195
    outer loop
      vertex -4.5 12.7621 -10.2074
      vertex -6.5 12.7054 -10.3
      vertex -4.5 12.7054 -10.3
    endloop
  endfacet
  facet normal 0 -0.8527 -0.522401
    outer loop
      vertex -6.5 12.7621 -7.39263
      vertex -4.5 12.508 -6.97787
      vertex -6.5 12.508 -6.97787
    endloop
  endfacet
  facet normal 0 -0.8527 -0.522401
    outer loop
      vertex -4.5 12.508 -6.97787
      vertex -6.5 12.7621 -7.39263
      vertex -4.5 12.7621 -7.39263
    endloop
  endfacet
  facet normal 0 -0.233385 -0.972385
    outer loop
      vertex -6.5 10.4849 -5.73817
      vertex -4.5 10.958 -5.85172
      vertex -4.5 10.4849 -5.73817
    endloop
  endfacet
  facet normal -0 -0.233385 -0.972385
    outer loop
      vertex -4.5 10.958 -5.85172
      vertex -6.5 10.4849 -5.73817
      vertex -6.5 10.958 -5.85172
    endloop
  endfacet
  facet normal 0 0.382691 -0.923877
    outer loop
      vertex -6.5 8.59263 -6.03788
      vertex -4.5 9.04205 -5.85172
      vertex -4.5 8.59263 -6.03788
    endloop
  endfacet
  facet normal 0 0.382691 -0.923877
    outer loop
      vertex -4.5 9.04205 -5.85172
      vertex -6.5 8.59263 -6.03788
      vertex -6.5 9.04205 -5.85172
    endloop
  endfacet
  facet normal 0 -0.996912 -0.0785278
    outer loop
      vertex -6.5 13.1 -8.8
      vertex -4.5 13.0618 -8.31505
      vertex -6.5 13.0618 -8.31505
    endloop
  endfacet
  facet normal 0 -0.996912 -0.0785278
    outer loop
      vertex -4.5 13.0618 -8.31505
      vertex -6.5 13.1 -8.8
      vertex -4.5 13.1 -8.8
    endloop
  endfacet
  facet normal 0 -0.996912 0.0785278
    outer loop
      vertex -6.5 13.0618 -9.28495
      vertex -4.5 13.1 -8.8
      vertex -6.5 13.1 -8.8
    endloop
  endfacet
  facet normal 0 -0.996912 0.0785278
    outer loop
      vertex -4.5 13.1 -8.8
      vertex -6.5 13.0618 -9.28495
      vertex -4.5 13.0618 -9.28495
    endloop
  endfacet
  facet normal 0 0.923886 0.382669
    outer loop
      vertex -4.5 7.23788 -10.2074
      vertex -6.5 7.05172 -9.75795
      vertex -4.5 7.05172 -9.75795
    endloop
  endfacet
  facet normal 0 0.923886 0.382669
    outer loop
      vertex -6.5 7.05172 -9.75795
      vertex -4.5 7.23788 -10.2074
      vertex -6.5 7.23788 -10.2074
    endloop
  endfacet
  facet normal 0 0.85258 0.522597
    outer loop
      vertex -4.5 7.29464 -10.3
      vertex -6.5 7.23788 -10.2074
      vertex -4.5 7.23788 -10.2074
    endloop
  endfacet
  facet normal 0 0.85258 0.522597
    outer loop
      vertex -6.5 7.23788 -10.2074
      vertex -4.5 7.29464 -10.3
      vertex -6.5 7.29464 -10.3
    endloop
  endfacet
  facet normal 0 0.972373 0.233431
    outer loop
      vertex -4.5 7.05172 -9.75795
      vertex -6.5 6.93817 -9.28495
      vertex -4.5 6.93817 -9.28495
    endloop
  endfacet
  facet normal 0 0.972373 0.233431
    outer loop
      vertex -6.5 6.93817 -9.28495
      vertex -4.5 7.05172 -9.75795
      vertex -6.5 7.05172 -9.75795
    endloop
  endfacet
  facet normal 0 0.852636 -0.522506
    outer loop
      vertex -4.5 7.23788 -7.39263
      vertex -6.5 7.49205 -6.97787
      vertex -4.5 7.49205 -6.97787
    endloop
  endfacet
  facet normal 0 0.852636 -0.522506
    outer loop
      vertex -6.5 7.49205 -6.97787
      vertex -4.5 7.23788 -7.39263
      vertex -6.5 7.23788 -7.39263
    endloop
  endfacet
  facet normal 0 -0.649443 -0.76041
    outer loop
      vertex -6.5 11.8221 -6.29205
      vertex -4.5 12.192 -6.60797
      vertex -4.5 11.8221 -6.29205
    endloop
  endfacet
  facet normal -0 -0.649443 -0.76041
    outer loop
      vertex -4.5 12.192 -6.60797
      vertex -6.5 11.8221 -6.29205
      vertex -6.5 12.192 -6.60797
    endloop
  endfacet
  facet normal 0 -0.382705 -0.923871
    outer loop
      vertex -6.5 10.958 -5.85172
      vertex -4.5 11.4074 -6.03788
      vertex -4.5 10.958 -5.85172
    endloop
  endfacet
  facet normal -0 -0.382705 -0.923871
    outer loop
      vertex -4.5 11.4074 -6.03788
      vertex -6.5 10.958 -5.85172
      vertex -6.5 11.4074 -6.03788
    endloop
  endfacet
  facet normal 0 0.0784665 -0.996917
    outer loop
      vertex -6.5 9.51505 -5.73817
      vertex -4.5 10 -5.7
      vertex -4.5 9.51505 -5.73817
    endloop
  endfacet
  facet normal 0 0.0784665 -0.996917
    outer loop
      vertex -4.5 10 -5.7
      vertex -6.5 9.51505 -5.73817
      vertex -6.5 10 -5.7
    endloop
  endfacet
  facet normal 0 -0.923847 -0.382761
    outer loop
      vertex -6.5 12.9483 -7.84205
      vertex -4.5 12.7621 -7.39263
      vertex -6.5 12.7621 -7.39263
    endloop
  endfacet
  facet normal 0 -0.923847 -0.382761
    outer loop
      vertex -4.5 12.7621 -7.39263
      vertex -6.5 12.9483 -7.84205
      vertex -4.5 12.9483 -7.84205
    endloop
  endfacet
  facet normal 0 0.923877 -0.382691
    outer loop
      vertex -4.5 7.05172 -7.84205
      vertex -6.5 7.23788 -7.39263
      vertex -4.5 7.23788 -7.39263
    endloop
  endfacet
  facet normal 0 0.923877 -0.382691
    outer loop
      vertex -6.5 7.23788 -7.39263
      vertex -4.5 7.05172 -7.84205
      vertex -6.5 7.05172 -7.84205
    endloop
  endfacet
  facet normal 0 -0.972397 -0.233334
    outer loop
      vertex -6.5 13.0618 -8.31505
      vertex -4.5 12.9483 -7.84205
      vertex -6.5 12.9483 -7.84205
    endloop
  endfacet
  facet normal 0 -0.972397 -0.233334
    outer loop
      vertex -4.5 12.9483 -7.84205
      vertex -6.5 13.0618 -8.31505
      vertex -4.5 13.0618 -8.31505
    endloop
  endfacet
  facet normal 0 0.649443 -0.76041
    outer loop
      vertex -6.5 7.80797 -6.60797
      vertex -4.5 8.17787 -6.29205
      vertex -4.5 7.80797 -6.60797
    endloop
  endfacet
  facet normal 0 0.649443 -0.76041
    outer loop
      vertex -4.5 8.17787 -6.29205
      vertex -6.5 7.80797 -6.60797
      vertex -6.5 8.17787 -6.29205
    endloop
  endfacet
  facet normal 0 0.522506 -0.852636
    outer loop
      vertex -6.5 8.17787 -6.29205
      vertex -4.5 8.59263 -6.03788
      vertex -4.5 8.17787 -6.29205
    endloop
  endfacet
  facet normal 0 0.522506 -0.852636
    outer loop
      vertex -4.5 8.59263 -6.03788
      vertex -6.5 8.17787 -6.29205
      vertex -6.5 8.59263 -6.03788
    endloop
  endfacet
  facet normal 0 0.76041 -0.649443
    outer loop
      vertex -4.5 7.49205 -6.97787
      vertex -6.5 7.80797 -6.60797
      vertex -4.5 7.80797 -6.60797
    endloop
  endfacet
  facet normal 0 0.76041 -0.649443
    outer loop
      vertex -6.5 7.80797 -6.60797
      vertex -4.5 7.49205 -6.97787
      vertex -6.5 7.49205 -6.97787
    endloop
  endfacet
  facet normal 0 -0.0784745 -0.996916
    outer loop
      vertex -6.5 10 -5.7
      vertex -4.5 10.4849 -5.73817
      vertex -4.5 10 -5.7
    endloop
  endfacet
  facet normal -0 -0.0784745 -0.996916
    outer loop
      vertex -4.5 10.4849 -5.73817
      vertex -6.5 10 -5.7
      vertex -6.5 10.4849 -5.73817
    endloop
  endfacet
  facet normal 0 -0.923856 0.382739
    outer loop
      vertex -6.5 12.7621 -10.2074
      vertex -4.5 12.9483 -9.75795
      vertex -6.5 12.9483 -9.75795
    endloop
  endfacet
  facet normal 0 -0.923856 0.382739
    outer loop
      vertex -4.5 12.9483 -9.75795
      vertex -6.5 12.7621 -10.2074
      vertex -4.5 12.7621 -10.2074
    endloop
  endfacet
  facet normal 0 -0.760329 -0.649538
    outer loop
      vertex -6.5 12.508 -6.97787
      vertex -4.5 12.192 -6.60797
      vertex -6.5 12.192 -6.60797
    endloop
  endfacet
  facet normal 0 -0.760329 -0.649538
    outer loop
      vertex -4.5 12.192 -6.60797
      vertex -6.5 12.508 -6.97787
      vertex -4.5 12.508 -6.97787
    endloop
  endfacet
  facet normal 0 0.233431 -0.972373
    outer loop
      vertex -6.5 9.04205 -5.85172
      vertex -4.5 9.51505 -5.73817
      vertex -4.5 9.04205 -5.85172
    endloop
  endfacet
  facet normal 0 0.233431 -0.972373
    outer loop
      vertex -4.5 9.51505 -5.73817
      vertex -6.5 9.04205 -5.85172
      vertex -6.5 9.51505 -5.73817
    endloop
  endfacet
  facet normal 0 0.972373 -0.233431
    outer loop
      vertex -4.5 6.93817 -8.31505
      vertex -6.5 7.05172 -7.84205
      vertex -4.5 7.05172 -7.84205
    endloop
  endfacet
  facet normal 0 0.972373 -0.233431
    outer loop
      vertex -6.5 7.05172 -7.84205
      vertex -4.5 6.93817 -8.31505
      vertex -6.5 6.93817 -8.31505
    endloop
  endfacet
  facet normal -1 0 0
    outer loop
      vertex -4.5 8.79792 -7.59792
      vertex -4.5 7.80797 -6.60797
      vertex -4.5 8.17787 -6.29205
    endloop
  endfacet
  facet normal -1 0 0
    outer loop
      vertex -4.5 6.9 -8.8
      vertex -4.5 8.3 -8.8
      vertex -4.5 8.32093 -9.06594
    endloop
  endfacet
  facet normal -1 0 0
    outer loop
      vertex -4.5 8.32093 -8.53406
      vertex -4.5 7.49205 -6.97787
      vertex -4.5 7.80797 -6.60797
    endloop
  endfacet
  facet normal -1 0 0
    outer loop
      vertex -4.5 6.93817 -9.28495
      vertex -4.5 8.32093 -9.06594
      vertex -4.5 8.3832 -9.32533
    endloop
  endfacet
  facet normal -1 0 0
    outer loop
      vertex -4.5 7.29464 -10.3
      vertex -4.5 9.00076 -10.1753
      vertex -4.5 9.20419 -10.3
    endloop
  endfacet
  facet normal -1 0 0
    outer loop
      vertex -4.5 7.29464 -10.3
      vertex -4.5 8.79792 -10.0021
      vertex -4.5 9.00076 -10.1753
    endloop
  endfacet
  facet normal -1 0 0
    outer loop
      vertex -4.5 7.29464 -10.3
      vertex -4.5 8.62467 -9.79923
      vertex -4.5 8.79792 -10.0021
    endloop
  endfacet
  facet normal -1 0 0
    outer loop
      vertex -4.5 7.29464 -10.3
      vertex -4.5 8.48529 -9.57178
      vertex -4.5 8.62467 -9.79923
    endloop
  endfacet
  facet normal -1 0 0
    outer loop
      vertex -4.5 7.23788 -10.2074
      vertex -4.5 8.48529 -9.57178
      vertex -4.5 7.29464 -10.3
    endloop
  endfacet
  facet normal -1 -0 0
    outer loop
      vertex -4.5 8.48529 -9.57178
      vertex -4.5 7.23788 -10.2074
      vertex -4.5 8.3832 -9.32533
    endloop
  endfacet
  facet normal -1 0 0
    outer loop
      vertex -4.5 8.3832 -9.32533
      vertex -4.5 7.23788 -10.2074
      vertex -4.5 7.05172 -9.75795
    endloop
  endfacet
  facet normal -1 0 0
    outer loop
      vertex -4.5 8.32093 -8.53406
      vertex -4.5 7.23788 -7.39263
      vertex -4.5 7.49205 -6.97787
    endloop
  endfacet
  facet normal -1 0 0
    outer loop
      vertex -4.5 6.93817 -9.28495
      vertex -4.5 8.3832 -9.32533
      vertex -4.5 7.05172 -9.75795
    endloop
  endfacet
  facet normal -1 0 0
    outer loop
      vertex -4.5 8.32093 -8.53406
      vertex -4.5 7.05172 -7.84205
      vertex -4.5 7.23788 -7.39263
    endloop
  endfacet
  facet normal -1 -0 0
    outer loop
      vertex -4.5 8.32093 -9.06594
      vertex -4.5 6.93817 -9.28495
      vertex -4.5 6.9 -8.8
    endloop
  endfacet
  facet normal -1 0 0
    outer loop
      vertex -4.5 8.32093 -8.53406
      vertex -4.5 6.93817 -8.31505
      vertex -4.5 7.05172 -7.84205
    endloop
  endfacet
  facet normal -1 0 0
    outer loop
      vertex -4.5 8.3 -8.8
      vertex -4.5 6.9 -8.8
      vertex -4.5 6.93817 -8.31505
    endloop
  endfacet
  facet normal -1 0 0
    outer loop
      vertex -4.5 11.7 -8.8
      vertex -4.5 13.1 -8.8
      vertex -4.5 13.0618 -9.28495
    endloop
  endfacet
  facet normal -1 0 0
    outer loop
      vertex -4.5 11.6791 -9.06594
      vertex -4.5 13.0618 -9.28495
      vertex -4.5 12.9483 -9.75795
    endloop
  endfacet
  facet normal -1 0 0
    outer loop
      vertex -4.5 13.1 -8.8
      vertex -4.5 11.7 -8.8
      vertex -4.5 13.0618 -8.31505
    endloop
  endfacet
  facet normal -1 0 0
    outer loop
      vertex -4.5 11.6168 -9.32533
      vertex -4.5 12.9483 -9.75795
      vertex -4.5 12.7621 -10.2074
    endloop
  endfacet
  facet normal -1 0 0
    outer loop
      vertex -4.5 11.6791 -8.53406
      vertex -4.5 13.0618 -8.31505
      vertex -4.5 11.7 -8.8
    endloop
  endfacet
  facet normal -1 0 0
    outer loop
      vertex -4.5 11.5147 -9.57178
      vertex -4.5 12.7621 -10.2074
      vertex -4.5 12.7054 -10.3
    endloop
  endfacet
  facet normal -1 -0 0
    outer loop
      vertex -4.5 13.0618 -8.31505
      vertex -4.5 11.6791 -8.53406
      vertex -4.5 12.9483 -7.84205
    endloop
  endfacet
  facet normal -1 0 0
    outer loop
      vertex -4.5 11.6168 -8.27467
      vertex -4.5 12.9483 -7.84205
      vertex -4.5 11.6791 -8.53406
    endloop
  endfacet
  facet normal -1 0 0
    outer loop
      vertex -4.5 11.5147 -8.02822
      vertex -4.5 12.7621 -7.39263
      vertex -4.5 11.6168 -8.27467
    endloop
  endfacet
  facet normal -1 -0 0
    outer loop
      vertex -4.5 12.9483 -7.84205
      vertex -4.5 11.6168 -8.27467
      vertex -4.5 12.7621 -7.39263
    endloop
  endfacet
  facet normal -1 0 0
    outer loop
      vertex -4.5 13.0618 -9.28495
      vertex -4.5 11.6791 -9.06594
      vertex -4.5 11.7 -8.8
    endloop
  endfacet
  facet normal -1 0 0
    outer loop
      vertex -4.5 12.9483 -9.75795
      vertex -4.5 11.6168 -9.32533
      vertex -4.5 11.6791 -9.06594
    endloop
  endfacet
  facet normal -1 0 0
    outer loop
      vertex -4.5 12.7621 -10.2074
      vertex -4.5 11.5147 -9.57178
      vertex -4.5 11.6168 -9.32533
    endloop
  endfacet
  facet normal -1 0 0
    outer loop
      vertex -4.5 12.7054 -10.3
      vertex -4.5 11.3753 -9.79923
      vertex -4.5 11.5147 -9.57178
    endloop
  endfacet
  facet normal -1 0 0
    outer loop
      vertex -4.5 12.7054 -10.3
      vertex -4.5 11.2021 -10.0021
      vertex -4.5 11.3753 -9.79923
    endloop
  endfacet
  facet normal -1 0 0
    outer loop
      vertex -4.5 12.7054 -10.3
      vertex -4.5 10.9992 -10.1753
      vertex -4.5 11.2021 -10.0021
    endloop
  endfacet
  facet normal -1 0 -0
    outer loop
      vertex -4.5 10.9992 -10.1753
      vertex -4.5 12.7054 -10.3
      vertex -4.5 10.7958 -10.3
    endloop
  endfacet
  facet normal -1 -0 0
    outer loop
      vertex -4.5 12.7621 -7.39263
      vertex -4.5 11.5147 -8.02822
      vertex -4.5 12.508 -6.97787
    endloop
  endfacet
  facet normal -1 0 0
    outer loop
      vertex -4.5 11.3753 -7.80077
      vertex -4.5 12.508 -6.97787
      vertex -4.5 11.5147 -8.02822
    endloop
  endfacet
  facet normal -1 -0 0
    outer loop
      vertex -4.5 12.508 -6.97787
      vertex -4.5 11.3753 -7.80077
      vertex -4.5 12.192 -6.60797
    endloop
  endfacet
  facet normal -1 0 0
    outer loop
      vertex -4.5 11.2021 -7.59792
      vertex -4.5 12.192 -6.60797
      vertex -4.5 11.3753 -7.80077
    endloop
  endfacet
  facet normal -1 -0 0
    outer loop
      vertex -4.5 12.192 -6.60797
      vertex -4.5 11.2021 -7.59792
      vertex -4.5 11.8221 -6.29205
    endloop
  endfacet
  facet normal -1 0 0
    outer loop
      vertex -4.5 10.9992 -7.42467
      vertex -4.5 11.8221 -6.29205
      vertex -4.5 11.2021 -7.59792
    endloop
  endfacet
  facet normal -1 -0 0
    outer loop
      vertex -4.5 11.8221 -6.29205
      vertex -4.5 10.9992 -7.42467
      vertex -4.5 11.4074 -6.03788
    endloop
  endfacet
  facet normal -1 0 0
    outer loop
      vertex -4.5 10.7718 -7.28529
      vertex -4.5 11.4074 -6.03788
      vertex -4.5 10.9992 -7.42467
    endloop
  endfacet
  facet normal -1 -0 0
    outer loop
      vertex -4.5 11.4074 -6.03788
      vertex -4.5 10.7718 -7.28529
      vertex -4.5 10.958 -5.85172
    endloop
  endfacet
  facet normal -1 0 0
    outer loop
      vertex -4.5 10.5253 -7.1832
      vertex -4.5 10.958 -5.85172
      vertex -4.5 10.7718 -7.28529
    endloop
  endfacet
  facet normal -1 0 0
    outer loop
      vertex -4.5 10.5253 -7.1832
      vertex -4.5 10.4849 -5.73817
      vertex -4.5 10.958 -5.85172
    endloop
  endfacet
  facet normal -1 0 0
    outer loop
      vertex -4.5 10.2659 -7.12093
      vertex -4.5 10.4849 -5.73817
      vertex -4.5 10.5253 -7.1832
    endloop
  endfacet
  facet normal -1 0 0
    outer loop
      vertex -4.5 10 -7.1
      vertex -4.5 10.4849 -5.73817
      vertex -4.5 10.2659 -7.12093
    endloop
  endfacet
  facet normal -1 0 0
    outer loop
      vertex -4.5 10 -7.1
      vertex -4.5 10 -5.7
      vertex -4.5 10.4849 -5.73817
    endloop
  endfacet
  facet normal -1 0 0
    outer loop
      vertex -4.5 9.73406 -7.12093
      vertex -4.5 10 -5.7
      vertex -4.5 10 -7.1
    endloop
  endfacet
  facet normal -1 0 0
    outer loop
      vertex -4.5 9.73406 -7.12093
      vertex -4.5 9.51505 -5.73817
      vertex -4.5 10 -5.7
    endloop
  endfacet
  facet normal -1 0 0
    outer loop
      vertex -4.5 9.47467 -7.1832
      vertex -4.5 9.51505 -5.73817
      vertex -4.5 9.73406 -7.12093
    endloop
  endfacet
  facet normal -1 0 0
    outer loop
      vertex -4.5 9.04205 -5.85172
      vertex -4.5 9.47467 -7.1832
      vertex -4.5 9.22822 -7.28529
    endloop
  endfacet
  facet normal -1 0 0
    outer loop
      vertex -4.5 9.47467 -7.1832
      vertex -4.5 9.04205 -5.85172
      vertex -4.5 9.51505 -5.73817
    endloop
  endfacet
  facet normal -1 0 0
    outer loop
      vertex -4.5 8.59263 -6.03788
      vertex -4.5 9.22822 -7.28529
      vertex -4.5 9.00076 -7.42467
    endloop
  endfacet
  facet normal -1 0 0
    outer loop
      vertex -4.5 8.17787 -6.29205
      vertex -4.5 9.00076 -7.42467
      vertex -4.5 8.79792 -7.59792
    endloop
  endfacet
  facet normal -1 0 0
    outer loop
      vertex -4.5 7.80797 -6.60797
      vertex -4.5 8.79792 -7.59792
      vertex -4.5 8.62467 -7.80077
    endloop
  endfacet
  facet normal -1 0 0
    outer loop
      vertex -4.5 9.22822 -7.28529
      vertex -4.5 8.59263 -6.03788
      vertex -4.5 9.04205 -5.85172
    endloop
  endfacet
  facet normal -1 0 0
    outer loop
      vertex -4.5 7.80797 -6.60797
      vertex -4.5 8.62467 -7.80077
      vertex -4.5 8.48529 -8.02822
    endloop
  endfacet
  facet normal -1 0 0
    outer loop
      vertex -4.5 7.80797 -6.60797
      vertex -4.5 8.48529 -8.02822
      vertex -4.5 8.3832 -8.27467
    endloop
  endfacet
  facet normal -1 0 0
    outer loop
      vertex -4.5 7.80797 -6.60797
      vertex -4.5 8.3832 -8.27467
      vertex -4.5 8.32093 -8.53406
    endloop
  endfacet
  facet normal -1 0 0
    outer loop
      vertex -4.5 9.00076 -7.42467
      vertex -4.5 8.17787 -6.29205
      vertex -4.5 8.59263 -6.03788
    endloop
  endfacet
  facet normal -1 0 0
    outer loop
      vertex -4.5 6.93817 -8.31505
      vertex -4.5 8.32093 -8.53406
      vertex -4.5 8.3 -8.8
    endloop
  endfacet
  facet normal 0 -0.233423 -0.972375
    outer loop
      vertex -4.5 59.4659 -7.12093
      vertex -0.5 59.7253 -7.1832
      vertex -0.5 59.4659 -7.12093
    endloop
  endfacet
  facet normal -0 -0.233423 -0.972375
    outer loop
      vertex -0.5 59.7253 -7.1832
      vertex -4.5 59.4659 -7.12093
      vertex -4.5 59.7253 -7.1832
    endloop
  endfacet
  facet normal 0 0.233423 -0.972375
    outer loop
      vertex -4.5 58.6747 -7.1832
      vertex -0.5 58.9341 -7.12093
      vertex -0.5 58.6747 -7.1832
    endloop
  endfacet
  facet normal 0 0.233423 -0.972375
    outer loop
      vertex -0.5 58.9341 -7.12093
      vertex -4.5 58.6747 -7.1832
      vertex -4.5 58.9341 -7.12093
    endloop
  endfacet
  facet normal 0 -0.923857 0.382738
    outer loop
      vertex -4.5 60.7147 -9.57178
      vertex -0.5 60.8168 -9.32533
      vertex -4.5 60.8168 -9.32533
    endloop
  endfacet
  facet normal 0 -0.923857 0.382738
    outer loop
      vertex -0.5 60.8168 -9.32533
      vertex -4.5 60.7147 -9.57178
      vertex -0.5 60.7147 -9.57178
    endloop
  endfacet
  facet normal 0 -0.38264 -0.923898
    outer loop
      vertex -4.5 59.7253 -7.1832
      vertex -0.5 59.9718 -7.28529
      vertex -0.5 59.7253 -7.1832
    endloop
  endfacet
  facet normal -0 -0.38264 -0.923898
    outer loop
      vertex -0.5 59.9718 -7.28529
      vertex -4.5 59.7253 -7.1832
      vertex -4.5 59.9718 -7.28529
    endloop
  endfacet
  facet normal 0 0.852609 0.522549
    outer loop
      vertex -0.5 57.8247 -9.79923
      vertex -4.5 57.6853 -9.57178
      vertex -0.5 57.6853 -9.57178
    endloop
  endfacet
  facet normal 0 0.852609 0.522549
    outer loop
      vertex -4.5 57.6853 -9.57178
      vertex -0.5 57.8247 -9.79923
      vertex -4.5 57.8247 -9.79923
    endloop
  endfacet
  facet normal 0 0.522578 -0.852592
    outer loop
      vertex -4.5 58.2008 -7.42467
      vertex -0.5 58.4282 -7.28529
      vertex -0.5 58.2008 -7.42467
    endloop
  endfacet
  facet normal 0 0.522578 -0.852592
    outer loop
      vertex -0.5 58.4282 -7.28529
      vertex -4.5 58.2008 -7.42467
      vertex -4.5 58.4282 -7.28529
    endloop
  endfacet
  facet normal 0 -0.972348 -0.233537
    outer loop
      vertex -4.5 60.8791 -8.53406
      vertex -0.5 60.8168 -8.27467
      vertex -4.5 60.8168 -8.27467
    endloop
  endfacet
  facet normal 0 -0.972348 -0.233537
    outer loop
      vertex -0.5 60.8168 -8.27467
      vertex -4.5 60.8791 -8.53406
      vertex -0.5 60.8791 -8.53406
    endloop
  endfacet
  facet normal 0 -0.52267 0.852535
    outer loop
      vertex -4.5 60.1992 -10.1753
      vertex -0.5 59.9958 -10.3
      vertex -0.5 60.1992 -10.1753
    endloop
  endfacet
  facet normal 0 -0.52267 0.852535
    outer loop
      vertex -0.5 59.9958 -10.3
      vertex -4.5 60.1992 -10.1753
      vertex -4.5 59.9958 -10.3
    endloop
  endfacet
  facet normal 0 0.760531 0.649302
    outer loop
      vertex -0.5 57.9979 -10.0021
      vertex -4.5 57.8247 -9.79923
      vertex -0.5 57.8247 -9.79923
    endloop
  endfacet
  facet normal 0 0.760531 0.649302
    outer loop
      vertex -4.5 57.8247 -9.79923
      vertex -0.5 57.9979 -10.0021
      vertex -4.5 57.9979 -10.0021
    endloop
  endfacet
  facet normal 0 0.972348 0.233537
    outer loop
      vertex -0.5 57.5832 -9.32533
      vertex -4.5 57.5209 -9.06594
      vertex -0.5 57.5209 -9.06594
    endloop
  endfacet
  facet normal 0 0.972348 0.233537
    outer loop
      vertex -4.5 57.5209 -9.06594
      vertex -0.5 57.5832 -9.32533
      vertex -4.5 57.5832 -9.32533
    endloop
  endfacet
  facet normal 0 0.972348 -0.233537
    outer loop
      vertex -0.5 57.5209 -8.53406
      vertex -4.5 57.5832 -8.27467
      vertex -0.5 57.5832 -8.27467
    endloop
  endfacet
  facet normal 0 0.972348 -0.233537
    outer loop
      vertex -4.5 57.5832 -8.27467
      vertex -0.5 57.5209 -8.53406
      vertex -4.5 57.5209 -8.53406
    endloop
  endfacet
  facet normal 0 -0.0784711 -0.996916
    outer loop
      vertex -4.5 59.2 -7.1
      vertex -0.5 59.4659 -7.12093
      vertex -0.5 59.2 -7.1
    endloop
  endfacet
  facet normal -0 -0.0784711 -0.996916
    outer loop
      vertex -0.5 59.4659 -7.12093
      vertex -4.5 59.2 -7.1
      vertex -4.5 59.4659 -7.12093
    endloop
  endfacet
  facet normal 0 0.996926 0.0783476
    outer loop
      vertex -0.5 57.5209 -9.06594
      vertex -4.5 57.5 -8.8
      vertex -0.5 57.5 -8.8
    endloop
  endfacet
  facet normal 0 0.996926 0.0783476
    outer loop
      vertex -4.5 57.5 -8.8
      vertex -0.5 57.5209 -9.06594
      vertex -4.5 57.5209 -9.06594
    endloop
  endfacet
  facet normal 0 0.923857 -0.382738
    outer loop
      vertex -0.5 57.5832 -8.27467
      vertex -4.5 57.6853 -8.02822
      vertex -0.5 57.6853 -8.02822
    endloop
  endfacet
  facet normal 0 0.923857 -0.382738
    outer loop
      vertex -4.5 57.6853 -8.02822
      vertex -0.5 57.5832 -8.27467
      vertex -4.5 57.5832 -8.27467
    endloop
  endfacet
  facet normal 0 -0.972348 0.233537
    outer loop
      vertex -4.5 60.8168 -9.32533
      vertex -0.5 60.8791 -9.06594
      vertex -4.5 60.8791 -9.06594
    endloop
  endfacet
  facet normal 0 -0.972348 0.233537
    outer loop
      vertex -0.5 60.8791 -9.06594
      vertex -4.5 60.8168 -9.32533
      vertex -0.5 60.8168 -9.32533
    endloop
  endfacet
  facet normal 0 -0.522578 -0.852592
    outer loop
      vertex -4.5 59.9718 -7.28529
      vertex -0.5 60.1992 -7.42467
      vertex -0.5 59.9718 -7.28529
    endloop
  endfacet
  facet normal -0 -0.522578 -0.852592
    outer loop
      vertex -0.5 60.1992 -7.42467
      vertex -4.5 59.9718 -7.28529
      vertex -4.5 60.1992 -7.42467
    endloop
  endfacet
  facet normal -0 0.52267 0.852535
    outer loop
      vertex -4.5 58.4042 -10.3
      vertex -0.5 58.2008 -10.1753
      vertex -0.5 58.4042 -10.3
    endloop
  endfacet
  facet normal 0 0.52267 0.852535
    outer loop
      vertex -0.5 58.2008 -10.1753
      vertex -4.5 58.4042 -10.3
      vertex -4.5 58.2008 -10.1753
    endloop
  endfacet
  facet normal 0 -0.923857 -0.382738
    outer loop
      vertex -4.5 60.8168 -8.27467
      vertex -0.5 60.7147 -8.02822
      vertex -4.5 60.7147 -8.02822
    endloop
  endfacet
  facet normal 0 -0.923857 -0.382738
    outer loop
      vertex -0.5 60.7147 -8.02822
      vertex -4.5 60.8168 -8.27467
      vertex -0.5 60.8168 -8.27467
    endloop
  endfacet
  facet normal 0 -0.760499 -0.649339
    outer loop
      vertex -4.5 60.5753 -7.80077
      vertex -0.5 60.4021 -7.59792
      vertex -4.5 60.4021 -7.59792
    endloop
  endfacet
  facet normal 0 -0.760499 -0.649339
    outer loop
      vertex -0.5 60.4021 -7.59792
      vertex -4.5 60.5753 -7.80077
      vertex -0.5 60.5753 -7.80077
    endloop
  endfacet
  facet normal 0 -0.760531 0.649302
    outer loop
      vertex -4.5 60.4021 -10.0021
      vertex -0.5 60.5753 -9.79923
      vertex -4.5 60.5753 -9.79923
    endloop
  endfacet
  facet normal 0 -0.760531 0.649302
    outer loop
      vertex -0.5 60.5753 -9.79923
      vertex -4.5 60.4021 -10.0021
      vertex -0.5 60.4021 -10.0021
    endloop
  endfacet
  facet normal 0 0.923857 0.382738
    outer loop
      vertex -0.5 57.6853 -9.57178
      vertex -4.5 57.5832 -9.32533
      vertex -0.5 57.5832 -9.32533
    endloop
  endfacet
  facet normal 0 0.923857 0.382738
    outer loop
      vertex -4.5 57.5832 -9.32533
      vertex -0.5 57.6853 -9.57178
      vertex -4.5 57.6853 -9.57178
    endloop
  endfacet
  facet normal 0 -0.852609 0.522549
    outer loop
      vertex -4.5 60.5753 -9.79923
      vertex -0.5 60.7147 -9.57178
      vertex -4.5 60.7147 -9.57178
    endloop
  endfacet
  facet normal 0 -0.852609 0.522549
    outer loop
      vertex -0.5 60.7147 -9.57178
      vertex -4.5 60.5753 -9.79923
      vertex -0.5 60.5753 -9.79923
    endloop
  endfacet
  facet normal -0 0.649247 0.760578
    outer loop
      vertex -4.5 58.2008 -10.1753
      vertex -0.5 57.9979 -10.0021
      vertex -0.5 58.2008 -10.1753
    endloop
  endfacet
  facet normal 0 0.649247 0.760578
    outer loop
      vertex -0.5 57.9979 -10.0021
      vertex -4.5 58.2008 -10.1753
      vertex -4.5 57.9979 -10.0021
    endloop
  endfacet
  facet normal 0 0.852609 -0.522549
    outer loop
      vertex -0.5 57.6853 -8.02822
      vertex -4.5 57.8247 -7.80077
      vertex -0.5 57.8247 -7.80077
    endloop
  endfacet
  facet normal 0 0.852609 -0.522549
    outer loop
      vertex -4.5 57.8247 -7.80077
      vertex -0.5 57.6853 -8.02822
      vertex -4.5 57.6853 -8.02822
    endloop
  endfacet
  facet normal 0 -0.996926 -0.0783476
    outer loop
      vertex -4.5 60.9 -8.8
      vertex -0.5 60.8791 -8.53406
      vertex -4.5 60.8791 -8.53406
    endloop
  endfacet
  facet normal 0 -0.996926 -0.0783476
    outer loop
      vertex -0.5 60.8791 -8.53406
      vertex -4.5 60.9 -8.8
      vertex -0.5 60.9 -8.8
    endloop
  endfacet
  facet normal 0 -0.649247 0.760578
    outer loop
      vertex -4.5 60.4021 -10.0021
      vertex -0.5 60.1992 -10.1753
      vertex -0.5 60.4021 -10.0021
    endloop
  endfacet
  facet normal 0 -0.649247 0.760578
    outer loop
      vertex -0.5 60.1992 -10.1753
      vertex -4.5 60.4021 -10.0021
      vertex -4.5 60.1992 -10.1753
    endloop
  endfacet
  facet normal 0 0.649355 -0.760485
    outer loop
      vertex -4.5 57.9979 -7.59792
      vertex -0.5 58.2008 -7.42467
      vertex -0.5 57.9979 -7.59792
    endloop
  endfacet
  facet normal 0 0.649355 -0.760485
    outer loop
      vertex -0.5 58.2008 -7.42467
      vertex -4.5 57.9979 -7.59792
      vertex -4.5 58.2008 -7.42467
    endloop
  endfacet
  facet normal 0 -0.649355 -0.760485
    outer loop
      vertex -4.5 60.1992 -7.42467
      vertex -0.5 60.4021 -7.59792
      vertex -0.5 60.1992 -7.42467
    endloop
  endfacet
  facet normal -0 -0.649355 -0.760485
    outer loop
      vertex -0.5 60.4021 -7.59792
      vertex -4.5 60.1992 -7.42467
      vertex -4.5 60.4021 -7.59792
    endloop
  endfacet
  facet normal 0 0.38264 -0.923898
    outer loop
      vertex -4.5 58.4282 -7.28529
      vertex -0.5 58.6747 -7.1832
      vertex -0.5 58.4282 -7.28529
    endloop
  endfacet
  facet normal 0 0.38264 -0.923898
    outer loop
      vertex -0.5 58.6747 -7.1832
      vertex -4.5 58.4282 -7.28529
      vertex -4.5 58.6747 -7.1832
    endloop
  endfacet
  facet normal 0 0.0784711 -0.996916
    outer loop
      vertex -4.5 58.9341 -7.12093
      vertex -0.5 59.2 -7.1
      vertex -0.5 58.9341 -7.12093
    endloop
  endfacet
  facet normal 0 0.0784711 -0.996916
    outer loop
      vertex -0.5 59.2 -7.1
      vertex -4.5 58.9341 -7.12093
      vertex -4.5 59.2 -7.1
    endloop
  endfacet
  facet normal 0 -0.852609 -0.522549
    outer loop
      vertex -4.5 60.7147 -8.02822
      vertex -0.5 60.5753 -7.80077
      vertex -4.5 60.5753 -7.80077
    endloop
  endfacet
  facet normal 0 -0.852609 -0.522549
    outer loop
      vertex -0.5 60.5753 -7.80077
      vertex -4.5 60.7147 -8.02822
      vertex -0.5 60.7147 -8.02822
    endloop
  endfacet
  facet normal 0 -0.996926 0.0783476
    outer loop
      vertex -4.5 60.8791 -9.06594
      vertex -0.5 60.9 -8.8
      vertex -4.5 60.9 -8.8
    endloop
  endfacet
  facet normal 0 -0.996926 0.0783476
    outer loop
      vertex -0.5 60.9 -8.8
      vertex -4.5 60.8791 -9.06594
      vertex -0.5 60.8791 -9.06594
    endloop
  endfacet
  facet normal 0 0.996926 -0.0783476
    outer loop
      vertex -0.5 57.5 -8.8
      vertex -4.5 57.5209 -8.53406
      vertex -0.5 57.5209 -8.53406
    endloop
  endfacet
  facet normal 0 0.996926 -0.0783476
    outer loop
      vertex -4.5 57.5209 -8.53406
      vertex -0.5 57.5 -8.8
      vertex -4.5 57.5 -8.8
    endloop
  endfacet
  facet normal 0 0.760499 -0.649339
    outer loop
      vertex -0.5 57.8247 -7.80077
      vertex -4.5 57.9979 -7.59792
      vertex -0.5 57.9979 -7.59792
    endloop
  endfacet
  facet normal 0 0.760499 -0.649339
    outer loop
      vertex -4.5 57.9979 -7.59792
      vertex -0.5 57.8247 -7.80077
      vertex -4.5 57.8247 -7.80077
    endloop
  endfacet
  facet normal 0 0.972397 -0.233334
    outer loop
      vertex -4.5 56.1382 -8.31505
      vertex -6.5 56.2517 -7.84205
      vertex -4.5 56.2517 -7.84205
    endloop
  endfacet
  facet normal 0 0.972397 -0.233334
    outer loop
      vertex -6.5 56.2517 -7.84205
      vertex -4.5 56.1382 -8.31505
      vertex -6.5 56.1382 -8.31505
    endloop
  endfacet
  facet normal 0 -0.760329 -0.649538
    outer loop
      vertex -6.5 61.708 -6.97787
      vertex -4.5 61.392 -6.60797
      vertex -6.5 61.392 -6.60797
    endloop
  endfacet
  facet normal 0 -0.760329 -0.649538
    outer loop
      vertex -4.5 61.392 -6.60797
      vertex -6.5 61.708 -6.97787
      vertex -4.5 61.708 -6.97787
    endloop
  endfacet
  facet normal 0 -0.233385 -0.972385
    outer loop
      vertex -6.5 59.6849 -5.73817
      vertex -4.5 60.158 -5.85172
      vertex -4.5 59.6849 -5.73817
    endloop
  endfacet
  facet normal -0 -0.233385 -0.972385
    outer loop
      vertex -4.5 60.158 -5.85172
      vertex -6.5 59.6849 -5.73817
      vertex -6.5 60.158 -5.85172
    endloop
  endfacet
  facet normal 0 -0.996912 0.0785278
    outer loop
      vertex -6.5 62.2618 -9.28495
      vertex -4.5 62.3 -8.8
      vertex -6.5 62.3 -8.8
    endloop
  endfacet
  facet normal 0 -0.996912 0.0785278
    outer loop
      vertex -4.5 62.3 -8.8
      vertex -6.5 62.2618 -9.28495
      vertex -4.5 62.2618 -9.28495
    endloop
  endfacet
  facet normal 0 0.382705 -0.923871
    outer loop
      vertex -6.5 57.7926 -6.03788
      vertex -4.5 58.242 -5.85172
      vertex -4.5 57.7926 -6.03788
    endloop
  endfacet
  facet normal 0 0.382705 -0.923871
    outer loop
      vertex -4.5 58.242 -5.85172
      vertex -6.5 57.7926 -6.03788
      vertex -6.5 58.242 -5.85172
    endloop
  endfacet
  facet normal 0 0.923856 0.382739
    outer loop
      vertex -4.5 56.4379 -10.2074
      vertex -6.5 56.2517 -9.75795
      vertex -4.5 56.2517 -9.75795
    endloop
  endfacet
  facet normal 0 0.923856 0.382739
    outer loop
      vertex -6.5 56.2517 -9.75795
      vertex -4.5 56.4379 -10.2074
      vertex -6.5 56.4379 -10.2074
    endloop
  endfacet
  facet normal 0 0.760329 -0.649538
    outer loop
      vertex -4.5 56.692 -6.97787
      vertex -6.5 57.008 -6.60797
      vertex -4.5 57.008 -6.60797
    endloop
  endfacet
  facet normal 0 0.760329 -0.649538
    outer loop
      vertex -6.5 57.008 -6.60797
      vertex -4.5 56.692 -6.97787
      vertex -6.5 56.692 -6.97787
    endloop
  endfacet
  facet normal 0 -0.8527 -0.522401
    outer loop
      vertex -6.5 61.9621 -7.39263
      vertex -4.5 61.708 -6.97787
      vertex -6.5 61.708 -6.97787
    endloop
  endfacet
  facet normal 0 -0.8527 -0.522401
    outer loop
      vertex -4.5 61.708 -6.97787
      vertex -6.5 61.9621 -7.39263
      vertex -4.5 61.9621 -7.39263
    endloop
  endfacet
  facet normal 0 0.852826 0.522195
    outer loop
      vertex -4.5 56.4946 -10.3
      vertex -6.5 56.4379 -10.2074
      vertex -4.5 56.4379 -10.2074
    endloop
  endfacet
  facet normal 0 0.852826 0.522195
    outer loop
      vertex -6.5 56.4379 -10.2074
      vertex -4.5 56.4946 -10.3
      vertex -6.5 56.4946 -10.3
    endloop
  endfacet
  facet normal 0 0.972397 0.233334
    outer loop
      vertex -4.5 56.2517 -9.75795
      vertex -6.5 56.1382 -9.28495
      vertex -4.5 56.1382 -9.28495
    endloop
  endfacet
  facet normal 0 0.972397 0.233334
    outer loop
      vertex -6.5 56.1382 -9.28495
      vertex -4.5 56.2517 -9.75795
      vertex -6.5 56.2517 -9.75795
    endloop
  endfacet
  facet normal 0 -0.649443 -0.76041
    outer loop
      vertex -6.5 61.0221 -6.29205
      vertex -4.5 61.392 -6.60797
      vertex -4.5 61.0221 -6.29205
    endloop
  endfacet
  facet normal -0 -0.649443 -0.76041
    outer loop
      vertex -4.5 61.392 -6.60797
      vertex -6.5 61.0221 -6.29205
      vertex -6.5 61.392 -6.60797
    endloop
  endfacet
  facet normal 0 -0.972397 -0.233334
    outer loop
      vertex -6.5 62.2618 -8.31505
      vertex -4.5 62.1483 -7.84205
      vertex -6.5 62.1483 -7.84205
    endloop
  endfacet
  facet normal 0 -0.972397 -0.233334
    outer loop
      vertex -4.5 62.1483 -7.84205
      vertex -6.5 62.2618 -8.31505
      vertex -4.5 62.2618 -8.31505
    endloop
  endfacet
  facet normal 0 -0.522561 -0.852602
    outer loop
      vertex -6.5 60.6074 -6.03788
      vertex -4.5 61.0221 -6.29205
      vertex -4.5 60.6074 -6.03788
    endloop
  endfacet
  facet normal -0 -0.522561 -0.852602
    outer loop
      vertex -4.5 61.0221 -6.29205
      vertex -6.5 60.6074 -6.03788
      vertex -6.5 61.0221 -6.29205
    endloop
  endfacet
  facet normal 0 -0.382705 -0.923871
    outer loop
      vertex -6.5 60.158 -5.85172
      vertex -4.5 60.6074 -6.03788
      vertex -4.5 60.158 -5.85172
    endloop
  endfacet
  facet normal -0 -0.382705 -0.923871
    outer loop
      vertex -4.5 60.6074 -6.03788
      vertex -6.5 60.158 -5.85172
      vertex -6.5 60.6074 -6.03788
    endloop
  endfacet
  facet normal 0 0.0784745 -0.996916
    outer loop
      vertex -6.5 58.7151 -5.73817
      vertex -4.5 59.2 -5.7
      vertex -4.5 58.7151 -5.73817
    endloop
  endfacet
  facet normal 0 0.0784745 -0.996916
    outer loop
      vertex -4.5 59.2 -5.7
      vertex -6.5 58.7151 -5.73817
      vertex -6.5 59.2 -5.7
    endloop
  endfacet
  facet normal 0 0.8527 -0.522401
    outer loop
      vertex -4.5 56.4379 -7.39263
      vertex -6.5 56.692 -6.97787
      vertex -4.5 56.692 -6.97787
    endloop
  endfacet
  facet normal 0 0.8527 -0.522401
    outer loop
      vertex -6.5 56.692 -6.97787
      vertex -4.5 56.4379 -7.39263
      vertex -6.5 56.4379 -7.39263
    endloop
  endfacet
  facet normal 0 -0.923856 0.382739
    outer loop
      vertex -6.5 61.9621 -10.2074
      vertex -4.5 62.1483 -9.75795
      vertex -6.5 62.1483 -9.75795
    endloop
  endfacet
  facet normal 0 -0.923856 0.382739
    outer loop
      vertex -4.5 62.1483 -9.75795
      vertex -6.5 61.9621 -10.2074
      vertex -4.5 61.9621 -10.2074
    endloop
  endfacet
  facet normal 0 -0.852826 0.522195
    outer loop
      vertex -6.5 61.9054 -10.3
      vertex -4.5 61.9621 -10.2074
      vertex -6.5 61.9621 -10.2074
    endloop
  endfacet
  facet normal 0 -0.852826 0.522195
    outer loop
      vertex -4.5 61.9621 -10.2074
      vertex -6.5 61.9054 -10.3
      vertex -4.5 61.9054 -10.3
    endloop
  endfacet
  facet normal 0 -0.923847 -0.382761
    outer loop
      vertex -6.5 62.1483 -7.84205
      vertex -4.5 61.9621 -7.39263
      vertex -6.5 61.9621 -7.39263
    endloop
  endfacet
  facet normal 0 -0.923847 -0.382761
    outer loop
      vertex -4.5 61.9621 -7.39263
      vertex -6.5 62.1483 -7.84205
      vertex -4.5 62.1483 -7.84205
    endloop
  endfacet
  facet normal 0 0.522561 -0.852602
    outer loop
      vertex -6.5 57.3779 -6.29205
      vertex -4.5 57.7926 -6.03788
      vertex -4.5 57.3779 -6.29205
    endloop
  endfacet
  facet normal 0 0.522561 -0.852602
    outer loop
      vertex -4.5 57.7926 -6.03788
      vertex -6.5 57.3779 -6.29205
      vertex -6.5 57.7926 -6.03788
    endloop
  endfacet
  facet normal 0 0.233385 -0.972385
    outer loop
      vertex -6.5 58.242 -5.85172
      vertex -4.5 58.7151 -5.73817
      vertex -4.5 58.242 -5.85172
    endloop
  endfacet
  facet normal 0 0.233385 -0.972385
    outer loop
      vertex -4.5 58.7151 -5.73817
      vertex -6.5 58.242 -5.85172
      vertex -6.5 58.7151 -5.73817
    endloop
  endfacet
  facet normal 0 0.649443 -0.76041
    outer loop
      vertex -6.5 57.008 -6.60797
      vertex -4.5 57.3779 -6.29205
      vertex -4.5 57.008 -6.60797
    endloop
  endfacet
  facet normal 0 0.649443 -0.76041
    outer loop
      vertex -4.5 57.3779 -6.29205
      vertex -6.5 57.008 -6.60797
      vertex -6.5 57.3779 -6.29205
    endloop
  endfacet
  facet normal 0 -0.972397 0.233334
    outer loop
      vertex -6.5 62.1483 -9.75795
      vertex -4.5 62.2618 -9.28495
      vertex -6.5 62.2618 -9.28495
    endloop
  endfacet
  facet normal 0 -0.972397 0.233334
    outer loop
      vertex -4.5 62.2618 -9.28495
      vertex -6.5 62.1483 -9.75795
      vertex -4.5 62.1483 -9.75795
    endloop
  endfacet
  facet normal 0 0.996912 -0.0785278
    outer loop
      vertex -4.5 56.1 -8.8
      vertex -6.5 56.1382 -8.31505
      vertex -4.5 56.1382 -8.31505
    endloop
  endfacet
  facet normal 0 0.996912 -0.0785278
    outer loop
      vertex -6.5 56.1382 -8.31505
      vertex -4.5 56.1 -8.8
      vertex -6.5 56.1 -8.8
    endloop
  endfacet
  facet normal 0 -0.0784745 -0.996916
    outer loop
      vertex -6.5 59.2 -5.7
      vertex -4.5 59.6849 -5.73817
      vertex -4.5 59.2 -5.7
    endloop
  endfacet
  facet normal -0 -0.0784745 -0.996916
    outer loop
      vertex -4.5 59.6849 -5.73817
      vertex -6.5 59.2 -5.7
      vertex -6.5 59.6849 -5.73817
    endloop
  endfacet
  facet normal 0 0.923847 -0.382761
    outer loop
      vertex -4.5 56.2517 -7.84205
      vertex -6.5 56.4379 -7.39263
      vertex -4.5 56.4379 -7.39263
    endloop
  endfacet
  facet normal 0 0.923847 -0.382761
    outer loop
      vertex -6.5 56.4379 -7.39263
      vertex -4.5 56.2517 -7.84205
      vertex -6.5 56.2517 -7.84205
    endloop
  endfacet
  facet normal 0 -0.996912 -0.0785278
    outer loop
      vertex -6.5 62.3 -8.8
      vertex -4.5 62.2618 -8.31505
      vertex -6.5 62.2618 -8.31505
    endloop
  endfacet
  facet normal 0 -0.996912 -0.0785278
    outer loop
      vertex -4.5 62.2618 -8.31505
      vertex -6.5 62.3 -8.8
      vertex -4.5 62.3 -8.8
    endloop
  endfacet
  facet normal 0 0.996912 0.0785278
    outer loop
      vertex -4.5 56.1382 -9.28495
      vertex -6.5 56.1 -8.8
      vertex -4.5 56.1 -8.8
    endloop
  endfacet
  facet normal 0 0.996912 0.0785278
    outer loop
      vertex -6.5 56.1 -8.8
      vertex -4.5 56.1382 -9.28495
      vertex -6.5 56.1382 -9.28495
    endloop
  endfacet
  facet normal -1 0 0
    outer loop
      vertex -4.5 57.9979 -7.59792
      vertex -4.5 57.008 -6.60797
      vertex -4.5 57.3779 -6.29205
    endloop
  endfacet
  facet normal -1 0 0
    outer loop
      vertex -4.5 56.1 -8.8
      vertex -4.5 57.5 -8.8
      vertex -4.5 57.5209 -9.06594
    endloop
  endfacet
  facet normal -1 0 0
    outer loop
      vertex -4.5 57.5209 -8.53406
      vertex -4.5 56.692 -6.97787
      vertex -4.5 57.008 -6.60797
    endloop
  endfacet
  facet normal -1 0 0
    outer loop
      vertex -4.5 56.1382 -9.28495
      vertex -4.5 57.5209 -9.06594
      vertex -4.5 57.5832 -9.32533
    endloop
  endfacet
  facet normal -1 0 0
    outer loop
      vertex -4.5 56.4946 -10.3
      vertex -4.5 58.2008 -10.1753
      vertex -4.5 58.4042 -10.3
    endloop
  endfacet
  facet normal -1 0 0
    outer loop
      vertex -4.5 56.4946 -10.3
      vertex -4.5 57.9979 -10.0021
      vertex -4.5 58.2008 -10.1753
    endloop
  endfacet
  facet normal -1 0 0
    outer loop
      vertex -4.5 56.4946 -10.3
      vertex -4.5 57.8247 -9.79923
      vertex -4.5 57.9979 -10.0021
    endloop
  endfacet
  facet normal -1 0 0
    outer loop
      vertex -4.5 56.4946 -10.3
      vertex -4.5 57.6853 -9.57178
      vertex -4.5 57.8247 -9.79923
    endloop
  endfacet
  facet normal -1 0 0
    outer loop
      vertex -4.5 56.4379 -10.2074
      vertex -4.5 57.6853 -9.57178
      vertex -4.5 56.4946 -10.3
    endloop
  endfacet
  facet normal -1 -0 0
    outer loop
      vertex -4.5 57.6853 -9.57178
      vertex -4.5 56.4379 -10.2074
      vertex -4.5 57.5832 -9.32533
    endloop
  endfacet
  facet normal -1 0 0
    outer loop
      vertex -4.5 57.5832 -9.32533
      vertex -4.5 56.4379 -10.2074
      vertex -4.5 56.2517 -9.75795
    endloop
  endfacet
  facet normal -1 0 0
    outer loop
      vertex -4.5 57.5209 -8.53406
      vertex -4.5 56.4379 -7.39263
      vertex -4.5 56.692 -6.97787
    endloop
  endfacet
  facet normal -1 0 0
    outer loop
      vertex -4.5 56.1382 -9.28495
      vertex -4.5 57.5832 -9.32533
      vertex -4.5 56.2517 -9.75795
    endloop
  endfacet
  facet normal -1 0 0
    outer loop
      vertex -4.5 57.5209 -8.53406
      vertex -4.5 56.2517 -7.84205
      vertex -4.5 56.4379 -7.39263
    endloop
  endfacet
  facet normal -1 -0 0
    outer loop
      vertex -4.5 57.5209 -9.06594
      vertex -4.5 56.1382 -9.28495
      vertex -4.5 56.1 -8.8
    endloop
  endfacet
  facet normal -1 0 0
    outer loop
      vertex -4.5 57.5209 -8.53406
      vertex -4.5 56.1382 -8.31505
      vertex -4.5 56.2517 -7.84205
    endloop
  endfacet
  facet normal -1 0 0
    outer loop
      vertex -4.5 57.5 -8.8
      vertex -4.5 56.1 -8.8
      vertex -4.5 56.1382 -8.31505
    endloop
  endfacet
  facet normal -1 0 0
    outer loop
      vertex -4.5 60.9 -8.8
      vertex -4.5 62.3 -8.8
      vertex -4.5 62.2618 -9.28495
    endloop
  endfacet
  facet normal -1 0 0
    outer loop
      vertex -4.5 60.8791 -9.06594
      vertex -4.5 62.2618 -9.28495
      vertex -4.5 62.1483 -9.75795
    endloop
  endfacet
  facet normal -1 0 0
    outer loop
      vertex -4.5 62.3 -8.8
      vertex -4.5 60.9 -8.8
      vertex -4.5 62.2618 -8.31505
    endloop
  endfacet
  facet normal -1 0 0
    outer loop
      vertex -4.5 60.8168 -9.32533
      vertex -4.5 62.1483 -9.75795
      vertex -4.5 61.9621 -10.2074
    endloop
  endfacet
  facet normal -1 0 0
    outer loop
      vertex -4.5 60.8791 -8.53406
      vertex -4.5 62.2618 -8.31505
      vertex -4.5 60.9 -8.8
    endloop
  endfacet
  facet normal -1 0 0
    outer loop
      vertex -4.5 60.7147 -9.57178
      vertex -4.5 61.9621 -10.2074
      vertex -4.5 61.9054 -10.3
    endloop
  endfacet
  facet normal -1 -0 0
    outer loop
      vertex -4.5 62.2618 -8.31505
      vertex -4.5 60.8791 -8.53406
      vertex -4.5 62.1483 -7.84205
    endloop
  endfacet
  facet normal -1 0 0
    outer loop
      vertex -4.5 60.8168 -8.27467
      vertex -4.5 62.1483 -7.84205
      vertex -4.5 60.8791 -8.53406
    endloop
  endfacet
  facet normal -1 0 0
    outer loop
      vertex -4.5 60.7147 -8.02822
      vertex -4.5 61.9621 -7.39263
      vertex -4.5 60.8168 -8.27467
    endloop
  endfacet
  facet normal -1 -0 0
    outer loop
      vertex -4.5 62.1483 -7.84205
      vertex -4.5 60.8168 -8.27467
      vertex -4.5 61.9621 -7.39263
    endloop
  endfacet
  facet normal -1 0 0
    outer loop
      vertex -4.5 62.2618 -9.28495
      vertex -4.5 60.8791 -9.06594
      vertex -4.5 60.9 -8.8
    endloop
  endfacet
  facet normal -1 0 0
    outer loop
      vertex -4.5 62.1483 -9.75795
      vertex -4.5 60.8168 -9.32533
      vertex -4.5 60.8791 -9.06594
    endloop
  endfacet
  facet normal -1 0 0
    outer loop
      vertex -4.5 61.9621 -10.2074
      vertex -4.5 60.7147 -9.57178
      vertex -4.5 60.8168 -9.32533
    endloop
  endfacet
  facet normal -1 0 0
    outer loop
      vertex -4.5 61.9054 -10.3
      vertex -4.5 60.5753 -9.79923
      vertex -4.5 60.7147 -9.57178
    endloop
  endfacet
  facet normal -1 0 0
    outer loop
      vertex -4.5 61.9054 -10.3
      vertex -4.5 60.4021 -10.0021
      vertex -4.5 60.5753 -9.79923
    endloop
  endfacet
  facet normal -1 0 0
    outer loop
      vertex -4.5 61.9054 -10.3
      vertex -4.5 60.1992 -10.1753
      vertex -4.5 60.4021 -10.0021
    endloop
  endfacet
  facet normal -1 0 -0
    outer loop
      vertex -4.5 60.1992 -10.1753
      vertex -4.5 61.9054 -10.3
      vertex -4.5 59.9958 -10.3
    endloop
  endfacet
  facet normal -1 -0 0
    outer loop
      vertex -4.5 61.9621 -7.39263
      vertex -4.5 60.7147 -8.02822
      vertex -4.5 61.708 -6.97787
    endloop
  endfacet
  facet normal -1 0 0
    outer loop
      vertex -4.5 60.5753 -7.80077
      vertex -4.5 61.708 -6.97787
      vertex -4.5 60.7147 -8.02822
    endloop
  endfacet
  facet normal -1 -0 0
    outer loop
      vertex -4.5 61.708 -6.97787
      vertex -4.5 60.5753 -7.80077
      vertex -4.5 61.392 -6.60797
    endloop
  endfacet
  facet normal -1 0 0
    outer loop
      vertex -4.5 60.4021 -7.59792
      vertex -4.5 61.392 -6.60797
      vertex -4.5 60.5753 -7.80077
    endloop
  endfacet
  facet normal -1 -0 0
    outer loop
      vertex -4.5 61.392 -6.60797
      vertex -4.5 60.4021 -7.59792
      vertex -4.5 61.0221 -6.29205
    endloop
  endfacet
  facet normal -1 0 0
    outer loop
      vertex -4.5 60.1992 -7.42467
      vertex -4.5 61.0221 -6.29205
      vertex -4.5 60.4021 -7.59792
    endloop
  endfacet
  facet normal -1 -0 0
    outer loop
      vertex -4.5 61.0221 -6.29205
      vertex -4.5 60.1992 -7.42467
      vertex -4.5 60.6074 -6.03788
    endloop
  endfacet
  facet normal -1 0 0
    outer loop
      vertex -4.5 59.9718 -7.28529
      vertex -4.5 60.6074 -6.03788
      vertex -4.5 60.1992 -7.42467
    endloop
  endfacet
  facet normal -1 -0 0
    outer loop
      vertex -4.5 60.6074 -6.03788
      vertex -4.5 59.9718 -7.28529
      vertex -4.5 60.158 -5.85172
    endloop
  endfacet
  facet normal -1 0 0
    outer loop
      vertex -4.5 59.7253 -7.1832
      vertex -4.5 60.158 -5.85172
      vertex -4.5 59.9718 -7.28529
    endloop
  endfacet
  facet normal -1 0 0
    outer loop
      vertex -4.5 59.7253 -7.1832
      vertex -4.5 59.6849 -5.73817
      vertex -4.5 60.158 -5.85172
    endloop
  endfacet
  facet normal -1 0 0
    outer loop
      vertex -4.5 59.4659 -7.12093
      vertex -4.5 59.6849 -5.73817
      vertex -4.5 59.7253 -7.1832
    endloop
  endfacet
  facet normal -1 0 0
    outer loop
      vertex -4.5 59.2 -7.1
      vertex -4.5 59.6849 -5.73817
      vertex -4.5 59.4659 -7.12093
    endloop
  endfacet
  facet normal -1 0 0
    outer loop
      vertex -4.5 59.2 -7.1
      vertex -4.5 59.2 -5.7
      vertex -4.5 59.6849 -5.73817
    endloop
  endfacet
  facet normal -1 0 0
    outer loop
      vertex -4.5 58.9341 -7.12093
      vertex -4.5 59.2 -5.7
      vertex -4.5 59.2 -7.1
    endloop
  endfacet
  facet normal -1 0 0
    outer loop
      vertex -4.5 58.9341 -7.12093
      vertex -4.5 58.7151 -5.73817
      vertex -4.5 59.2 -5.7
    endloop
  endfacet
  facet normal -1 0 0
    outer loop
      vertex -4.5 58.6747 -7.1832
      vertex -4.5 58.7151 -5.73817
      vertex -4.5 58.9341 -7.12093
    endloop
  endfacet
  facet normal -1 0 0
    outer loop
      vertex -4.5 58.242 -5.85172
      vertex -4.5 58.6747 -7.1832
      vertex -4.5 58.4282 -7.28529
    endloop
  endfacet
  facet normal -1 0 0
    outer loop
      vertex -4.5 58.6747 -7.1832
      vertex -4.5 58.242 -5.85172
      vertex -4.5 58.7151 -5.73817
    endloop
  endfacet
  facet normal -1 0 0
    outer loop
      vertex -4.5 57.7926 -6.03788
      vertex -4.5 58.4282 -7.28529
      vertex -4.5 58.2008 -7.42467
    endloop
  endfacet
  facet normal -1 0 0
    outer loop
      vertex -4.5 57.3779 -6.29205
      vertex -4.5 58.2008 -7.42467
      vertex -4.5 57.9979 -7.59792
    endloop
  endfacet
  facet normal -1 0 0
    outer loop
      vertex -4.5 57.008 -6.60797
      vertex -4.5 57.9979 -7.59792
      vertex -4.5 57.8247 -7.80077
    endloop
  endfacet
  facet normal -1 0 0
    outer loop
      vertex -4.5 58.4282 -7.28529
      vertex -4.5 57.7926 -6.03788
      vertex -4.5 58.242 -5.85172
    endloop
  endfacet
  facet normal -1 0 0
    outer loop
      vertex -4.5 57.008 -6.60797
      vertex -4.5 57.8247 -7.80077
      vertex -4.5 57.6853 -8.02822
    endloop
  endfacet
  facet normal -1 0 0
    outer loop
      vertex -4.5 57.008 -6.60797
      vertex -4.5 57.6853 -8.02822
      vertex -4.5 57.5832 -8.27467
    endloop
  endfacet
  facet normal -1 0 0
    outer loop
      vertex -4.5 57.008 -6.60797
      vertex -4.5 57.5832 -8.27467
      vertex -4.5 57.5209 -8.53406
    endloop
  endfacet
  facet normal -1 0 0
    outer loop
      vertex -4.5 58.2008 -7.42467
      vertex -4.5 57.3779 -6.29205
      vertex -4.5 57.7926 -6.03788
    endloop
  endfacet
  facet normal -1 0 0
    outer loop
      vertex -4.5 56.1382 -8.31505
      vertex -4.5 57.5209 -8.53406
      vertex -4.5 57.5 -8.8
    endloop
  endfacet
  facet normal 0 -0.382672 0.923884
    outer loop
      vertex -4.5 12.7718 55.6853
      vertex -0.5 12.5253 55.5832
      vertex -0.5 12.7718 55.6853
    endloop
  endfacet
  facet normal 0 -0.382672 0.923884
    outer loop
      vertex -0.5 12.5253 55.5832
      vertex -4.5 12.7718 55.6853
      vertex -4.5 12.5253 55.5832
    endloop
  endfacet
  facet normal 0 -0.382672 -0.923884
    outer loop
      vertex -4.5 12.5253 58.8168
      vertex -0.5 12.7718 58.7147
      vertex -0.5 12.5253 58.8168
    endloop
  endfacet
  facet normal -0 -0.382672 -0.923884
    outer loop
      vertex -0.5 12.7718 58.7147
      vertex -4.5 12.5253 58.8168
      vertex -4.5 12.7718 58.7147
    endloop
  endfacet
  facet normal 0 -0.0783593 0.996925
    outer loop
      vertex -4.5 12.2659 55.5209
      vertex -0.5 12 55.5
      vertex -0.5 12.2659 55.5209
    endloop
  endfacet
  facet normal 0 -0.0783593 0.996925
    outer loop
      vertex -0.5 12 55.5
      vertex -4.5 12.2659 55.5209
      vertex -4.5 12 55.5
    endloop
  endfacet
  facet normal -0 0.233529 0.97235
    outer loop
      vertex -4.5 11.7341 55.5209
      vertex -0.5 11.4747 55.5832
      vertex -0.5 11.7341 55.5209
    endloop
  endfacet
  facet normal 0 0.233529 0.97235
    outer loop
      vertex -0.5 11.4747 55.5832
      vertex -4.5 11.7341 55.5209
      vertex -4.5 11.4747 55.5832
    endloop
  endfacet
  facet normal -0 0.382672 0.923884
    outer loop
      vertex -4.5 11.4747 55.5832
      vertex -0.5 11.2282 55.6853
      vertex -0.5 11.4747 55.5832
    endloop
  endfacet
  facet normal 0 0.382672 0.923884
    outer loop
      vertex -0.5 11.2282 55.6853
      vertex -4.5 11.4747 55.5832
      vertex -4.5 11.2282 55.6853
    endloop
  endfacet
  facet normal 0 0.233529 -0.97235
    outer loop
      vertex -4.5 11.4747 58.8168
      vertex -0.5 11.7341 58.8791
      vertex -0.5 11.4747 58.8168
    endloop
  endfacet
  facet normal 0 0.233529 -0.97235
    outer loop
      vertex -0.5 11.7341 58.8791
      vertex -4.5 11.4747 58.8168
      vertex -4.5 11.7341 58.8791
    endloop
  endfacet
  facet normal 0 -0.760578 -0.649247
    outer loop
      vertex -4.5 13.3753 58.1992
      vertex -0.5 13.2021 58.4021
      vertex -4.5 13.2021 58.4021
    endloop
  endfacet
  facet normal 0 -0.760578 -0.649247
    outer loop
      vertex -0.5 13.2021 58.4021
      vertex -4.5 13.3753 58.1992
      vertex -0.5 13.3753 58.1992
    endloop
  endfacet
  facet normal -0 0.522632 0.852558
    outer loop
      vertex -4.5 11.2282 55.6853
      vertex -0.5 11.0008 55.8247
      vertex -0.5 11.2282 55.6853
    endloop
  endfacet
  facet normal 0 0.522632 0.852558
    outer loop
      vertex -0.5 11.0008 55.8247
      vertex -4.5 11.2282 55.6853
      vertex -4.5 11.0008 55.8247
    endloop
  endfacet
  facet normal 0 0.923884 0.382672
    outer loop
      vertex -0.5 10.4853 56.4282
      vertex -4.5 10.3832 56.6747
      vertex -0.5 10.3832 56.6747
    endloop
  endfacet
  facet normal 0 0.923884 0.382672
    outer loop
      vertex -4.5 10.3832 56.6747
      vertex -0.5 10.4853 56.4282
      vertex -4.5 10.4853 56.4282
    endloop
  endfacet
  facet normal 0 0.852558 -0.522632
    outer loop
      vertex -0.5 10.4853 57.9718
      vertex -4.5 10.6247 58.1992
      vertex -0.5 10.6247 58.1992
    endloop
  endfacet
  facet normal 0 0.852558 -0.522632
    outer loop
      vertex -4.5 10.6247 58.1992
      vertex -0.5 10.4853 57.9718
      vertex -4.5 10.4853 57.9718
    endloop
  endfacet
  facet normal 0 -0.923884 -0.382672
    outer loop
      vertex -4.5 13.6168 57.7253
      vertex -0.5 13.5147 57.9718
      vertex -4.5 13.5147 57.9718
    endloop
  endfacet
  facet normal 0 -0.923884 -0.382672
    outer loop
      vertex -0.5 13.5147 57.9718
      vertex -4.5 13.6168 57.7253
      vertex -0.5 13.6168 57.7253
    endloop
  endfacet
  facet normal 0 -0.522632 -0.852558
    outer loop
      vertex -4.5 12.7718 58.7147
      vertex -0.5 12.9992 58.5753
      vertex -0.5 12.7718 58.7147
    endloop
  endfacet
  facet normal -0 -0.522632 -0.852558
    outer loop
      vertex -0.5 12.9992 58.5753
      vertex -4.5 12.7718 58.7147
      vertex -4.5 12.9992 58.5753
    endloop
  endfacet
  facet normal 0 -0.97235 -0.233529
    outer loop
      vertex -4.5 13.6791 57.4659
      vertex -0.5 13.6168 57.7253
      vertex -4.5 13.6168 57.7253
    endloop
  endfacet
  facet normal 0 -0.97235 -0.233529
    outer loop
      vertex -0.5 13.6168 57.7253
      vertex -4.5 13.6791 57.4659
      vertex -0.5 13.6791 57.4659
    endloop
  endfacet
  facet normal 0 -0.233529 0.97235
    outer loop
      vertex -4.5 12.5253 55.5832
      vertex -0.5 12.2659 55.5209
      vertex -0.5 12.5253 55.5832
    endloop
  endfacet
  facet normal 0 -0.233529 0.97235
    outer loop
      vertex -0.5 12.2659 55.5209
      vertex -4.5 12.5253 55.5832
      vertex -4.5 12.2659 55.5209
    endloop
  endfacet
  facet normal 0 -0.97235 0.233529
    outer loop
      vertex -4.5 13.6168 56.6747
      vertex -0.5 13.6791 56.9341
      vertex -4.5 13.6791 56.9341
    endloop
  endfacet
  facet normal 0 -0.97235 0.233529
    outer loop
      vertex -0.5 13.6791 56.9341
      vertex -4.5 13.6168 56.6747
      vertex -0.5 13.6168 56.6747
    endloop
  endfacet
  facet normal 0 -0.996925 -0.0783593
    outer loop
      vertex -4.5 13.7 57.2
      vertex -0.5 13.6791 57.4659
      vertex -4.5 13.6791 57.4659
    endloop
  endfacet
  facet normal 0 -0.996925 -0.0783593
    outer loop
      vertex -0.5 13.6791 57.4659
      vertex -4.5 13.7 57.2
      vertex -0.5 13.7 57.2
    endloop
  endfacet
  facet normal 0 -0.522632 0.852558
    outer loop
      vertex -4.5 12.9992 55.8247
      vertex -0.5 12.7718 55.6853
      vertex -0.5 12.9992 55.8247
    endloop
  endfacet
  facet normal 0 -0.522632 0.852558
    outer loop
      vertex -0.5 12.7718 55.6853
      vertex -4.5 12.9992 55.8247
      vertex -4.5 12.7718 55.6853
    endloop
  endfacet
  facet normal 0 -0.852558 -0.522632
    outer loop
      vertex -4.5 13.5147 57.9718
      vertex -0.5 13.3753 58.1992
      vertex -4.5 13.3753 58.1992
    endloop
  endfacet
  facet normal 0 -0.852558 -0.522632
    outer loop
      vertex -0.5 13.3753 58.1992
      vertex -4.5 13.5147 57.9718
      vertex -0.5 13.5147 57.9718
    endloop
  endfacet
  facet normal 0 0.852558 0.522632
    outer loop
      vertex -0.5 10.6247 56.2008
      vertex -4.5 10.4853 56.4282
      vertex -0.5 10.4853 56.4282
    endloop
  endfacet
  facet normal 0 0.852558 0.522632
    outer loop
      vertex -4.5 10.4853 56.4282
      vertex -0.5 10.6247 56.2008
      vertex -4.5 10.6247 56.2008
    endloop
  endfacet
  facet normal 0 0.996925 0.0783593
    outer loop
      vertex -0.5 10.3209 56.9341
      vertex -4.5 10.3 57.2
      vertex -0.5 10.3 57.2
    endloop
  endfacet
  facet normal 0 0.996925 0.0783593
    outer loop
      vertex -4.5 10.3 57.2
      vertex -0.5 10.3209 56.9341
      vertex -4.5 10.3209 56.9341
    endloop
  endfacet
  facet normal -0 0.0783593 0.996925
    outer loop
      vertex -4.5 12 55.5
      vertex -0.5 11.7341 55.5209
      vertex -0.5 12 55.5
    endloop
  endfacet
  facet normal 0 0.0783593 0.996925
    outer loop
      vertex -0.5 11.7341 55.5209
      vertex -4.5 12 55.5
      vertex -4.5 11.7341 55.5209
    endloop
  endfacet
  facet normal 0 -0.649247 0.760578
    outer loop
      vertex -4.5 13.2021 55.9979
      vertex -0.5 12.9992 55.8247
      vertex -0.5 13.2021 55.9979
    endloop
  endfacet
  facet normal 0 -0.649247 0.760578
    outer loop
      vertex -0.5 12.9992 55.8247
      vertex -4.5 13.2021 55.9979
      vertex -4.5 12.9992 55.8247
    endloop
  endfacet
  facet normal 0 -0.760578 0.649247
    outer loop
      vertex -4.5 13.2021 55.9979
      vertex -0.5 13.3753 56.2008
      vertex -4.5 13.3753 56.2008
    endloop
  endfacet
  facet normal 0 -0.760578 0.649247
    outer loop
      vertex -0.5 13.3753 56.2008
      vertex -4.5 13.2021 55.9979
      vertex -0.5 13.2021 55.9979
    endloop
  endfacet
  facet normal 0 -0.996925 0.0783593
    outer loop
      vertex -4.5 13.6791 56.9341
      vertex -0.5 13.7 57.2
      vertex -4.5 13.7 57.2
    endloop
  endfacet
  facet normal 0 -0.996925 0.0783593
    outer loop
      vertex -0.5 13.7 57.2
      vertex -4.5 13.6791 56.9341
      vertex -0.5 13.6791 56.9341
    endloop
  endfacet
  facet normal 0 0.923884 -0.382672
    outer loop
      vertex -0.5 10.3832 57.7253
      vertex -4.5 10.4853 57.9718
      vertex -0.5 10.4853 57.9718
    endloop
  endfacet
  facet normal 0 0.923884 -0.382672
    outer loop
      vertex -4.5 10.4853 57.9718
      vertex -0.5 10.3832 57.7253
      vertex -4.5 10.3832 57.7253
    endloop
  endfacet
  facet normal 0 0.97235 0.233529
    outer loop
      vertex -0.5 10.3832 56.6747
      vertex -4.5 10.3209 56.9341
      vertex -0.5 10.3209 56.9341
    endloop
  endfacet
  facet normal 0 0.97235 0.233529
    outer loop
      vertex -4.5 10.3209 56.9341
      vertex -0.5 10.3832 56.6747
      vertex -4.5 10.3832 56.6747
    endloop
  endfacet
  facet normal 0 0.760578 0.649247
    outer loop
      vertex -0.5 10.7979 55.9979
      vertex -4.5 10.6247 56.2008
      vertex -0.5 10.6247 56.2008
    endloop
  endfacet
  facet normal 0 0.760578 0.649247
    outer loop
      vertex -4.5 10.6247 56.2008
      vertex -0.5 10.7979 55.9979
      vertex -4.5 10.7979 55.9979
    endloop
  endfacet
  facet normal 0 0.996925 -0.0783593
    outer loop
      vertex -0.5 10.3 57.2
      vertex -4.5 10.3209 57.4659
      vertex -0.5 10.3209 57.4659
    endloop
  endfacet
  facet normal 0 0.996925 -0.0783593
    outer loop
      vertex -4.5 10.3209 57.4659
      vertex -0.5 10.3 57.2
      vertex -4.5 10.3 57.2
    endloop
  endfacet
  facet normal 0 -0.233529 -0.97235
    outer loop
      vertex -4.5 12.2659 58.8791
      vertex -0.5 12.5253 58.8168
      vertex -0.5 12.2659 58.8791
    endloop
  endfacet
  facet normal -0 -0.233529 -0.97235
    outer loop
      vertex -0.5 12.5253 58.8168
      vertex -4.5 12.2659 58.8791
      vertex -4.5 12.5253 58.8168
    endloop
  endfacet
  facet normal 0 -0.852558 0.522632
    outer loop
      vertex -4.5 13.3753 56.2008
      vertex -0.5 13.5147 56.4282
      vertex -4.5 13.5147 56.4282
    endloop
  endfacet
  facet normal 0 -0.852558 0.522632
    outer loop
      vertex -0.5 13.5147 56.4282
      vertex -4.5 13.3753 56.2008
      vertex -0.5 13.3753 56.2008
    endloop
  endfacet
  facet normal 0 0.649247 -0.760578
    outer loop
      vertex -4.5 10.7979 58.4021
      vertex -0.5 11.0008 58.5753
      vertex -0.5 10.7979 58.4021
    endloop
  endfacet
  facet normal 0 0.649247 -0.760578
    outer loop
      vertex -0.5 11.0008 58.5753
      vertex -4.5 10.7979 58.4021
      vertex -4.5 11.0008 58.5753
    endloop
  endfacet
  facet normal 0 0.0783593 -0.996925
    outer loop
      vertex -4.5 11.7341 58.8791
      vertex -0.5 12 58.9
      vertex -0.5 11.7341 58.8791
    endloop
  endfacet
  facet normal 0 0.0783593 -0.996925
    outer loop
      vertex -0.5 12 58.9
      vertex -4.5 11.7341 58.8791
      vertex -4.5 12 58.9
    endloop
  endfacet
  facet normal 0 -0.923884 0.382672
    outer loop
      vertex -4.5 13.5147 56.4282
      vertex -0.5 13.6168 56.6747
      vertex -4.5 13.6168 56.6747
    endloop
  endfacet
  facet normal 0 -0.923884 0.382672
    outer loop
      vertex -0.5 13.6168 56.6747
      vertex -4.5 13.5147 56.4282
      vertex -0.5 13.5147 56.4282
    endloop
  endfacet
  facet normal 0 -0.649247 -0.760578
    outer loop
      vertex -4.5 12.9992 58.5753
      vertex -0.5 13.2021 58.4021
      vertex -0.5 12.9992 58.5753
    endloop
  endfacet
  facet normal -0 -0.649247 -0.760578
    outer loop
      vertex -0.5 13.2021 58.4021
      vertex -4.5 12.9992 58.5753
      vertex -4.5 13.2021 58.4021
    endloop
  endfacet
  facet normal 0 -0.0783593 -0.996925
    outer loop
      vertex -4.5 12 58.9
      vertex -0.5 12.2659 58.8791
      vertex -0.5 12 58.9
    endloop
  endfacet
  facet normal -0 -0.0783593 -0.996925
    outer loop
      vertex -0.5 12.2659 58.8791
      vertex -4.5 12 58.9
      vertex -4.5 12.2659 58.8791
    endloop
  endfacet
  facet normal 0 0.522632 -0.852558
    outer loop
      vertex -4.5 11.0008 58.5753
      vertex -0.5 11.2282 58.7147
      vertex -0.5 11.0008 58.5753
    endloop
  endfacet
  facet normal 0 0.522632 -0.852558
    outer loop
      vertex -0.5 11.2282 58.7147
      vertex -4.5 11.0008 58.5753
      vertex -4.5 11.2282 58.7147
    endloop
  endfacet
  facet normal 0 0.382672 -0.923884
    outer loop
      vertex -4.5 11.2282 58.7147
      vertex -0.5 11.4747 58.8168
      vertex -0.5 11.2282 58.7147
    endloop
  endfacet
  facet normal 0 0.382672 -0.923884
    outer loop
      vertex -0.5 11.4747 58.8168
      vertex -4.5 11.2282 58.7147
      vertex -4.5 11.4747 58.8168
    endloop
  endfacet
  facet normal 0 0.97235 -0.233529
    outer loop
      vertex -0.5 10.3209 57.4659
      vertex -4.5 10.3832 57.7253
      vertex -0.5 10.3832 57.7253
    endloop
  endfacet
  facet normal 0 0.97235 -0.233529
    outer loop
      vertex -4.5 10.3832 57.7253
      vertex -0.5 10.3209 57.4659
      vertex -4.5 10.3209 57.4659
    endloop
  endfacet
  facet normal -0 0.649247 0.760578
    outer loop
      vertex -4.5 11.0008 55.8247
      vertex -0.5 10.7979 55.9979
      vertex -0.5 11.0008 55.8247
    endloop
  endfacet
  facet normal 0 0.649247 0.760578
    outer loop
      vertex -0.5 10.7979 55.9979
      vertex -4.5 11.0008 55.8247
      vertex -4.5 10.7979 55.9979
    endloop
  endfacet
  facet normal 0 0.760578 -0.649247
    outer loop
      vertex -0.5 10.6247 58.1992
      vertex -4.5 10.7979 58.4021
      vertex -0.5 10.7979 58.4021
    endloop
  endfacet
  facet normal 0 0.760578 -0.649247
    outer loop
      vertex -4.5 10.7979 58.4021
      vertex -0.5 10.6247 58.1992
      vertex -4.5 10.6247 58.1992
    endloop
  endfacet
  facet normal 0 -0.972408 0.233287
    outer loop
      vertex -6.5 14.9483 56.242
      vertex -4.5 15.0618 56.7151
      vertex -6.5 15.0618 56.7151
    endloop
  endfacet
  facet normal 0 -0.972408 0.233287
    outer loop
      vertex -4.5 15.0618 56.7151
      vertex -6.5 14.9483 56.242
      vertex -4.5 14.9483 56.242
    endloop
  endfacet
  facet normal 0 0.996916 -0.0784745
    outer loop
      vertex -4.5 8.9 57.2
      vertex -6.5 8.93817 57.6849
      vertex -4.5 8.93817 57.6849
    endloop
  endfacet
  facet normal 0 0.996916 -0.0784745
    outer loop
      vertex -6.5 8.93817 57.6849
      vertex -4.5 8.9 57.2
      vertex -6.5 8.9 57.2
    endloop
  endfacet
  facet normal 0 0.996916 0.0784745
    outer loop
      vertex -4.5 8.93817 56.7151
      vertex -6.5 8.9 57.2
      vertex -4.5 8.9 57.2
    endloop
  endfacet
  facet normal 0 0.996916 0.0784745
    outer loop
      vertex -6.5 8.9 57.2
      vertex -4.5 8.93817 56.7151
      vertex -6.5 8.93817 56.7151
    endloop
  endfacet
  facet normal -0 0.0785358 0.996911
    outer loop
      vertex -6.5 12 54.1
      vertex -4.5 11.5151 54.1382
      vertex -4.5 12 54.1
    endloop
  endfacet
  facet normal 0 0.0785358 0.996911
    outer loop
      vertex -4.5 11.5151 54.1382
      vertex -6.5 12 54.1
      vertex -6.5 11.5151 54.1382
    endloop
  endfacet
  facet normal 0 -0.0785358 0.996911
    outer loop
      vertex -6.5 12.4849 54.1382
      vertex -4.5 12 54.1
      vertex -4.5 12.4849 54.1382
    endloop
  endfacet
  facet normal 0 -0.0785358 0.996911
    outer loop
      vertex -4.5 12 54.1
      vertex -6.5 12.4849 54.1382
      vertex -6.5 12 54.1
    endloop
  endfacet
  facet normal -0 0.233287 0.972408
    outer loop
      vertex -6.5 11.5151 54.1382
      vertex -4.5 11.042 54.2517
      vertex -4.5 11.5151 54.1382
    endloop
  endfacet
  facet normal 0 0.233287 0.972408
    outer loop
      vertex -4.5 11.042 54.2517
      vertex -6.5 11.5151 54.1382
      vertex -6.5 11.042 54.2517
    endloop
  endfacet
  facet normal -0 0.649507 0.760355
    outer loop
      vertex -6.5 10.1779 54.692
      vertex -4.5 9.80797 55.008
      vertex -4.5 10.1779 54.692
    endloop
  endfacet
  facet normal 0 0.649507 0.760355
    outer loop
      vertex -4.5 9.80797 55.008
      vertex -6.5 10.1779 54.692
      vertex -6.5 9.80797 55.008
    endloop
  endfacet
  facet normal 0 -0.522456 -0.852666
    outer loop
      vertex -6.5 13.4074 59.9621
      vertex -4.5 13.8221 59.708
      vertex -4.5 13.4074 59.9621
    endloop
  endfacet
  facet normal -0 -0.522456 -0.852666
    outer loop
      vertex -4.5 13.8221 59.708
      vertex -6.5 13.4074 59.9621
      vertex -6.5 13.8221 59.708
    endloop
  endfacet
  facet normal 0 -0.852666 0.522456
    outer loop
      vertex -6.5 14.508 55.3779
      vertex -4.5 14.7621 55.7926
      vertex -6.5 14.7621 55.7926
    endloop
  endfacet
  facet normal 0 -0.852666 0.522456
    outer loop
      vertex -4.5 14.7621 55.7926
      vertex -6.5 14.508 55.3779
      vertex -4.5 14.508 55.3779
    endloop
  endfacet
  facet normal 0 -0.760329 0.649538
    outer loop
      vertex -6.5 14.192 55.008
      vertex -4.5 14.508 55.3779
      vertex -6.5 14.508 55.3779
    endloop
  endfacet
  facet normal 0 -0.760329 0.649538
    outer loop
      vertex -4.5 14.508 55.3779
      vertex -6.5 14.192 55.008
      vertex -4.5 14.192 55.008
    endloop
  endfacet
  facet normal -0 0.522456 0.852666
    outer loop
      vertex -6.5 10.5926 54.4379
      vertex -4.5 10.1779 54.692
      vertex -4.5 10.5926 54.4379
    endloop
  endfacet
  facet normal 0 0.522456 0.852666
    outer loop
      vertex -4.5 10.1779 54.692
      vertex -6.5 10.5926 54.4379
      vertex -6.5 10.1779 54.692
    endloop
  endfacet
  facet normal 0 -0.852666 -0.522456
    outer loop
      vertex -6.5 14.7621 58.6074
      vertex -4.5 14.508 59.0221
      vertex -6.5 14.508 59.0221
    endloop
  endfacet
  facet normal 0 -0.852666 -0.522456
    outer loop
      vertex -4.5 14.508 59.0221
      vertex -6.5 14.7621 58.6074
      vertex -4.5 14.7621 58.6074
    endloop
  endfacet
  facet normal -0 0.382775 0.923841
    outer loop
      vertex -6.5 11.042 54.2517
      vertex -4.5 10.5926 54.4379
      vertex -4.5 11.042 54.2517
    endloop
  endfacet
  facet normal 0 0.382775 0.923841
    outer loop
      vertex -4.5 10.5926 54.4379
      vertex -6.5 11.042 54.2517
      vertex -6.5 10.5926 54.4379
    endloop
  endfacet
  facet normal 0 -0.233287 -0.972408
    outer loop
      vertex -6.5 12.4849 60.2618
      vertex -4.5 12.958 60.1483
      vertex -4.5 12.4849 60.2618
    endloop
  endfacet
  facet normal -0 -0.233287 -0.972408
    outer loop
      vertex -4.5 12.958 60.1483
      vertex -6.5 12.4849 60.2618
      vertex -6.5 12.958 60.1483
    endloop
  endfacet
  facet normal 0 0.382775 -0.923841
    outer loop
      vertex -6.5 10.5926 59.9621
      vertex -4.5 11.042 60.1483
      vertex -4.5 10.5926 59.9621
    endloop
  endfacet
  facet normal 0 0.382775 -0.923841
    outer loop
      vertex -4.5 11.042 60.1483
      vertex -6.5 10.5926 59.9621
      vertex -6.5 11.042 60.1483
    endloop
  endfacet
  facet normal 0 -0.996911 -0.0785358
    outer loop
      vertex -6.5 15.1 57.2
      vertex -4.5 15.0618 57.6849
      vertex -6.5 15.0618 57.6849
    endloop
  endfacet
  facet normal 0 -0.996911 -0.0785358
    outer loop
      vertex -4.5 15.0618 57.6849
      vertex -6.5 15.1 57.2
      vertex -4.5 15.1 57.2
    endloop
  endfacet
  facet normal 0 -0.233287 0.972408
    outer loop
      vertex -6.5 12.958 54.2517
      vertex -4.5 12.4849 54.1382
      vertex -4.5 12.958 54.2517
    endloop
  endfacet
  facet normal 0 -0.233287 0.972408
    outer loop
      vertex -4.5 12.4849 54.1382
      vertex -6.5 12.958 54.2517
      vertex -6.5 12.4849 54.1382
    endloop
  endfacet
  facet normal 0 -0.522456 0.852666
    outer loop
      vertex -6.5 13.8221 54.692
      vertex -4.5 13.4074 54.4379
      vertex -4.5 13.8221 54.692
    endloop
  endfacet
  facet normal 0 -0.522456 0.852666
    outer loop
      vertex -4.5 13.4074 54.4379
      vertex -6.5 13.8221 54.692
      vertex -6.5 13.4074 54.4379
    endloop
  endfacet
  facet normal 0 -0.996911 0.0785358
    outer loop
      vertex -6.5 15.0618 56.7151
      vertex -4.5 15.1 57.2
      vertex -6.5 15.1 57.2
    endloop
  endfacet
  facet normal 0 -0.996911 0.0785358
    outer loop
      vertex -4.5 15.1 57.2
      vertex -6.5 15.0618 56.7151
      vertex -4.5 15.0618 56.7151
    endloop
  endfacet
  facet normal 0 0.923871 0.382705
    outer loop
      vertex -4.5 9.23788 55.7926
      vertex -6.5 9.05172 56.242
      vertex -4.5 9.05172 56.242
    endloop
  endfacet
  facet normal 0 0.923871 0.382705
    outer loop
      vertex -6.5 9.05172 56.242
      vertex -4.5 9.23788 55.7926
      vertex -6.5 9.23788 55.7926
    endloop
  endfacet
  facet normal 0 -0.649538 0.760329
    outer loop
      vertex -6.5 14.192 55.008
      vertex -4.5 13.8221 54.692
      vertex -4.5 14.192 55.008
    endloop
  endfacet
  facet normal 0 -0.649538 0.760329
    outer loop
      vertex -4.5 13.8221 54.692
      vertex -6.5 14.192 55.008
      vertex -6.5 13.8221 54.692
    endloop
  endfacet
  facet normal 0 0.972385 0.233385
    outer loop
      vertex -4.5 9.05172 56.242
      vertex -6.5 8.93817 56.7151
      vertex -4.5 8.93817 56.7151
    endloop
  endfacet
  facet normal 0 0.972385 0.233385
    outer loop
      vertex -6.5 8.93817 56.7151
      vertex -4.5 9.05172 56.242
      vertex -6.5 9.05172 56.242
    endloop
  endfacet
  facet normal 0 0.852602 -0.522561
    outer loop
      vertex -4.5 9.23788 58.6074
      vertex -6.5 9.49205 59.0221
      vertex -4.5 9.49205 59.0221
    endloop
  endfacet
  facet normal 0 0.852602 -0.522561
    outer loop
      vertex -6.5 9.49205 59.0221
      vertex -4.5 9.23788 58.6074
      vertex -6.5 9.23788 58.6074
    endloop
  endfacet
  facet normal 0 -0.649538 -0.760329
    outer loop
      vertex -6.5 13.8221 59.708
      vertex -4.5 14.192 59.392
      vertex -4.5 13.8221 59.708
    endloop
  endfacet
  facet normal -0 -0.649538 -0.760329
    outer loop
      vertex -4.5 14.192 59.392
      vertex -6.5 13.8221 59.708
      vertex -6.5 14.192 59.392
    endloop
  endfacet
  facet normal 0 -0.382775 -0.923841
    outer loop
      vertex -6.5 12.958 60.1483
      vertex -4.5 13.4074 59.9621
      vertex -4.5 12.958 60.1483
    endloop
  endfacet
  facet normal -0 -0.382775 -0.923841
    outer loop
      vertex -4.5 13.4074 59.9621
      vertex -6.5 12.958 60.1483
      vertex -6.5 13.4074 59.9621
    endloop
  endfacet
  facet normal 0 0.0785358 -0.996911
    outer loop
      vertex -6.5 11.5151 60.2618
      vertex -4.5 12 60.3
      vertex -4.5 11.5151 60.2618
    endloop
  endfacet
  facet normal 0 0.0785358 -0.996911
    outer loop
      vertex -4.5 12 60.3
      vertex -6.5 11.5151 60.2618
      vertex -6.5 12 60.3
    endloop
  endfacet
  facet normal 0 -0.923841 -0.382775
    outer loop
      vertex -6.5 14.9483 58.158
      vertex -4.5 14.7621 58.6074
      vertex -6.5 14.7621 58.6074
    endloop
  endfacet
  facet normal 0 -0.923841 -0.382775
    outer loop
      vertex -4.5 14.7621 58.6074
      vertex -6.5 14.9483 58.158
      vertex -4.5 14.9483 58.158
    endloop
  endfacet
  facet normal 0 0.923871 -0.382705
    outer loop
      vertex -4.5 9.05172 58.158
      vertex -6.5 9.23788 58.6074
      vertex -4.5 9.23788 58.6074
    endloop
  endfacet
  facet normal 0 0.923871 -0.382705
    outer loop
      vertex -6.5 9.23788 58.6074
      vertex -4.5 9.05172 58.158
      vertex -6.5 9.05172 58.158
    endloop
  endfacet
  facet normal 0 -0.972408 -0.233287
    outer loop
      vertex -6.5 15.0618 57.6849
      vertex -4.5 14.9483 58.158
      vertex -6.5 14.9483 58.158
    endloop
  endfacet
  facet normal 0 -0.972408 -0.233287
    outer loop
      vertex -4.5 14.9483 58.158
      vertex -6.5 15.0618 57.6849
      vertex -4.5 15.0618 57.6849
    endloop
  endfacet
  facet normal 0 0.649507 -0.760355
    outer loop
      vertex -6.5 9.80797 59.392
      vertex -4.5 10.1779 59.708
      vertex -4.5 9.80797 59.392
    endloop
  endfacet
  facet normal 0 0.649507 -0.760355
    outer loop
      vertex -4.5 10.1779 59.708
      vertex -6.5 9.80797 59.392
      vertex -6.5 10.1779 59.708
    endloop
  endfacet
  facet normal 0 0.522456 -0.852666
    outer loop
      vertex -6.5 10.1779 59.708
      vertex -4.5 10.5926 59.9621
      vertex -4.5 10.1779 59.708
    endloop
  endfacet
  facet normal 0 0.522456 -0.852666
    outer loop
      vertex -4.5 10.5926 59.9621
      vertex -6.5 10.1779 59.708
      vertex -6.5 10.5926 59.9621
    endloop
  endfacet
  facet normal 0 0.76041 -0.649443
    outer loop
      vertex -4.5 9.49205 59.0221
      vertex -6.5 9.80797 59.392
      vertex -4.5 9.80797 59.392
    endloop
  endfacet
  facet normal 0 0.76041 -0.649443
    outer loop
      vertex -6.5 9.80797 59.392
      vertex -4.5 9.49205 59.0221
      vertex -6.5 9.49205 59.0221
    endloop
  endfacet
  facet normal 0 0.76041 0.649443
    outer loop
      vertex -4.5 9.80797 55.008
      vertex -6.5 9.49205 55.3779
      vertex -4.5 9.49205 55.3779
    endloop
  endfacet
  facet normal 0 0.76041 0.649443
    outer loop
      vertex -6.5 9.49205 55.3779
      vertex -4.5 9.80797 55.008
      vertex -6.5 9.80797 55.008
    endloop
  endfacet
  facet normal 0 -0.0785358 -0.996911
    outer loop
      vertex -6.5 12 60.3
      vertex -4.5 12.4849 60.2618
      vertex -4.5 12 60.3
    endloop
  endfacet
  facet normal -0 -0.0785358 -0.996911
    outer loop
      vertex -4.5 12.4849 60.2618
      vertex -6.5 12 60.3
      vertex -6.5 12.4849 60.2618
    endloop
  endfacet
  facet normal 0 0.852602 0.522561
    outer loop
      vertex -4.5 9.49205 55.3779
      vertex -6.5 9.23788 55.7926
      vertex -4.5 9.23788 55.7926
    endloop
  endfacet
  facet normal 0 0.852602 0.522561
    outer loop
      vertex -6.5 9.23788 55.7926
      vertex -4.5 9.49205 55.3779
      vertex -6.5 9.49205 55.3779
    endloop
  endfacet
  facet normal 0 -0.923841 0.382775
    outer loop
      vertex -6.5 14.7621 55.7926
      vertex -4.5 14.9483 56.242
      vertex -6.5 14.9483 56.242
    endloop
  endfacet
  facet normal 0 -0.923841 0.382775
    outer loop
      vertex -4.5 14.9483 56.242
      vertex -6.5 14.7621 55.7926
      vertex -4.5 14.7621 55.7926
    endloop
  endfacet
  facet normal 0 -0.382775 0.923841
    outer loop
      vertex -6.5 13.4074 54.4379
      vertex -4.5 12.958 54.2517
      vertex -4.5 13.4074 54.4379
    endloop
  endfacet
  facet normal 0 -0.382775 0.923841
    outer loop
      vertex -4.5 12.958 54.2517
      vertex -6.5 13.4074 54.4379
      vertex -6.5 12.958 54.2517
    endloop
  endfacet
  facet normal 0 -0.760329 -0.649538
    outer loop
      vertex -6.5 14.508 59.0221
      vertex -4.5 14.192 59.392
      vertex -6.5 14.192 59.392
    endloop
  endfacet
  facet normal 0 -0.760329 -0.649538
    outer loop
      vertex -4.5 14.192 59.392
      vertex -6.5 14.508 59.0221
      vertex -4.5 14.508 59.0221
    endloop
  endfacet
  facet normal 0 0.233287 -0.972408
    outer loop
      vertex -6.5 11.042 60.1483
      vertex -4.5 11.5151 60.2618
      vertex -4.5 11.042 60.1483
    endloop
  endfacet
  facet normal 0 0.233287 -0.972408
    outer loop
      vertex -4.5 11.5151 60.2618
      vertex -6.5 11.042 60.1483
      vertex -6.5 11.5151 60.2618
    endloop
  endfacet
  facet normal 0 0.972385 -0.233385
    outer loop
      vertex -4.5 8.93817 57.6849
      vertex -6.5 9.05172 58.158
      vertex -4.5 9.05172 58.158
    endloop
  endfacet
  facet normal 0 0.972385 -0.233385
    outer loop
      vertex -6.5 9.05172 58.158
      vertex -4.5 8.93817 57.6849
      vertex -6.5 8.93817 57.6849
    endloop
  endfacet
  facet normal -1 0 0
    outer loop
      vertex -4.5 13.7 57.2
      vertex -4.5 15.1 57.2
      vertex -4.5 15.0618 56.7151
    endloop
  endfacet
  facet normal -1 0 0
    outer loop
      vertex -4.5 13.6791 56.9341
      vertex -4.5 15.0618 56.7151
      vertex -4.5 14.9483 56.242
    endloop
  endfacet
  facet normal -1 0 0
    outer loop
      vertex -4.5 15.1 57.2
      vertex -4.5 13.7 57.2
      vertex -4.5 15.0618 57.6849
    endloop
  endfacet
  facet normal -1 0 0
    outer loop
      vertex -4.5 13.6168 56.6747
      vertex -4.5 14.9483 56.242
      vertex -4.5 14.7621 55.7926
    endloop
  endfacet
  facet normal -1 0 0
    outer loop
      vertex -4.5 13.6791 57.4659
      vertex -4.5 15.0618 57.6849
      vertex -4.5 13.7 57.2
    endloop
  endfacet
  facet normal -1 0 0
    outer loop
      vertex -4.5 13.5147 56.4282
      vertex -4.5 14.7621 55.7926
      vertex -4.5 14.508 55.3779
    endloop
  endfacet
  facet normal -1 -0 0
    outer loop
      vertex -4.5 15.0618 57.6849
      vertex -4.5 13.6791 57.4659
      vertex -4.5 14.9483 58.158
    endloop
  endfacet
  facet normal -1 0 0
    outer loop
      vertex -4.5 13.3753 56.2008
      vertex -4.5 14.508 55.3779
      vertex -4.5 14.192 55.008
    endloop
  endfacet
  facet normal -1 0 0
    outer loop
      vertex -4.5 13.6168 57.7253
      vertex -4.5 14.9483 58.158
      vertex -4.5 13.6791 57.4659
    endloop
  endfacet
  facet normal -1 0 0
    outer loop
      vertex -4.5 13.2021 55.9979
      vertex -4.5 14.192 55.008
      vertex -4.5 13.8221 54.692
    endloop
  endfacet
  facet normal -1 -0 0
    outer loop
      vertex -4.5 14.9483 58.158
      vertex -4.5 13.6168 57.7253
      vertex -4.5 14.7621 58.6074
    endloop
  endfacet
  facet normal -1 0 0
    outer loop
      vertex -4.5 13.5147 57.9718
      vertex -4.5 14.7621 58.6074
      vertex -4.5 13.6168 57.7253
    endloop
  endfacet
  facet normal -1 0 0
    outer loop
      vertex -4.5 15.0618 56.7151
      vertex -4.5 13.6791 56.9341
      vertex -4.5 13.7 57.2
    endloop
  endfacet
  facet normal -1 0 0
    outer loop
      vertex -4.5 14.9483 56.242
      vertex -4.5 13.6168 56.6747
      vertex -4.5 13.6791 56.9341
    endloop
  endfacet
  facet normal -1 0 0
    outer loop
      vertex -4.5 14.7621 55.7926
      vertex -4.5 13.5147 56.4282
      vertex -4.5 13.6168 56.6747
    endloop
  endfacet
  facet normal -1 0 0
    outer loop
      vertex -4.5 12.9992 55.8247
      vertex -4.5 13.8221 54.692
      vertex -4.5 13.4074 54.4379
    endloop
  endfacet
  facet normal -1 0 0
    outer loop
      vertex -4.5 14.508 55.3779
      vertex -4.5 13.3753 56.2008
      vertex -4.5 13.5147 56.4282
    endloop
  endfacet
  facet normal -1 0 0
    outer loop
      vertex -4.5 14.192 55.008
      vertex -4.5 13.2021 55.9979
      vertex -4.5 13.3753 56.2008
    endloop
  endfacet
  facet normal -1 0 0
    outer loop
      vertex -4.5 13.8221 54.692
      vertex -4.5 12.9992 55.8247
      vertex -4.5 13.2021 55.9979
    endloop
  endfacet
  facet normal -1 0 0
    outer loop
      vertex -4.5 12.7718 55.6853
      vertex -4.5 13.4074 54.4379
      vertex -4.5 12.958 54.2517
    endloop
  endfacet
  facet normal -1 0 0
    outer loop
      vertex -4.5 13.4074 54.4379
      vertex -4.5 12.7718 55.6853
      vertex -4.5 12.9992 55.8247
    endloop
  endfacet
  facet normal -1 0 0
    outer loop
      vertex -4.5 12.958 54.2517
      vertex -4.5 12.5253 55.5832
      vertex -4.5 12.7718 55.6853
    endloop
  endfacet
  facet normal -1 0 0
    outer loop
      vertex -4.5 12.4849 54.1382
      vertex -4.5 12.5253 55.5832
      vertex -4.5 12.958 54.2517
    endloop
  endfacet
  facet normal -1 0 0
    outer loop
      vertex -4.5 12.4849 54.1382
      vertex -4.5 12.2659 55.5209
      vertex -4.5 12.5253 55.5832
    endloop
  endfacet
  facet normal -1 0 0
    outer loop
      vertex -4.5 12 54.1
      vertex -4.5 12.2659 55.5209
      vertex -4.5 12.4849 54.1382
    endloop
  endfacet
  facet normal -1 0 0
    outer loop
      vertex -4.5 12 54.1
      vertex -4.5 12 55.5
      vertex -4.5 12.2659 55.5209
    endloop
  endfacet
  facet normal -1 0 0
    outer loop
      vertex -4.5 12 54.1
      vertex -4.5 11.7341 55.5209
      vertex -4.5 12 55.5
    endloop
  endfacet
  facet normal -1 0 0
    outer loop
      vertex -4.5 11.5151 54.1382
      vertex -4.5 11.7341 55.5209
      vertex -4.5 12 54.1
    endloop
  endfacet
  facet normal -1 0 0
    outer loop
      vertex -4.5 11.5151 54.1382
      vertex -4.5 11.4747 55.5832
      vertex -4.5 11.7341 55.5209
    endloop
  endfacet
  facet normal -1 0 0
    outer loop
      vertex -4.5 11.042 54.2517
      vertex -4.5 11.4747 55.5832
      vertex -4.5 11.5151 54.1382
    endloop
  endfacet
  facet normal -1 -0 0
    outer loop
      vertex -4.5 11.4747 55.5832
      vertex -4.5 11.042 54.2517
      vertex -4.5 11.2282 55.6853
    endloop
  endfacet
  facet normal -1 0 0
    outer loop
      vertex -4.5 10.5926 54.4379
      vertex -4.5 11.2282 55.6853
      vertex -4.5 11.042 54.2517
    endloop
  endfacet
  facet normal -1 -0 0
    outer loop
      vertex -4.5 11.2282 55.6853
      vertex -4.5 10.5926 54.4379
      vertex -4.5 11.0008 55.8247
    endloop
  endfacet
  facet normal -1 0 0
    outer loop
      vertex -4.5 10.1779 54.692
      vertex -4.5 11.0008 55.8247
      vertex -4.5 10.5926 54.4379
    endloop
  endfacet
  facet normal -1 -0 0
    outer loop
      vertex -4.5 11.0008 55.8247
      vertex -4.5 10.1779 54.692
      vertex -4.5 10.7979 55.9979
    endloop
  endfacet
  facet normal -1 0 0
    outer loop
      vertex -4.5 9.80797 55.008
      vertex -4.5 10.7979 55.9979
      vertex -4.5 10.1779 54.692
    endloop
  endfacet
  facet normal -1 -0 0
    outer loop
      vertex -4.5 10.7979 55.9979
      vertex -4.5 9.80797 55.008
      vertex -4.5 10.6247 56.2008
    endloop
  endfacet
  facet normal -1 0 0
    outer loop
      vertex -4.5 9.49205 55.3779
      vertex -4.5 10.6247 56.2008
      vertex -4.5 9.80797 55.008
    endloop
  endfacet
  facet normal -1 0 0
    outer loop
      vertex -4.5 9.23788 55.7926
      vertex -4.5 10.4853 56.4282
      vertex -4.5 9.49205 55.3779
    endloop
  endfacet
  facet normal -1 -0 0
    outer loop
      vertex -4.5 10.6247 56.2008
      vertex -4.5 9.49205 55.3779
      vertex -4.5 10.4853 56.4282
    endloop
  endfacet
  facet normal -1 -0 0
    outer loop
      vertex -4.5 14.7621 58.6074
      vertex -4.5 13.5147 57.9718
      vertex -4.5 14.508 59.0221
    endloop
  endfacet
  facet normal -1 0 0
    outer loop
      vertex -4.5 13.3753 58.1992
      vertex -4.5 14.508 59.0221
      vertex -4.5 13.5147 57.9718
    endloop
  endfacet
  facet normal -1 -0 0
    outer loop
      vertex -4.5 14.508 59.0221
      vertex -4.5 13.3753 58.1992
      vertex -4.5 14.192 59.392
    endloop
  endfacet
  facet normal -1 0 0
    outer loop
      vertex -4.5 13.2021 58.4021
      vertex -4.5 14.192 59.392
      vertex -4.5 13.3753 58.1992
    endloop
  endfacet
  facet normal -1 -0 0
    outer loop
      vertex -4.5 14.192 59.392
      vertex -4.5 13.2021 58.4021
      vertex -4.5 13.8221 59.708
    endloop
  endfacet
  facet normal -1 0 0
    outer loop
      vertex -4.5 12.9992 58.5753
      vertex -4.5 13.8221 59.708
      vertex -4.5 13.2021 58.4021
    endloop
  endfacet
  facet normal -1 -0 0
    outer loop
      vertex -4.5 13.8221 59.708
      vertex -4.5 12.9992 58.5753
      vertex -4.5 13.4074 59.9621
    endloop
  endfacet
  facet normal -1 0 0
    outer loop
      vertex -4.5 12.7718 58.7147
      vertex -4.5 13.4074 59.9621
      vertex -4.5 12.9992 58.5753
    endloop
  endfacet
  facet normal -1 -0 0
    outer loop
      vertex -4.5 13.4074 59.9621
      vertex -4.5 12.7718 58.7147
      vertex -4.5 12.958 60.1483
    endloop
  endfacet
  facet normal -1 0 0
    outer loop
      vertex -4.5 12.5253 58.8168
      vertex -4.5 12.958 60.1483
      vertex -4.5 12.7718 58.7147
    endloop
  endfacet
  facet normal -1 0 0
    outer loop
      vertex -4.5 12.5253 58.8168
      vertex -4.5 12.4849 60.2618
      vertex -4.5 12.958 60.1483
    endloop
  endfacet
  facet normal -1 0 0
    outer loop
      vertex -4.5 12.2659 58.8791
      vertex -4.5 12.4849 60.2618
      vertex -4.5 12.5253 58.8168
    endloop
  endfacet
  facet normal -1 0 0
    outer loop
      vertex -4.5 12 58.9
      vertex -4.5 12.4849 60.2618
      vertex -4.5 12.2659 58.8791
    endloop
  endfacet
  facet normal -1 0 0
    outer loop
      vertex -4.5 12 58.9
      vertex -4.5 12 60.3
      vertex -4.5 12.4849 60.2618
    endloop
  endfacet
  facet normal -1 0 0
    outer loop
      vertex -4.5 11.7341 58.8791
      vertex -4.5 12 60.3
      vertex -4.5 12 58.9
    endloop
  endfacet
  facet normal -1 0 0
    outer loop
      vertex -4.5 11.7341 58.8791
      vertex -4.5 11.5151 60.2618
      vertex -4.5 12 60.3
    endloop
  endfacet
  facet normal -1 0 0
    outer loop
      vertex -4.5 11.4747 58.8168
      vertex -4.5 11.5151 60.2618
      vertex -4.5 11.7341 58.8791
    endloop
  endfacet
  facet normal -1 0 0
    outer loop
      vertex -4.5 11.042 60.1483
      vertex -4.5 11.4747 58.8168
      vertex -4.5 11.2282 58.7147
    endloop
  endfacet
  facet normal -1 0 0
    outer loop
      vertex -4.5 11.4747 58.8168
      vertex -4.5 11.042 60.1483
      vertex -4.5 11.5151 60.2618
    endloop
  endfacet
  facet normal -1 0 0
    outer loop
      vertex -4.5 10.5926 59.9621
      vertex -4.5 11.2282 58.7147
      vertex -4.5 11.0008 58.5753
    endloop
  endfacet
  facet normal -1 0 0
    outer loop
      vertex -4.5 10.1779 59.708
      vertex -4.5 11.0008 58.5753
      vertex -4.5 10.7979 58.4021
    endloop
  endfacet
  facet normal -1 0 0
    outer loop
      vertex -4.5 9.80797 59.392
      vertex -4.5 10.7979 58.4021
      vertex -4.5 10.6247 58.1992
    endloop
  endfacet
  facet normal -1 0 0
    outer loop
      vertex -4.5 11.2282 58.7147
      vertex -4.5 10.5926 59.9621
      vertex -4.5 11.042 60.1483
    endloop
  endfacet
  facet normal -1 0 0
    outer loop
      vertex -4.5 9.49205 59.0221
      vertex -4.5 10.6247 58.1992
      vertex -4.5 10.4853 57.9718
    endloop
  endfacet
  facet normal -1 0 0
    outer loop
      vertex -4.5 9.23788 58.6074
      vertex -4.5 10.4853 57.9718
      vertex -4.5 10.3832 57.7253
    endloop
  endfacet
  facet normal -1 0 0
    outer loop
      vertex -4.5 9.05172 58.158
      vertex -4.5 10.3832 57.7253
      vertex -4.5 10.3209 57.4659
    endloop
  endfacet
  facet normal -1 0 0
    outer loop
      vertex -4.5 11.0008 58.5753
      vertex -4.5 10.1779 59.708
      vertex -4.5 10.5926 59.9621
    endloop
  endfacet
  facet normal -1 0 0
    outer loop
      vertex -4.5 8.93817 57.6849
      vertex -4.5 10.3209 57.4659
      vertex -4.5 10.3 57.2
    endloop
  endfacet
  facet normal -1 -0 0
    outer loop
      vertex -4.5 10.4853 56.4282
      vertex -4.5 9.23788 55.7926
      vertex -4.5 10.3832 56.6747
    endloop
  endfacet
  facet normal -1 0 0
    outer loop
      vertex -4.5 9.05172 56.242
      vertex -4.5 10.3832 56.6747
      vertex -4.5 9.23788 55.7926
    endloop
  endfacet
  facet normal -1 0 0
    outer loop
      vertex -4.5 10.7979 58.4021
      vertex -4.5 9.80797 59.392
      vertex -4.5 10.1779 59.708
    endloop
  endfacet
  facet normal -1 -0 0
    outer loop
      vertex -4.5 10.3832 56.6747
      vertex -4.5 9.05172 56.242
      vertex -4.5 10.3209 56.9341
    endloop
  endfacet
  facet normal -1 0 0
    outer loop
      vertex -4.5 10.6247 58.1992
      vertex -4.5 9.49205 59.0221
      vertex -4.5 9.80797 59.392
    endloop
  endfacet
  facet normal -1 0 0
    outer loop
      vertex -4.5 8.93817 56.7151
      vertex -4.5 10.3209 56.9341
      vertex -4.5 9.05172 56.242
    endloop
  endfacet
  facet normal -1 0 0
    outer loop
      vertex -4.5 10.4853 57.9718
      vertex -4.5 9.23788 58.6074
      vertex -4.5 9.49205 59.0221
    endloop
  endfacet
  facet normal -1 -0 0
    outer loop
      vertex -4.5 10.3209 56.9341
      vertex -4.5 8.93817 56.7151
      vertex -4.5 10.3 57.2
    endloop
  endfacet
  facet normal -1 0 0
    outer loop
      vertex -4.5 10.3832 57.7253
      vertex -4.5 9.05172 58.158
      vertex -4.5 9.23788 58.6074
    endloop
  endfacet
  facet normal -1 0 0
    outer loop
      vertex -4.5 8.9 57.2
      vertex -4.5 10.3 57.2
      vertex -4.5 8.93817 56.7151
    endloop
  endfacet
  facet normal -1 0 0
    outer loop
      vertex -4.5 10.3209 57.4659
      vertex -4.5 8.93817 57.6849
      vertex -4.5 9.05172 58.158
    endloop
  endfacet
  facet normal -1 0 0
    outer loop
      vertex -4.5 10.3 57.2
      vertex -4.5 8.9 57.2
      vertex -4.5 8.93817 57.6849
    endloop
  endfacet
  facet normal 0 -0.382352 0.924017
    outer loop
      vertex -4.5 20.7718 106.985
      vertex -0.5 20.5253 106.883
      vertex -0.5 20.7718 106.985
    endloop
  endfacet
  facet normal 0 -0.382352 0.924017
    outer loop
      vertex -0.5 20.5253 106.883
      vertex -4.5 20.7718 106.985
      vertex -4.5 20.5253 106.883
    endloop
  endfacet
  facet normal 0 0.852148 -0.523301
    outer loop
      vertex -0.5 18.4853 109.272
      vertex -4.5 18.6247 109.499
      vertex -0.5 18.6247 109.499
    endloop
  endfacet
  facet normal 0 0.852148 -0.523301
    outer loop
      vertex -4.5 18.6247 109.499
      vertex -0.5 18.4853 109.272
      vertex -4.5 18.4853 109.272
    endloop
  endfacet
  facet normal 0 -0.924158 0.38201
    outer loop
      vertex -4.5 21.5147 107.728
      vertex -0.5 21.6168 107.975
      vertex -4.5 21.6168 107.975
    endloop
  endfacet
  facet normal 0 -0.924158 0.38201
    outer loop
      vertex -0.5 21.6168 107.975
      vertex -4.5 21.5147 107.728
      vertex -0.5 21.5147 107.728
    endloop
  endfacet
  facet normal 0 0.996927 0.07833
    outer loop
      vertex -0.5 18.3209 108.234
      vertex -4.5 18.3 108.5
      vertex -0.5 18.3 108.5
    endloop
  endfacet
  facet normal 0 0.996927 0.07833
    outer loop
      vertex -4.5 18.3 108.5
      vertex -0.5 18.3209 108.234
      vertex -4.5 18.3209 108.234
    endloop
  endfacet
  facet normal 0 -0.972268 -0.23387
    outer loop
      vertex -4.5 21.6791 108.766
      vertex -0.5 21.6168 109.025
      vertex -4.5 21.6168 109.025
    endloop
  endfacet
  facet normal 0 -0.972268 -0.23387
    outer loop
      vertex -0.5 21.6168 109.025
      vertex -4.5 21.6791 108.766
      vertex -0.5 21.6791 108.766
    endloop
  endfacet
  facet normal 0 -0.0787319 0.996896
    outer loop
      vertex -4.5 20.2659 106.821
      vertex -0.5 20 106.8
      vertex -0.5 20.2659 106.821
    endloop
  endfacet
  facet normal 0 -0.0787319 0.996896
    outer loop
      vertex -0.5 20 106.8
      vertex -4.5 20.2659 106.821
      vertex -4.5 20 106.8
    endloop
  endfacet
  facet normal 0 -0.524265 0.851555
    outer loop
      vertex -4.5 20.9992 107.125
      vertex -0.5 20.7718 106.985
      vertex -0.5 20.9992 107.125
    endloop
  endfacet
  facet normal 0 -0.524265 0.851555
    outer loop
      vertex -0.5 20.7718 106.985
      vertex -4.5 20.9992 107.125
      vertex -4.5 20.7718 106.985
    endloop
  endfacet
  facet normal 0 0.924158 0.38201
    outer loop
      vertex -0.5 18.4853 107.728
      vertex -4.5 18.3832 107.975
      vertex -0.5 18.3832 107.975
    endloop
  endfacet
  facet normal 0 0.924158 0.38201
    outer loop
      vertex -4.5 18.3832 107.975
      vertex -0.5 18.4853 107.728
      vertex -4.5 18.4853 107.728
    endloop
  endfacet
  facet normal -0 0.0787319 0.996896
    outer loop
      vertex -4.5 20 106.8
      vertex -0.5 19.7341 106.821
      vertex -0.5 20 106.8
    endloop
  endfacet
  facet normal 0 0.0787319 0.996896
    outer loop
      vertex -0.5 19.7341 106.821
      vertex -4.5 20 106.8
      vertex -4.5 19.7341 106.821
    endloop
  endfacet
  facet normal 0 -0.972268 0.23387
    outer loop
      vertex -4.5 21.6168 107.975
      vertex -0.5 21.6791 108.234
      vertex -4.5 21.6791 108.234
    endloop
  endfacet
  facet normal 0 -0.972268 0.23387
    outer loop
      vertex -0.5 21.6791 108.234
      vertex -4.5 21.6168 107.975
      vertex -0.5 21.6168 107.975
    endloop
  endfacet
  facet normal -0 0.232465 0.972605
    outer loop
      vertex -4.5 19.7341 106.821
      vertex -0.5 19.4747 106.883
      vertex -0.5 19.7341 106.821
    endloop
  endfacet
  facet normal 0 0.232465 0.972605
    outer loop
      vertex -0.5 19.4747 106.883
      vertex -4.5 19.7341 106.821
      vertex -4.5 19.4747 106.883
    endloop
  endfacet
  facet normal 0 0.996927 -0.07833
    outer loop
      vertex -0.5 18.3 108.5
      vertex -4.5 18.3209 108.766
      vertex -0.5 18.3209 108.766
    endloop
  endfacet
  facet normal 0 0.996927 -0.07833
    outer loop
      vertex -4.5 18.3209 108.766
      vertex -0.5 18.3 108.5
      vertex -4.5 18.3 108.5
    endloop
  endfacet
  facet normal 0 0.972268 -0.23387
    outer loop
      vertex -0.5 18.3209 108.766
      vertex -4.5 18.3832 109.025
      vertex -0.5 18.3832 109.025
    endloop
  endfacet
  facet normal 0 0.972268 -0.23387
    outer loop
      vertex -4.5 18.3832 109.025
      vertex -0.5 18.3209 108.766
      vertex -4.5 18.3209 108.766
    endloop
  endfacet
  facet normal 0 -0.648813 0.760948
    outer loop
      vertex -4.5 21.2021 107.298
      vertex -0.5 20.9992 107.125
      vertex -0.5 21.2021 107.298
    endloop
  endfacet
  facet normal 0 -0.648813 0.760948
    outer loop
      vertex -0.5 20.9992 107.125
      vertex -4.5 21.2021 107.298
      vertex -4.5 20.9992 107.125
    endloop
  endfacet
  facet normal 0 -0.232465 0.972605
    outer loop
      vertex -4.5 20.5253 106.883
      vertex -0.5 20.2659 106.821
      vertex -0.5 20.5253 106.883
    endloop
  endfacet
  facet normal 0 -0.232465 0.972605
    outer loop
      vertex -0.5 20.2659 106.821
      vertex -4.5 20.5253 106.883
      vertex -4.5 20.2659 106.821
    endloop
  endfacet
  facet normal 0 0.972268 0.23387
    outer loop
      vertex -0.5 18.3832 107.975
      vertex -4.5 18.3209 108.234
      vertex -0.5 18.3209 108.234
    endloop
  endfacet
  facet normal 0 0.972268 0.23387
    outer loop
      vertex -4.5 18.3209 108.234
      vertex -0.5 18.3832 107.975
      vertex -4.5 18.3832 107.975
    endloop
  endfacet
  facet normal 0 -0.924158 -0.38201
    outer loop
      vertex -4.5 21.6168 109.025
      vertex -0.5 21.5147 109.272
      vertex -4.5 21.5147 109.272
    endloop
  endfacet
  facet normal 0 -0.924158 -0.38201
    outer loop
      vertex -0.5 21.5147 109.272
      vertex -4.5 21.6168 109.025
      vertex -0.5 21.6168 109.025
    endloop
  endfacet
  facet normal 0 -0.996927 0.07833
    outer loop
      vertex -4.5 21.6791 108.234
      vertex -0.5 21.7 108.5
      vertex -4.5 21.7 108.5
    endloop
  endfacet
  facet normal 0 -0.996927 0.07833
    outer loop
      vertex -0.5 21.7 108.5
      vertex -4.5 21.6791 108.234
      vertex -0.5 21.6791 108.234
    endloop
  endfacet
  facet normal 0 0.648813 -0.760948
    outer loop
      vertex -4.5 18.7979 109.702
      vertex -0.5 19.0008 109.875
      vertex -0.5 18.7979 109.702
    endloop
  endfacet
  facet normal 0 0.648813 -0.760948
    outer loop
      vertex -0.5 19.0008 109.875
      vertex -4.5 18.7979 109.702
      vertex -4.5 19.0008 109.875
    endloop
  endfacet
  facet normal -0 0.524265 0.851555
    outer loop
      vertex -4.5 19.2282 106.985
      vertex -0.5 19.0008 107.125
      vertex -0.5 19.2282 106.985
    endloop
  endfacet
  facet normal 0 0.524265 0.851555
    outer loop
      vertex -0.5 19.0008 107.125
      vertex -4.5 19.2282 106.985
      vertex -4.5 19.0008 107.125
    endloop
  endfacet
  facet normal 0 -0.760736 0.649061
    outer loop
      vertex -4.5 21.2021 107.298
      vertex -0.5 21.3753 107.501
      vertex -4.5 21.3753 107.501
    endloop
  endfacet
  facet normal 0 -0.760736 0.649061
    outer loop
      vertex -0.5 21.3753 107.501
      vertex -4.5 21.2021 107.298
      vertex -0.5 21.2021 107.298
    endloop
  endfacet
  facet normal 0 0.523583 -0.851975
    outer loop
      vertex -4.5 19.0008 109.875
      vertex -0.5 19.2042 110
      vertex -0.5 19.0008 109.875
    endloop
  endfacet
  facet normal 0 0.523583 -0.851975
    outer loop
      vertex -0.5 19.2042 110
      vertex -4.5 19.0008 109.875
      vertex -4.5 19.2042 110
    endloop
  endfacet
  facet normal 0 -0.852148 0.523301
    outer loop
      vertex -4.5 21.3753 107.501
      vertex -0.5 21.5147 107.728
      vertex -4.5 21.5147 107.728
    endloop
  endfacet
  facet normal 0 -0.852148 0.523301
    outer loop
      vertex -0.5 21.5147 107.728
      vertex -4.5 21.3753 107.501
      vertex -0.5 21.3753 107.501
    endloop
  endfacet
  facet normal 0 -0.996927 -0.07833
    outer loop
      vertex -4.5 21.7 108.5
      vertex -0.5 21.6791 108.766
      vertex -4.5 21.6791 108.766
    endloop
  endfacet
  facet normal 0 -0.996927 -0.07833
    outer loop
      vertex -0.5 21.6791 108.766
      vertex -4.5 21.7 108.5
      vertex -0.5 21.7 108.5
    endloop
  endfacet
  facet normal 0 0.760736 -0.649061
    outer loop
      vertex -0.5 18.6247 109.499
      vertex -4.5 18.7979 109.702
      vertex -0.5 18.7979 109.702
    endloop
  endfacet
  facet normal 0 0.760736 -0.649061
    outer loop
      vertex -4.5 18.7979 109.702
      vertex -0.5 18.6247 109.499
      vertex -4.5 18.6247 109.499
    endloop
  endfacet
  facet normal -0 0.648813 0.760948
    outer loop
      vertex -4.5 19.0008 107.125
      vertex -0.5 18.7979 107.298
      vertex -0.5 19.0008 107.125
    endloop
  endfacet
  facet normal 0 0.648813 0.760948
    outer loop
      vertex -0.5 18.7979 107.298
      vertex -4.5 19.0008 107.125
      vertex -4.5 18.7979 107.298
    endloop
  endfacet
  facet normal 0 -0.648813 -0.760948
    outer loop
      vertex -4.5 20.9992 109.875
      vertex -0.5 21.2021 109.702
      vertex -0.5 20.9992 109.875
    endloop
  endfacet
  facet normal -0 -0.648813 -0.760948
    outer loop
      vertex -0.5 21.2021 109.702
      vertex -4.5 20.9992 109.875
      vertex -4.5 21.2021 109.702
    endloop
  endfacet
  facet normal 0 -0.852148 -0.523301
    outer loop
      vertex -4.5 21.5147 109.272
      vertex -0.5 21.3753 109.499
      vertex -4.5 21.3753 109.499
    endloop
  endfacet
  facet normal 0 -0.852148 -0.523301
    outer loop
      vertex -0.5 21.3753 109.499
      vertex -4.5 21.5147 109.272
      vertex -0.5 21.5147 109.272
    endloop
  endfacet
  facet normal 0 0.852148 0.523301
    outer loop
      vertex -0.5 18.6247 107.501
      vertex -4.5 18.4853 107.728
      vertex -0.5 18.4853 107.728
    endloop
  endfacet
  facet normal 0 0.852148 0.523301
    outer loop
      vertex -4.5 18.4853 107.728
      vertex -0.5 18.6247 107.501
      vertex -4.5 18.6247 107.501
    endloop
  endfacet
  facet normal 0 0.924158 -0.38201
    outer loop
      vertex -0.5 18.3832 109.025
      vertex -4.5 18.4853 109.272
      vertex -0.5 18.4853 109.272
    endloop
  endfacet
  facet normal 0 0.924158 -0.38201
    outer loop
      vertex -4.5 18.4853 109.272
      vertex -0.5 18.3832 109.025
      vertex -4.5 18.3832 109.025
    endloop
  endfacet
  facet normal -0 0.382352 0.924017
    outer loop
      vertex -4.5 19.4747 106.883
      vertex -0.5 19.2282 106.985
      vertex -0.5 19.4747 106.883
    endloop
  endfacet
  facet normal 0 0.382352 0.924017
    outer loop
      vertex -0.5 19.2282 106.985
      vertex -4.5 19.4747 106.883
      vertex -4.5 19.2282 106.985
    endloop
  endfacet
  facet normal 0 0.760736 0.649061
    outer loop
      vertex -0.5 18.7979 107.298
      vertex -4.5 18.6247 107.501
      vertex -0.5 18.6247 107.501
    endloop
  endfacet
  facet normal 0 0.760736 0.649061
    outer loop
      vertex -4.5 18.6247 107.501
      vertex -0.5 18.7979 107.298
      vertex -4.5 18.7979 107.298
    endloop
  endfacet
  facet normal 0 -0.523583 -0.851975
    outer loop
      vertex -4.5 20.7958 110
      vertex -0.5 20.9992 109.875
      vertex -0.5 20.7958 110
    endloop
  endfacet
  facet normal -0 -0.523583 -0.851975
    outer loop
      vertex -0.5 20.9992 109.875
      vertex -4.5 20.7958 110
      vertex -4.5 20.9992 109.875
    endloop
  endfacet
  facet normal 0 -0.760736 -0.649061
    outer loop
      vertex -4.5 21.3753 109.499
      vertex -0.5 21.2021 109.702
      vertex -4.5 21.2021 109.702
    endloop
  endfacet
  facet normal 0 -0.760736 -0.649061
    outer loop
      vertex -0.5 21.2021 109.702
      vertex -4.5 21.3753 109.499
      vertex -0.5 21.3753 109.499
    endloop
  endfacet
  facet normal -0 0.234259 0.972174
    outer loop
      vertex -6.5 19.5151 105.438
      vertex -4.5 19.042 105.552
      vertex -4.5 19.5151 105.438
    endloop
  endfacet
  facet normal 0 0.234259 0.972174
    outer loop
      vertex -4.5 19.042 105.552
      vertex -6.5 19.5151 105.438
      vertex -6.5 19.042 105.552
    endloop
  endfacet
  facet normal 0 -0.923721 0.383066
    outer loop
      vertex -6.5 22.7621 107.093
      vertex -4.5 22.9483 107.542
      vertex -6.5 22.9483 107.542
    endloop
  endfacet
  facet normal 0 -0.923721 0.383066
    outer loop
      vertex -4.5 22.9483 107.542
      vertex -6.5 22.7621 107.093
      vertex -4.5 22.7621 107.093
    endloop
  endfacet
  facet normal -0 0.0781271 0.996943
    outer loop
      vertex -6.5 20 105.4
      vertex -4.5 19.5151 105.438
      vertex -4.5 20 105.4
    endloop
  endfacet
  facet normal 0 0.0781271 0.996943
    outer loop
      vertex -4.5 19.5151 105.438
      vertex -6.5 20 105.4
      vertex -6.5 19.5151 105.438
    endloop
  endfacet
  facet normal 0 -0.0781271 0.996943
    outer loop
      vertex -6.5 20.4849 105.438
      vertex -4.5 20 105.4
      vertex -4.5 20.4849 105.438
    endloop
  endfacet
  facet normal 0 -0.0781271 0.996943
    outer loop
      vertex -4.5 20 105.4
      vertex -6.5 20.4849 105.438
      vertex -6.5 20 105.4
    endloop
  endfacet
  facet normal 0 -0.996913 0.0785197
    outer loop
      vertex -6.5 23.0618 108.015
      vertex -4.5 23.1 108.5
      vertex -6.5 23.1 108.5
    endloop
  endfacet
  facet normal 0 -0.996913 0.0785197
    outer loop
      vertex -4.5 23.1 108.5
      vertex -6.5 23.0618 108.015
      vertex -4.5 23.0618 108.015
    endloop
  endfacet
  facet normal 0 -0.760416 0.649436
    outer loop
      vertex -6.5 22.192 106.308
      vertex -4.5 22.508 106.678
      vertex -6.5 22.508 106.678
    endloop
  endfacet
  facet normal 0 -0.760416 0.649436
    outer loop
      vertex -4.5 22.508 106.678
      vertex -6.5 22.192 106.308
      vertex -4.5 22.192 106.308
    endloop
  endfacet
  facet normal -0 0.522306 0.852758
    outer loop
      vertex -6.5 18.5926 105.738
      vertex -4.5 18.1779 105.992
      vertex -4.5 18.5926 105.738
    endloop
  endfacet
  facet normal 0 0.522306 0.852758
    outer loop
      vertex -4.5 18.1779 105.992
      vertex -6.5 18.5926 105.738
      vertex -6.5 18.1779 105.992
    endloop
  endfacet
  facet normal 0 0.923721 0.383066
    outer loop
      vertex -4.5 17.2379 107.093
      vertex -6.5 17.0517 107.542
      vertex -4.5 17.0517 107.542
    endloop
  endfacet
  facet normal 0 0.923721 0.383066
    outer loop
      vertex -6.5 17.0517 107.542
      vertex -4.5 17.2379 107.093
      vertex -6.5 17.2379 107.093
    endloop
  endfacet
  facet normal 0 0.853826 -0.520558
    outer loop
      vertex -4.5 17.2379 109.907
      vertex -6.5 17.2946 110
      vertex -4.5 17.2946 110
    endloop
  endfacet
  facet normal 0 0.853826 -0.520558
    outer loop
      vertex -6.5 17.2946 110
      vertex -4.5 17.2379 109.907
      vertex -6.5 17.2379 109.907
    endloop
  endfacet
  facet normal 0 -0.972397 0.233334
    outer loop
      vertex -6.5 22.9483 107.542
      vertex -4.5 23.0618 108.015
      vertex -6.5 23.0618 108.015
    endloop
  endfacet
  facet normal 0 -0.972397 0.233334
    outer loop
      vertex -4.5 23.0618 108.015
      vertex -6.5 22.9483 107.542
      vertex -4.5 22.9483 107.542
    endloop
  endfacet
  facet normal 0 -0.234259 0.972174
    outer loop
      vertex -6.5 20.958 105.552
      vertex -4.5 20.4849 105.438
      vertex -4.5 20.958 105.552
    endloop
  endfacet
  facet normal 0 -0.234259 0.972174
    outer loop
      vertex -4.5 20.4849 105.438
      vertex -6.5 20.958 105.552
      vertex -6.5 20.4849 105.438
    endloop
  endfacet
  facet normal 0 0.996913 -0.0785197
    outer loop
      vertex -4.5 16.9 108.5
      vertex -6.5 16.9382 108.985
      vertex -4.5 16.9382 108.985
    endloop
  endfacet
  facet normal 0 0.996913 -0.0785197
    outer loop
      vertex -6.5 16.9382 108.985
      vertex -4.5 16.9 108.5
      vertex -6.5 16.9 108.5
    endloop
  endfacet
  facet normal -1 0 0
    outer loop
      vertex -4.5 23.0618 108.015
      vertex -4.5 21.6791 108.234
      vertex -4.5 21.7 108.5
    endloop
  endfacet
  facet normal -1 0 0
    outer loop
      vertex -4.5 22.192 106.308
      vertex -4.5 21.6168 107.975
      vertex -4.5 21.6791 108.234
    endloop
  endfacet
  facet normal -1 0 0
    outer loop
      vertex -4.5 22.192 106.308
      vertex -4.5 21.5147 107.728
      vertex -4.5 21.6168 107.975
    endloop
  endfacet
  facet normal -1 0 0
    outer loop
      vertex -4.5 20.9992 107.125
      vertex -4.5 21.8221 105.992
      vertex -4.5 21.4074 105.738
    endloop
  endfacet
  facet normal -1 0 0
    outer loop
      vertex -4.5 22.192 106.308
      vertex -4.5 21.3753 107.501
      vertex -4.5 21.5147 107.728
    endloop
  endfacet
  facet normal -1 0 0
    outer loop
      vertex -4.5 22.192 106.308
      vertex -4.5 21.2021 107.298
      vertex -4.5 21.3753 107.501
    endloop
  endfacet
  facet normal -1 0 0
    outer loop
      vertex -4.5 21.8221 105.992
      vertex -4.5 20.9992 107.125
      vertex -4.5 21.2021 107.298
    endloop
  endfacet
  facet normal -1 0 0
    outer loop
      vertex -4.5 20.7718 106.985
      vertex -4.5 21.4074 105.738
      vertex -4.5 20.958 105.552
    endloop
  endfacet
  facet normal -1 0 0
    outer loop
      vertex -4.5 21.4074 105.738
      vertex -4.5 20.7718 106.985
      vertex -4.5 20.9992 107.125
    endloop
  endfacet
  facet normal -1 0 0
    outer loop
      vertex -4.5 20.958 105.552
      vertex -4.5 20.5253 106.883
      vertex -4.5 20.7718 106.985
    endloop
  endfacet
  facet normal -1 0 0
    outer loop
      vertex -4.5 20.4849 105.438
      vertex -4.5 20.5253 106.883
      vertex -4.5 20.958 105.552
    endloop
  endfacet
  facet normal -1 0 0
    outer loop
      vertex -4.5 20.4849 105.438
      vertex -4.5 20.2659 106.821
      vertex -4.5 20.5253 106.883
    endloop
  endfacet
  facet normal -1 0 0
    outer loop
      vertex -4.5 20 105.4
      vertex -4.5 20.2659 106.821
      vertex -4.5 20.4849 105.438
    endloop
  endfacet
  facet normal -1 0 0
    outer loop
      vertex -4.5 20 105.4
      vertex -4.5 20 106.8
      vertex -4.5 20.2659 106.821
    endloop
  endfacet
  facet normal -1 0 0
    outer loop
      vertex -4.5 20 105.4
      vertex -4.5 19.7341 106.821
      vertex -4.5 20 106.8
    endloop
  endfacet
  facet normal -1 0 0
    outer loop
      vertex -4.5 19.5151 105.438
      vertex -4.5 19.7341 106.821
      vertex -4.5 20 105.4
    endloop
  endfacet
  facet normal -1 0 0
    outer loop
      vertex -4.5 19.5151 105.438
      vertex -4.5 19.4747 106.883
      vertex -4.5 19.7341 106.821
    endloop
  endfacet
  facet normal -1 0 0
    outer loop
      vertex -4.5 19.042 105.552
      vertex -4.5 19.4747 106.883
      vertex -4.5 19.5151 105.438
    endloop
  endfacet
  facet normal -1 -0 0
    outer loop
      vertex -4.5 19.4747 106.883
      vertex -4.5 19.042 105.552
      vertex -4.5 19.2282 106.985
    endloop
  endfacet
  facet normal -1 0 0
    outer loop
      vertex -4.5 18.5926 105.738
      vertex -4.5 19.2282 106.985
      vertex -4.5 19.042 105.552
    endloop
  endfacet
  facet normal -1 -0 0
    outer loop
      vertex -4.5 19.2282 106.985
      vertex -4.5 18.5926 105.738
      vertex -4.5 19.0008 107.125
    endloop
  endfacet
  facet normal -1 0 0
    outer loop
      vertex -4.5 18.1779 105.992
      vertex -4.5 19.0008 107.125
      vertex -4.5 18.5926 105.738
    endloop
  endfacet
  facet normal -1 -0 0
    outer loop
      vertex -4.5 19.0008 107.125
      vertex -4.5 18.1779 105.992
      vertex -4.5 18.7979 107.298
    endloop
  endfacet
  facet normal -1 0 0
    outer loop
      vertex -4.5 17.808 106.308
      vertex -4.5 18.7979 107.298
      vertex -4.5 18.1779 105.992
    endloop
  endfacet
  facet normal -1 -0 0
    outer loop
      vertex -4.5 18.7979 107.298
      vertex -4.5 17.808 106.308
      vertex -4.5 18.6247 107.501
    endloop
  endfacet
  facet normal -1 0 0
    outer loop
      vertex -4.5 17.492 106.678
      vertex -4.5 18.6247 107.501
      vertex -4.5 17.808 106.308
    endloop
  endfacet
  facet normal -1 0 0
    outer loop
      vertex -4.5 17.2379 107.093
      vertex -4.5 18.4853 107.728
      vertex -4.5 17.492 106.678
    endloop
  endfacet
  facet normal -1 -0 0
    outer loop
      vertex -4.5 18.6247 107.501
      vertex -4.5 17.492 106.678
      vertex -4.5 18.4853 107.728
    endloop
  endfacet
  facet normal -1 0 0
    outer loop
      vertex -4.5 21.7 108.5
      vertex -4.5 23.1 108.5
      vertex -4.5 23.0618 108.015
    endloop
  endfacet
  facet normal -1 0 0
    outer loop
      vertex -4.5 21.6791 108.234
      vertex -4.5 23.0618 108.015
      vertex -4.5 22.9483 107.542
    endloop
  endfacet
  facet normal -1 0 0
    outer loop
      vertex -4.5 23.1 108.5
      vertex -4.5 21.7 108.5
      vertex -4.5 23.0618 108.985
    endloop
  endfacet
  facet normal -1 0 0
    outer loop
      vertex -4.5 21.6791 108.234
      vertex -4.5 22.9483 107.542
      vertex -4.5 22.7621 107.093
    endloop
  endfacet
  facet normal -1 0 0
    outer loop
      vertex -4.5 21.6791 108.766
      vertex -4.5 23.0618 108.985
      vertex -4.5 21.7 108.5
    endloop
  endfacet
  facet normal -1 -0 0
    outer loop
      vertex -4.5 23.0618 108.985
      vertex -4.5 21.6791 108.766
      vertex -4.5 22.9483 109.458
    endloop
  endfacet
  facet normal -1 0 0
    outer loop
      vertex -4.5 21.6791 108.234
      vertex -4.5 22.7621 107.093
      vertex -4.5 22.508 106.678
    endloop
  endfacet
  facet normal -1 0 0
    outer loop
      vertex -4.5 21.6791 108.234
      vertex -4.5 22.508 106.678
      vertex -4.5 22.192 106.308
    endloop
  endfacet
  facet normal -1 0 0
    outer loop
      vertex -4.5 21.2021 107.298
      vertex -4.5 22.192 106.308
      vertex -4.5 21.8221 105.992
    endloop
  endfacet
  facet normal -1 0 0
    outer loop
      vertex -4.5 21.6168 109.025
      vertex -4.5 22.9483 109.458
      vertex -4.5 21.6791 108.766
    endloop
  endfacet
  facet normal -1 -0 0
    outer loop
      vertex -4.5 22.9483 109.458
      vertex -4.5 21.6168 109.025
      vertex -4.5 22.7621 109.907
    endloop
  endfacet
  facet normal -1 0 0
    outer loop
      vertex -4.5 21.5147 109.272
      vertex -4.5 22.7621 109.907
      vertex -4.5 21.6168 109.025
    endloop
  endfacet
  facet normal -1 -0 0
    outer loop
      vertex -4.5 22.7621 109.907
      vertex -4.5 21.5147 109.272
      vertex -4.5 22.7054 110
    endloop
  endfacet
  facet normal -1 0 0
    outer loop
      vertex -4.5 21.3753 109.499
      vertex -4.5 22.7054 110
      vertex -4.5 21.5147 109.272
    endloop
  endfacet
  facet normal -1 0 0
    outer loop
      vertex -4.5 21.2021 109.702
      vertex -4.5 22.7054 110
      vertex -4.5 21.3753 109.499
    endloop
  endfacet
  facet normal -1 0 0
    outer loop
      vertex -4.5 20.9992 109.875
      vertex -4.5 22.7054 110
      vertex -4.5 21.2021 109.702
    endloop
  endfacet
  facet normal -1 -0 0
    outer loop
      vertex -4.5 22.7054 110
      vertex -4.5 20.9992 109.875
      vertex -4.5 20.7958 110
    endloop
  endfacet
  facet normal -1 -0 0
    outer loop
      vertex -4.5 18.4853 107.728
      vertex -4.5 17.2379 107.093
      vertex -4.5 18.3832 107.975
    endloop
  endfacet
  facet normal -1 0 0
    outer loop
      vertex -4.5 17.0517 107.542
      vertex -4.5 18.3832 107.975
      vertex -4.5 17.2379 107.093
    endloop
  endfacet
  facet normal -1 -0 0
    outer loop
      vertex -4.5 18.3832 107.975
      vertex -4.5 17.0517 107.542
      vertex -4.5 18.3209 108.234
    endloop
  endfacet
  facet normal -1 0 0
    outer loop
      vertex -4.5 16.9382 108.015
      vertex -4.5 18.3209 108.234
      vertex -4.5 17.0517 107.542
    endloop
  endfacet
  facet normal -1 0 0
    outer loop
      vertex -4.5 19.0008 109.875
      vertex -4.5 17.2946 110
      vertex -4.5 19.2042 110
    endloop
  endfacet
  facet normal -1 0 0
    outer loop
      vertex -4.5 18.7979 109.702
      vertex -4.5 17.2946 110
      vertex -4.5 19.0008 109.875
    endloop
  endfacet
  facet normal -1 0 0
    outer loop
      vertex -4.5 18.6247 109.499
      vertex -4.5 17.2946 110
      vertex -4.5 18.7979 109.702
    endloop
  endfacet
  facet normal -1 0 0
    outer loop
      vertex -4.5 18.4853 109.272
      vertex -4.5 17.2946 110
      vertex -4.5 18.6247 109.499
    endloop
  endfacet
  facet normal -1 0 0
    outer loop
      vertex -4.5 17.2379 109.907
      vertex -4.5 18.4853 109.272
      vertex -4.5 18.3832 109.025
    endloop
  endfacet
  facet normal -1 -0 0
    outer loop
      vertex -4.5 18.3209 108.234
      vertex -4.5 16.9382 108.015
      vertex -4.5 18.3 108.5
    endloop
  endfacet
  facet normal -1 0 0
    outer loop
      vertex -4.5 16.9 108.5
      vertex -4.5 18.3 108.5
      vertex -4.5 16.9382 108.015
    endloop
  endfacet
  facet normal -1 0 0
    outer loop
      vertex -4.5 18.3 108.5
      vertex -4.5 16.9 108.5
      vertex -4.5 18.3209 108.766
    endloop
  endfacet
  facet normal -1 0 -0
    outer loop
      vertex -4.5 17.2379 109.907
      vertex -4.5 18.3832 109.025
      vertex -4.5 17.0517 109.458
    endloop
  endfacet
  facet normal -1 0 0
    outer loop
      vertex -4.5 18.4853 109.272
      vertex -4.5 17.2379 109.907
      vertex -4.5 17.2946 110
    endloop
  endfacet
  facet normal -1 0 -0
    outer loop
      vertex -4.5 16.9382 108.985
      vertex -4.5 18.3209 108.766
      vertex -4.5 16.9 108.5
    endloop
  endfacet
  facet normal -1 -0 0
    outer loop
      vertex -4.5 18.3832 109.025
      vertex -4.5 16.9382 108.985
      vertex -4.5 17.0517 109.458
    endloop
  endfacet
  facet normal -1 0 0
    outer loop
      vertex -4.5 18.3209 108.766
      vertex -4.5 16.9382 108.985
      vertex -4.5 18.3832 109.025
    endloop
  endfacet
  facet normal 0 -0.522306 0.852758
    outer loop
      vertex -6.5 21.8221 105.992
      vertex -4.5 21.4074 105.738
      vertex -4.5 21.8221 105.992
    endloop
  endfacet
  facet normal 0 -0.522306 0.852758
    outer loop
      vertex -4.5 21.4074 105.738
      vertex -6.5 21.8221 105.992
      vertex -6.5 21.4074 105.738
    endloop
  endfacet
  facet normal 0 -0.923721 -0.383066
    outer loop
      vertex -6.5 22.9483 109.458
      vertex -4.5 22.7621 109.907
      vertex -6.5 22.7621 109.907
    endloop
  endfacet
  facet normal 0 -0.923721 -0.383066
    outer loop
      vertex -4.5 22.7621 109.907
      vertex -6.5 22.9483 109.458
      vertex -4.5 22.9483 109.458
    endloop
  endfacet
  facet normal 0 -0.649538 0.760329
    outer loop
      vertex -6.5 22.192 106.308
      vertex -4.5 21.8221 105.992
      vertex -4.5 22.192 106.308
    endloop
  endfacet
  facet normal 0 -0.649538 0.760329
    outer loop
      vertex -4.5 21.8221 105.992
      vertex -6.5 22.192 106.308
      vertex -6.5 21.8221 105.992
    endloop
  endfacet
  facet normal 0 0.972397 0.233334
    outer loop
      vertex -4.5 17.0517 107.542
      vertex -6.5 16.9382 108.015
      vertex -4.5 16.9382 108.015
    endloop
  endfacet
  facet normal 0 0.972397 0.233334
    outer loop
      vertex -6.5 16.9382 108.015
      vertex -4.5 17.0517 107.542
      vertex -6.5 17.0517 107.542
    endloop
  endfacet
  facet normal 0 -0.852834 0.522181
    outer loop
      vertex -6.5 22.508 106.678
      vertex -4.5 22.7621 107.093
      vertex -6.5 22.7621 107.093
    endloop
  endfacet
  facet normal 0 -0.852834 0.522181
    outer loop
      vertex -4.5 22.7621 107.093
      vertex -6.5 22.508 106.678
      vertex -4.5 22.508 106.678
    endloop
  endfacet
  facet normal 0 0.852834 0.522181
    outer loop
      vertex -4.5 17.492 106.678
      vertex -6.5 17.2379 107.093
      vertex -4.5 17.2379 107.093
    endloop
  endfacet
  facet normal 0 0.852834 0.522181
    outer loop
      vertex -6.5 17.2379 107.093
      vertex -4.5 17.492 106.678
      vertex -6.5 17.492 106.678
    endloop
  endfacet
  facet normal 0 -0.853826 -0.520558
    outer loop
      vertex -6.5 22.7621 109.907
      vertex -4.5 22.7054 110
      vertex -6.5 22.7054 110
    endloop
  endfacet
  facet normal 0 -0.853826 -0.520558
    outer loop
      vertex -4.5 22.7054 110
      vertex -6.5 22.7621 109.907
      vertex -4.5 22.7621 109.907
    endloop
  endfacet
  facet normal 0 -0.972397 -0.233334
    outer loop
      vertex -6.5 23.0618 108.985
      vertex -4.5 22.9483 109.458
      vertex -6.5 22.9483 109.458
    endloop
  endfacet
  facet normal 0 -0.972397 -0.233334
    outer loop
      vertex -4.5 22.9483 109.458
      vertex -6.5 23.0618 108.985
      vertex -4.5 23.0618 108.985
    endloop
  endfacet
  facet normal -0 0.382424 0.923987
    outer loop
      vertex -6.5 19.042 105.552
      vertex -4.5 18.5926 105.738
      vertex -4.5 19.042 105.552
    endloop
  endfacet
  facet normal 0 0.382424 0.923987
    outer loop
      vertex -4.5 18.5926 105.738
      vertex -6.5 19.042 105.552
      vertex -6.5 18.5926 105.738
    endloop
  endfacet
  facet normal -0 0.649538 0.760329
    outer loop
      vertex -6.5 18.1779 105.992
      vertex -4.5 17.808 106.308
      vertex -4.5 18.1779 105.992
    endloop
  endfacet
  facet normal 0 0.649538 0.760329
    outer loop
      vertex -4.5 17.808 106.308
      vertex -6.5 18.1779 105.992
      vertex -6.5 17.808 106.308
    endloop
  endfacet
  facet normal 0 0.760416 0.649436
    outer loop
      vertex -4.5 17.808 106.308
      vertex -6.5 17.492 106.678
      vertex -4.5 17.492 106.678
    endloop
  endfacet
  facet normal 0 0.760416 0.649436
    outer loop
      vertex -6.5 17.492 106.678
      vertex -4.5 17.808 106.308
      vertex -6.5 17.808 106.308
    endloop
  endfacet
  facet normal 0 0.923721 -0.383066
    outer loop
      vertex -4.5 17.0517 109.458
      vertex -6.5 17.2379 109.907
      vertex -4.5 17.2379 109.907
    endloop
  endfacet
  facet normal 0 0.923721 -0.383066
    outer loop
      vertex -6.5 17.2379 109.907
      vertex -4.5 17.0517 109.458
      vertex -6.5 17.0517 109.458
    endloop
  endfacet
  facet normal 0 -0.382424 0.923987
    outer loop
      vertex -6.5 21.4074 105.738
      vertex -4.5 20.958 105.552
      vertex -4.5 21.4074 105.738
    endloop
  endfacet
  facet normal 0 -0.382424 0.923987
    outer loop
      vertex -4.5 20.958 105.552
      vertex -6.5 21.4074 105.738
      vertex -6.5 20.958 105.552
    endloop
  endfacet
  facet normal 0 0.972397 -0.233334
    outer loop
      vertex -4.5 16.9382 108.985
      vertex -6.5 17.0517 109.458
      vertex -4.5 17.0517 109.458
    endloop
  endfacet
  facet normal 0 0.972397 -0.233334
    outer loop
      vertex -6.5 17.0517 109.458
      vertex -4.5 16.9382 108.985
      vertex -6.5 16.9382 108.985
    endloop
  endfacet
  facet normal 0 -0.996913 -0.0785197
    outer loop
      vertex -6.5 23.1 108.5
      vertex -4.5 23.0618 108.985
      vertex -6.5 23.0618 108.985
    endloop
  endfacet
  facet normal 0 -0.996913 -0.0785197
    outer loop
      vertex -4.5 23.0618 108.985
      vertex -6.5 23.1 108.5
      vertex -4.5 23.1 108.5
    endloop
  endfacet
  facet normal 0 0.996913 0.0785197
    outer loop
      vertex -4.5 16.9382 108.015
      vertex -6.5 16.9 108.5
      vertex -4.5 16.9 108.5
    endloop
  endfacet
  facet normal 0 0.996913 0.0785197
    outer loop
      vertex -6.5 16.9 108.5
      vertex -4.5 16.9382 108.015
      vertex -6.5 16.9382 108.015
    endloop
  endfacet
  facet normal 0 -0.382352 0.924017
    outer loop
      vertex -4.5 59.9718 106.985
      vertex -0.5 59.7253 106.883
      vertex -0.5 59.9718 106.985
    endloop
  endfacet
  facet normal 0 -0.382352 0.924017
    outer loop
      vertex -0.5 59.7253 106.883
      vertex -4.5 59.9718 106.985
      vertex -4.5 59.7253 106.883
    endloop
  endfacet
  facet normal 0 -0.924158 0.38201
    outer loop
      vertex -4.5 60.7147 107.728
      vertex -0.5 60.8168 107.975
      vertex -4.5 60.8168 107.975
    endloop
  endfacet
  facet normal 0 -0.924158 0.38201
    outer loop
      vertex -0.5 60.8168 107.975
      vertex -4.5 60.7147 107.728
      vertex -0.5 60.7147 107.728
    endloop
  endfacet
  facet normal 0 -0.996927 -0.07833
    outer loop
      vertex -4.5 60.9 108.5
      vertex -0.5 60.8791 108.766
      vertex -4.5 60.8791 108.766
    endloop
  endfacet
  facet normal 0 -0.996927 -0.07833
    outer loop
      vertex -0.5 60.8791 108.766
      vertex -4.5 60.9 108.5
      vertex -0.5 60.9 108.5
    endloop
  endfacet
  facet normal 0 0.523583 -0.851975
    outer loop
      vertex -4.5 58.2008 109.875
      vertex -0.5 58.4042 110
      vertex -0.5 58.2008 109.875
    endloop
  endfacet
  facet normal 0 0.523583 -0.851975
    outer loop
      vertex -0.5 58.4042 110
      vertex -4.5 58.2008 109.875
      vertex -4.5 58.4042 110
    endloop
  endfacet
  facet normal 0 -0.0787319 0.996896
    outer loop
      vertex -4.5 59.4659 106.821
      vertex -0.5 59.2 106.8
      vertex -0.5 59.4659 106.821
    endloop
  endfacet
  facet normal 0 -0.0787319 0.996896
    outer loop
      vertex -0.5 59.2 106.8
      vertex -4.5 59.4659 106.821
      vertex -4.5 59.2 106.8
    endloop
  endfacet
  facet normal 0 -0.524265 0.851555
    outer loop
      vertex -4.5 60.1992 107.125
      vertex -0.5 59.9718 106.985
      vertex -0.5 60.1992 107.125
    endloop
  endfacet
  facet normal 0 -0.524265 0.851555
    outer loop
      vertex -0.5 59.9718 106.985
      vertex -4.5 60.1992 107.125
      vertex -4.5 59.9718 106.985
    endloop
  endfacet
  facet normal 0 0.760736 -0.649061
    outer loop
      vertex -0.5 57.8247 109.499
      vertex -4.5 57.9979 109.702
      vertex -0.5 57.9979 109.702
    endloop
  endfacet
  facet normal 0 0.760736 -0.649061
    outer loop
      vertex -4.5 57.9979 109.702
      vertex -0.5 57.8247 109.499
      vertex -4.5 57.8247 109.499
    endloop
  endfacet
  facet normal 0 0.996927 -0.07833
    outer loop
      vertex -0.5 57.5 108.5
      vertex -4.5 57.5209 108.766
      vertex -0.5 57.5209 108.766
    endloop
  endfacet
  facet normal 0 0.996927 -0.07833
    outer loop
      vertex -4.5 57.5209 108.766
      vertex -0.5 57.5 108.5
      vertex -4.5 57.5 108.5
    endloop
  endfacet
  facet normal -0 0.0787319 0.996896
    outer loop
      vertex -4.5 59.2 106.8
      vertex -0.5 58.9341 106.821
      vertex -0.5 59.2 106.8
    endloop
  endfacet
  facet normal 0 0.0787319 0.996896
    outer loop
      vertex -0.5 58.9341 106.821
      vertex -4.5 59.2 106.8
      vertex -4.5 58.9341 106.821
    endloop
  endfacet
  facet normal -0 0.648813 0.760948
    outer loop
      vertex -4.5 58.2008 107.125
      vertex -0.5 57.9979 107.298
      vertex -0.5 58.2008 107.125
    endloop
  endfacet
  facet normal 0 0.648813 0.760948
    outer loop
      vertex -0.5 57.9979 107.298
      vertex -4.5 58.2008 107.125
      vertex -4.5 57.9979 107.298
    endloop
  endfacet
  facet normal -0 0.232465 0.972605
    outer loop
      vertex -4.5 58.9341 106.821
      vertex -0.5 58.6747 106.883
      vertex -0.5 58.9341 106.821
    endloop
  endfacet
  facet normal 0 0.232465 0.972605
    outer loop
      vertex -0.5 58.6747 106.883
      vertex -4.5 58.9341 106.821
      vertex -4.5 58.6747 106.883
    endloop
  endfacet
  facet normal 0 -0.648813 0.760948
    outer loop
      vertex -4.5 60.4021 107.298
      vertex -0.5 60.1992 107.125
      vertex -0.5 60.4021 107.298
    endloop
  endfacet
  facet normal 0 -0.648813 0.760948
    outer loop
      vertex -0.5 60.1992 107.125
      vertex -4.5 60.4021 107.298
      vertex -4.5 60.1992 107.125
    endloop
  endfacet
  facet normal 0 -0.523583 -0.851975
    outer loop
      vertex -4.5 59.9958 110
      vertex -0.5 60.1992 109.875
      vertex -0.5 59.9958 110
    endloop
  endfacet
  facet normal -0 -0.523583 -0.851975
    outer loop
      vertex -0.5 60.1992 109.875
      vertex -4.5 59.9958 110
      vertex -4.5 60.1992 109.875
    endloop
  endfacet
  facet normal 0 -0.232465 0.972605
    outer loop
      vertex -4.5 59.7253 106.883
      vertex -0.5 59.4659 106.821
      vertex -0.5 59.7253 106.883
    endloop
  endfacet
  facet normal 0 -0.232465 0.972605
    outer loop
      vertex -0.5 59.4659 106.821
      vertex -4.5 59.7253 106.883
      vertex -4.5 59.4659 106.821
    endloop
  endfacet
  facet normal 0 0.972268 0.23387
    outer loop
      vertex -0.5 57.5832 107.975
      vertex -4.5 57.5209 108.234
      vertex -0.5 57.5209 108.234
    endloop
  endfacet
  facet normal 0 0.972268 0.23387
    outer loop
      vertex -4.5 57.5209 108.234
      vertex -0.5 57.5832 107.975
      vertex -4.5 57.5832 107.975
    endloop
  endfacet
  facet normal 0 -0.972268 -0.23387
    outer loop
      vertex -4.5 60.8791 108.766
      vertex -0.5 60.8168 109.025
      vertex -4.5 60.8168 109.025
    endloop
  endfacet
  facet normal 0 -0.972268 -0.23387
    outer loop
      vertex -0.5 60.8168 109.025
      vertex -4.5 60.8791 108.766
      vertex -0.5 60.8791 108.766
    endloop
  endfacet
  facet normal 0 0.648813 -0.760948
    outer loop
      vertex -4.5 57.9979 109.702
      vertex -0.5 58.2008 109.875
      vertex -0.5 57.9979 109.702
    endloop
  endfacet
  facet normal 0 0.648813 -0.760948
    outer loop
      vertex -0.5 58.2008 109.875
      vertex -4.5 57.9979 109.702
      vertex -4.5 58.2008 109.875
    endloop
  endfacet
  facet normal -0 0.524265 0.851555
    outer loop
      vertex -4.5 58.4282 106.985
      vertex -0.5 58.2008 107.125
      vertex -0.5 58.4282 106.985
    endloop
  endfacet
  facet normal 0 0.524265 0.851555
    outer loop
      vertex -0.5 58.2008 107.125
      vertex -4.5 58.4282 106.985
      vertex -4.5 58.2008 107.125
    endloop
  endfacet
  facet normal 0 -0.972268 0.23387
    outer loop
      vertex -4.5 60.8168 107.975
      vertex -0.5 60.8791 108.234
      vertex -4.5 60.8791 108.234
    endloop
  endfacet
  facet normal 0 -0.972268 0.23387
    outer loop
      vertex -0.5 60.8791 108.234
      vertex -4.5 60.8168 107.975
      vertex -0.5 60.8168 107.975
    endloop
  endfacet
  facet normal 0 0.924158 0.38201
    outer loop
      vertex -0.5 57.6853 107.728
      vertex -4.5 57.5832 107.975
      vertex -0.5 57.5832 107.975
    endloop
  endfacet
  facet normal 0 0.924158 0.38201
    outer loop
      vertex -4.5 57.5832 107.975
      vertex -0.5 57.6853 107.728
      vertex -4.5 57.6853 107.728
    endloop
  endfacet
  facet normal 0 -0.996927 0.07833
    outer loop
      vertex -4.5 60.8791 108.234
      vertex -0.5 60.9 108.5
      vertex -4.5 60.9 108.5
    endloop
  endfacet
  facet normal 0 -0.996927 0.07833
    outer loop
      vertex -0.5 60.9 108.5
      vertex -4.5 60.8791 108.234
      vertex -0.5 60.8791 108.234
    endloop
  endfacet
  facet normal 0 -0.760736 0.649061
    outer loop
      vertex -4.5 60.4021 107.298
      vertex -0.5 60.5753 107.501
      vertex -4.5 60.5753 107.501
    endloop
  endfacet
  facet normal 0 -0.760736 0.649061
    outer loop
      vertex -0.5 60.5753 107.501
      vertex -4.5 60.4021 107.298
      vertex -0.5 60.4021 107.298
    endloop
  endfacet
  facet normal 0 -0.852148 0.523301
    outer loop
      vertex -4.5 60.5753 107.501
      vertex -0.5 60.7147 107.728
      vertex -4.5 60.7147 107.728
    endloop
  endfacet
  facet normal 0 -0.852148 0.523301
    outer loop
      vertex -0.5 60.7147 107.728
      vertex -4.5 60.5753 107.501
      vertex -0.5 60.5753 107.501
    endloop
  endfacet
  facet normal 0 -0.852148 -0.523301
    outer loop
      vertex -4.5 60.7147 109.272
      vertex -0.5 60.5753 109.499
      vertex -4.5 60.5753 109.499
    endloop
  endfacet
  facet normal 0 -0.852148 -0.523301
    outer loop
      vertex -0.5 60.5753 109.499
      vertex -4.5 60.7147 109.272
      vertex -0.5 60.7147 109.272
    endloop
  endfacet
  facet normal 0 0.760736 0.649061
    outer loop
      vertex -0.5 57.9979 107.298
      vertex -4.5 57.8247 107.501
      vertex -0.5 57.8247 107.501
    endloop
  endfacet
  facet normal 0 0.760736 0.649061
    outer loop
      vertex -4.5 57.8247 107.501
      vertex -0.5 57.9979 107.298
      vertex -4.5 57.9979 107.298
    endloop
  endfacet
  facet normal 0 -0.760736 -0.649061
    outer loop
      vertex -4.5 60.5753 109.499
      vertex -0.5 60.4021 109.702
      vertex -4.5 60.4021 109.702
    endloop
  endfacet
  facet normal 0 -0.760736 -0.649061
    outer loop
      vertex -0.5 60.4021 109.702
      vertex -4.5 60.5753 109.499
      vertex -0.5 60.5753 109.499
    endloop
  endfacet
  facet normal 0 -0.924158 -0.38201
    outer loop
      vertex -4.5 60.8168 109.025
      vertex -0.5 60.7147 109.272
      vertex -4.5 60.7147 109.272
    endloop
  endfacet
  facet normal 0 -0.924158 -0.38201
    outer loop
      vertex -0.5 60.7147 109.272
      vertex -4.5 60.8168 109.025
      vertex -0.5 60.8168 109.025
    endloop
  endfacet
  facet normal 0 0.972268 -0.23387
    outer loop
      vertex -0.5 57.5209 108.766
      vertex -4.5 57.5832 109.025
      vertex -0.5 57.5832 109.025
    endloop
  endfacet
  facet normal 0 0.972268 -0.23387
    outer loop
      vertex -4.5 57.5832 109.025
      vertex -0.5 57.5209 108.766
      vertex -4.5 57.5209 108.766
    endloop
  endfacet
  facet normal -0 0.382352 0.924017
    outer loop
      vertex -4.5 58.6747 106.883
      vertex -0.5 58.4282 106.985
      vertex -0.5 58.6747 106.883
    endloop
  endfacet
  facet normal 0 0.382352 0.924017
    outer loop
      vertex -0.5 58.4282 106.985
      vertex -4.5 58.6747 106.883
      vertex -4.5 58.4282 106.985
    endloop
  endfacet
  facet normal 0 0.996927 0.07833
    outer loop
      vertex -0.5 57.5209 108.234
      vertex -4.5 57.5 108.5
      vertex -0.5 57.5 108.5
    endloop
  endfacet
  facet normal 0 0.996927 0.07833
    outer loop
      vertex -4.5 57.5 108.5
      vertex -0.5 57.5209 108.234
      vertex -4.5 57.5209 108.234
    endloop
  endfacet
  facet normal 0 0.852148 -0.523301
    outer loop
      vertex -0.5 57.6853 109.272
      vertex -4.5 57.8247 109.499
      vertex -0.5 57.8247 109.499
    endloop
  endfacet
  facet normal 0 0.852148 -0.523301
    outer loop
      vertex -4.5 57.8247 109.499
      vertex -0.5 57.6853 109.272
      vertex -4.5 57.6853 109.272
    endloop
  endfacet
  facet normal 0 -0.648813 -0.760948
    outer loop
      vertex -4.5 60.1992 109.875
      vertex -0.5 60.4021 109.702
      vertex -0.5 60.1992 109.875
    endloop
  endfacet
  facet normal -0 -0.648813 -0.760948
    outer loop
      vertex -0.5 60.4021 109.702
      vertex -4.5 60.1992 109.875
      vertex -4.5 60.4021 109.702
    endloop
  endfacet
  facet normal 0 0.852148 0.523301
    outer loop
      vertex -0.5 57.8247 107.501
      vertex -4.5 57.6853 107.728
      vertex -0.5 57.6853 107.728
    endloop
  endfacet
  facet normal 0 0.852148 0.523301
    outer loop
      vertex -4.5 57.6853 107.728
      vertex -0.5 57.8247 107.501
      vertex -4.5 57.8247 107.501
    endloop
  endfacet
  facet normal 0 0.924158 -0.38201
    outer loop
      vertex -0.5 57.5832 109.025
      vertex -4.5 57.6853 109.272
      vertex -0.5 57.6853 109.272
    endloop
  endfacet
  facet normal 0 0.924158 -0.38201
    outer loop
      vertex -4.5 57.6853 109.272
      vertex -0.5 57.5832 109.025
      vertex -4.5 57.5832 109.025
    endloop
  endfacet
  facet normal 0 -0.382424 0.923987
    outer loop
      vertex -6.5 60.6074 105.738
      vertex -4.5 60.158 105.552
      vertex -4.5 60.6074 105.738
    endloop
  endfacet
  facet normal 0 -0.382424 0.923987
    outer loop
      vertex -4.5 60.158 105.552
      vertex -6.5 60.6074 105.738
      vertex -6.5 60.158 105.552
    endloop
  endfacet
  facet normal 0 -0.996913 -0.0785197
    outer loop
      vertex -6.5 62.3 108.5
      vertex -4.5 62.2618 108.985
      vertex -6.5 62.2618 108.985
    endloop
  endfacet
  facet normal 0 -0.996913 -0.0785197
    outer loop
      vertex -4.5 62.2618 108.985
      vertex -6.5 62.3 108.5
      vertex -4.5 62.3 108.5
    endloop
  endfacet
  facet normal 0 -0.996913 0.0785197
    outer loop
      vertex -6.5 62.2618 108.015
      vertex -4.5 62.3 108.5
      vertex -6.5 62.3 108.5
    endloop
  endfacet
  facet normal 0 -0.996913 0.0785197
    outer loop
      vertex -4.5 62.3 108.5
      vertex -6.5 62.2618 108.015
      vertex -4.5 62.2618 108.015
    endloop
  endfacet
  facet normal 0 0.852834 0.522181
    outer loop
      vertex -4.5 56.692 106.678
      vertex -6.5 56.4379 107.093
      vertex -4.5 56.4379 107.093
    endloop
  endfacet
  facet normal 0 0.852834 0.522181
    outer loop
      vertex -6.5 56.4379 107.093
      vertex -4.5 56.692 106.678
      vertex -6.5 56.692 106.678
    endloop
  endfacet
  facet normal 0 -0.0781271 0.996943
    outer loop
      vertex -6.5 59.6849 105.438
      vertex -4.5 59.2 105.4
      vertex -4.5 59.6849 105.438
    endloop
  endfacet
  facet normal 0 -0.0781271 0.996943
    outer loop
      vertex -4.5 59.2 105.4
      vertex -6.5 59.6849 105.438
      vertex -6.5 59.2 105.4
    endloop
  endfacet
  facet normal -0 0.522306 0.852758
    outer loop
      vertex -6.5 57.7926 105.738
      vertex -4.5 57.3779 105.992
      vertex -4.5 57.7926 105.738
    endloop
  endfacet
  facet normal 0 0.522306 0.852758
    outer loop
      vertex -4.5 57.3779 105.992
      vertex -6.5 57.7926 105.738
      vertex -6.5 57.3779 105.992
    endloop
  endfacet
  facet normal -0 0.234259 0.972174
    outer loop
      vertex -6.5 58.7151 105.438
      vertex -4.5 58.242 105.552
      vertex -4.5 58.7151 105.438
    endloop
  endfacet
  facet normal 0 0.234259 0.972174
    outer loop
      vertex -4.5 58.242 105.552
      vertex -6.5 58.7151 105.438
      vertex -6.5 58.242 105.552
    endloop
  endfacet
  facet normal 0 0.996913 0.0785197
    outer loop
      vertex -4.5 56.1382 108.015
      vertex -6.5 56.1 108.5
      vertex -4.5 56.1 108.5
    endloop
  endfacet
  facet normal 0 0.996913 0.0785197
    outer loop
      vertex -6.5 56.1 108.5
      vertex -4.5 56.1382 108.015
      vertex -6.5 56.1382 108.015
    endloop
  endfacet
  facet normal 0 0.972397 0.233334
    outer loop
      vertex -4.5 56.2517 107.542
      vertex -6.5 56.1382 108.015
      vertex -4.5 56.1382 108.015
    endloop
  endfacet
  facet normal 0 0.972397 0.233334
    outer loop
      vertex -6.5 56.1382 108.015
      vertex -4.5 56.2517 107.542
      vertex -6.5 56.2517 107.542
    endloop
  endfacet
  facet normal 0 -0.972397 -0.233334
    outer loop
      vertex -6.5 62.2618 108.985
      vertex -4.5 62.1483 109.458
      vertex -6.5 62.1483 109.458
    endloop
  endfacet
  facet normal 0 -0.972397 -0.233334
    outer loop
      vertex -4.5 62.1483 109.458
      vertex -6.5 62.2618 108.985
      vertex -4.5 62.2618 108.985
    endloop
  endfacet
  facet normal 0 -0.234259 0.972174
    outer loop
      vertex -6.5 60.158 105.552
      vertex -4.5 59.6849 105.438
      vertex -4.5 60.158 105.552
    endloop
  endfacet
  facet normal 0 -0.234259 0.972174
    outer loop
      vertex -4.5 59.6849 105.438
      vertex -6.5 60.158 105.552
      vertex -6.5 59.6849 105.438
    endloop
  endfacet
  facet normal 0 -0.853826 -0.520558
    outer loop
      vertex -6.5 61.9621 109.907
      vertex -4.5 61.9054 110
      vertex -6.5 61.9054 110
    endloop
  endfacet
  facet normal 0 -0.853826 -0.520558
    outer loop
      vertex -4.5 61.9054 110
      vertex -6.5 61.9621 109.907
      vertex -4.5 61.9621 109.907
    endloop
  endfacet
  facet normal -0 0.649538 0.760329
    outer loop
      vertex -6.5 57.3779 105.992
      vertex -4.5 57.008 106.308
      vertex -4.5 57.3779 105.992
    endloop
  endfacet
  facet normal 0 0.649538 0.760329
    outer loop
      vertex -4.5 57.008 106.308
      vertex -6.5 57.3779 105.992
      vertex -6.5 57.008 106.308
    endloop
  endfacet
  facet normal 0 -0.923721 -0.383066
    outer loop
      vertex -6.5 62.1483 109.458
      vertex -4.5 61.9621 109.907
      vertex -6.5 61.9621 109.907
    endloop
  endfacet
  facet normal 0 -0.923721 -0.383066
    outer loop
      vertex -4.5 61.9621 109.907
      vertex -6.5 62.1483 109.458
      vertex -4.5 62.1483 109.458
    endloop
  endfacet
  facet normal 0 -0.923721 0.383066
    outer loop
      vertex -6.5 61.9621 107.093
      vertex -4.5 62.1483 107.542
      vertex -6.5 62.1483 107.542
    endloop
  endfacet
  facet normal 0 -0.923721 0.383066
    outer loop
      vertex -4.5 62.1483 107.542
      vertex -6.5 61.9621 107.093
      vertex -4.5 61.9621 107.093
    endloop
  endfacet
  facet normal 0 -0.760416 0.649436
    outer loop
      vertex -6.5 61.392 106.308
      vertex -4.5 61.708 106.678
      vertex -6.5 61.708 106.678
    endloop
  endfacet
  facet normal 0 -0.760416 0.649436
    outer loop
      vertex -4.5 61.708 106.678
      vertex -6.5 61.392 106.308
      vertex -4.5 61.392 106.308
    endloop
  endfacet
  facet normal -1 0 0
    outer loop
      vertex -4.5 62.2618 108.015
      vertex -4.5 60.8791 108.234
      vertex -4.5 60.9 108.5
    endloop
  endfacet
  facet normal -1 0 0
    outer loop
      vertex -4.5 61.392 106.308
      vertex -4.5 60.8168 107.975
      vertex -4.5 60.8791 108.234
    endloop
  endfacet
  facet normal -1 0 0
    outer loop
      vertex -4.5 61.392 106.308
      vertex -4.5 60.7147 107.728
      vertex -4.5 60.8168 107.975
    endloop
  endfacet
  facet normal -1 0 0
    outer loop
      vertex -4.5 60.1992 107.125
      vertex -4.5 61.0221 105.992
      vertex -4.5 60.6074 105.738
    endloop
  endfacet
  facet normal -1 0 0
    outer loop
      vertex -4.5 61.392 106.308
      vertex -4.5 60.5753 107.501
      vertex -4.5 60.7147 107.728
    endloop
  endfacet
  facet normal -1 0 0
    outer loop
      vertex -4.5 61.392 106.308
      vertex -4.5 60.4021 107.298
      vertex -4.5 60.5753 107.501
    endloop
  endfacet
  facet normal -1 0 0
    outer loop
      vertex -4.5 61.0221 105.992
      vertex -4.5 60.1992 107.125
      vertex -4.5 60.4021 107.298
    endloop
  endfacet
  facet normal -1 0 0
    outer loop
      vertex -4.5 59.9718 106.985
      vertex -4.5 60.6074 105.738
      vertex -4.5 60.158 105.552
    endloop
  endfacet
  facet normal -1 0 0
    outer loop
      vertex -4.5 60.6074 105.738
      vertex -4.5 59.9718 106.985
      vertex -4.5 60.1992 107.125
    endloop
  endfacet
  facet normal -1 0 0
    outer loop
      vertex -4.5 60.158 105.552
      vertex -4.5 59.7253 106.883
      vertex -4.5 59.9718 106.985
    endloop
  endfacet
  facet normal -1 0 0
    outer loop
      vertex -4.5 59.6849 105.438
      vertex -4.5 59.7253 106.883
      vertex -4.5 60.158 105.552
    endloop
  endfacet
  facet normal -1 0 0
    outer loop
      vertex -4.5 59.6849 105.438
      vertex -4.5 59.4659 106.821
      vertex -4.5 59.7253 106.883
    endloop
  endfacet
  facet normal -1 0 0
    outer loop
      vertex -4.5 59.2 105.4
      vertex -4.5 59.4659 106.821
      vertex -4.5 59.6849 105.438
    endloop
  endfacet
  facet normal -1 0 0
    outer loop
      vertex -4.5 59.2 105.4
      vertex -4.5 59.2 106.8
      vertex -4.5 59.4659 106.821
    endloop
  endfacet
  facet normal -1 0 0
    outer loop
      vertex -4.5 59.2 105.4
      vertex -4.5 58.9341 106.821
      vertex -4.5 59.2 106.8
    endloop
  endfacet
  facet normal -1 0 0
    outer loop
      vertex -4.5 58.7151 105.438
      vertex -4.5 58.9341 106.821
      vertex -4.5 59.2 105.4
    endloop
  endfacet
  facet normal -1 0 0
    outer loop
      vertex -4.5 58.7151 105.438
      vertex -4.5 58.6747 106.883
      vertex -4.5 58.9341 106.821
    endloop
  endfacet
  facet normal -1 0 0
    outer loop
      vertex -4.5 58.242 105.552
      vertex -4.5 58.6747 106.883
      vertex -4.5 58.7151 105.438
    endloop
  endfacet
  facet normal -1 -0 0
    outer loop
      vertex -4.5 58.6747 106.883
      vertex -4.5 58.242 105.552
      vertex -4.5 58.4282 106.985
    endloop
  endfacet
  facet normal -1 0 0
    outer loop
      vertex -4.5 57.7926 105.738
      vertex -4.5 58.4282 106.985
      vertex -4.5 58.242 105.552
    endloop
  endfacet
  facet normal -1 -0 0
    outer loop
      vertex -4.5 58.4282 106.985
      vertex -4.5 57.7926 105.738
      vertex -4.5 58.2008 107.125
    endloop
  endfacet
  facet normal -1 0 0
    outer loop
      vertex -4.5 57.3779 105.992
      vertex -4.5 58.2008 107.125
      vertex -4.5 57.7926 105.738
    endloop
  endfacet
  facet normal -1 -0 0
    outer loop
      vertex -4.5 58.2008 107.125
      vertex -4.5 57.3779 105.992
      vertex -4.5 57.9979 107.298
    endloop
  endfacet
  facet normal -1 0 0
    outer loop
      vertex -4.5 57.008 106.308
      vertex -4.5 57.9979 107.298
      vertex -4.5 57.3779 105.992
    endloop
  endfacet
  facet normal -1 -0 0
    outer loop
      vertex -4.5 57.9979 107.298
      vertex -4.5 57.008 106.308
      vertex -4.5 57.8247 107.501
    endloop
  endfacet
  facet normal -1 0 0
    outer loop
      vertex -4.5 56.692 106.678
      vertex -4.5 57.8247 107.501
      vertex -4.5 57.008 106.308
    endloop
  endfacet
  facet normal -1 0 0
    outer loop
      vertex -4.5 56.4379 107.093
      vertex -4.5 57.6853 107.728
      vertex -4.5 56.692 106.678
    endloop
  endfacet
  facet normal -1 -0 0
    outer loop
      vertex -4.5 57.8247 107.501
      vertex -4.5 56.692 106.678
      vertex -4.5 57.6853 107.728
    endloop
  endfacet
  facet normal -1 0 0
    outer loop
      vertex -4.5 60.9 108.5
      vertex -4.5 62.3 108.5
      vertex -4.5 62.2618 108.015
    endloop
  endfacet
  facet normal -1 0 0
    outer loop
      vertex -4.5 60.8791 108.234
      vertex -4.5 62.2618 108.015
      vertex -4.5 62.1483 107.542
    endloop
  endfacet
  facet normal -1 0 0
    outer loop
      vertex -4.5 62.3 108.5
      vertex -4.5 60.9 108.5
      vertex -4.5 62.2618 108.985
    endloop
  endfacet
  facet normal -1 0 0
    outer loop
      vertex -4.5 60.8791 108.234
      vertex -4.5 62.1483 107.542
      vertex -4.5 61.9621 107.093
    endloop
  endfacet
  facet normal -1 0 0
    outer loop
      vertex -4.5 60.8791 108.766
      vertex -4.5 62.2618 108.985
      vertex -4.5 60.9 108.5
    endloop
  endfacet
  facet normal -1 -0 0
    outer loop
      vertex -4.5 62.2618 108.985
      vertex -4.5 60.8791 108.766
      vertex -4.5 62.1483 109.458
    endloop
  endfacet
  facet normal -1 0 0
    outer loop
      vertex -4.5 60.8791 108.234
      vertex -4.5 61.9621 107.093
      vertex -4.5 61.708 106.678
    endloop
  endfacet
  facet normal -1 0 0
    outer loop
      vertex -4.5 60.8791 108.234
      vertex -4.5 61.708 106.678
      vertex -4.5 61.392 106.308
    endloop
  endfacet
  facet normal -1 0 0
    outer loop
      vertex -4.5 60.4021 107.298
      vertex -4.5 61.392 106.308
      vertex -4.5 61.0221 105.992
    endloop
  endfacet
  facet normal -1 0 0
    outer loop
      vertex -4.5 60.8168 109.025
      vertex -4.5 62.1483 109.458
      vertex -4.5 60.8791 108.766
    endloop
  endfacet
  facet normal -1 -0 0
    outer loop
      vertex -4.5 62.1483 109.458
      vertex -4.5 60.8168 109.025
      vertex -4.5 61.9621 109.907
    endloop
  endfacet
  facet normal -1 0 0
    outer loop
      vertex -4.5 60.7147 109.272
      vertex -4.5 61.9621 109.907
      vertex -4.5 60.8168 109.025
    endloop
  endfacet
  facet normal -1 -0 0
    outer loop
      vertex -4.5 61.9621 109.907
      vertex -4.5 60.7147 109.272
      vertex -4.5 61.9054 110
    endloop
  endfacet
  facet normal -1 0 0
    outer loop
      vertex -4.5 60.5753 109.499
      vertex -4.5 61.9054 110
      vertex -4.5 60.7147 109.272
    endloop
  endfacet
  facet normal -1 0 0
    outer loop
      vertex -4.5 60.4021 109.702
      vertex -4.5 61.9054 110
      vertex -4.5 60.5753 109.499
    endloop
  endfacet
  facet normal -1 0 0
    outer loop
      vertex -4.5 60.1992 109.875
      vertex -4.5 61.9054 110
      vertex -4.5 60.4021 109.702
    endloop
  endfacet
  facet normal -1 -0 0
    outer loop
      vertex -4.5 61.9054 110
      vertex -4.5 60.1992 109.875
      vertex -4.5 59.9958 110
    endloop
  endfacet
  facet normal -1 -0 0
    outer loop
      vertex -4.5 57.6853 107.728
      vertex -4.5 56.4379 107.093
      vertex -4.5 57.5832 107.975
    endloop
  endfacet
  facet normal -1 0 0
    outer loop
      vertex -4.5 56.2517 107.542
      vertex -4.5 57.5832 107.975
      vertex -4.5 56.4379 107.093
    endloop
  endfacet
  facet normal -1 -0 0
    outer loop
      vertex -4.5 57.5832 107.975
      vertex -4.5 56.2517 107.542
      vertex -4.5 57.5209 108.234
    endloop
  endfacet
  facet normal -1 0 0
    outer loop
      vertex -4.5 56.1382 108.015
      vertex -4.5 57.5209 108.234
      vertex -4.5 56.2517 107.542
    endloop
  endfacet
  facet normal -1 0 0
    outer loop
      vertex -4.5 58.2008 109.875
      vertex -4.5 56.4946 110
      vertex -4.5 58.4042 110
    endloop
  endfacet
  facet normal -1 0 0
    outer loop
      vertex -4.5 57.9979 109.702
      vertex -4.5 56.4946 110
      vertex -4.5 58.2008 109.875
    endloop
  endfacet
  facet normal -1 0 0
    outer loop
      vertex -4.5 57.8247 109.499
      vertex -4.5 56.4946 110
      vertex -4.5 57.9979 109.702
    endloop
  endfacet
  facet normal -1 0 0
    outer loop
      vertex -4.5 57.6853 109.272
      vertex -4.5 56.4946 110
      vertex -4.5 57.8247 109.499
    endloop
  endfacet
  facet normal -1 0 0
    outer loop
      vertex -4.5 56.4379 109.907
      vertex -4.5 57.6853 109.272
      vertex -4.5 57.5832 109.025
    endloop
  endfacet
  facet normal -1 -0 0
    outer loop
      vertex -4.5 57.5209 108.234
      vertex -4.5 56.1382 108.015
      vertex -4.5 57.5 108.5
    endloop
  endfacet
  facet normal -1 0 0
    outer loop
      vertex -4.5 56.1 108.5
      vertex -4.5 57.5 108.5
      vertex -4.5 56.1382 108.015
    endloop
  endfacet
  facet normal -1 0 0
    outer loop
      vertex -4.5 57.5 108.5
      vertex -4.5 56.1 108.5
      vertex -4.5 57.5209 108.766
    endloop
  endfacet
  facet normal -1 0 -0
    outer loop
      vertex -4.5 56.4379 109.907
      vertex -4.5 57.5832 109.025
      vertex -4.5 56.2517 109.458
    endloop
  endfacet
  facet normal -1 0 0
    outer loop
      vertex -4.5 57.6853 109.272
      vertex -4.5 56.4379 109.907
      vertex -4.5 56.4946 110
    endloop
  endfacet
  facet normal -1 0 -0
    outer loop
      vertex -4.5 56.1382 108.985
      vertex -4.5 57.5209 108.766
      vertex -4.5 56.1 108.5
    endloop
  endfacet
  facet normal -1 -0 0
    outer loop
      vertex -4.5 57.5832 109.025
      vertex -4.5 56.1382 108.985
      vertex -4.5 56.2517 109.458
    endloop
  endfacet
  facet normal -1 0 0
    outer loop
      vertex -4.5 57.5209 108.766
      vertex -4.5 56.1382 108.985
      vertex -4.5 57.5832 109.025
    endloop
  endfacet
  facet normal 0 -0.852834 0.522181
    outer loop
      vertex -6.5 61.708 106.678
      vertex -4.5 61.9621 107.093
      vertex -6.5 61.9621 107.093
    endloop
  endfacet
  facet normal 0 -0.852834 0.522181
    outer loop
      vertex -4.5 61.9621 107.093
      vertex -6.5 61.708 106.678
      vertex -4.5 61.708 106.678
    endloop
  endfacet
  facet normal 0 0.760416 0.649436
    outer loop
      vertex -4.5 57.008 106.308
      vertex -6.5 56.692 106.678
      vertex -4.5 56.692 106.678
    endloop
  endfacet
  facet normal 0 0.760416 0.649436
    outer loop
      vertex -6.5 56.692 106.678
      vertex -4.5 57.008 106.308
      vertex -6.5 57.008 106.308
    endloop
  endfacet
  facet normal 0 0.996913 -0.0785197
    outer loop
      vertex -4.5 56.1 108.5
      vertex -6.5 56.1382 108.985
      vertex -4.5 56.1382 108.985
    endloop
  endfacet
  facet normal 0 0.996913 -0.0785197
    outer loop
      vertex -6.5 56.1382 108.985
      vertex -4.5 56.1 108.5
      vertex -6.5 56.1 108.5
    endloop
  endfacet
  facet normal 0 -0.522306 0.852758
    outer loop
      vertex -6.5 61.0221 105.992
      vertex -4.5 60.6074 105.738
      vertex -4.5 61.0221 105.992
    endloop
  endfacet
  facet normal 0 -0.522306 0.852758
    outer loop
      vertex -4.5 60.6074 105.738
      vertex -6.5 61.0221 105.992
      vertex -6.5 60.6074 105.738
    endloop
  endfacet
  facet normal -0 0.0781271 0.996943
    outer loop
      vertex -6.5 59.2 105.4
      vertex -4.5 58.7151 105.438
      vertex -4.5 59.2 105.4
    endloop
  endfacet
  facet normal 0 0.0781271 0.996943
    outer loop
      vertex -4.5 58.7151 105.438
      vertex -6.5 59.2 105.4
      vertex -6.5 58.7151 105.438
    endloop
  endfacet
  facet normal 0 0.923721 0.383066
    outer loop
      vertex -4.5 56.4379 107.093
      vertex -6.5 56.2517 107.542
      vertex -4.5 56.2517 107.542
    endloop
  endfacet
  facet normal 0 0.923721 0.383066
    outer loop
      vertex -6.5 56.2517 107.542
      vertex -4.5 56.4379 107.093
      vertex -6.5 56.4379 107.093
    endloop
  endfacet
  facet normal 0 -0.649538 0.760329
    outer loop
      vertex -6.5 61.392 106.308
      vertex -4.5 61.0221 105.992
      vertex -4.5 61.392 106.308
    endloop
  endfacet
  facet normal 0 -0.649538 0.760329
    outer loop
      vertex -4.5 61.0221 105.992
      vertex -6.5 61.392 106.308
      vertex -6.5 61.0221 105.992
    endloop
  endfacet
  facet normal 0 0.923721 -0.383066
    outer loop
      vertex -4.5 56.2517 109.458
      vertex -6.5 56.4379 109.907
      vertex -4.5 56.4379 109.907
    endloop
  endfacet
  facet normal 0 0.923721 -0.383066
    outer loop
      vertex -6.5 56.4379 109.907
      vertex -4.5 56.2517 109.458
      vertex -6.5 56.2517 109.458
    endloop
  endfacet
  facet normal 0 0.972397 -0.233334
    outer loop
      vertex -4.5 56.1382 108.985
      vertex -6.5 56.2517 109.458
      vertex -4.5 56.2517 109.458
    endloop
  endfacet
  facet normal 0 0.972397 -0.233334
    outer loop
      vertex -6.5 56.2517 109.458
      vertex -4.5 56.1382 108.985
      vertex -6.5 56.1382 108.985
    endloop
  endfacet
  facet normal 0 -0.972397 0.233334
    outer loop
      vertex -6.5 62.1483 107.542
      vertex -4.5 62.2618 108.015
      vertex -6.5 62.2618 108.015
    endloop
  endfacet
  facet normal 0 -0.972397 0.233334
    outer loop
      vertex -4.5 62.2618 108.015
      vertex -6.5 62.1483 107.542
      vertex -4.5 62.1483 107.542
    endloop
  endfacet
  facet normal -0 0.382424 0.923987
    outer loop
      vertex -6.5 58.242 105.552
      vertex -4.5 57.7926 105.738
      vertex -4.5 58.242 105.552
    endloop
  endfacet
  facet normal 0 0.382424 0.923987
    outer loop
      vertex -4.5 57.7926 105.738
      vertex -6.5 58.242 105.552
      vertex -6.5 57.7926 105.738
    endloop
  endfacet
  facet normal 0 0.853826 -0.520558
    outer loop
      vertex -4.5 56.4379 109.907
      vertex -6.5 56.4946 110
      vertex -4.5 56.4946 110
    endloop
  endfacet
  facet normal 0 0.853826 -0.520558
    outer loop
      vertex -6.5 56.4946 110
      vertex -4.5 56.4379 109.907
      vertex -6.5 56.4379 109.907
    endloop
  endfacet
  facet normal 0 0 -1
    outer loop
      vertex -6.5 54.3 100.35
      vertex -0.5 71.2 100.35
      vertex -0.5 54.3 100.35
    endloop
  endfacet
  facet normal -0 0 -1
    outer loop
      vertex -0.5 71.2 100.35
      vertex -6.5 54.3 100.35
      vertex -6.5 71.2 100.35
    endloop
  endfacet
  facet normal -0 0 1
    outer loop
      vertex -6.5 71.2 88.35
      vertex -0.5 54.3 88.35
      vertex -0.5 71.2 88.35
    endloop
  endfacet
  facet normal 0 0 1
    outer loop
      vertex -0.5 54.3 88.35
      vertex -6.5 71.2 88.35
      vertex -6.5 54.3 88.35
    endloop
  endfacet
  facet normal 0 1 -0
    outer loop
      vertex -0.5 54.3 88.35
      vertex -6.5 54.3 100.35
      vertex -0.5 54.3 100.35
    endloop
  endfacet
  facet normal 0 1 0
    outer loop
      vertex -6.5 54.3 100.35
      vertex -0.5 54.3 88.35
      vertex -6.5 54.3 88.35
    endloop
  endfacet
endsolid OpenSCAD_Model
