solid OpenSCAD_Model
  facet normal -1 0 0
    outer loop
      vertex 191.9 0.672919 -1.22687
      vertex 191.9 8.62467 -3.80077
      vertex 191.9 8.48529 -4.02822
    endloop
  endfacet
  facet normal -1 0 0
    outer loop
      vertex 191.9 0.672919 -1.22687
      vertex 191.9 8.48529 -4.02822
      vertex 191.9 8.3832 -4.27467
    endloop
  endfacet
  facet normal -1 0 0
    outer loop
      vertex 191.9 0.672919 -1.22687
      vertex 191.9 8.3832 -4.27467
      vertex 191.9 8.32093 -4.53406
    endloop
  endfacet
  facet normal -1 0 0
    outer loop
      vertex 191.9 0.672919 -1.22687
      vertex 191.9 8.32093 -4.53406
      vertex 191.9 8.3 -4.8
    endloop
  endfacet
  facet normal -1 0 0
    outer loop
      vertex 191.9 8.62467 -3.80077
      vertex 191.9 7.11818 29.0957
      vertex 191.9 8.57356 35.9427
    endloop
  endfacet
  facet normal -1 0 0
    outer loop
      vertex 191.9 32.6 96.5
      vertex 191.9 11.5827 93.1841
      vertex 191.9 11.6037 93.45
    endloop
  endfacet
  facet normal -1 0 0
    outer loop
      vertex 191.9 4.54045 36.8
      vertex 191.9 14.3 40.736
      vertex 191.9 8.57356 35.9427
    endloop
  endfacet
  facet normal -1 -0 0
    outer loop
      vertex 191.9 14.6247 39.7368
      vertex 191.9 8.57356 35.9427
      vertex 191.9 14.4853 39.9642
    endloop
  endfacet
  facet normal -1 0 0
    outer loop
      vertex 191.9 14.3 40.736
      vertex 191.9 11.5205 92.9247
      vertex 191.9 11.5827 93.1841
    endloop
  endfacet
  facet normal -1 -0 0
    outer loop
      vertex 191.9 14.4853 39.9642
      vertex 191.9 8.57356 35.9427
      vertex 191.9 14.3832 40.2107
    endloop
  endfacet
  facet normal -1 0 0
    outer loop
      vertex 191.9 14.3 40.736
      vertex 191.9 11.4184 92.6782
      vertex 191.9 11.5205 92.9247
    endloop
  endfacet
  facet normal -1 -0 0
    outer loop
      vertex 191.9 14.3209 40.4701
      vertex 191.9 8.57356 35.9427
      vertex 191.9 14.3 40.736
    endloop
  endfacet
  facet normal -1 0 0
    outer loop
      vertex 191.9 14.3 40.736
      vertex 191.9 11.279 92.4508
      vertex 191.9 11.4184 92.6782
    endloop
  endfacet
  facet normal -1 -0 0
    outer loop
      vertex 191.9 14.3832 40.2107
      vertex 191.9 8.57356 35.9427
      vertex 191.9 14.3209 40.4701
    endloop
  endfacet
  facet normal -1 0 0
    outer loop
      vertex 191.9 14.3 40.736
      vertex 191.9 11.1057 92.2479
      vertex 191.9 11.279 92.4508
    endloop
  endfacet
  facet normal -1 0 0
    outer loop
      vertex 191.9 8.57356 35.9427
      vertex 191.9 10.9992 -3.42467
      vertex 191.9 10.7718 -3.28529
    endloop
  endfacet
  facet normal -1 0 0
    outer loop
      vertex 191.9 14.3 40.736
      vertex 191.9 10.9029 92.0747
      vertex 191.9 11.1057 92.2479
    endloop
  endfacet
  facet normal -1 0 0
    outer loop
      vertex 191.9 8.57356 35.9427
      vertex 191.9 10.7718 -3.28529
      vertex 191.9 10.5253 -3.1832
    endloop
  endfacet
  facet normal -1 0 0
    outer loop
      vertex 191.9 14.3 40.736
      vertex 191.9 -1 75.4
      vertex 191.9 10.9029 92.0747
    endloop
  endfacet
  facet normal -1 0 0
    outer loop
      vertex 191.9 8.57356 35.9427
      vertex 191.9 10.5253 -3.1832
      vertex 191.9 10.2659 -3.12093
    endloop
  endfacet
  facet normal -1 0 0
    outer loop
      vertex 191.9 10.9029 92.0747
      vertex 191.9 -1 75.4
      vertex 191.9 10.6755 91.9353
    endloop
  endfacet
  facet normal -1 0 0
    outer loop
      vertex 191.9 8.57356 35.9427
      vertex 191.9 10.2659 -3.12093
      vertex 191.9 10 -3.1
    endloop
  endfacet
  facet normal -1 0 0
    outer loop
      vertex 191.9 10.6755 91.9353
      vertex 191.9 -1 75.4
      vertex 191.9 10.429 91.8332
    endloop
  endfacet
  facet normal -1 0 0
    outer loop
      vertex 191.9 8.57356 35.9427
      vertex 191.9 10 -3.1
      vertex 191.9 9.73406 -3.12093
    endloop
  endfacet
  facet normal -1 0 0
    outer loop
      vertex 191.9 10.429 91.8332
      vertex 191.9 -1 75.4
      vertex 191.9 10.1696 91.7709
    endloop
  endfacet
  facet normal -1 0 0
    outer loop
      vertex 191.9 8.57356 35.9427
      vertex 191.9 9.73406 -3.12093
      vertex 191.9 9.47467 -3.1832
    endloop
  endfacet
  facet normal -1 0 0
    outer loop
      vertex 191.9 10.1696 91.7709
      vertex 191.9 -1 75.4
      vertex 191.9 9.90367 91.75
    endloop
  endfacet
  facet normal -1 0 0
    outer loop
      vertex 191.9 8.57356 35.9427
      vertex 191.9 9.47467 -3.1832
      vertex 191.9 9.22822 -3.28529
    endloop
  endfacet
  facet normal -1 -0 0
    outer loop
      vertex 191.9 9.90367 91.75
      vertex 191.9 -1 75.4
      vertex 191.9 9.63773 91.7709
    endloop
  endfacet
  facet normal -1 0 0
    outer loop
      vertex 191.9 8.57356 35.9427
      vertex 191.9 9.22822 -3.28529
      vertex 191.9 9.00076 -3.42467
    endloop
  endfacet
  facet normal -1 -0 0
    outer loop
      vertex 191.9 9.63773 91.7709
      vertex 191.9 -1 75.4
      vertex 191.9 9.37834 91.8332
    endloop
  endfacet
  facet normal -1 0 0
    outer loop
      vertex 191.9 8.57356 35.9427
      vertex 191.9 9.00076 -3.42467
      vertex 191.9 8.79792 -3.59792
    endloop
  endfacet
  facet normal -1 -0 0
    outer loop
      vertex 191.9 9.37834 91.8332
      vertex 191.9 -1 75.4
      vertex 191.9 9.13188 91.9353
    endloop
  endfacet
  facet normal -1 0 0
    outer loop
      vertex 191.9 8.57356 35.9427
      vertex 191.9 8.79792 -3.59792
      vertex 191.9 8.62467 -3.80077
    endloop
  endfacet
  facet normal -1 -0 0
    outer loop
      vertex 191.9 9.13188 91.9353
      vertex 191.9 -1 75.4
      vertex 191.9 8.90443 92.0747
    endloop
  endfacet
  facet normal -1 -0 0
    outer loop
      vertex 191.9 8.90443 92.0747
      vertex 191.9 -1 75.4
      vertex 191.9 8.70159 92.2479
    endloop
  endfacet
  facet normal -1 -0 0
    outer loop
      vertex 191.9 8.70159 92.2479
      vertex 191.9 -1 75.4
      vertex 191.9 8.52834 92.4508
    endloop
  endfacet
  facet normal -1 -0 0
    outer loop
      vertex 191.9 8.52834 92.4508
      vertex 191.9 -1 75.4
      vertex 191.9 8.38896 92.6782
    endloop
  endfacet
  facet normal -1 -0 0
    outer loop
      vertex 191.9 8.38896 92.6782
      vertex 191.9 -1 75.4
      vertex 191.9 8.28687 92.9247
    endloop
  endfacet
  facet normal -1 -0 0
    outer loop
      vertex 191.9 8.28687 92.9247
      vertex 191.9 -1 75.4
      vertex 191.9 8.2246 93.1841
    endloop
  endfacet
  facet normal -1 -0 0
    outer loop
      vertex 191.9 8.2246 93.1841
      vertex 191.9 -1 75.4
      vertex 191.9 8.20367 93.45
    endloop
  endfacet
  facet normal -1 0 0
    outer loop
      vertex 191.9 -1 39
      vertex 191.9 14.3 40.736
      vertex 191.9 4.54045 36.8
    endloop
  endfacet
  facet normal -1 0 0
    outer loop
      vertex 191.9 1.04468 37.543
      vertex 191.9 4.54045 36.8
      vertex 191.9 1.04468 36.8
    endloop
  endfacet
  facet normal -1 0 0
    outer loop
      vertex 191.9 -1 39
      vertex 191.9 4.54045 36.8
      vertex 191.9 1.04468 37.543
    endloop
  endfacet
  facet normal -1 0 0
    outer loop
      vertex 191.9 -1 39
      vertex 191.9 1.04468 37.543
      vertex 191.9 0.748383 37.606
    endloop
  endfacet
  facet normal -1 0 0
    outer loop
      vertex 191.9 -1 39
      vertex 191.9 0.748383 37.606
      vertex 191.9 -0.706998 30.759
    endloop
  endfacet
  facet normal -1 -0 0
    outer loop
      vertex 191.9 14.3 40.736
      vertex 191.9 -1 39
      vertex 191.9 -1 75.4
    endloop
  endfacet
  facet normal -1 -0 0
    outer loop
      vertex 191.9 8.20367 93.45
      vertex 191.9 -1 75.4
      vertex 191.9 6.88583 112.5
    endloop
  endfacet
  facet normal -1 -0 0
    outer loop
      vertex 191.9 49.3094 87.2202
      vertex 191.9 17.2021 41.9381
      vertex 191.9 48.657 87.4905
    endloop
  endfacet
  facet normal -1 0 0
    outer loop
      vertex 191.9 16.9992 42.1113
      vertex 191.9 48.657 87.4905
      vertex 191.9 17.2021 41.9381
    endloop
  endfacet
  facet normal -1 0 0
    outer loop
      vertex 191.9 60.7147 -4.02822
      vertex 191.9 71.2 -10.3
      vertex 191.9 60.8168 -4.27467
    endloop
  endfacet
  facet normal -1 0 0
    outer loop
      vertex 191.9 71.2 112.5
      vertex 191.9 60.8791 108.234
      vertex 191.9 60.9 108.5
    endloop
  endfacet
  facet normal -1 0 0
    outer loop
      vertex 191.9 60.5753 -3.80077
      vertex 191.9 71.2 -10.3
      vertex 191.9 60.7147 -4.02822
    endloop
  endfacet
  facet normal -1 0 0
    outer loop
      vertex 191.9 71.2 112.5
      vertex 191.9 60.8168 107.975
      vertex 191.9 60.8791 108.234
    endloop
  endfacet
  facet normal -1 0 0
    outer loop
      vertex 191.9 60.4021 -3.59792
      vertex 191.9 71.2 -10.3
      vertex 191.9 60.5753 -3.80077
    endloop
  endfacet
  facet normal -1 0 -0
    outer loop
      vertex 191.9 55.1446 90.796
      vertex 191.9 71.2 112.5
      vertex 191.9 54.9798 90.1094
    endloop
  endfacet
  facet normal -1 0 0
    outer loop
      vertex 191.9 71.2 -10.3
      vertex 191.9 54.7095 89.457
      vertex 191.9 71.2 112.5
    endloop
  endfacet
  facet normal -1 0 0
    outer loop
      vertex 191.9 71.2 112.5
      vertex 191.9 60.7147 107.728
      vertex 191.9 60.8168 107.975
    endloop
  endfacet
  facet normal -1 0 0
    outer loop
      vertex 191.9 60.1992 -3.42467
      vertex 191.9 71.2 -10.3
      vertex 191.9 60.4021 -3.59792
    endloop
  endfacet
  facet normal -1 0 -0
    outer loop
      vertex 191.9 55.2 91.5
      vertex 191.9 71.2 112.5
      vertex 191.9 55.1446 90.796
    endloop
  endfacet
  facet normal -1 0 0
    outer loop
      vertex 191.9 71.2 -10.3
      vertex 191.9 60.1992 -3.42467
      vertex 191.9 53.882 88.318
    endloop
  endfacet
  facet normal -1 0 0
    outer loop
      vertex 191.9 71.2 112.5
      vertex 191.9 60.5753 107.501
      vertex 191.9 60.7147 107.728
    endloop
  endfacet
  facet normal -1 0 0
    outer loop
      vertex 191.9 53.345 87.8594
      vertex 191.9 60.1992 -3.42467
      vertex 191.9 59.9718 -3.28529
    endloop
  endfacet
  facet normal -1 0 0
    outer loop
      vertex 191.9 71.2 112.5
      vertex 191.9 60.4021 107.298
      vertex 191.9 60.5753 107.501
    endloop
  endfacet
  facet normal -1 0 0
    outer loop
      vertex 191.9 42.6 11.5
      vertex 191.9 59.9718 -3.28529
      vertex 191.9 59.7253 -3.1832
    endloop
  endfacet
  facet normal -1 0 0
    outer loop
      vertex 191.9 71.2 112.5
      vertex 191.9 55.1446 92.204
      vertex 191.9 60.4021 107.298
    endloop
  endfacet
  facet normal -1 0 0
    outer loop
      vertex 191.9 42.6 11.5
      vertex 191.9 59.7253 -3.1832
      vertex 191.9 59.4659 -3.12093
    endloop
  endfacet
  facet normal -1 0 0
    outer loop
      vertex 191.9 60.4021 107.298
      vertex 191.9 55.1446 92.204
      vertex 191.9 60.1992 107.125
    endloop
  endfacet
  facet normal -1 0 0
    outer loop
      vertex 191.9 42.6 11.5
      vertex 191.9 59.4659 -3.12093
      vertex 191.9 59.2 -3.1
    endloop
  endfacet
  facet normal -1 0 0
    outer loop
      vertex 191.9 54.9798 92.8906
      vertex 191.9 60.1992 107.125
      vertex 191.9 55.1446 92.204
    endloop
  endfacet
  facet normal -1 0 0
    outer loop
      vertex 191.9 42.6 11.5
      vertex 191.9 59.2 -3.1
      vertex 191.9 58.9341 -3.12093
    endloop
  endfacet
  facet normal -1 0 0
    outer loop
      vertex 191.9 60.1992 107.125
      vertex 191.9 54.9798 92.8906
      vertex 191.9 59.9718 106.985
    endloop
  endfacet
  facet normal -1 0 0
    outer loop
      vertex 191.9 42.6 11.5
      vertex 191.9 58.9341 -3.12093
      vertex 191.9 58.6747 -3.1832
    endloop
  endfacet
  facet normal -1 0 0
    outer loop
      vertex 191.9 54.7095 93.543
      vertex 191.9 59.9718 106.985
      vertex 191.9 54.9798 92.8906
    endloop
  endfacet
  facet normal -1 0 0
    outer loop
      vertex 191.9 42.6 11.5
      vertex 191.9 58.6747 -3.1832
      vertex 191.9 58.4282 -3.28529
    endloop
  endfacet
  facet normal -1 0 0
    outer loop
      vertex 191.9 59.9718 106.985
      vertex 191.9 54.7095 93.543
      vertex 191.9 59.7253 106.883
    endloop
  endfacet
  facet normal -1 0 0
    outer loop
      vertex 191.9 42.6 3.5
      vertex 191.9 58.4282 -3.28529
      vertex 191.9 58.2008 -3.42467
    endloop
  endfacet
  facet normal -1 0 0
    outer loop
      vertex 191.9 54.3406 94.145
      vertex 191.9 59.7253 106.883
      vertex 191.9 54.7095 93.543
    endloop
  endfacet
  facet normal -1 0 0
    outer loop
      vertex 191.9 42.6 3.5
      vertex 191.9 58.2008 -3.42467
      vertex 191.9 57.9979 -3.59792
    endloop
  endfacet
  facet normal -1 0 0
    outer loop
      vertex 191.9 59.7253 106.883
      vertex 191.9 54.3406 94.145
      vertex 191.9 59.4659 106.821
    endloop
  endfacet
  facet normal -1 0 0
    outer loop
      vertex 191.9 42.6 3.5
      vertex 191.9 57.9979 -3.59792
      vertex 191.9 57.8247 -3.80077
    endloop
  endfacet
  facet normal -1 0 0
    outer loop
      vertex 191.9 59.4659 106.821
      vertex 191.9 54.3406 94.145
      vertex 191.9 59.2 106.8
    endloop
  endfacet
  facet normal -1 0 0
    outer loop
      vertex 191.9 42.6 3.5
      vertex 191.9 57.8247 -3.80077
      vertex 191.9 57.6853 -4.02822
    endloop
  endfacet
  facet normal -1 0 0
    outer loop
      vertex 191.9 53.882 94.682
      vertex 191.9 59.2 106.8
      vertex 191.9 54.3406 94.145
    endloop
  endfacet
  facet normal -1 0 0
    outer loop
      vertex 191.9 42.6 3.5
      vertex 191.9 57.6853 -4.02822
      vertex 191.9 57.5832 -4.27467
    endloop
  endfacet
  facet normal -1 -0 0
    outer loop
      vertex 191.9 59.2 106.8
      vertex 191.9 53.882 94.682
      vertex 191.9 58.9341 106.821
    endloop
  endfacet
  facet normal -1 0 0
    outer loop
      vertex 191.9 42.6 3.5
      vertex 191.9 57.5832 -4.27467
      vertex 191.9 57.5209 -4.53406
    endloop
  endfacet
  facet normal -1 0 0
    outer loop
      vertex 191.9 53.345 95.1406
      vertex 191.9 58.9341 106.821
      vertex 191.9 53.882 94.682
    endloop
  endfacet
  facet normal -1 0 0
    outer loop
      vertex 191.9 42.6 3.5
      vertex 191.9 57.5209 -4.53406
      vertex 191.9 57.5 -4.8
    endloop
  endfacet
  facet normal -1 -0 0
    outer loop
      vertex 191.9 58.9341 106.821
      vertex 191.9 53.345 95.1406
      vertex 191.9 58.6747 106.883
    endloop
  endfacet
  facet normal -1 0 0
    outer loop
      vertex 191.9 60.8791 -4.53406
      vertex 191.9 71.2 -10.3
      vertex 191.9 60.9 -4.8
    endloop
  endfacet
  facet normal -1 0 0
    outer loop
      vertex 191.9 71.2 -10.3
      vertex 191.9 60.8791 -5.06594
      vertex 191.9 60.9 -4.8
    endloop
  endfacet
  facet normal -1 0 0
    outer loop
      vertex 191.9 71.2 -10.3
      vertex 191.9 60.8168 -5.32533
      vertex 191.9 60.8791 -5.06594
    endloop
  endfacet
  facet normal -1 0 0
    outer loop
      vertex 191.9 71.2 -10.3
      vertex 191.9 60.7147 -5.57178
      vertex 191.9 60.8168 -5.32533
    endloop
  endfacet
  facet normal -1 0 0
    outer loop
      vertex 191.9 71.2 -10.3
      vertex 191.9 60.5753 -5.79923
      vertex 191.9 60.7147 -5.57178
    endloop
  endfacet
  facet normal -1 0 0
    outer loop
      vertex 191.9 71.2 -10.3
      vertex 191.9 60.4021 -6.00208
      vertex 191.9 60.5753 -5.79923
    endloop
  endfacet
  facet normal -1 0 0
    outer loop
      vertex 191.9 71.2 -10.3
      vertex 191.9 60.1992 -6.17533
      vertex 191.9 60.4021 -6.00208
    endloop
  endfacet
  facet normal -1 0 0
    outer loop
      vertex 191.9 71.2 -10.3
      vertex 191.9 59.9718 -6.31471
      vertex 191.9 60.1992 -6.17533
    endloop
  endfacet
  facet normal -1 0 0
    outer loop
      vertex 191.9 71.2 -10.3
      vertex 191.9 59.7253 -6.4168
      vertex 191.9 59.9718 -6.31471
    endloop
  endfacet
  facet normal -1 0 0
    outer loop
      vertex 191.9 71.2 -10.3
      vertex 191.9 59.4659 -6.47907
      vertex 191.9 59.7253 -6.4168
    endloop
  endfacet
  facet normal -1 0 0
    outer loop
      vertex 191.9 71.2 -10.3
      vertex 191.9 59.2 -6.5
      vertex 191.9 59.4659 -6.47907
    endloop
  endfacet
  facet normal -1 0 0
    outer loop
      vertex 191.9 71.2 -10.3
      vertex 191.9 58.9341 -6.47907
      vertex 191.9 59.2 -6.5
    endloop
  endfacet
  facet normal -1 0 0
    outer loop
      vertex 191.9 71.2 -10.3
      vertex 191.9 58.6747 -6.4168
      vertex 191.9 58.9341 -6.47907
    endloop
  endfacet
  facet normal -1 0 0
    outer loop
      vertex 191.9 52.743 95.5095
      vertex 191.9 58.6747 106.883
      vertex 191.9 53.345 95.1406
    endloop
  endfacet
  facet normal -1 -0 0
    outer loop
      vertex 191.9 58.6747 106.883
      vertex 191.9 52.743 95.5095
      vertex 191.9 58.4282 106.985
    endloop
  endfacet
  facet normal -1 0 0
    outer loop
      vertex 191.9 55.1446 92.204
      vertex 191.9 71.2 112.5
      vertex 191.9 55.2 91.5
    endloop
  endfacet
  facet normal -1 0 0
    outer loop
      vertex 191.9 71.2 112.5
      vertex 191.9 54.7095 89.457
      vertex 191.9 54.9798 90.1094
    endloop
  endfacet
  facet normal -1 0 0
    outer loop
      vertex 191.9 71.2 -10.3
      vertex 191.9 54.3406 88.855
      vertex 191.9 54.7095 89.457
    endloop
  endfacet
  facet normal -1 0 0
    outer loop
      vertex 191.9 71.2 -10.3
      vertex 191.9 53.882 88.318
      vertex 191.9 54.3406 88.855
    endloop
  endfacet
  facet normal -1 0 0
    outer loop
      vertex 191.9 59.9718 -3.28529
      vertex 191.9 42.6 11.5
      vertex 191.9 53.345 87.8594
    endloop
  endfacet
  facet normal -1 0 0
    outer loop
      vertex 191.9 60.1992 -3.42467
      vertex 191.9 53.345 87.8594
      vertex 191.9 53.882 88.318
    endloop
  endfacet
  facet normal -1 0 0
    outer loop
      vertex 191.9 53.345 87.8594
      vertex 191.9 42.6 11.5
      vertex 191.9 52.743 87.4905
    endloop
  endfacet
  facet normal -1 0 0
    outer loop
      vertex 191.9 52.743 87.4905
      vertex 191.9 42.6 11.5
      vertex 191.9 52.0906 87.2202
    endloop
  endfacet
  facet normal -1 0 0
    outer loop
      vertex 191.9 52.0906 87.2202
      vertex 191.9 42.6 11.5
      vertex 191.9 51.404 87.0554
    endloop
  endfacet
  facet normal -1 0 0
    outer loop
      vertex 191.9 17.6791 41.0019
      vertex 191.9 51.404 87.0554
      vertex 191.9 42.6 11.5
    endloop
  endfacet
  facet normal -1 0 0
    outer loop
      vertex 191.9 42.6 3.5
      vertex 191.9 57.5 -4.8
      vertex 191.9 57.5209 -5.06594
    endloop
  endfacet
  facet normal -1 0 0
    outer loop
      vertex 191.9 51.404 87.0554
      vertex 191.9 17.6791 41.0019
      vertex 191.9 50.7 87
    endloop
  endfacet
  facet normal -1 0 0
    outer loop
      vertex 191.9 17.6168 41.2613
      vertex 191.9 50.7 87
      vertex 191.9 17.6791 41.0019
    endloop
  endfacet
  facet normal -1 0 0
    outer loop
      vertex 191.9 17.6791 41.0019
      vertex 191.9 42.6 11.5
      vertex 191.9 32.6 11.5
    endloop
  endfacet
  facet normal -1 0 0
    outer loop
      vertex 191.9 17.5147 41.5078
      vertex 191.9 50.7 87
      vertex 191.9 17.6168 41.2613
    endloop
  endfacet
  facet normal -1 -0 0
    outer loop
      vertex 191.9 50.7 87
      vertex 191.9 17.5147 41.5078
      vertex 191.9 49.996 87.0554
    endloop
  endfacet
  facet normal -1 0 0
    outer loop
      vertex 191.9 17.3753 41.7352
      vertex 191.9 49.996 87.0554
      vertex 191.9 17.5147 41.5078
    endloop
  endfacet
  facet normal -1 -0 0
    outer loop
      vertex 191.9 49.996 87.0554
      vertex 191.9 17.3753 41.7352
      vertex 191.9 49.3094 87.2202
    endloop
  endfacet
  facet normal -1 0 0
    outer loop
      vertex 191.9 17.2021 41.9381
      vertex 191.9 49.3094 87.2202
      vertex 191.9 17.3753 41.7352
    endloop
  endfacet
  facet normal -1 0 0
    outer loop
      vertex 191.9 46.6905 89.457
      vertex 191.9 42.6 96.5
      vertex 191.9 46.4202 90.1094
    endloop
  endfacet
  facet normal -1 0 0
    outer loop
      vertex 191.9 58.4282 -3.28529
      vertex 191.9 42.6 3.5
      vertex 191.9 42.6 11.5
    endloop
  endfacet
  facet normal -1 0 0
    outer loop
      vertex 191.9 57.5832 -5.32533
      vertex 191.9 42.6 3.5
      vertex 191.9 57.5209 -5.06594
    endloop
  endfacet
  facet normal -1 0 0
    outer loop
      vertex 191.9 57.6853 -5.57178
      vertex 191.9 42.6 3.5
      vertex 191.9 57.5832 -5.32533
    endloop
  endfacet
  facet normal -1 0 0
    outer loop
      vertex 191.9 57.8247 -5.79923
      vertex 191.9 42.6 3.5
      vertex 191.9 57.6853 -5.57178
    endloop
  endfacet
  facet normal -1 0 0
    outer loop
      vertex 191.9 32.6 3.5
      vertex 191.9 57.8247 -5.79923
      vertex 191.9 57.9979 -6.00208
    endloop
  endfacet
  facet normal -1 0 0
    outer loop
      vertex 191.9 11.2021 -6.00208
      vertex 191.9 57.9979 -6.00208
      vertex 191.9 58.2008 -6.17533
    endloop
  endfacet
  facet normal -1 0 0
    outer loop
      vertex 191.9 57.8247 -5.79923
      vertex 191.9 32.6 3.5
      vertex 191.9 42.6 3.5
    endloop
  endfacet
  facet normal -1 0 0
    outer loop
      vertex 191.9 10.9992 -6.17533
      vertex 191.9 58.2008 -6.17533
      vertex 191.9 58.4282 -6.31471
    endloop
  endfacet
  facet normal -1 0 0
    outer loop
      vertex 191.9 10.7718 -6.31471
      vertex 191.9 58.4282 -6.31471
      vertex 191.9 58.6747 -6.4168
    endloop
  endfacet
  facet normal -1 0 0
    outer loop
      vertex 191.9 11.5147 -4.02822
      vertex 191.9 32.6 3.5
      vertex 191.9 11.6168 -4.27467
    endloop
  endfacet
  facet normal -1 -0 0
    outer loop
      vertex 191.9 48.657 87.4905
      vertex 191.9 16.9992 42.1113
      vertex 191.9 48.055 87.8594
    endloop
  endfacet
  facet normal -1 0 0
    outer loop
      vertex 191.9 16.7718 42.2507
      vertex 191.9 48.055 87.8594
      vertex 191.9 16.9992 42.1113
    endloop
  endfacet
  facet normal -1 0 0
    outer loop
      vertex 191.9 32.6 104.5
      vertex 191.9 21.6791 108.234
      vertex 191.9 21.7 108.5
    endloop
  endfacet
  facet normal -1 0 0
    outer loop
      vertex 191.9 32.6 104.5
      vertex 191.9 21.6168 107.975
      vertex 191.9 21.6791 108.234
    endloop
  endfacet
  facet normal -1 -0 0
    outer loop
      vertex 191.9 48.055 87.8594
      vertex 191.9 16.7718 42.2507
      vertex 191.9 47.518 88.318
    endloop
  endfacet
  facet normal -1 0 0
    outer loop
      vertex 191.9 16.5253 42.3528
      vertex 191.9 47.518 88.318
      vertex 191.9 16.7718 42.2507
    endloop
  endfacet
  facet normal -1 0 0
    outer loop
      vertex 191.9 32.6 104.5
      vertex 191.9 21.5147 107.728
      vertex 191.9 21.6168 107.975
    endloop
  endfacet
  facet normal -1 0 0
    outer loop
      vertex 191.9 46.6905 89.457
      vertex 191.9 32.6 96.5
      vertex 191.9 42.6 96.5
    endloop
  endfacet
  facet normal -1 0 0
    outer loop
      vertex 191.9 32.6 104.5
      vertex 191.9 21.3753 107.501
      vertex 191.9 21.5147 107.728
    endloop
  endfacet
  facet normal -1 0 -0
    outer loop
      vertex 191.9 32.6 96.5
      vertex 191.9 47.518 88.318
      vertex 191.9 16.5253 42.3528
    endloop
  endfacet
  facet normal -1 0 0
    outer loop
      vertex 191.9 32.6 104.5
      vertex 191.9 21.2021 107.298
      vertex 191.9 21.3753 107.501
    endloop
  endfacet
  facet normal -1 0 -0
    outer loop
      vertex 191.9 20.7718 106.985
      vertex 191.9 32.6 96.5
      vertex 191.9 20.5253 106.883
    endloop
  endfacet
  facet normal -1 0 0
    outer loop
      vertex 191.9 32.6 104.5
      vertex 191.9 20.9992 107.125
      vertex 191.9 21.2021 107.298
    endloop
  endfacet
  facet normal -1 0 0
    outer loop
      vertex 191.9 32.6 96.5
      vertex 191.9 20.9992 107.125
      vertex 191.9 32.6 104.5
    endloop
  endfacet
  facet normal -1 0 -0
    outer loop
      vertex 191.9 20.9992 107.125
      vertex 191.9 32.6 96.5
      vertex 191.9 20.7718 106.985
    endloop
  endfacet
  facet normal -1 0 -0
    outer loop
      vertex 191.9 20.2659 106.821
      vertex 191.9 32.6 96.5
      vertex 191.9 11.5827 93.7159
    endloop
  endfacet
  facet normal -1 0 0
    outer loop
      vertex 191.9 32.6 96.5
      vertex 191.9 20.2659 106.821
      vertex 191.9 20.5253 106.883
    endloop
  endfacet
  facet normal -1 0 0
    outer loop
      vertex 191.9 11.5205 93.9753
      vertex 191.9 20.2659 106.821
      vertex 191.9 11.5827 93.7159
    endloop
  endfacet
  facet normal -1 0 0
    outer loop
      vertex 191.9 20.2659 106.821
      vertex 191.9 11.5205 93.9753
      vertex 191.9 20 106.8
    endloop
  endfacet
  facet normal -1 0 0
    outer loop
      vertex 191.9 11.4184 94.2218
      vertex 191.9 20 106.8
      vertex 191.9 11.5205 93.9753
    endloop
  endfacet
  facet normal -1 -0 0
    outer loop
      vertex 191.9 20 106.8
      vertex 191.9 11.4184 94.2218
      vertex 191.9 19.7341 106.821
    endloop
  endfacet
  facet normal -1 -0 0
    outer loop
      vertex 191.9 19.7341 106.821
      vertex 191.9 11.279 94.4492
      vertex 191.9 19.4747 106.883
    endloop
  endfacet
  facet normal -1 0 0
    outer loop
      vertex 191.9 32.6 11.5
      vertex 191.9 17.7 40.736
      vertex 191.9 17.6791 41.0019
    endloop
  endfacet
  facet normal -1 0 0
    outer loop
      vertex 191.9 32.6 11.5
      vertex 191.9 17.6791 40.4701
      vertex 191.9 17.7 40.736
    endloop
  endfacet
  facet normal -1 0 0
    outer loop
      vertex 191.9 32.6 11.5
      vertex 191.9 17.6168 40.2107
      vertex 191.9 17.6791 40.4701
    endloop
  endfacet
  facet normal -1 0 0
    outer loop
      vertex 191.9 32.6 11.5
      vertex 191.9 17.5147 39.9642
      vertex 191.9 17.6168 40.2107
    endloop
  endfacet
  facet normal -1 0 0
    outer loop
      vertex 191.9 32.6 11.5
      vertex 191.9 17.3753 39.7368
      vertex 191.9 17.5147 39.9642
    endloop
  endfacet
  facet normal -1 0 0
    outer loop
      vertex 191.9 32.6 11.5
      vertex 191.9 17.2021 39.5339
      vertex 191.9 17.3753 39.7368
    endloop
  endfacet
  facet normal -1 0 0
    outer loop
      vertex 191.9 32.6 11.5
      vertex 191.9 16.9992 39.3607
      vertex 191.9 17.2021 39.5339
    endloop
  endfacet
  facet normal -1 0 0
    outer loop
      vertex 191.9 32.6 11.5
      vertex 191.9 16.7718 39.2213
      vertex 191.9 16.9992 39.3607
    endloop
  endfacet
  facet normal -1 0 0
    outer loop
      vertex 191.9 32.6 11.5
      vertex 191.9 16.5253 39.1192
      vertex 191.9 16.7718 39.2213
    endloop
  endfacet
  facet normal -1 0 0
    outer loop
      vertex 191.9 32.6 11.5
      vertex 191.9 16.2659 39.0569
      vertex 191.9 16.5253 39.1192
    endloop
  endfacet
  facet normal -1 0 0
    outer loop
      vertex 191.9 8.57356 35.9427
      vertex 191.9 16.2659 39.0569
      vertex 191.9 32.6 11.5
    endloop
  endfacet
  facet normal -1 0 0
    outer loop
      vertex 191.9 11.3753 -3.80077
      vertex 191.9 32.6 3.5
      vertex 191.9 11.5147 -4.02822
    endloop
  endfacet
  facet normal -1 0 0
    outer loop
      vertex 191.9 16.2659 39.0569
      vertex 191.9 8.57356 35.9427
      vertex 191.9 16 39.036
    endloop
  endfacet
  facet normal -1 0 0
    outer loop
      vertex 191.9 11.2021 -3.59792
      vertex 191.9 32.6 3.5
      vertex 191.9 11.3753 -3.80077
    endloop
  endfacet
  facet normal -1 0 0
    outer loop
      vertex 191.9 10.9992 -3.42467
      vertex 191.9 32.6 3.5
      vertex 191.9 11.2021 -3.59792
    endloop
  endfacet
  facet normal -1 -0 0
    outer loop
      vertex 191.9 32.6 3.5
      vertex 191.9 10.9992 -3.42467
      vertex 191.9 32.6 11.5
    endloop
  endfacet
  facet normal -1 0 0
    outer loop
      vertex 191.9 8.57356 35.9427
      vertex 191.9 32.6 11.5
      vertex 191.9 10.9992 -3.42467
    endloop
  endfacet
  facet normal -1 -0 0
    outer loop
      vertex 191.9 16 39.036
      vertex 191.9 8.57356 35.9427
      vertex 191.9 15.7341 39.0569
    endloop
  endfacet
  facet normal -1 -0 0
    outer loop
      vertex 191.9 15.4747 39.1192
      vertex 191.9 8.57356 35.9427
      vertex 191.9 15.2282 39.2213
    endloop
  endfacet
  facet normal -1 -0 0
    outer loop
      vertex 191.9 15.7341 39.0569
      vertex 191.9 8.57356 35.9427
      vertex 191.9 15.4747 39.1192
    endloop
  endfacet
  facet normal -1 0 0
    outer loop
      vertex 191.9 11.6168 -4.27467
      vertex 191.9 32.6 3.5
      vertex 191.9 11.6791 -4.53406
    endloop
  endfacet
  facet normal -1 0 0
    outer loop
      vertex 191.9 11.6791 -4.53406
      vertex 191.9 32.6 3.5
      vertex 191.9 11.7 -4.8
    endloop
  endfacet
  facet normal -1 0 0
    outer loop
      vertex 191.9 57.9979 -6.00208
      vertex 191.9 11.2021 -6.00208
      vertex 191.9 32.6 3.5
    endloop
  endfacet
  facet normal -1 0 0
    outer loop
      vertex 191.9 10.5253 -6.4168
      vertex 191.9 58.6747 -6.4168
      vertex 191.9 71.2 -10.3
    endloop
  endfacet
  facet normal -1 0 0
    outer loop
      vertex 191.9 32.6 3.5
      vertex 191.9 11.6791 -5.06594
      vertex 191.9 11.7 -4.8
    endloop
  endfacet
  facet normal -1 0 0
    outer loop
      vertex 191.9 32.6 3.5
      vertex 191.9 11.6168 -5.32533
      vertex 191.9 11.6791 -5.06594
    endloop
  endfacet
  facet normal -1 0 0
    outer loop
      vertex 191.9 32.6 3.5
      vertex 191.9 11.5147 -5.57178
      vertex 191.9 11.6168 -5.32533
    endloop
  endfacet
  facet normal -1 0 0
    outer loop
      vertex 191.9 32.6 3.5
      vertex 191.9 11.3753 -5.79923
      vertex 191.9 11.5147 -5.57178
    endloop
  endfacet
  facet normal -1 0 0
    outer loop
      vertex 191.9 32.6 3.5
      vertex 191.9 11.2021 -6.00208
      vertex 191.9 11.3753 -5.79923
    endloop
  endfacet
  facet normal -1 0 0
    outer loop
      vertex 191.9 58.2008 -6.17533
      vertex 191.9 10.9992 -6.17533
      vertex 191.9 11.2021 -6.00208
    endloop
  endfacet
  facet normal -1 0 0
    outer loop
      vertex 191.9 58.4282 -6.31471
      vertex 191.9 10.7718 -6.31471
      vertex 191.9 10.9992 -6.17533
    endloop
  endfacet
  facet normal -1 0 0
    outer loop
      vertex 191.9 58.6747 -6.4168
      vertex 191.9 10.5253 -6.4168
      vertex 191.9 10.7718 -6.31471
    endloop
  endfacet
  facet normal -1 0 0
    outer loop
      vertex 191.9 71.2 -10.3
      vertex 191.9 10.2659 -6.47907
      vertex 191.9 10.5253 -6.4168
    endloop
  endfacet
  facet normal -1 0 0
    outer loop
      vertex 191.9 -10.8414 -10.3
      vertex 191.9 10.2659 -6.47907
      vertex 191.9 71.2 -10.3
    endloop
  endfacet
  facet normal -1 0 0
    outer loop
      vertex 191.9 8.62467 -3.80077
      vertex 191.9 2.1283 5.62016
      vertex 191.9 7.11818 29.0957
    endloop
  endfacet
  facet normal -1 0 0
    outer loop
      vertex 191.9 0.672919 -1.22687
      vertex 191.9 8.3 -4.8
      vertex 191.9 8.32093 -5.06594
    endloop
  endfacet
  facet normal -1 0 0
    outer loop
      vertex 191.9 0.672919 -1.22687
      vertex 191.9 8.32093 -5.06594
      vertex 191.9 8.3832 -5.32533
    endloop
  endfacet
  facet normal -1 0 0
    outer loop
      vertex 191.9 0.672919 -1.22687
      vertex 191.9 8.3832 -5.32533
      vertex 191.9 8.48529 -5.57178
    endloop
  endfacet
  facet normal -1 0 0
    outer loop
      vertex 191.9 8.62467 -3.80077
      vertex 191.9 0.672919 -1.22687
      vertex 191.9 2.1283 5.62016
    endloop
  endfacet
  facet normal -1 0 0
    outer loop
      vertex 191.9 8.62467 -5.79923
      vertex 191.9 0.672919 -1.22687
      vertex 191.9 8.48529 -5.57178
    endloop
  endfacet
  facet normal -1 0 0
    outer loop
      vertex 191.9 -10.8414 -10.3
      vertex 191.9 8.62467 -5.79923
      vertex 191.9 8.79792 -6.00208
    endloop
  endfacet
  facet normal -1 0 0
    outer loop
      vertex 191.9 -10.8414 -10.3
      vertex 191.9 8.79792 -6.00208
      vertex 191.9 9.00076 -6.17533
    endloop
  endfacet
  facet normal -1 0 0
    outer loop
      vertex 191.9 -10.8414 -10.3
      vertex 191.9 9.00076 -6.17533
      vertex 191.9 9.22822 -6.31471
    endloop
  endfacet
  facet normal -1 -0 0
    outer loop
      vertex 191.9 8.62467 -5.79923
      vertex 191.9 -10.8414 -10.3
      vertex 191.9 0.672919 -1.22687
    endloop
  endfacet
  facet normal -1 0 0
    outer loop
      vertex 191.9 -10.8414 -10.3
      vertex 191.9 9.22822 -6.31471
      vertex 191.9 9.47467 -6.4168
    endloop
  endfacet
  facet normal -1 0 0
    outer loop
      vertex 191.9 0.672919 -1.22687
      vertex 191.9 -10.8414 -10.3
      vertex 191.9 -10.8414 -7.29999
    endloop
  endfacet
  facet normal -1 -0 0
    outer loop
      vertex 191.9 9.73406 -6.47907
      vertex 191.9 -10.8414 -10.3
      vertex 191.9 9.47467 -6.4168
    endloop
  endfacet
  facet normal -1 -0 0
    outer loop
      vertex 191.9 10 -6.5
      vertex 191.9 -10.8414 -10.3
      vertex 191.9 9.73406 -6.47907
    endloop
  endfacet
  facet normal -1 0 0
    outer loop
      vertex 191.9 10.2659 -6.47907
      vertex 191.9 -10.8414 -10.3
      vertex 191.9 10 -6.5
    endloop
  endfacet
  facet normal -1 0 0
    outer loop
      vertex 191.9 60.8168 -4.27467
      vertex 191.9 71.2 -10.3
      vertex 191.9 60.8791 -4.53406
    endloop
  endfacet
  facet normal -1 0 0
    outer loop
      vertex 191.9 60.8791 108.766
      vertex 191.9 71.2 112.5
      vertex 191.9 60.9 108.5
    endloop
  endfacet
  facet normal -1 0 0
    outer loop
      vertex 191.9 60.8168 109.025
      vertex 191.9 71.2 112.5
      vertex 191.9 60.8791 108.766
    endloop
  endfacet
  facet normal -1 0 0
    outer loop
      vertex 191.9 60.7147 109.272
      vertex 191.9 71.2 112.5
      vertex 191.9 60.8168 109.025
    endloop
  endfacet
  facet normal -1 0 0
    outer loop
      vertex 191.9 60.5753 109.499
      vertex 191.9 71.2 112.5
      vertex 191.9 60.7147 109.272
    endloop
  endfacet
  facet normal -1 0 0
    outer loop
      vertex 191.9 60.4021 109.702
      vertex 191.9 71.2 112.5
      vertex 191.9 60.5753 109.499
    endloop
  endfacet
  facet normal -1 0 0
    outer loop
      vertex 191.9 60.1992 109.875
      vertex 191.9 71.2 112.5
      vertex 191.9 60.4021 109.702
    endloop
  endfacet
  facet normal -1 0 0
    outer loop
      vertex 191.9 59.9718 110.015
      vertex 191.9 71.2 112.5
      vertex 191.9 60.1992 109.875
    endloop
  endfacet
  facet normal -1 0 0
    outer loop
      vertex 191.9 59.7253 110.117
      vertex 191.9 71.2 112.5
      vertex 191.9 59.9718 110.015
    endloop
  endfacet
  facet normal -1 0 0
    outer loop
      vertex 191.9 59.4659 110.179
      vertex 191.9 71.2 112.5
      vertex 191.9 59.7253 110.117
    endloop
  endfacet
  facet normal -1 0 0
    outer loop
      vertex 191.9 59.2 110.2
      vertex 191.9 71.2 112.5
      vertex 191.9 59.4659 110.179
    endloop
  endfacet
  facet normal -1 0 0
    outer loop
      vertex 191.9 58.9341 110.179
      vertex 191.9 71.2 112.5
      vertex 191.9 59.2 110.2
    endloop
  endfacet
  facet normal -1 -0 0
    outer loop
      vertex 191.9 58.4282 106.985
      vertex 191.9 52.743 95.5095
      vertex 191.9 58.2008 107.125
    endloop
  endfacet
  facet normal -1 0 0
    outer loop
      vertex 191.9 52.0906 95.7798
      vertex 191.9 58.2008 107.125
      vertex 191.9 52.743 95.5095
    endloop
  endfacet
  facet normal -1 -0 0
    outer loop
      vertex 191.9 58.2008 107.125
      vertex 191.9 52.0906 95.7798
      vertex 191.9 57.9979 107.298
    endloop
  endfacet
  facet normal -1 0 0
    outer loop
      vertex 191.9 51.404 95.9446
      vertex 191.9 57.9979 107.298
      vertex 191.9 52.0906 95.7798
    endloop
  endfacet
  facet normal -1 -0 0
    outer loop
      vertex 191.9 57.9979 107.298
      vertex 191.9 51.404 95.9446
      vertex 191.9 57.8247 107.501
    endloop
  endfacet
  facet normal -1 0 0
    outer loop
      vertex 191.9 50.7 96
      vertex 191.9 57.8247 107.501
      vertex 191.9 51.404 95.9446
    endloop
  endfacet
  facet normal -1 -0 0
    outer loop
      vertex 191.9 57.8247 107.501
      vertex 191.9 50.7 96
      vertex 191.9 57.6853 107.728
    endloop
  endfacet
  facet normal -1 0 0
    outer loop
      vertex 191.9 42.6 104.5
      vertex 191.9 57.6853 107.728
      vertex 191.9 50.7 96
    endloop
  endfacet
  facet normal -1 -0 0
    outer loop
      vertex 191.9 57.6853 107.728
      vertex 191.9 42.6 104.5
      vertex 191.9 57.5832 107.975
    endloop
  endfacet
  facet normal -1 -0 0
    outer loop
      vertex 191.9 57.5832 107.975
      vertex 191.9 42.6 104.5
      vertex 191.9 57.5209 108.234
    endloop
  endfacet
  facet normal -1 -0 0
    outer loop
      vertex 191.9 57.5209 108.234
      vertex 191.9 42.6 104.5
      vertex 191.9 57.5 108.5
    endloop
  endfacet
  facet normal -1 -0 0
    outer loop
      vertex 191.9 57.5 108.5
      vertex 191.9 42.6 104.5
      vertex 191.9 57.5209 108.766
    endloop
  endfacet
  facet normal -1 -0 0
    outer loop
      vertex 191.9 57.5209 108.766
      vertex 191.9 42.6 104.5
      vertex 191.9 57.5832 109.025
    endloop
  endfacet
  facet normal -1 0 0
    outer loop
      vertex 191.9 42.6 104.5
      vertex 191.9 50.7 96
      vertex 191.9 49.996 95.9446
    endloop
  endfacet
  facet normal -1 0 0
    outer loop
      vertex 191.9 42.6 104.5
      vertex 191.9 49.996 95.9446
      vertex 191.9 49.3094 95.7798
    endloop
  endfacet
  facet normal -1 -0 0
    outer loop
      vertex 191.9 57.5832 109.025
      vertex 191.9 42.6 104.5
      vertex 191.9 57.6853 109.272
    endloop
  endfacet
  facet normal -1 0 0
    outer loop
      vertex 191.9 42.6 104.5
      vertex 191.9 49.3094 95.7798
      vertex 191.9 48.657 95.5095
    endloop
  endfacet
  facet normal -1 0 0
    outer loop
      vertex 191.9 42.6 96.5
      vertex 191.9 48.657 95.5095
      vertex 191.9 48.055 95.1406
    endloop
  endfacet
  facet normal -1 0 0
    outer loop
      vertex 191.9 42.6 96.5
      vertex 191.9 48.055 95.1406
      vertex 191.9 47.518 94.682
    endloop
  endfacet
  facet normal -1 0 0
    outer loop
      vertex 191.9 42.6 96.5
      vertex 191.9 47.518 94.682
      vertex 191.9 47.0594 94.145
    endloop
  endfacet
  facet normal -1 0 0
    outer loop
      vertex 191.9 46.4202 90.1094
      vertex 191.9 42.6 96.5
      vertex 191.9 46.2554 90.796
    endloop
  endfacet
  facet normal -1 0 0
    outer loop
      vertex 191.9 46.2554 90.796
      vertex 191.9 42.6 96.5
      vertex 191.9 46.2 91.5
    endloop
  endfacet
  facet normal -1 0 0
    outer loop
      vertex 191.9 42.6 96.5
      vertex 191.9 46.2554 92.204
      vertex 191.9 46.2 91.5
    endloop
  endfacet
  facet normal -1 0 0
    outer loop
      vertex 191.9 42.6 96.5
      vertex 191.9 46.4202 92.8906
      vertex 191.9 46.2554 92.204
    endloop
  endfacet
  facet normal -1 0 0
    outer loop
      vertex 191.9 42.6 96.5
      vertex 191.9 46.6905 93.543
      vertex 191.9 46.4202 92.8906
    endloop
  endfacet
  facet normal -1 0 0
    outer loop
      vertex 191.9 42.6 96.5
      vertex 191.9 47.0594 94.145
      vertex 191.9 46.6905 93.543
    endloop
  endfacet
  facet normal -1 0 0
    outer loop
      vertex 191.9 48.657 95.5095
      vertex 191.9 42.6 96.5
      vertex 191.9 42.6 104.5
    endloop
  endfacet
  facet normal -1 -0 0
    outer loop
      vertex 191.9 57.6853 109.272
      vertex 191.9 42.6 104.5
      vertex 191.9 57.8247 109.499
    endloop
  endfacet
  facet normal -1 -0 0
    outer loop
      vertex 191.9 57.8247 109.499
      vertex 191.9 42.6 104.5
      vertex 191.9 57.9979 109.702
    endloop
  endfacet
  facet normal -1 0 0
    outer loop
      vertex 191.9 42.6 104.5
      vertex 191.9 58.2008 109.875
      vertex 191.9 57.9979 109.702
    endloop
  endfacet
  facet normal -1 0 0
    outer loop
      vertex 191.9 20.9992 109.875
      vertex 191.9 58.2008 109.875
      vertex 191.9 42.6 104.5
    endloop
  endfacet
  facet normal -1 0 0
    outer loop
      vertex 191.9 58.2008 109.875
      vertex 191.9 20.9992 109.875
      vertex 191.9 58.4282 110.015
    endloop
  endfacet
  facet normal -1 0 0
    outer loop
      vertex 191.9 20.9992 109.875
      vertex 191.9 42.6 104.5
      vertex 191.9 32.6 104.5
    endloop
  endfacet
  facet normal -1 0 0
    outer loop
      vertex 191.9 20.7718 110.015
      vertex 191.9 58.4282 110.015
      vertex 191.9 20.9992 109.875
    endloop
  endfacet
  facet normal -1 0 0
    outer loop
      vertex 191.9 21.6791 108.766
      vertex 191.9 32.6 104.5
      vertex 191.9 21.7 108.5
    endloop
  endfacet
  facet normal -1 0 0
    outer loop
      vertex 191.9 21.6168 109.025
      vertex 191.9 32.6 104.5
      vertex 191.9 21.6791 108.766
    endloop
  endfacet
  facet normal -1 0 0
    outer loop
      vertex 191.9 21.5147 109.272
      vertex 191.9 32.6 104.5
      vertex 191.9 21.6168 109.025
    endloop
  endfacet
  facet normal -1 0 0
    outer loop
      vertex 191.9 21.3753 109.499
      vertex 191.9 32.6 104.5
      vertex 191.9 21.5147 109.272
    endloop
  endfacet
  facet normal -1 0 0
    outer loop
      vertex 191.9 21.2021 109.702
      vertex 191.9 32.6 104.5
      vertex 191.9 21.3753 109.499
    endloop
  endfacet
  facet normal -1 0 0
    outer loop
      vertex 191.9 20.9992 109.875
      vertex 191.9 32.6 104.5
      vertex 191.9 21.2021 109.702
    endloop
  endfacet
  facet normal -1 0 0
    outer loop
      vertex 191.9 58.4282 110.015
      vertex 191.9 20.7718 110.015
      vertex 191.9 58.6747 110.117
    endloop
  endfacet
  facet normal -1 0 0
    outer loop
      vertex 191.9 20.5253 110.117
      vertex 191.9 58.6747 110.117
      vertex 191.9 20.7718 110.015
    endloop
  endfacet
  facet normal -1 0 0
    outer loop
      vertex 191.9 58.6747 110.117
      vertex 191.9 20.5253 110.117
      vertex 191.9 58.9341 110.179
    endloop
  endfacet
  facet normal -1 0 0
    outer loop
      vertex 191.9 20.2659 110.179
      vertex 191.9 58.9341 110.179
      vertex 191.9 20.5253 110.117
    endloop
  endfacet
  facet normal -1 0 0
    outer loop
      vertex 191.9 58.9341 110.179
      vertex 191.9 20.2659 110.179
      vertex 191.9 71.2 112.5
    endloop
  endfacet
  facet normal -1 0 0
    outer loop
      vertex 191.9 6.88583 112.5
      vertex 191.9 20.2659 110.179
      vertex 191.9 20 110.2
    endloop
  endfacet
  facet normal -1 0 0
    outer loop
      vertex 191.9 11.1057 94.6521
      vertex 191.9 19.4747 106.883
      vertex 191.9 11.279 94.4492
    endloop
  endfacet
  facet normal -1 -0 0
    outer loop
      vertex 191.9 19.4747 106.883
      vertex 191.9 11.1057 94.6521
      vertex 191.9 19.2282 106.985
    endloop
  endfacet
  facet normal -1 0 0
    outer loop
      vertex 191.9 10.9029 94.8253
      vertex 191.9 19.2282 106.985
      vertex 191.9 11.1057 94.6521
    endloop
  endfacet
  facet normal -1 0 0
    outer loop
      vertex 191.9 11.279 94.4492
      vertex 191.9 19.7341 106.821
      vertex 191.9 11.4184 94.2218
    endloop
  endfacet
  facet normal -1 0 0
    outer loop
      vertex 191.9 47.0594 88.855
      vertex 191.9 32.6 96.5
      vertex 191.9 46.6905 89.457
    endloop
  endfacet
  facet normal -1 0 0
    outer loop
      vertex 191.9 11.5827 93.7159
      vertex 191.9 32.6 96.5
      vertex 191.9 11.6037 93.45
    endloop
  endfacet
  facet normal -1 0 0
    outer loop
      vertex 191.9 47.518 88.318
      vertex 191.9 32.6 96.5
      vertex 191.9 47.0594 88.855
    endloop
  endfacet
  facet normal -1 0 0
    outer loop
      vertex 191.9 11.5827 93.1841
      vertex 191.9 32.6 96.5
      vertex 191.9 16.5253 42.3528
    endloop
  endfacet
  facet normal -1 0 0
    outer loop
      vertex 191.9 11.5827 93.1841
      vertex 191.9 16.5253 42.3528
      vertex 191.9 16.2659 42.4151
    endloop
  endfacet
  facet normal -1 0 0
    outer loop
      vertex 191.9 11.5827 93.1841
      vertex 191.9 16.2659 42.4151
      vertex 191.9 16 42.436
    endloop
  endfacet
  facet normal -1 0 0
    outer loop
      vertex 191.9 11.5827 93.1841
      vertex 191.9 16 42.436
      vertex 191.9 15.7341 42.4151
    endloop
  endfacet
  facet normal -1 0 0
    outer loop
      vertex 191.9 11.5827 93.1841
      vertex 191.9 15.7341 42.4151
      vertex 191.9 15.4747 42.3528
    endloop
  endfacet
  facet normal -1 0 0
    outer loop
      vertex 191.9 11.5827 93.1841
      vertex 191.9 15.4747 42.3528
      vertex 191.9 15.2282 42.2507
    endloop
  endfacet
  facet normal -1 0 0
    outer loop
      vertex 191.9 11.5827 93.1841
      vertex 191.9 15.2282 42.2507
      vertex 191.9 15.0008 42.1113
    endloop
  endfacet
  facet normal -1 0 0
    outer loop
      vertex 191.9 11.5827 93.1841
      vertex 191.9 15.0008 42.1113
      vertex 191.9 14.7979 41.9381
    endloop
  endfacet
  facet normal -1 0 0
    outer loop
      vertex 191.9 11.5827 93.1841
      vertex 191.9 14.7979 41.9381
      vertex 191.9 14.6247 41.7352
    endloop
  endfacet
  facet normal -1 0 0
    outer loop
      vertex 191.9 11.5827 93.1841
      vertex 191.9 14.6247 41.7352
      vertex 191.9 14.4853 41.5078
    endloop
  endfacet
  facet normal -1 0 0
    outer loop
      vertex 191.9 11.5827 93.1841
      vertex 191.9 14.4853 41.5078
      vertex 191.9 14.3832 41.2613
    endloop
  endfacet
  facet normal -1 0 0
    outer loop
      vertex 191.9 11.5827 93.1841
      vertex 191.9 14.3832 41.2613
      vertex 191.9 14.3209 41.0019
    endloop
  endfacet
  facet normal -1 0 0
    outer loop
      vertex 191.9 11.5827 93.1841
      vertex 191.9 14.3209 41.0019
      vertex 191.9 14.3 40.736
    endloop
  endfacet
  facet normal -1 -0 0
    outer loop
      vertex 191.9 15.2282 39.2213
      vertex 191.9 8.57356 35.9427
      vertex 191.9 15.0008 39.3607
    endloop
  endfacet
  facet normal -1 -0 0
    outer loop
      vertex 191.9 15.0008 39.3607
      vertex 191.9 8.57356 35.9427
      vertex 191.9 14.7979 39.5339
    endloop
  endfacet
  facet normal -1 -0 0
    outer loop
      vertex 191.9 14.7979 39.5339
      vertex 191.9 8.57356 35.9427
      vertex 191.9 14.6247 39.7368
    endloop
  endfacet
  facet normal -1 -0 0
    outer loop
      vertex 191.9 19.2282 106.985
      vertex 191.9 10.9029 94.8253
      vertex 191.9 19.0008 107.125
    endloop
  endfacet
  facet normal -1 0 0
    outer loop
      vertex 191.9 10.6755 94.9647
      vertex 191.9 19.0008 107.125
      vertex 191.9 10.9029 94.8253
    endloop
  endfacet
  facet normal -1 -0 0
    outer loop
      vertex 191.9 19.0008 107.125
      vertex 191.9 10.6755 94.9647
      vertex 191.9 18.7979 107.298
    endloop
  endfacet
  facet normal -1 0 0
    outer loop
      vertex 191.9 10.429 95.0668
      vertex 191.9 18.7979 107.298
      vertex 191.9 10.6755 94.9647
    endloop
  endfacet
  facet normal -1 -0 0
    outer loop
      vertex 191.9 18.7979 107.298
      vertex 191.9 10.429 95.0668
      vertex 191.9 18.6247 107.501
    endloop
  endfacet
  facet normal -1 0 0
    outer loop
      vertex 191.9 10.1696 95.1291
      vertex 191.9 18.6247 107.501
      vertex 191.9 10.429 95.0668
    endloop
  endfacet
  facet normal -1 -0 0
    outer loop
      vertex 191.9 18.6247 107.501
      vertex 191.9 10.1696 95.1291
      vertex 191.9 18.4853 107.728
    endloop
  endfacet
  facet normal -1 0 0
    outer loop
      vertex 191.9 9.90367 95.15
      vertex 191.9 18.4853 107.728
      vertex 191.9 10.1696 95.1291
    endloop
  endfacet
  facet normal -1 0 0
    outer loop
      vertex 191.9 6.88583 112.5
      vertex 191.9 18.4853 107.728
      vertex 191.9 9.90367 95.15
    endloop
  endfacet
  facet normal -1 0 0
    outer loop
      vertex 191.9 18.4853 107.728
      vertex 191.9 6.88583 112.5
      vertex 191.9 18.3832 107.975
    endloop
  endfacet
  facet normal -1 0 0
    outer loop
      vertex 191.9 18.3832 107.975
      vertex 191.9 6.88583 112.5
      vertex 191.9 18.3209 108.234
    endloop
  endfacet
  facet normal -1 0 0
    outer loop
      vertex 191.9 18.3209 108.234
      vertex 191.9 6.88583 112.5
      vertex 191.9 18.3 108.5
    endloop
  endfacet
  facet normal -1 0 0
    outer loop
      vertex 191.9 18.3 108.5
      vertex 191.9 6.88583 112.5
      vertex 191.9 18.3209 108.766
    endloop
  endfacet
  facet normal -1 0 0
    outer loop
      vertex 191.9 18.3209 108.766
      vertex 191.9 6.88583 112.5
      vertex 191.9 18.3832 109.025
    endloop
  endfacet
  facet normal -1 0 0
    outer loop
      vertex 191.9 6.88583 112.5
      vertex 191.9 9.90367 95.15
      vertex 191.9 9.63773 95.1291
    endloop
  endfacet
  facet normal -1 0 0
    outer loop
      vertex 191.9 18.3832 109.025
      vertex 191.9 6.88583 112.5
      vertex 191.9 18.4853 109.272
    endloop
  endfacet
  facet normal -1 0 0
    outer loop
      vertex 191.9 6.88583 112.5
      vertex 191.9 9.63773 95.1291
      vertex 191.9 9.37834 95.0668
    endloop
  endfacet
  facet normal -1 0 0
    outer loop
      vertex 191.9 6.88583 112.5
      vertex 191.9 9.37834 95.0668
      vertex 191.9 9.13188 94.9647
    endloop
  endfacet
  facet normal -1 0 0
    outer loop
      vertex 191.9 6.88583 112.5
      vertex 191.9 9.13188 94.9647
      vertex 191.9 8.90443 94.8253
    endloop
  endfacet
  facet normal -1 0 0
    outer loop
      vertex 191.9 6.88583 112.5
      vertex 191.9 8.90443 94.8253
      vertex 191.9 8.70159 94.6521
    endloop
  endfacet
  facet normal -1 0 0
    outer loop
      vertex 191.9 6.88583 112.5
      vertex 191.9 8.70159 94.6521
      vertex 191.9 8.52834 94.4492
    endloop
  endfacet
  facet normal -1 0 0
    outer loop
      vertex 191.9 20.2659 110.179
      vertex 191.9 6.88583 112.5
      vertex 191.9 71.2 112.5
    endloop
  endfacet
  facet normal -1 0 0
    outer loop
      vertex 191.9 19.7341 110.179
      vertex 191.9 6.88583 112.5
      vertex 191.9 20 110.2
    endloop
  endfacet
  facet normal -1 0 0
    outer loop
      vertex 191.9 19.4747 110.117
      vertex 191.9 6.88583 112.5
      vertex 191.9 19.7341 110.179
    endloop
  endfacet
  facet normal -1 0 0
    outer loop
      vertex 191.9 19.2282 110.015
      vertex 191.9 6.88583 112.5
      vertex 191.9 19.4747 110.117
    endloop
  endfacet
  facet normal -1 0 0
    outer loop
      vertex 191.9 19.0008 109.875
      vertex 191.9 6.88583 112.5
      vertex 191.9 19.2282 110.015
    endloop
  endfacet
  facet normal -1 0 0
    outer loop
      vertex 191.9 18.7979 109.702
      vertex 191.9 6.88583 112.5
      vertex 191.9 19.0008 109.875
    endloop
  endfacet
  facet normal -1 0 0
    outer loop
      vertex 191.9 18.6247 109.499
      vertex 191.9 6.88583 112.5
      vertex 191.9 18.7979 109.702
    endloop
  endfacet
  facet normal -1 0 0
    outer loop
      vertex 191.9 18.4853 109.272
      vertex 191.9 6.88583 112.5
      vertex 191.9 18.6247 109.499
    endloop
  endfacet
  facet normal -1 0 0
    outer loop
      vertex 191.9 8.38896 94.2218
      vertex 191.9 6.88583 112.5
      vertex 191.9 8.52834 94.4492
    endloop
  endfacet
  facet normal -1 0 0
    outer loop
      vertex 191.9 8.28687 93.9753
      vertex 191.9 6.88583 112.5
      vertex 191.9 8.38896 94.2218
    endloop
  endfacet
  facet normal -1 0 0
    outer loop
      vertex 191.9 8.2246 93.7159
      vertex 191.9 6.88583 112.5
      vertex 191.9 8.28687 93.9753
    endloop
  endfacet
  facet normal -1 0 0
    outer loop
      vertex 191.9 6.88583 112.5
      vertex 191.9 8.2246 93.7159
      vertex 191.9 8.20367 93.45
    endloop
  endfacet
  facet normal -1 0 0
    outer loop
      vertex 191.9 2.1283 5.62016
      vertex 191.9 -0.706998 30.759
      vertex 191.9 7.11818 29.0957
    endloop
  endfacet
  facet normal -1 0 0
    outer loop
      vertex 191.9 -5.69688 7.28345
      vertex 191.9 -0.706998 30.759
      vertex 191.9 2.1283 5.62016
    endloop
  endfacet
  facet normal -1 0 0
    outer loop
      vertex 191.9 -5.69688 7.28345
      vertex 191.9 -1 39
      vertex 191.9 -0.706998 30.759
    endloop
  endfacet
  facet normal -1 0 0
    outer loop
      vertex 191.9 -10.8414 -7.29999
      vertex 191.9 -5.69688 7.28345
      vertex 191.9 -7.15226 0.436419
    endloop
  endfacet
  facet normal -1 -0 0
    outer loop
      vertex 191.9 0.672919 -1.22687
      vertex 191.9 -10.8414 -7.29999
      vertex 191.9 -7.15226 0.436419
    endloop
  endfacet
  facet normal -1 -0 0
    outer loop
      vertex 191.9 -5.69688 7.28345
      vertex 191.9 -10.8414 -7.29999
      vertex 191.9 -1 39
    endloop
  endfacet
  facet normal -0 0 1
    outer loop
      vertex 183.9 42.6 11.5
      vertex 191.9 32.6 11.5
      vertex 191.9 42.6 11.5
    endloop
  endfacet
  facet normal 0 0 1
    outer loop
      vertex 191.9 32.6 11.5
      vertex 183.9 42.6 11.5
      vertex 183.9 32.6 11.5
    endloop
  endfacet
  facet normal 0 0 -1
    outer loop
      vertex 183.9 32.6 3.5
      vertex 191.9 42.6 3.5
      vertex 191.9 32.6 3.5
    endloop
  endfacet
  facet normal -0 0 -1
    outer loop
      vertex 191.9 42.6 3.5
      vertex 183.9 32.6 3.5
      vertex 183.9 42.6 3.5
    endloop
  endfacet
  facet normal -1 0 0
    outer loop
      vertex 183.9 32.6 3.5
      vertex 183.9 42.6 11.5
      vertex 183.9 42.6 3.5
    endloop
  endfacet
  facet normal -1 -0 0
    outer loop
      vertex 183.9 42.6 11.5
      vertex 183.9 32.6 3.5
      vertex 183.9 32.6 11.5
    endloop
  endfacet
  facet normal 0 1 0
    outer loop
      vertex 191.9 42.6 11.5
      vertex 187.9 42.6 9.5
      vertex 183.9 42.6 11.5
    endloop
  endfacet
  facet normal 0 1 0
    outer loop
      vertex 191.9 42.6 11.5
      vertex 188.213 42.6 9.47538
      vertex 187.9 42.6 9.5
    endloop
  endfacet
  facet normal 0 1 0
    outer loop
      vertex 191.9 42.6 11.5
      vertex 188.518 42.6 9.40211
      vertex 188.213 42.6 9.47538
    endloop
  endfacet
  facet normal 0 1 0
    outer loop
      vertex 191.9 42.6 11.5
      vertex 188.808 42.6 9.28201
      vertex 188.518 42.6 9.40211
    endloop
  endfacet
  facet normal 0 1 0
    outer loop
      vertex 191.9 42.6 11.5
      vertex 189.076 42.6 9.11803
      vertex 188.808 42.6 9.28201
    endloop
  endfacet
  facet normal 0 1 0
    outer loop
      vertex 191.9 42.6 11.5
      vertex 189.314 42.6 8.91421
      vertex 189.076 42.6 9.11803
    endloop
  endfacet
  facet normal 0 1 0
    outer loop
      vertex 191.9 42.6 11.5
      vertex 189.518 42.6 8.67557
      vertex 189.314 42.6 8.91421
    endloop
  endfacet
  facet normal 0 1 0
    outer loop
      vertex 191.9 42.6 11.5
      vertex 189.682 42.6 8.40798
      vertex 189.518 42.6 8.67557
    endloop
  endfacet
  facet normal 0 1 0
    outer loop
      vertex 191.9 42.6 11.5
      vertex 189.802 42.6 8.11803
      vertex 189.682 42.6 8.40798
    endloop
  endfacet
  facet normal 0 1 0
    outer loop
      vertex 191.9 42.6 11.5
      vertex 189.875 42.6 7.81287
      vertex 189.802 42.6 8.11803
    endloop
  endfacet
  facet normal 0 1 0
    outer loop
      vertex 191.9 42.6 11.5
      vertex 189.9 42.6 7.5
      vertex 189.875 42.6 7.81287
    endloop
  endfacet
  facet normal 0 1 -0
    outer loop
      vertex 191.9 42.6 3.5
      vertex 189.9 42.6 7.5
      vertex 191.9 42.6 11.5
    endloop
  endfacet
  facet normal 0 1 0
    outer loop
      vertex 189.9 42.6 7.5
      vertex 191.9 42.6 3.5
      vertex 189.875 42.6 7.18713
    endloop
  endfacet
  facet normal 0 1 0
    outer loop
      vertex 189.875 42.6 7.18713
      vertex 191.9 42.6 3.5
      vertex 189.802 42.6 6.88197
    endloop
  endfacet
  facet normal 0 1 0
    outer loop
      vertex 188.213 42.6 5.52462
      vertex 191.9 42.6 3.5
      vertex 187.9 42.6 5.5
    endloop
  endfacet
  facet normal 0 1 0
    outer loop
      vertex 188.518 42.6 5.59789
      vertex 191.9 42.6 3.5
      vertex 188.213 42.6 5.52462
    endloop
  endfacet
  facet normal 0 1 0
    outer loop
      vertex 188.808 42.6 5.71799
      vertex 191.9 42.6 3.5
      vertex 188.518 42.6 5.59789
    endloop
  endfacet
  facet normal 0 1 0
    outer loop
      vertex 189.076 42.6 5.88197
      vertex 191.9 42.6 3.5
      vertex 188.808 42.6 5.71799
    endloop
  endfacet
  facet normal 0 1 0
    outer loop
      vertex 189.314 42.6 6.08579
      vertex 191.9 42.6 3.5
      vertex 189.076 42.6 5.88197
    endloop
  endfacet
  facet normal 0 1 0
    outer loop
      vertex 189.518 42.6 6.32443
      vertex 191.9 42.6 3.5
      vertex 189.314 42.6 6.08579
    endloop
  endfacet
  facet normal 0 1 0
    outer loop
      vertex 189.682 42.6 6.59202
      vertex 191.9 42.6 3.5
      vertex 189.518 42.6 6.32443
    endloop
  endfacet
  facet normal 0 1 0
    outer loop
      vertex 189.802 42.6 6.88197
      vertex 191.9 42.6 3.5
      vertex 189.682 42.6 6.59202
    endloop
  endfacet
  facet normal 0 1 -0
    outer loop
      vertex 187.587 42.6 9.47538
      vertex 183.9 42.6 11.5
      vertex 187.9 42.6 9.5
    endloop
  endfacet
  facet normal 0 1 -0
    outer loop
      vertex 187.282 42.6 9.40211
      vertex 183.9 42.6 11.5
      vertex 187.587 42.6 9.47538
    endloop
  endfacet
  facet normal 0 1 -0
    outer loop
      vertex 186.992 42.6 9.28201
      vertex 183.9 42.6 11.5
      vertex 187.282 42.6 9.40211
    endloop
  endfacet
  facet normal 0 1 -0
    outer loop
      vertex 186.724 42.6 9.11803
      vertex 183.9 42.6 11.5
      vertex 186.992 42.6 9.28201
    endloop
  endfacet
  facet normal 0 1 -0
    outer loop
      vertex 186.486 42.6 8.91421
      vertex 183.9 42.6 11.5
      vertex 186.724 42.6 9.11803
    endloop
  endfacet
  facet normal 0 1 -0
    outer loop
      vertex 186.282 42.6 8.67557
      vertex 183.9 42.6 11.5
      vertex 186.486 42.6 8.91421
    endloop
  endfacet
  facet normal 0 1 -0
    outer loop
      vertex 186.118 42.6 8.40798
      vertex 183.9 42.6 11.5
      vertex 186.282 42.6 8.67557
    endloop
  endfacet
  facet normal 0 1 -0
    outer loop
      vertex 185.998 42.6 8.11803
      vertex 183.9 42.6 11.5
      vertex 186.118 42.6 8.40798
    endloop
  endfacet
  facet normal 0 1 -0
    outer loop
      vertex 185.925 42.6 7.81287
      vertex 183.9 42.6 11.5
      vertex 185.998 42.6 8.11803
    endloop
  endfacet
  facet normal 0 1 -0
    outer loop
      vertex 185.9 42.6 7.5
      vertex 183.9 42.6 11.5
      vertex 185.925 42.6 7.81287
    endloop
  endfacet
  facet normal 0 1 0
    outer loop
      vertex 183.9 42.6 3.5
      vertex 185.9 42.6 7.5
      vertex 185.925 42.6 7.18713
    endloop
  endfacet
  facet normal 0 1 0
    outer loop
      vertex 183.9 42.6 3.5
      vertex 185.925 42.6 7.18713
      vertex 185.998 42.6 6.88197
    endloop
  endfacet
  facet normal 0 1 0
    outer loop
      vertex 183.9 42.6 3.5
      vertex 185.998 42.6 6.88197
      vertex 186.118 42.6 6.59202
    endloop
  endfacet
  facet normal 0 1 0
    outer loop
      vertex 183.9 42.6 3.5
      vertex 187.9 42.6 5.5
      vertex 191.9 42.6 3.5
    endloop
  endfacet
  facet normal 0 1 0
    outer loop
      vertex 187.9 42.6 5.5
      vertex 183.9 42.6 3.5
      vertex 187.587 42.6 5.52462
    endloop
  endfacet
  facet normal 0 1 0
    outer loop
      vertex 187.587 42.6 5.52462
      vertex 183.9 42.6 3.5
      vertex 187.282 42.6 5.59789
    endloop
  endfacet
  facet normal 0 1 0
    outer loop
      vertex 185.9 42.6 7.5
      vertex 183.9 42.6 3.5
      vertex 183.9 42.6 11.5
    endloop
  endfacet
  facet normal 0 1 0
    outer loop
      vertex 186.282 42.6 6.32443
      vertex 183.9 42.6 3.5
      vertex 186.118 42.6 6.59202
    endloop
  endfacet
  facet normal 0 1 0
    outer loop
      vertex 186.486 42.6 6.08579
      vertex 183.9 42.6 3.5
      vertex 186.282 42.6 6.32443
    endloop
  endfacet
  facet normal 0 1 0
    outer loop
      vertex 186.724 42.6 5.88197
      vertex 183.9 42.6 3.5
      vertex 186.486 42.6 6.08579
    endloop
  endfacet
  facet normal 0 1 0
    outer loop
      vertex 186.992 42.6 5.71799
      vertex 183.9 42.6 3.5
      vertex 186.724 42.6 5.88197
    endloop
  endfacet
  facet normal 0 1 0
    outer loop
      vertex 187.282 42.6 5.59789
      vertex 183.9 42.6 3.5
      vertex 186.992 42.6 5.71799
    endloop
  endfacet
  facet normal 0 -1 0
    outer loop
      vertex 183.9 32.6 3.5
      vertex 191.9 32.6 11.5
      vertex 183.9 32.6 11.5
    endloop
  endfacet
  facet normal 0 -1 -0
    outer loop
      vertex 191.9 32.6 11.5
      vertex 183.9 32.6 3.5
      vertex 191.9 32.6 3.5
    endloop
  endfacet
  facet normal -0.972559 0 0.232654
    outer loop
      vertex 189.802 34.6 6.88197
      vertex 189.875 42.6 7.18713
      vertex 189.802 42.6 6.88197
    endloop
  endfacet
  facet normal -0.972559 0 0.232654
    outer loop
      vertex 189.875 42.6 7.18713
      vertex 189.802 34.6 6.88197
      vertex 189.875 34.6 7.18713
    endloop
  endfacet
  facet normal -0.996823 0 0.0796515
    outer loop
      vertex 189.875 34.6 7.18713
      vertex 189.9 42.6 7.5
      vertex 189.875 42.6 7.18713
    endloop
  endfacet
  facet normal -0.996823 0 0.0796515
    outer loop
      vertex 189.9 42.6 7.5
      vertex 189.875 34.6 7.18713
      vertex 189.9 34.6 7.5
    endloop
  endfacet
  facet normal 0.233584 0 0.972337
    outer loop
      vertex 187.282 42.6 5.59789
      vertex 187.587 34.6 5.52462
      vertex 187.587 42.6 5.52462
    endloop
  endfacet
  facet normal 0.233584 0 0.972337
    outer loop
      vertex 187.587 34.6 5.52462
      vertex 187.282 42.6 5.59789
      vertex 187.282 34.6 5.59789
    endloop
  endfacet
  facet normal -0.923994 0 -0.382408
    outer loop
      vertex 189.802 34.6 8.11803
      vertex 189.682 42.6 8.40798
      vertex 189.802 42.6 8.11803
    endloop
  endfacet
  facet normal -0.923994 -0 -0.382408
    outer loop
      vertex 189.682 42.6 8.40798
      vertex 189.802 34.6 8.11803
      vertex 189.682 34.6 8.40798
    endloop
  endfacet
  facet normal 0.996823 0 -0.0796515
    outer loop
      vertex 185.925 34.6 7.81287
      vertex 185.9 42.6 7.5
      vertex 185.925 42.6 7.81287
    endloop
  endfacet
  facet normal 0.996823 0 -0.0796515
    outer loop
      vertex 185.9 42.6 7.5
      vertex 185.925 34.6 7.81287
      vertex 185.9 34.6 7.5
    endloop
  endfacet
  facet normal -0.760119 0 0.649784
    outer loop
      vertex 189.314 34.6 6.08579
      vertex 189.518 42.6 6.32443
      vertex 189.314 42.6 6.08579
    endloop
  endfacet
  facet normal -0.760119 0 0.649784
    outer loop
      vertex 189.518 42.6 6.32443
      vertex 189.314 34.6 6.08579
      vertex 189.518 34.6 6.32443
    endloop
  endfacet
  facet normal -0.382624 0 -0.923904
    outer loop
      vertex 188.518 34.6 9.40211
      vertex 188.808 42.6 9.28201
      vertex 188.808 34.6 9.28201
    endloop
  endfacet
  facet normal -0.382624 0 -0.923904
    outer loop
      vertex 188.808 42.6 9.28201
      vertex 188.518 34.6 9.40211
      vertex 188.518 42.6 9.40211
    endloop
  endfacet
  facet normal -0.852611 0 -0.522546
    outer loop
      vertex 189.682 34.6 8.40798
      vertex 189.518 42.6 8.67557
      vertex 189.682 42.6 8.40798
    endloop
  endfacet
  facet normal -0.852611 -0 -0.522546
    outer loop
      vertex 189.518 42.6 8.67557
      vertex 189.682 34.6 8.40798
      vertex 189.518 34.6 8.67557
    endloop
  endfacet
  facet normal -0.996823 0 -0.0796515
    outer loop
      vertex 189.9 34.6 7.5
      vertex 189.875 42.6 7.81287
      vertex 189.9 42.6 7.5
    endloop
  endfacet
  facet normal -0.996823 -0 -0.0796515
    outer loop
      vertex 189.875 42.6 7.81287
      vertex 189.9 34.6 7.5
      vertex 189.875 34.6 7.81287
    endloop
  endfacet
  facet normal -0.382624 0 0.923904
    outer loop
      vertex 188.518 42.6 5.59789
      vertex 188.808 34.6 5.71799
      vertex 188.808 42.6 5.71799
    endloop
  endfacet
  facet normal -0.382624 0 0.923904
    outer loop
      vertex 188.808 34.6 5.71799
      vertex 188.518 42.6 5.59789
      vertex 188.518 34.6 5.59789
    endloop
  endfacet
  facet normal 0.521919 0 0.852995
    outer loop
      vertex 186.724 42.6 5.88197
      vertex 186.992 34.6 5.71799
      vertex 186.992 42.6 5.71799
    endloop
  endfacet
  facet normal 0.521919 0 0.852995
    outer loop
      vertex 186.992 34.6 5.71799
      vertex 186.724 42.6 5.88197
      vertex 186.724 34.6 5.88197
    endloop
  endfacet
  facet normal -0.972559 0 -0.232654
    outer loop
      vertex 189.875 34.6 7.81287
      vertex 189.802 42.6 8.11803
      vertex 189.875 42.6 7.81287
    endloop
  endfacet
  facet normal -0.972559 -0 -0.232654
    outer loop
      vertex 189.802 42.6 8.11803
      vertex 189.875 34.6 7.81287
      vertex 189.802 34.6 8.11803
    endloop
  endfacet
  facet normal 0.996823 -0 0.0796515
    outer loop
      vertex 185.9 34.6 7.5
      vertex 185.925 42.6 7.18713
      vertex 185.9 42.6 7.5
    endloop
  endfacet
  facet normal 0.996823 0 0.0796515
    outer loop
      vertex 185.925 42.6 7.18713
      vertex 185.9 34.6 7.5
      vertex 185.925 34.6 7.18713
    endloop
  endfacet
  facet normal -0.65046 0 -0.75954
    outer loop
      vertex 189.076 34.6 9.11803
      vertex 189.314 42.6 8.91421
      vertex 189.314 34.6 8.91421
    endloop
  endfacet
  facet normal -0.65046 0 -0.75954
    outer loop
      vertex 189.314 42.6 8.91421
      vertex 189.076 34.6 9.11803
      vertex 189.076 42.6 9.11803
    endloop
  endfacet
  facet normal -0.852611 0 0.522546
    outer loop
      vertex 189.518 34.6 6.32443
      vertex 189.682 42.6 6.59202
      vertex 189.518 42.6 6.32443
    endloop
  endfacet
  facet normal -0.852611 0 0.522546
    outer loop
      vertex 189.682 42.6 6.59202
      vertex 189.518 34.6 6.32443
      vertex 189.682 34.6 6.59202
    endloop
  endfacet
  facet normal 0.852611 -0 0.522546
    outer loop
      vertex 186.118 34.6 6.59202
      vertex 186.282 42.6 6.32443
      vertex 186.118 42.6 6.59202
    endloop
  endfacet
  facet normal 0.852611 0 0.522546
    outer loop
      vertex 186.282 42.6 6.32443
      vertex 186.118 34.6 6.59202
      vertex 186.282 34.6 6.32443
    endloop
  endfacet
  facet normal -0.233584 0 -0.972337
    outer loop
      vertex 188.213 34.6 9.47538
      vertex 188.518 42.6 9.40211
      vertex 188.518 34.6 9.40211
    endloop
  endfacet
  facet normal -0.233584 0 -0.972337
    outer loop
      vertex 188.518 42.6 9.40211
      vertex 188.213 34.6 9.47538
      vertex 188.213 42.6 9.47538
    endloop
  endfacet
  facet normal 0.382624 0 0.923904
    outer loop
      vertex 186.992 42.6 5.71799
      vertex 187.282 34.6 5.59789
      vertex 187.282 42.6 5.59789
    endloop
  endfacet
  facet normal 0.382624 0 0.923904
    outer loop
      vertex 187.282 34.6 5.59789
      vertex 186.992 42.6 5.71799
      vertex 186.992 34.6 5.71799
    endloop
  endfacet
  facet normal 0.521919 0 -0.852995
    outer loop
      vertex 186.724 34.6 9.11803
      vertex 186.992 42.6 9.28201
      vertex 186.992 34.6 9.28201
    endloop
  endfacet
  facet normal 0.521919 0 -0.852995
    outer loop
      vertex 186.992 42.6 9.28201
      vertex 186.724 34.6 9.11803
      vertex 186.724 42.6 9.11803
    endloop
  endfacet
  facet normal 0.760119 0 -0.649784
    outer loop
      vertex 186.486 34.6 8.91421
      vertex 186.282 42.6 8.67557
      vertex 186.486 42.6 8.91421
    endloop
  endfacet
  facet normal 0.760119 0 -0.649784
    outer loop
      vertex 186.282 42.6 8.67557
      vertex 186.486 34.6 8.91421
      vertex 186.282 34.6 8.67557
    endloop
  endfacet
  facet normal 0.852611 0 -0.522546
    outer loop
      vertex 186.282 34.6 8.67557
      vertex 186.118 42.6 8.40798
      vertex 186.282 42.6 8.67557
    endloop
  endfacet
  facet normal 0.852611 0 -0.522546
    outer loop
      vertex 186.118 42.6 8.40798
      vertex 186.282 34.6 8.67557
      vertex 186.118 34.6 8.40798
    endloop
  endfacet
  facet normal -0.0784159 0 -0.996921
    outer loop
      vertex 187.9 34.6 9.5
      vertex 188.213 42.6 9.47538
      vertex 188.213 34.6 9.47538
    endloop
  endfacet
  facet normal -0.0784159 0 -0.996921
    outer loop
      vertex 188.213 42.6 9.47538
      vertex 187.9 34.6 9.5
      vertex 187.9 42.6 9.5
    endloop
  endfacet
  facet normal -0.65046 0 0.75954
    outer loop
      vertex 189.076 42.6 5.88197
      vertex 189.314 34.6 6.08579
      vertex 189.314 42.6 6.08579
    endloop
  endfacet
  facet normal -0.65046 0 0.75954
    outer loop
      vertex 189.314 34.6 6.08579
      vertex 189.076 42.6 5.88197
      vertex 189.076 34.6 5.88197
    endloop
  endfacet
  facet normal -0.233584 0 0.972337
    outer loop
      vertex 188.213 42.6 5.52462
      vertex 188.518 34.6 5.59789
      vertex 188.518 42.6 5.59789
    endloop
  endfacet
  facet normal -0.233584 0 0.972337
    outer loop
      vertex 188.518 34.6 5.59789
      vertex 188.213 42.6 5.52462
      vertex 188.213 34.6 5.52462
    endloop
  endfacet
  facet normal -0.521919 0 0.852995
    outer loop
      vertex 188.808 42.6 5.71799
      vertex 189.076 34.6 5.88197
      vertex 189.076 42.6 5.88197
    endloop
  endfacet
  facet normal -0.521919 0 0.852995
    outer loop
      vertex 189.076 34.6 5.88197
      vertex 188.808 42.6 5.71799
      vertex 188.808 34.6 5.71799
    endloop
  endfacet
  facet normal -0.760119 0 -0.649784
    outer loop
      vertex 189.518 34.6 8.67557
      vertex 189.314 42.6 8.91421
      vertex 189.518 42.6 8.67557
    endloop
  endfacet
  facet normal -0.760119 -0 -0.649784
    outer loop
      vertex 189.314 42.6 8.91421
      vertex 189.518 34.6 8.67557
      vertex 189.314 34.6 8.91421
    endloop
  endfacet
  facet normal -0.521919 0 -0.852995
    outer loop
      vertex 188.808 34.6 9.28201
      vertex 189.076 42.6 9.11803
      vertex 189.076 34.6 9.11803
    endloop
  endfacet
  facet normal -0.521919 0 -0.852995
    outer loop
      vertex 189.076 42.6 9.11803
      vertex 188.808 34.6 9.28201
      vertex 188.808 42.6 9.28201
    endloop
  endfacet
  facet normal 0.760119 -0 0.649784
    outer loop
      vertex 186.282 34.6 6.32443
      vertex 186.486 42.6 6.08579
      vertex 186.282 42.6 6.32443
    endloop
  endfacet
  facet normal 0.760119 0 0.649784
    outer loop
      vertex 186.486 42.6 6.08579
      vertex 186.282 34.6 6.32443
      vertex 186.486 34.6 6.08579
    endloop
  endfacet
  facet normal 0.972559 0 -0.232654
    outer loop
      vertex 185.998 34.6 8.11803
      vertex 185.925 42.6 7.81287
      vertex 185.998 42.6 8.11803
    endloop
  endfacet
  facet normal 0.972559 0 -0.232654
    outer loop
      vertex 185.925 42.6 7.81287
      vertex 185.998 34.6 8.11803
      vertex 185.925 34.6 7.81287
    endloop
  endfacet
  facet normal 0.233584 0 -0.972337
    outer loop
      vertex 187.282 34.6 9.40211
      vertex 187.587 42.6 9.47538
      vertex 187.587 34.6 9.47538
    endloop
  endfacet
  facet normal 0.233584 0 -0.972337
    outer loop
      vertex 187.587 42.6 9.47538
      vertex 187.282 34.6 9.40211
      vertex 187.282 42.6 9.40211
    endloop
  endfacet
  facet normal 0.0784159 0 -0.996921
    outer loop
      vertex 187.587 34.6 9.47538
      vertex 187.9 42.6 9.5
      vertex 187.9 34.6 9.5
    endloop
  endfacet
  facet normal 0.0784159 0 -0.996921
    outer loop
      vertex 187.9 42.6 9.5
      vertex 187.587 34.6 9.47538
      vertex 187.587 42.6 9.47538
    endloop
  endfacet
  facet normal 0.923994 0 -0.382408
    outer loop
      vertex 186.118 34.6 8.40798
      vertex 185.998 42.6 8.11803
      vertex 186.118 42.6 8.40798
    endloop
  endfacet
  facet normal 0.923994 0 -0.382408
    outer loop
      vertex 185.998 42.6 8.11803
      vertex 186.118 34.6 8.40798
      vertex 185.998 34.6 8.11803
    endloop
  endfacet
  facet normal 0.923994 -0 0.382408
    outer loop
      vertex 185.998 34.6 6.88197
      vertex 186.118 42.6 6.59202
      vertex 185.998 42.6 6.88197
    endloop
  endfacet
  facet normal 0.923994 0 0.382408
    outer loop
      vertex 186.118 42.6 6.59202
      vertex 185.998 34.6 6.88197
      vertex 186.118 34.6 6.59202
    endloop
  endfacet
  facet normal 0.0784159 0 0.996921
    outer loop
      vertex 187.587 42.6 5.52462
      vertex 187.9 34.6 5.5
      vertex 187.9 42.6 5.5
    endloop
  endfacet
  facet normal 0.0784159 0 0.996921
    outer loop
      vertex 187.9 34.6 5.5
      vertex 187.587 42.6 5.52462
      vertex 187.587 34.6 5.52462
    endloop
  endfacet
  facet normal -0.923994 0 0.382408
    outer loop
      vertex 189.682 34.6 6.59202
      vertex 189.802 42.6 6.88197
      vertex 189.682 42.6 6.59202
    endloop
  endfacet
  facet normal -0.923994 0 0.382408
    outer loop
      vertex 189.802 42.6 6.88197
      vertex 189.682 34.6 6.59202
      vertex 189.802 34.6 6.88197
    endloop
  endfacet
  facet normal 0.382624 0 -0.923904
    outer loop
      vertex 186.992 34.6 9.28201
      vertex 187.282 42.6 9.40211
      vertex 187.282 34.6 9.40211
    endloop
  endfacet
  facet normal 0.382624 0 -0.923904
    outer loop
      vertex 187.282 42.6 9.40211
      vertex 186.992 34.6 9.28201
      vertex 186.992 42.6 9.28201
    endloop
  endfacet
  facet normal -0.0784159 0 0.996921
    outer loop
      vertex 187.9 42.6 5.5
      vertex 188.213 34.6 5.52462
      vertex 188.213 42.6 5.52462
    endloop
  endfacet
  facet normal -0.0784159 0 0.996921
    outer loop
      vertex 188.213 34.6 5.52462
      vertex 187.9 42.6 5.5
      vertex 187.9 34.6 5.5
    endloop
  endfacet
  facet normal 0.972559 -0 0.232654
    outer loop
      vertex 185.925 34.6 7.18713
      vertex 185.998 42.6 6.88197
      vertex 185.925 42.6 7.18713
    endloop
  endfacet
  facet normal 0.972559 0 0.232654
    outer loop
      vertex 185.998 42.6 6.88197
      vertex 185.925 34.6 7.18713
      vertex 185.998 34.6 6.88197
    endloop
  endfacet
  facet normal 0.65046 0 0.75954
    outer loop
      vertex 186.486 42.6 6.08579
      vertex 186.724 34.6 5.88197
      vertex 186.724 42.6 5.88197
    endloop
  endfacet
  facet normal 0.65046 0 0.75954
    outer loop
      vertex 186.724 34.6 5.88197
      vertex 186.486 42.6 6.08579
      vertex 186.486 34.6 6.08579
    endloop
  endfacet
  facet normal 0.65046 0 -0.75954
    outer loop
      vertex 186.486 34.6 8.91421
      vertex 186.724 42.6 9.11803
      vertex 186.724 34.6 9.11803
    endloop
  endfacet
  facet normal 0.65046 0 -0.75954
    outer loop
      vertex 186.724 42.6 9.11803
      vertex 186.486 34.6 8.91421
      vertex 186.486 42.6 8.91421
    endloop
  endfacet
  facet normal 0 1 0
    outer loop
      vertex 188.213 34.6 9.47538
      vertex 187.587 34.6 9.47538
      vertex 187.9 34.6 9.5
    endloop
  endfacet
  facet normal 0 1 0
    outer loop
      vertex 188.518 34.6 9.40211
      vertex 187.587 34.6 9.47538
      vertex 188.213 34.6 9.47538
    endloop
  endfacet
  facet normal 0 1 0
    outer loop
      vertex 188.518 34.6 9.40211
      vertex 187.282 34.6 9.40211
      vertex 187.587 34.6 9.47538
    endloop
  endfacet
  facet normal 0 1 0
    outer loop
      vertex 188.808 34.6 9.28201
      vertex 187.282 34.6 9.40211
      vertex 188.518 34.6 9.40211
    endloop
  endfacet
  facet normal 0 1 0
    outer loop
      vertex 188.808 34.6 9.28201
      vertex 186.992 34.6 9.28201
      vertex 187.282 34.6 9.40211
    endloop
  endfacet
  facet normal 0 1 0
    outer loop
      vertex 189.076 34.6 9.11803
      vertex 186.992 34.6 9.28201
      vertex 188.808 34.6 9.28201
    endloop
  endfacet
  facet normal 0 1 0
    outer loop
      vertex 189.076 34.6 9.11803
      vertex 186.724 34.6 9.11803
      vertex 186.992 34.6 9.28201
    endloop
  endfacet
  facet normal 0 1 0
    outer loop
      vertex 189.314 34.6 8.91421
      vertex 186.724 34.6 9.11803
      vertex 189.076 34.6 9.11803
    endloop
  endfacet
  facet normal 0 1 0
    outer loop
      vertex 189.314 34.6 8.91421
      vertex 186.486 34.6 8.91421
      vertex 186.724 34.6 9.11803
    endloop
  endfacet
  facet normal 0 1 0
    outer loop
      vertex 189.518 34.6 8.67557
      vertex 186.486 34.6 8.91421
      vertex 189.314 34.6 8.91421
    endloop
  endfacet
  facet normal 0 1 0
    outer loop
      vertex 189.518 34.6 8.67557
      vertex 186.282 34.6 8.67557
      vertex 186.486 34.6 8.91421
    endloop
  endfacet
  facet normal 0 1 0
    outer loop
      vertex 189.682 34.6 8.40798
      vertex 186.282 34.6 8.67557
      vertex 189.518 34.6 8.67557
    endloop
  endfacet
  facet normal 0 1 0
    outer loop
      vertex 189.682 34.6 8.40798
      vertex 186.118 34.6 8.40798
      vertex 186.282 34.6 8.67557
    endloop
  endfacet
  facet normal 0 1 0
    outer loop
      vertex 189.802 34.6 8.11803
      vertex 186.118 34.6 8.40798
      vertex 189.682 34.6 8.40798
    endloop
  endfacet
  facet normal 0 1 0
    outer loop
      vertex 189.802 34.6 8.11803
      vertex 185.998 34.6 8.11803
      vertex 186.118 34.6 8.40798
    endloop
  endfacet
  facet normal 0 1 0
    outer loop
      vertex 189.875 34.6 7.81287
      vertex 185.998 34.6 8.11803
      vertex 189.802 34.6 8.11803
    endloop
  endfacet
  facet normal 0 1 0
    outer loop
      vertex 189.875 34.6 7.81287
      vertex 185.925 34.6 7.81287
      vertex 185.998 34.6 8.11803
    endloop
  endfacet
  facet normal 0 1 0
    outer loop
      vertex 189.9 34.6 7.5
      vertex 185.925 34.6 7.81287
      vertex 189.875 34.6 7.81287
    endloop
  endfacet
  facet normal 0 1 0
    outer loop
      vertex 189.9 34.6 7.5
      vertex 185.9 34.6 7.5
      vertex 185.925 34.6 7.81287
    endloop
  endfacet
  facet normal 0 1 -0
    outer loop
      vertex 189.875 34.6 7.18713
      vertex 185.9 34.6 7.5
      vertex 189.9 34.6 7.5
    endloop
  endfacet
  facet normal 0 1 0
    outer loop
      vertex 189.875 34.6 7.18713
      vertex 185.925 34.6 7.18713
      vertex 185.9 34.6 7.5
    endloop
  endfacet
  facet normal 0 1 -0
    outer loop
      vertex 189.802 34.6 6.88197
      vertex 185.925 34.6 7.18713
      vertex 189.875 34.6 7.18713
    endloop
  endfacet
  facet normal 0 1 0
    outer loop
      vertex 189.802 34.6 6.88197
      vertex 185.998 34.6 6.88197
      vertex 185.925 34.6 7.18713
    endloop
  endfacet
  facet normal 0 1 -0
    outer loop
      vertex 189.682 34.6 6.59202
      vertex 185.998 34.6 6.88197
      vertex 189.802 34.6 6.88197
    endloop
  endfacet
  facet normal 0 1 0
    outer loop
      vertex 189.682 34.6 6.59202
      vertex 186.118 34.6 6.59202
      vertex 185.998 34.6 6.88197
    endloop
  endfacet
  facet normal 0 1 -0
    outer loop
      vertex 189.518 34.6 6.32443
      vertex 186.118 34.6 6.59202
      vertex 189.682 34.6 6.59202
    endloop
  endfacet
  facet normal 0 1 0
    outer loop
      vertex 189.518 34.6 6.32443
      vertex 186.282 34.6 6.32443
      vertex 186.118 34.6 6.59202
    endloop
  endfacet
  facet normal 0 1 -0
    outer loop
      vertex 189.314 34.6 6.08579
      vertex 186.282 34.6 6.32443
      vertex 189.518 34.6 6.32443
    endloop
  endfacet
  facet normal 0 1 0
    outer loop
      vertex 189.314 34.6 6.08579
      vertex 186.486 34.6 6.08579
      vertex 186.282 34.6 6.32443
    endloop
  endfacet
  facet normal 0 1 -0
    outer loop
      vertex 189.076 34.6 5.88197
      vertex 186.486 34.6 6.08579
      vertex 189.314 34.6 6.08579
    endloop
  endfacet
  facet normal 0 1 0
    outer loop
      vertex 189.076 34.6 5.88197
      vertex 186.724 34.6 5.88197
      vertex 186.486 34.6 6.08579
    endloop
  endfacet
  facet normal 0 1 -0
    outer loop
      vertex 188.808 34.6 5.71799
      vertex 186.724 34.6 5.88197
      vertex 189.076 34.6 5.88197
    endloop
  endfacet
  facet normal 0 1 0
    outer loop
      vertex 188.808 34.6 5.71799
      vertex 186.992 34.6 5.71799
      vertex 186.724 34.6 5.88197
    endloop
  endfacet
  facet normal 0 1 -0
    outer loop
      vertex 188.518 34.6 5.59789
      vertex 186.992 34.6 5.71799
      vertex 188.808 34.6 5.71799
    endloop
  endfacet
  facet normal 0 1 0
    outer loop
      vertex 188.518 34.6 5.59789
      vertex 187.282 34.6 5.59789
      vertex 186.992 34.6 5.71799
    endloop
  endfacet
  facet normal 0 1 -0
    outer loop
      vertex 188.213 34.6 5.52462
      vertex 187.282 34.6 5.59789
      vertex 188.518 34.6 5.59789
    endloop
  endfacet
  facet normal 0 1 0
    outer loop
      vertex 188.213 34.6 5.52462
      vertex 187.587 34.6 5.52462
      vertex 187.282 34.6 5.59789
    endloop
  endfacet
  facet normal -0 1 0
    outer loop
      vertex 187.587 34.6 5.52462
      vertex 188.213 34.6 5.52462
      vertex 187.9 34.6 5.5
    endloop
  endfacet
  facet normal -0 0 1
    outer loop
      vertex 183.9 42.6 104.5
      vertex 191.9 32.6 104.5
      vertex 191.9 42.6 104.5
    endloop
  endfacet
  facet normal 0 0 1
    outer loop
      vertex 191.9 32.6 104.5
      vertex 183.9 42.6 104.5
      vertex 183.9 32.6 104.5
    endloop
  endfacet
  facet normal 0 0 -1
    outer loop
      vertex 183.9 32.6 96.5
      vertex 191.9 42.6 96.5
      vertex 191.9 32.6 96.5
    endloop
  endfacet
  facet normal -0 0 -1
    outer loop
      vertex 191.9 42.6 96.5
      vertex 183.9 32.6 96.5
      vertex 183.9 42.6 96.5
    endloop
  endfacet
  facet normal -1 0 0
    outer loop
      vertex 183.9 32.6 96.5
      vertex 183.9 42.6 104.5
      vertex 183.9 42.6 96.5
    endloop
  endfacet
  facet normal -1 -0 0
    outer loop
      vertex 183.9 42.6 104.5
      vertex 183.9 32.6 96.5
      vertex 183.9 32.6 104.5
    endloop
  endfacet
  facet normal 0 1 0
    outer loop
      vertex 191.9 42.6 104.5
      vertex 187.9 42.6 102.5
      vertex 183.9 42.6 104.5
    endloop
  endfacet
  facet normal 0 1 0
    outer loop
      vertex 191.9 42.6 104.5
      vertex 188.213 42.6 102.475
      vertex 187.9 42.6 102.5
    endloop
  endfacet
  facet normal 0 1 0
    outer loop
      vertex 191.9 42.6 104.5
      vertex 188.518 42.6 102.402
      vertex 188.213 42.6 102.475
    endloop
  endfacet
  facet normal 0 1 0
    outer loop
      vertex 191.9 42.6 104.5
      vertex 188.808 42.6 102.282
      vertex 188.518 42.6 102.402
    endloop
  endfacet
  facet normal 0 1 0
    outer loop
      vertex 191.9 42.6 104.5
      vertex 189.076 42.6 102.118
      vertex 188.808 42.6 102.282
    endloop
  endfacet
  facet normal 0 1 0
    outer loop
      vertex 191.9 42.6 104.5
      vertex 189.314 42.6 101.914
      vertex 189.076 42.6 102.118
    endloop
  endfacet
  facet normal 0 1 0
    outer loop
      vertex 191.9 42.6 104.5
      vertex 189.518 42.6 101.676
      vertex 189.314 42.6 101.914
    endloop
  endfacet
  facet normal 0 1 0
    outer loop
      vertex 191.9 42.6 104.5
      vertex 189.682 42.6 101.408
      vertex 189.518 42.6 101.676
    endloop
  endfacet
  facet normal 0 1 0
    outer loop
      vertex 191.9 42.6 104.5
      vertex 189.802 42.6 101.118
      vertex 189.682 42.6 101.408
    endloop
  endfacet
  facet normal 0 1 0
    outer loop
      vertex 191.9 42.6 104.5
      vertex 189.875 42.6 100.813
      vertex 189.802 42.6 101.118
    endloop
  endfacet
  facet normal 0 1 0
    outer loop
      vertex 191.9 42.6 104.5
      vertex 189.9 42.6 100.5
      vertex 189.875 42.6 100.813
    endloop
  endfacet
  facet normal 0 1 -0
    outer loop
      vertex 191.9 42.6 96.5
      vertex 189.9 42.6 100.5
      vertex 191.9 42.6 104.5
    endloop
  endfacet
  facet normal 0 1 0
    outer loop
      vertex 189.9 42.6 100.5
      vertex 191.9 42.6 96.5
      vertex 189.875 42.6 100.187
    endloop
  endfacet
  facet normal 0 1 0
    outer loop
      vertex 189.875 42.6 100.187
      vertex 191.9 42.6 96.5
      vertex 189.802 42.6 99.882
    endloop
  endfacet
  facet normal 0 1 0
    outer loop
      vertex 188.213 42.6 98.5246
      vertex 191.9 42.6 96.5
      vertex 187.9 42.6 98.5
    endloop
  endfacet
  facet normal 0 1 0
    outer loop
      vertex 188.518 42.6 98.5979
      vertex 191.9 42.6 96.5
      vertex 188.213 42.6 98.5246
    endloop
  endfacet
  facet normal 0 1 0
    outer loop
      vertex 188.808 42.6 98.718
      vertex 191.9 42.6 96.5
      vertex 188.518 42.6 98.5979
    endloop
  endfacet
  facet normal 0 1 0
    outer loop
      vertex 189.076 42.6 98.882
      vertex 191.9 42.6 96.5
      vertex 188.808 42.6 98.718
    endloop
  endfacet
  facet normal 0 1 0
    outer loop
      vertex 189.314 42.6 99.0858
      vertex 191.9 42.6 96.5
      vertex 189.076 42.6 98.882
    endloop
  endfacet
  facet normal 0 1 0
    outer loop
      vertex 189.518 42.6 99.3244
      vertex 191.9 42.6 96.5
      vertex 189.314 42.6 99.0858
    endloop
  endfacet
  facet normal 0 1 0
    outer loop
      vertex 189.682 42.6 99.592
      vertex 191.9 42.6 96.5
      vertex 189.518 42.6 99.3244
    endloop
  endfacet
  facet normal 0 1 0
    outer loop
      vertex 189.802 42.6 99.882
      vertex 191.9 42.6 96.5
      vertex 189.682 42.6 99.592
    endloop
  endfacet
  facet normal 0 1 -0
    outer loop
      vertex 187.587 42.6 102.475
      vertex 183.9 42.6 104.5
      vertex 187.9 42.6 102.5
    endloop
  endfacet
  facet normal 0 1 -0
    outer loop
      vertex 187.282 42.6 102.402
      vertex 183.9 42.6 104.5
      vertex 187.587 42.6 102.475
    endloop
  endfacet
  facet normal 0 1 -0
    outer loop
      vertex 186.992 42.6 102.282
      vertex 183.9 42.6 104.5
      vertex 187.282 42.6 102.402
    endloop
  endfacet
  facet normal 0 1 -0
    outer loop
      vertex 186.724 42.6 102.118
      vertex 183.9 42.6 104.5
      vertex 186.992 42.6 102.282
    endloop
  endfacet
  facet normal 0 1 -0
    outer loop
      vertex 186.486 42.6 101.914
      vertex 183.9 42.6 104.5
      vertex 186.724 42.6 102.118
    endloop
  endfacet
  facet normal 0 1 -0
    outer loop
      vertex 186.282 42.6 101.676
      vertex 183.9 42.6 104.5
      vertex 186.486 42.6 101.914
    endloop
  endfacet
  facet normal 0 1 -0
    outer loop
      vertex 186.118 42.6 101.408
      vertex 183.9 42.6 104.5
      vertex 186.282 42.6 101.676
    endloop
  endfacet
  facet normal 0 1 -0
    outer loop
      vertex 185.998 42.6 101.118
      vertex 183.9 42.6 104.5
      vertex 186.118 42.6 101.408
    endloop
  endfacet
  facet normal 0 1 -0
    outer loop
      vertex 185.925 42.6 100.813
      vertex 183.9 42.6 104.5
      vertex 185.998 42.6 101.118
    endloop
  endfacet
  facet normal 0 1 -0
    outer loop
      vertex 185.9 42.6 100.5
      vertex 183.9 42.6 104.5
      vertex 185.925 42.6 100.813
    endloop
  endfacet
  facet normal 0 1 0
    outer loop
      vertex 183.9 42.6 96.5
      vertex 185.9 42.6 100.5
      vertex 185.925 42.6 100.187
    endloop
  endfacet
  facet normal 0 1 0
    outer loop
      vertex 183.9 42.6 96.5
      vertex 185.925 42.6 100.187
      vertex 185.998 42.6 99.882
    endloop
  endfacet
  facet normal 0 1 0
    outer loop
      vertex 183.9 42.6 96.5
      vertex 185.998 42.6 99.882
      vertex 186.118 42.6 99.592
    endloop
  endfacet
  facet normal 0 1 0
    outer loop
      vertex 183.9 42.6 96.5
      vertex 187.9 42.6 98.5
      vertex 191.9 42.6 96.5
    endloop
  endfacet
  facet normal 0 1 0
    outer loop
      vertex 187.9 42.6 98.5
      vertex 183.9 42.6 96.5
      vertex 187.587 42.6 98.5246
    endloop
  endfacet
  facet normal 0 1 0
    outer loop
      vertex 187.587 42.6 98.5246
      vertex 183.9 42.6 96.5
      vertex 187.282 42.6 98.5979
    endloop
  endfacet
  facet normal 0 1 0
    outer loop
      vertex 185.9 42.6 100.5
      vertex 183.9 42.6 96.5
      vertex 183.9 42.6 104.5
    endloop
  endfacet
  facet normal 0 1 0
    outer loop
      vertex 186.282 42.6 99.3244
      vertex 183.9 42.6 96.5
      vertex 186.118 42.6 99.592
    endloop
  endfacet
  facet normal 0 1 0
    outer loop
      vertex 186.486 42.6 99.0858
      vertex 183.9 42.6 96.5
      vertex 186.282 42.6 99.3244
    endloop
  endfacet
  facet normal 0 1 0
    outer loop
      vertex 186.724 42.6 98.882
      vertex 183.9 42.6 96.5
      vertex 186.486 42.6 99.0858
    endloop
  endfacet
  facet normal 0 1 0
    outer loop
      vertex 186.992 42.6 98.718
      vertex 183.9 42.6 96.5
      vertex 186.724 42.6 98.882
    endloop
  endfacet
  facet normal 0 1 0
    outer loop
      vertex 187.282 42.6 98.5979
      vertex 183.9 42.6 96.5
      vertex 186.992 42.6 98.718
    endloop
  endfacet
  facet normal 0 -1 0
    outer loop
      vertex 183.9 32.6 96.5
      vertex 191.9 32.6 104.5
      vertex 183.9 32.6 104.5
    endloop
  endfacet
  facet normal 0 -1 -0
    outer loop
      vertex 191.9 32.6 104.5
      vertex 183.9 32.6 96.5
      vertex 191.9 32.6 96.5
    endloop
  endfacet
  facet normal -0.972532 0 0.23277
    outer loop
      vertex 189.802 34.6 99.882
      vertex 189.875 42.6 100.187
      vertex 189.802 42.6 99.882
    endloop
  endfacet
  facet normal -0.972532 0 0.23277
    outer loop
      vertex 189.875 42.6 100.187
      vertex 189.802 34.6 99.882
      vertex 189.875 34.6 100.187
    endloop
  endfacet
  facet normal -0.996825 0 0.0796186
    outer loop
      vertex 189.875 34.6 100.187
      vertex 189.9 42.6 100.5
      vertex 189.875 42.6 100.187
    endloop
  endfacet
  facet normal -0.996825 0 0.0796186
    outer loop
      vertex 189.9 42.6 100.5
      vertex 189.875 34.6 100.187
      vertex 189.9 34.6 100.5
    endloop
  endfacet
  facet normal -0.0796186 0 -0.996825
    outer loop
      vertex 187.9 34.6 102.5
      vertex 188.213 42.6 102.475
      vertex 188.213 34.6 102.475
    endloop
  endfacet
  facet normal -0.0796186 0 -0.996825
    outer loop
      vertex 188.213 42.6 102.475
      vertex 187.9 34.6 102.5
      vertex 187.9 42.6 102.5
    endloop
  endfacet
  facet normal 0.233674 0 0.972315
    outer loop
      vertex 187.282 42.6 98.5979
      vertex 187.587 34.6 98.5246
      vertex 187.587 42.6 98.5246
    endloop
  endfacet
  facet normal 0.233674 0 0.972315
    outer loop
      vertex 187.587 34.6 98.5246
      vertex 187.282 42.6 98.5979
      vertex 187.282 34.6 98.5979
    endloop
  endfacet
  facet normal -0.924017 0 -0.382352
    outer loop
      vertex 189.802 34.6 101.118
      vertex 189.682 42.6 101.408
      vertex 189.802 42.6 101.118
    endloop
  endfacet
  facet normal -0.924017 -0 -0.382352
    outer loop
      vertex 189.682 42.6 101.408
      vertex 189.802 34.6 101.118
      vertex 189.682 34.6 101.408
    endloop
  endfacet
  facet normal 0.996825 0 -0.0796186
    outer loop
      vertex 185.925 34.6 100.813
      vertex 185.9 42.6 100.5
      vertex 185.925 42.6 100.813
    endloop
  endfacet
  facet normal 0.996825 0 -0.0796186
    outer loop
      vertex 185.9 42.6 100.5
      vertex 185.925 34.6 100.813
      vertex 185.9 34.6 100.5
    endloop
  endfacet
  facet normal -0.760066 0 0.649846
    outer loop
      vertex 189.314 34.6 99.0858
      vertex 189.518 42.6 99.3244
      vertex 189.314 42.6 99.0858
    endloop
  endfacet
  facet normal -0.760066 0 0.649846
    outer loop
      vertex 189.518 42.6 99.3244
      vertex 189.314 34.6 99.0858
      vertex 189.518 34.6 99.3244
    endloop
  endfacet
  facet normal -0.382352 0 -0.924017
    outer loop
      vertex 188.518 34.6 102.402
      vertex 188.808 42.6 102.282
      vertex 188.808 34.6 102.282
    endloop
  endfacet
  facet normal -0.382352 0 -0.924017
    outer loop
      vertex 188.808 42.6 102.282
      vertex 188.518 34.6 102.402
      vertex 188.518 42.6 102.402
    endloop
  endfacet
  facet normal -0.852967 0 -0.521965
    outer loop
      vertex 189.682 34.6 101.408
      vertex 189.518 42.6 101.676
      vertex 189.682 42.6 101.408
    endloop
  endfacet
  facet normal -0.852967 -0 -0.521965
    outer loop
      vertex 189.518 42.6 101.676
      vertex 189.682 34.6 101.408
      vertex 189.518 34.6 101.676
    endloop
  endfacet
  facet normal -0.996825 0 -0.0796186
    outer loop
      vertex 189.9 34.6 100.5
      vertex 189.875 42.6 100.813
      vertex 189.9 42.6 100.5
    endloop
  endfacet
  facet normal -0.996825 -0 -0.0796186
    outer loop
      vertex 189.875 42.6 100.813
      vertex 189.9 34.6 100.5
      vertex 189.875 34.6 100.813
    endloop
  endfacet
  facet normal -0.382624 0 0.923904
    outer loop
      vertex 188.518 42.6 98.5979
      vertex 188.808 34.6 98.718
      vertex 188.808 42.6 98.718
    endloop
  endfacet
  facet normal -0.382624 0 0.923904
    outer loop
      vertex 188.808 34.6 98.718
      vertex 188.518 42.6 98.5979
      vertex 188.518 34.6 98.5979
    endloop
  endfacet
  facet normal 0.521965 0 0.852967
    outer loop
      vertex 186.724 42.6 98.882
      vertex 186.992 34.6 98.718
      vertex 186.992 42.6 98.718
    endloop
  endfacet
  facet normal 0.521965 0 0.852967
    outer loop
      vertex 186.992 34.6 98.718
      vertex 186.724 42.6 98.882
      vertex 186.724 34.6 98.882
    endloop
  endfacet
  facet normal -0.972532 0 -0.23277
    outer loop
      vertex 189.875 34.6 100.813
      vertex 189.802 42.6 101.118
      vertex 189.875 42.6 100.813
    endloop
  endfacet
  facet normal -0.972532 -0 -0.23277
    outer loop
      vertex 189.802 42.6 101.118
      vertex 189.875 34.6 100.813
      vertex 189.802 34.6 101.118
    endloop
  endfacet
  facet normal 0.996825 -0 0.0796186
    outer loop
      vertex 185.9 34.6 100.5
      vertex 185.925 42.6 100.187
      vertex 185.9 42.6 100.5
    endloop
  endfacet
  facet normal 0.996825 0 0.0796186
    outer loop
      vertex 185.925 42.6 100.187
      vertex 185.9 34.6 100.5
      vertex 185.925 34.6 100.187
    endloop
  endfacet
  facet normal -0.650791 0 -0.759257
    outer loop
      vertex 189.076 34.6 102.118
      vertex 189.314 42.6 101.914
      vertex 189.314 34.6 101.914
    endloop
  endfacet
  facet normal -0.650791 0 -0.759257
    outer loop
      vertex 189.314 42.6 101.914
      vertex 189.076 34.6 102.118
      vertex 189.076 42.6 102.118
    endloop
  endfacet
  facet normal -0.85262 0 0.522532
    outer loop
      vertex 189.518 34.6 99.3244
      vertex 189.682 42.6 99.592
      vertex 189.518 42.6 99.3244
    endloop
  endfacet
  facet normal -0.85262 0 0.522532
    outer loop
      vertex 189.682 42.6 99.592
      vertex 189.518 34.6 99.3244
      vertex 189.682 34.6 99.592
    endloop
  endfacet
  facet normal 0.85262 -0 0.522532
    outer loop
      vertex 186.118 34.6 99.592
      vertex 186.282 42.6 99.3244
      vertex 186.118 42.6 99.592
    endloop
  endfacet
  facet normal 0.85262 0 0.522532
    outer loop
      vertex 186.282 42.6 99.3244
      vertex 186.118 34.6 99.592
      vertex 186.282 34.6 99.3244
    endloop
  endfacet
  facet normal -0.23277 0 -0.972532
    outer loop
      vertex 188.213 34.6 102.475
      vertex 188.518 42.6 102.402
      vertex 188.518 34.6 102.402
    endloop
  endfacet
  facet normal -0.23277 0 -0.972532
    outer loop
      vertex 188.518 42.6 102.402
      vertex 188.213 34.6 102.475
      vertex 188.213 42.6 102.475
    endloop
  endfacet
  facet normal 0.382624 0 0.923904
    outer loop
      vertex 186.992 42.6 98.718
      vertex 187.282 34.6 98.5979
      vertex 187.282 42.6 98.5979
    endloop
  endfacet
  facet normal 0.382624 0 0.923904
    outer loop
      vertex 187.282 34.6 98.5979
      vertex 186.992 42.6 98.718
      vertex 186.992 34.6 98.718
    endloop
  endfacet
  facet normal 0.521965 0 -0.852967
    outer loop
      vertex 186.724 34.6 102.118
      vertex 186.992 42.6 102.282
      vertex 186.992 34.6 102.282
    endloop
  endfacet
  facet normal 0.521965 0 -0.852967
    outer loop
      vertex 186.992 42.6 102.282
      vertex 186.724 34.6 102.118
      vertex 186.724 42.6 102.118
    endloop
  endfacet
  facet normal 0.759257 0 -0.650791
    outer loop
      vertex 186.486 34.6 101.914
      vertex 186.282 42.6 101.676
      vertex 186.486 42.6 101.914
    endloop
  endfacet
  facet normal 0.759257 0 -0.650791
    outer loop
      vertex 186.282 42.6 101.676
      vertex 186.486 34.6 101.914
      vertex 186.282 34.6 101.676
    endloop
  endfacet
  facet normal 0.852967 0 -0.521965
    outer loop
      vertex 186.282 34.6 101.676
      vertex 186.118 42.6 101.408
      vertex 186.282 42.6 101.676
    endloop
  endfacet
  facet normal 0.852967 0 -0.521965
    outer loop
      vertex 186.118 42.6 101.408
      vertex 186.282 34.6 101.676
      vertex 186.118 34.6 101.408
    endloop
  endfacet
  facet normal -0.650423 0 0.759572
    outer loop
      vertex 189.076 42.6 98.882
      vertex 189.314 34.6 99.0858
      vertex 189.314 42.6 99.0858
    endloop
  endfacet
  facet normal -0.650423 0 0.759572
    outer loop
      vertex 189.314 34.6 99.0858
      vertex 189.076 42.6 98.882
      vertex 189.076 34.6 98.882
    endloop
  endfacet
  facet normal -0.233674 0 0.972315
    outer loop
      vertex 188.213 42.6 98.5246
      vertex 188.518 34.6 98.5979
      vertex 188.518 42.6 98.5979
    endloop
  endfacet
  facet normal -0.233674 0 0.972315
    outer loop
      vertex 188.518 34.6 98.5979
      vertex 188.213 42.6 98.5246
      vertex 188.213 34.6 98.5246
    endloop
  endfacet
  facet normal -0.521965 0 0.852967
    outer loop
      vertex 188.808 42.6 98.718
      vertex 189.076 34.6 98.882
      vertex 189.076 42.6 98.882
    endloop
  endfacet
  facet normal -0.521965 0 0.852967
    outer loop
      vertex 189.076 34.6 98.882
      vertex 188.808 42.6 98.718
      vertex 188.808 34.6 98.718
    endloop
  endfacet
  facet normal -0.759257 0 -0.650791
    outer loop
      vertex 189.518 34.6 101.676
      vertex 189.314 42.6 101.914
      vertex 189.518 42.6 101.676
    endloop
  endfacet
  facet normal -0.759257 -0 -0.650791
    outer loop
      vertex 189.314 42.6 101.914
      vertex 189.518 34.6 101.676
      vertex 189.314 34.6 101.914
    endloop
  endfacet
  facet normal -0.521965 0 -0.852967
    outer loop
      vertex 188.808 34.6 102.282
      vertex 189.076 42.6 102.118
      vertex 189.076 34.6 102.118
    endloop
  endfacet
  facet normal -0.521965 0 -0.852967
    outer loop
      vertex 189.076 42.6 102.118
      vertex 188.808 34.6 102.282
      vertex 188.808 42.6 102.282
    endloop
  endfacet
  facet normal 0.760066 -0 0.649846
    outer loop
      vertex 186.282 34.6 99.3244
      vertex 186.486 42.6 99.0858
      vertex 186.282 42.6 99.3244
    endloop
  endfacet
  facet normal 0.760066 0 0.649846
    outer loop
      vertex 186.486 42.6 99.0858
      vertex 186.282 34.6 99.3244
      vertex 186.486 34.6 99.0858
    endloop
  endfacet
  facet normal 0.972532 0 -0.23277
    outer loop
      vertex 185.998 34.6 101.118
      vertex 185.925 42.6 100.813
      vertex 185.998 42.6 101.118
    endloop
  endfacet
  facet normal 0.972532 0 -0.23277
    outer loop
      vertex 185.925 42.6 100.813
      vertex 185.998 34.6 101.118
      vertex 185.925 34.6 100.813
    endloop
  endfacet
  facet normal 0.23277 0 -0.972532
    outer loop
      vertex 187.282 34.6 102.402
      vertex 187.587 42.6 102.475
      vertex 187.587 34.6 102.475
    endloop
  endfacet
  facet normal 0.23277 0 -0.972532
    outer loop
      vertex 187.587 42.6 102.475
      vertex 187.282 34.6 102.402
      vertex 187.282 42.6 102.402
    endloop
  endfacet
  facet normal 0.0796186 0 -0.996825
    outer loop
      vertex 187.587 34.6 102.475
      vertex 187.9 42.6 102.5
      vertex 187.9 34.6 102.5
    endloop
  endfacet
  facet normal 0.0796186 0 -0.996825
    outer loop
      vertex 187.9 42.6 102.5
      vertex 187.587 34.6 102.475
      vertex 187.587 42.6 102.475
    endloop
  endfacet
  facet normal 0.924017 0 -0.382352
    outer loop
      vertex 186.118 34.6 101.408
      vertex 185.998 42.6 101.118
      vertex 186.118 42.6 101.408
    endloop
  endfacet
  facet normal 0.924017 0 -0.382352
    outer loop
      vertex 185.998 42.6 101.118
      vertex 186.118 34.6 101.408
      vertex 185.998 34.6 101.118
    endloop
  endfacet
  facet normal 0.924017 -0 0.382352
    outer loop
      vertex 185.998 34.6 99.882
      vertex 186.118 42.6 99.592
      vertex 185.998 42.6 99.882
    endloop
  endfacet
  facet normal 0.924017 0 0.382352
    outer loop
      vertex 186.118 42.6 99.592
      vertex 185.998 34.6 99.882
      vertex 186.118 34.6 99.592
    endloop
  endfacet
  facet normal 0.0783526 0 0.996926
    outer loop
      vertex 187.587 42.6 98.5246
      vertex 187.9 34.6 98.5
      vertex 187.9 42.6 98.5
    endloop
  endfacet
  facet normal 0.0783526 0 0.996926
    outer loop
      vertex 187.9 34.6 98.5
      vertex 187.587 42.6 98.5246
      vertex 187.587 34.6 98.5246
    endloop
  endfacet
  facet normal -0.924017 0 0.382352
    outer loop
      vertex 189.682 34.6 99.592
      vertex 189.802 42.6 99.882
      vertex 189.682 42.6 99.592
    endloop
  endfacet
  facet normal -0.924017 0 0.382352
    outer loop
      vertex 189.802 42.6 99.882
      vertex 189.682 34.6 99.592
      vertex 189.802 34.6 99.882
    endloop
  endfacet
  facet normal 0.382352 0 -0.924017
    outer loop
      vertex 186.992 34.6 102.282
      vertex 187.282 42.6 102.402
      vertex 187.282 34.6 102.402
    endloop
  endfacet
  facet normal 0.382352 0 -0.924017
    outer loop
      vertex 187.282 42.6 102.402
      vertex 186.992 34.6 102.282
      vertex 186.992 42.6 102.282
    endloop
  endfacet
  facet normal -0.0783526 0 0.996926
    outer loop
      vertex 187.9 42.6 98.5
      vertex 188.213 34.6 98.5246
      vertex 188.213 42.6 98.5246
    endloop
  endfacet
  facet normal -0.0783526 0 0.996926
    outer loop
      vertex 188.213 34.6 98.5246
      vertex 187.9 42.6 98.5
      vertex 187.9 34.6 98.5
    endloop
  endfacet
  facet normal 0.972532 -0 0.23277
    outer loop
      vertex 185.925 34.6 100.187
      vertex 185.998 42.6 99.882
      vertex 185.925 42.6 100.187
    endloop
  endfacet
  facet normal 0.972532 0 0.23277
    outer loop
      vertex 185.998 42.6 99.882
      vertex 185.925 34.6 100.187
      vertex 185.998 34.6 99.882
    endloop
  endfacet
  facet normal 0.650423 0 0.759572
    outer loop
      vertex 186.486 42.6 99.0858
      vertex 186.724 34.6 98.882
      vertex 186.724 42.6 98.882
    endloop
  endfacet
  facet normal 0.650423 0 0.759572
    outer loop
      vertex 186.724 34.6 98.882
      vertex 186.486 42.6 99.0858
      vertex 186.486 34.6 99.0858
    endloop
  endfacet
  facet normal 0.650791 0 -0.759257
    outer loop
      vertex 186.486 34.6 101.914
      vertex 186.724 42.6 102.118
      vertex 186.724 34.6 102.118
    endloop
  endfacet
  facet normal 0.650791 0 -0.759257
    outer loop
      vertex 186.724 42.6 102.118
      vertex 186.486 34.6 101.914
      vertex 186.486 42.6 101.914
    endloop
  endfacet
  facet normal 0 1 0
    outer loop
      vertex 188.213 34.6 102.475
      vertex 187.587 34.6 102.475
      vertex 187.9 34.6 102.5
    endloop
  endfacet
  facet normal 0 1 0
    outer loop
      vertex 188.518 34.6 102.402
      vertex 187.587 34.6 102.475
      vertex 188.213 34.6 102.475
    endloop
  endfacet
  facet normal 0 1 0
    outer loop
      vertex 188.518 34.6 102.402
      vertex 187.282 34.6 102.402
      vertex 187.587 34.6 102.475
    endloop
  endfacet
  facet normal 0 1 0
    outer loop
      vertex 188.808 34.6 102.282
      vertex 187.282 34.6 102.402
      vertex 188.518 34.6 102.402
    endloop
  endfacet
  facet normal 0 1 0
    outer loop
      vertex 188.808 34.6 102.282
      vertex 186.992 34.6 102.282
      vertex 187.282 34.6 102.402
    endloop
  endfacet
  facet normal 0 1 0
    outer loop
      vertex 189.076 34.6 102.118
      vertex 186.992 34.6 102.282
      vertex 188.808 34.6 102.282
    endloop
  endfacet
  facet normal 0 1 0
    outer loop
      vertex 189.076 34.6 102.118
      vertex 186.724 34.6 102.118
      vertex 186.992 34.6 102.282
    endloop
  endfacet
  facet normal 0 1 0
    outer loop
      vertex 189.314 34.6 101.914
      vertex 186.724 34.6 102.118
      vertex 189.076 34.6 102.118
    endloop
  endfacet
  facet normal 0 1 0
    outer loop
      vertex 189.314 34.6 101.914
      vertex 186.486 34.6 101.914
      vertex 186.724 34.6 102.118
    endloop
  endfacet
  facet normal 0 1 0
    outer loop
      vertex 189.518 34.6 101.676
      vertex 186.486 34.6 101.914
      vertex 189.314 34.6 101.914
    endloop
  endfacet
  facet normal 0 1 0
    outer loop
      vertex 189.518 34.6 101.676
      vertex 186.282 34.6 101.676
      vertex 186.486 34.6 101.914
    endloop
  endfacet
  facet normal 0 1 0
    outer loop
      vertex 189.682 34.6 101.408
      vertex 186.282 34.6 101.676
      vertex 189.518 34.6 101.676
    endloop
  endfacet
  facet normal 0 1 0
    outer loop
      vertex 189.682 34.6 101.408
      vertex 186.118 34.6 101.408
      vertex 186.282 34.6 101.676
    endloop
  endfacet
  facet normal 0 1 0
    outer loop
      vertex 189.802 34.6 101.118
      vertex 186.118 34.6 101.408
      vertex 189.682 34.6 101.408
    endloop
  endfacet
  facet normal 0 1 0
    outer loop
      vertex 189.802 34.6 101.118
      vertex 185.998 34.6 101.118
      vertex 186.118 34.6 101.408
    endloop
  endfacet
  facet normal 0 1 0
    outer loop
      vertex 189.875 34.6 100.813
      vertex 185.998 34.6 101.118
      vertex 189.802 34.6 101.118
    endloop
  endfacet
  facet normal 0 1 0
    outer loop
      vertex 189.875 34.6 100.813
      vertex 185.925 34.6 100.813
      vertex 185.998 34.6 101.118
    endloop
  endfacet
  facet normal 0 1 0
    outer loop
      vertex 189.9 34.6 100.5
      vertex 185.925 34.6 100.813
      vertex 189.875 34.6 100.813
    endloop
  endfacet
  facet normal 0 1 0
    outer loop
      vertex 189.9 34.6 100.5
      vertex 185.9 34.6 100.5
      vertex 185.925 34.6 100.813
    endloop
  endfacet
  facet normal 0 1 -0
    outer loop
      vertex 189.875 34.6 100.187
      vertex 185.9 34.6 100.5
      vertex 189.9 34.6 100.5
    endloop
  endfacet
  facet normal 0 1 0
    outer loop
      vertex 189.875 34.6 100.187
      vertex 185.925 34.6 100.187
      vertex 185.9 34.6 100.5
    endloop
  endfacet
  facet normal 0 1 -0
    outer loop
      vertex 189.802 34.6 99.882
      vertex 185.925 34.6 100.187
      vertex 189.875 34.6 100.187
    endloop
  endfacet
  facet normal 0 1 0
    outer loop
      vertex 189.802 34.6 99.882
      vertex 185.998 34.6 99.882
      vertex 185.925 34.6 100.187
    endloop
  endfacet
  facet normal 0 1 -0
    outer loop
      vertex 189.682 34.6 99.592
      vertex 185.998 34.6 99.882
      vertex 189.802 34.6 99.882
    endloop
  endfacet
  facet normal 0 1 0
    outer loop
      vertex 189.682 34.6 99.592
      vertex 186.118 34.6 99.592
      vertex 185.998 34.6 99.882
    endloop
  endfacet
  facet normal 0 1 -0
    outer loop
      vertex 189.518 34.6 99.3244
      vertex 186.118 34.6 99.592
      vertex 189.682 34.6 99.592
    endloop
  endfacet
  facet normal 0 1 0
    outer loop
      vertex 189.518 34.6 99.3244
      vertex 186.282 34.6 99.3244
      vertex 186.118 34.6 99.592
    endloop
  endfacet
  facet normal 0 1 -0
    outer loop
      vertex 189.314 34.6 99.0858
      vertex 186.282 34.6 99.3244
      vertex 189.518 34.6 99.3244
    endloop
  endfacet
  facet normal 0 1 0
    outer loop
      vertex 189.314 34.6 99.0858
      vertex 186.486 34.6 99.0858
      vertex 186.282 34.6 99.3244
    endloop
  endfacet
  facet normal 0 1 -0
    outer loop
      vertex 189.076 34.6 98.882
      vertex 186.486 34.6 99.0858
      vertex 189.314 34.6 99.0858
    endloop
  endfacet
  facet normal 0 1 0
    outer loop
      vertex 189.076 34.6 98.882
      vertex 186.724 34.6 98.882
      vertex 186.486 34.6 99.0858
    endloop
  endfacet
  facet normal 0 1 -0
    outer loop
      vertex 188.808 34.6 98.718
      vertex 186.724 34.6 98.882
      vertex 189.076 34.6 98.882
    endloop
  endfacet
  facet normal 0 1 0
    outer loop
      vertex 188.808 34.6 98.718
      vertex 186.992 34.6 98.718
      vertex 186.724 34.6 98.882
    endloop
  endfacet
  facet normal 0 1 -0
    outer loop
      vertex 188.518 34.6 98.5979
      vertex 186.992 34.6 98.718
      vertex 188.808 34.6 98.718
    endloop
  endfacet
  facet normal 0 1 0
    outer loop
      vertex 188.518 34.6 98.5979
      vertex 187.282 34.6 98.5979
      vertex 186.992 34.6 98.718
    endloop
  endfacet
  facet normal 0 1 -0
    outer loop
      vertex 188.213 34.6 98.5246
      vertex 187.282 34.6 98.5979
      vertex 188.518 34.6 98.5979
    endloop
  endfacet
  facet normal 0 1 0
    outer loop
      vertex 188.213 34.6 98.5246
      vertex 187.587 34.6 98.5246
      vertex 187.282 34.6 98.5979
    endloop
  endfacet
  facet normal -0 1 0
    outer loop
      vertex 187.587 34.6 98.5246
      vertex 188.213 34.6 98.5246
      vertex 187.9 34.6 98.5
    endloop
  endfacet
  facet normal 0 0.978147 -0.207912
    outer loop
      vertex 191.9 7.11818 29.0957
      vertex 172.305 8.57356 35.9427
      vertex 191.9 8.57356 35.9427
    endloop
  endfacet
  facet normal 0 0.978147 -0.207912
    outer loop
      vertex 172.305 8.57356 35.9427
      vertex 191.9 7.11818 29.0957
      vertex 172.305 7.11818 29.0957
    endloop
  endfacet
  facet normal 0 -0.207913 -0.978147
    outer loop
      vertex 172.305 -0.706998 30.759
      vertex 191.9 7.11818 29.0957
      vertex 191.9 -0.706998 30.759
    endloop
  endfacet
  facet normal -0 -0.207913 -0.978147
    outer loop
      vertex 191.9 7.11818 29.0957
      vertex 172.305 -0.706998 30.759
      vertex 172.305 7.11818 29.0957
    endloop
  endfacet
  facet normal -6.87341e-05 -0.978175 0.207784
    outer loop
      vertex 175.844 0.383898 35.8913
      vertex 172.305 0.748383 37.606
      vertex 175.805 0.384538 35.8943
    endloop
  endfacet
  facet normal 5.00481e-05 -0.978125 0.208016
    outer loop
      vertex 172.305 0.748383 37.606
      vertex 175.766 0.383898 35.8913
      vertex 175.805 0.384538 35.8943
    endloop
  endfacet
  facet normal -2.6745e-05 -0.978157 0.207868
    outer loop
      vertex 172.305 0.748383 37.606
      vertex 175.531 0.380058 35.8732
      vertex 175.766 0.383898 35.8913
    endloop
  endfacet
  facet normal -0.000161595 -0.978208 0.207628
    outer loop
      vertex 172.305 0.748383 37.606
      vertex 175.493 0.378154 35.8642
      vertex 175.531 0.380058 35.8732
    endloop
  endfacet
  facet normal 2.92135e-05 -0.978137 0.207962
    outer loop
      vertex 172.305 0.748383 37.606
      vertex 175.264 0.36673 35.8105
      vertex 175.493 0.378154 35.8642
    endloop
  endfacet
  facet normal 3.75232e-06 -0.978145 0.207922
    outer loop
      vertex 172.305 0.748383 37.606
      vertex 175.047 0.348002 35.7224
      vertex 175.264 0.36673 35.8105
    endloop
  endfacet
  facet normal -6.22914e-05 -0.978165 0.20783
    outer loop
      vertex 172.305 0.748383 37.606
      vertex 175.011 0.344881 35.7077
      vertex 175.047 0.348002 35.7224
    endloop
  endfacet
  facet normal -0.000163143 -0.978194 0.207692
    outer loop
      vertex 172.305 0.748383 37.606
      vertex 174.977 0.340619 35.6876
      vertex 175.011 0.344881 35.7077
    endloop
  endfacet
  facet normal 5.57108e-05 -0.978132 0.207984
    outer loop
      vertex 172.305 0.748383 37.606
      vertex 174.776 0.315049 35.5674
      vertex 174.977 0.340619 35.6876
    endloop
  endfacet
  facet normal -4.79127e-05 -0.978158 0.207864
    outer loop
      vertex 172.305 0.748383 37.606
      vertex 174.597 0.283267 35.4178
      vertex 174.776 0.315049 35.5674
    endloop
  endfacet
  facet normal 7.71526e-05 -0.978131 0.207989
    outer loop
      vertex 172.305 0.748383 37.606
      vertex 174.568 0.27797 35.3929
      vertex 174.597 0.283267 35.4178
    endloop
  endfacet
  facet normal -1.76049e-05 -0.978151 0.207896
    outer loop
      vertex 172.305 0.748383 37.606
      vertex 174.415 0.240757 35.2178
      vertex 174.568 0.27797 35.3929
    endloop
  endfacet
  facet normal 0.000314428 -0.978091 0.208177
    outer loop
      vertex 172.305 0.748383 37.606
      vertex 174.389 0.234555 35.1887
      vertex 174.415 0.240757 35.2178
    endloop
  endfacet
  facet normal -0.000365917 -0.97821 0.207616
    outer loop
      vertex 172.305 0.748383 37.606
      vertex 174.369 0.227601 35.1559
      vertex 174.389 0.234555 35.1887
    endloop
  endfacet
  facet normal 4.66005e-06 -0.978147 0.207914
    outer loop
      vertex 172.305 0.748383 37.606
      vertex 174.246 0.185875 34.9596
      vertex 174.369 0.227601 35.1559
    endloop
  endfacet
  facet normal 4.38848e-05 -0.978141 0.207942
    outer loop
      vertex 172.305 0.748383 37.606
      vertex 174.141 0.133127 34.7115
      vertex 174.246 0.185875 34.9596
    endloop
  endfacet
  facet normal -1.69049e-05 -0.978149 0.207905
    outer loop
      vertex 172.305 0.748383 37.606
      vertex 174.077 0.0776102 34.4503
      vertex 174.141 0.133127 34.7115
    endloop
  endfacet
  facet normal 2.8332e-05 -0.978144 0.207929
    outer loop
      vertex 172.305 0.748383 37.606
      vertex 174.058 0.0288236 34.2208
      vertex 174.077 0.0776102 34.4503
    endloop
  endfacet
  facet normal -0.000422517 -0.978191 0.207706
    outer loop
      vertex 172.305 0.748383 37.606
      vertex 174.055 0.0206924 34.1825
      vertex 174.058 0.0288236 34.2208
    endloop
  endfacet
  facet normal -5.58941e-08 -0.978147 0.207913
    outer loop
      vertex 172.305 -0.706998 30.759
      vertex 174.055 0.0206924 34.1825
      vertex 172.305 0.748383 37.606
    endloop
  endfacet
  facet normal -3.59066e-05 -0.978144 0.20793
    outer loop
      vertex 174.055 0.0206924 34.1825
      vertex 172.305 -0.706998 30.759
      vertex 174.073 -0.0280945 33.953
    endloop
  endfacet
  facet normal 0.000380029 -0.97819 0.20771
    outer loop
      vertex 174.073 -0.0280945 33.953
      vertex 172.305 -0.706998 30.759
      vertex 174.077 -0.0362256 33.9147
    endloop
  endfacet
  facet normal -8.00196e-05 -0.978138 0.207957
    outer loop
      vertex 174.077 -0.0362256 33.9147
      vertex 172.305 -0.706998 30.759
      vertex 174.086 -0.0441565 33.8774
    endloop
  endfacet
  facet normal 3.41337e-05 -0.978151 0.207895
    outer loop
      vertex 174.086 -0.0441565 33.8774
      vertex 172.305 -0.706998 30.759
      vertex 174.141 -0.0917419 33.6535
    endloop
  endfacet
  facet normal -2.18007e-06 -0.978147 0.207917
    outer loop
      vertex 174.141 -0.0917419 33.6535
      vertex 172.305 -0.706998 30.759
      vertex 174.231 -0.136954 33.4408
    endloop
  endfacet
  facet normal 8.74759e-05 -0.978163 0.207837
    outer loop
      vertex 172.305 -0.706998 30.759
      vertex 174.415 -0.199372 33.1472
      vertex 174.389 -0.19317 33.1764
    endloop
  endfacet
  facet normal -1.33187e-05 -0.978144 0.207926
    outer loop
      vertex 172.305 -0.706998 30.759
      vertex 174.747 -0.268367 32.8226
      vertex 174.568 -0.236585 32.9721
    endloop
  endfacet
  facet normal 0.000189851 -0.978195 0.207689
    outer loop
      vertex 172.305 -0.706998 30.759
      vertex 174.81 -0.277926 32.7776
      vertex 174.776 -0.273665 32.7977
    endloop
  endfacet
  facet normal -4.26586e-06 -0.978146 0.20792
    outer loop
      vertex 172.305 -0.706998 30.759
      vertex 175.228 -0.322224 32.5692
      vertex 175.011 -0.303496 32.6573
    endloop
  endfacet
  facet normal -0.00022672 -0.978071 0.208273
    outer loop
      vertex 172.305 -0.706998 30.759
      vertex 175.302 -0.327249 32.5456
      vertex 175.264 -0.325345 32.5545
    endloop
  endfacet
  facet normal -5.06955e-05 -0.978128 0.208006
    outer loop
      vertex 175.531 -0.338673 32.4918
      vertex 172.305 -0.706998 30.759
      vertex 175.805 -0.343153 32.4708
    endloop
  endfacet
  facet normal 3.49471e-05 -0.97816 0.207853
    outer loop
      vertex 175.302 -0.327249 32.5456
      vertex 172.305 -0.706998 30.759
      vertex 175.531 -0.338673 32.4918
    endloop
  endfacet
  facet normal 5.91919e-05 -0.978167 0.207822
    outer loop
      vertex 175.228 -0.322224 32.5692
      vertex 172.305 -0.706998 30.759
      vertex 175.264 -0.325345 32.5545
    endloop
  endfacet
  facet normal 2.43413e-06 -0.978148 0.207911
    outer loop
      vertex 174.81 -0.277926 32.7776
      vertex 172.305 -0.706998 30.759
      vertex 175.011 -0.303496 32.6573
    endloop
  endfacet
  facet normal -8.95099e-05 -0.978126 0.208013
    outer loop
      vertex 174.747 -0.268367 32.8226
      vertex 172.305 -0.706998 30.759
      vertex 174.776 -0.273665 32.7977
    endloop
  endfacet
  facet normal 1.76049e-05 -0.978151 0.207896
    outer loop
      vertex 174.415 -0.199372 33.1472
      vertex 172.305 -0.706998 30.759
      vertex 174.568 -0.236585 32.9721
    endloop
  endfacet
  facet normal -5.533e-06 -0.978147 0.207914
    outer loop
      vertex 174.266 -0.151444 33.3727
      vertex 172.305 -0.706998 30.759
      vertex 174.389 -0.19317 33.1764
    endloop
  endfacet
  facet normal -7.60837e-05 -0.978136 0.207964
    outer loop
      vertex 174.246 -0.14449 33.4054
      vertex 172.305 -0.706998 30.759
      vertex 174.266 -0.151444 33.3727
    endloop
  endfacet
  facet normal -0.000275071 -0.978107 0.208104
    outer loop
      vertex 174.231 -0.136954 33.4408
      vertex 172.305 -0.706998 30.759
      vertex 174.246 -0.14449 33.4054
    endloop
  endfacet
  facet normal 3.67428e-05 -0.978131 0.207992
    outer loop
      vertex 176.079 0.380058 35.8732
      vertex 172.305 0.748383 37.606
      vertex 175.844 0.383898 35.8913
    endloop
  endfacet
  facet normal 0.000480795 -0.977933 0.208917
    outer loop
      vertex 176.117 0.378154 35.8642
      vertex 172.305 0.748383 37.606
      vertex 176.079 0.380058 35.8732
    endloop
  endfacet
  facet normal -8.57737e-05 -0.978186 0.207731
    outer loop
      vertex 176.346 0.36673 35.8105
      vertex 172.305 0.748383 37.606
      vertex 176.117 0.378154 35.8642
    endloop
  endfacet
  facet normal 0 -0.978147 0.207916
    outer loop
      vertex 172.305 0.748383 37.606
      vertex 176.346 0.36673 35.8105
      vertex 191.9 0.748383 37.606
    endloop
  endfacet
  facet normal -1.38652e-06 -0.978144 0.207927
    outer loop
      vertex 176.563 0.348002 35.7224
      vertex 191.9 0.748383 37.606
      vertex 176.346 0.36673 35.8105
    endloop
  endfacet
  facet normal 2.29653e-05 -0.978185 0.207737
    outer loop
      vertex 176.599 0.344881 35.7077
      vertex 191.9 0.748383 37.606
      vertex 176.563 0.348002 35.7224
    endloop
  endfacet
  facet normal 5.21479e-05 -0.978232 0.207512
    outer loop
      vertex 176.633 0.340619 35.6876
      vertex 191.9 0.748383 37.606
      vertex 176.599 0.344881 35.7077
    endloop
  endfacet
  facet normal -1.77307e-05 -0.978119 0.208044
    outer loop
      vertex 176.834 0.315049 35.5674
      vertex 191.9 0.748383 37.606
      vertex 176.633 0.340619 35.6876
    endloop
  endfacet
  facet normal 1.34397e-05 -0.978166 0.207824
    outer loop
      vertex 177.013 0.283267 35.4178
      vertex 191.9 0.748383 37.606
      vertex 176.834 0.315049 35.5674
    endloop
  endfacet
  facet normal -2.14191e-05 -0.978118 0.208051
    outer loop
      vertex 177.042 0.27797 35.3929
      vertex 191.9 0.748383 37.606
      vertex 177.013 0.283267 35.4178
    endloop
  endfacet
  facet normal 4.4e-06 -0.978153 0.207885
    outer loop
      vertex 177.195 0.240757 35.2178
      vertex 191.9 0.748383 37.606
      vertex 177.042 0.27797 35.3929
    endloop
  endfacet
  facet normal -7.92401e-05 -0.978048 0.208378
    outer loop
      vertex 177.221 0.234555 35.1887
      vertex 191.9 0.748383 37.606
      vertex 177.195 0.240757 35.2178
    endloop
  endfacet
  facet normal 8.06024e-05 -0.978246 0.207449
    outer loop
      vertex 177.241 0.227601 35.1559
      vertex 191.9 0.748383 37.606
      vertex 177.221 0.234555 35.1887
    endloop
  endfacet
  facet normal -1.03571e-06 -0.978147 0.207917
    outer loop
      vertex 177.364 0.185875 34.9596
      vertex 191.9 0.748383 37.606
      vertex 177.241 0.227601 35.1559
    endloop
  endfacet
  facet normal -8.58016e-06 -0.978138 0.207956
    outer loop
      vertex 177.469 0.133127 34.7115
      vertex 191.9 0.748383 37.606
      vertex 177.364 0.185875 34.9596
    endloop
  endfacet
  facet normal 2.84187e-06 -0.97815 0.207902
    outer loop
      vertex 177.533 0.0776102 34.4503
      vertex 191.9 0.748383 37.606
      vertex 177.469 0.133127 34.7115
    endloop
  endfacet
  facet normal -3.938e-06 -0.978143 0.207931
    outer loop
      vertex 177.552 0.0288236 34.2208
      vertex 191.9 0.748383 37.606
      vertex 177.533 0.0776102 34.4503
    endloop
  endfacet
  facet normal 5.83523e-05 -0.978197 0.207679
    outer loop
      vertex 177.555 0.0206924 34.1825
      vertex 191.9 0.748383 37.606
      vertex 177.552 0.0288236 34.2208
    endloop
  endfacet
  facet normal 4.95965e-06 -0.978143 0.207932
    outer loop
      vertex 191.9 -0.706998 30.759
      vertex 177.555 0.0206924 34.1825
      vertex 177.537 -0.0280945 33.953
    endloop
  endfacet
  facet normal -5.43436e-05 -0.978197 0.207677
    outer loop
      vertex 191.9 -0.706998 30.759
      vertex 177.537 -0.0280945 33.953
      vertex 177.533 -0.0362256 33.9147
    endloop
  endfacet
  facet normal 1.34002e-05 -0.978135 0.207972
    outer loop
      vertex 191.9 -0.706998 30.759
      vertex 177.533 -0.0362256 33.9147
      vertex 177.524 -0.0441565 33.8774
    endloop
  endfacet
  facet normal -5.74159e-06 -0.978153 0.207888
    outer loop
      vertex 191.9 -0.706998 30.759
      vertex 177.524 -0.0441565 33.8774
      vertex 177.469 -0.0917419 33.6535
    endloop
  endfacet
  facet normal 4.2621e-07 -0.978146 0.207917
    outer loop
      vertex 191.9 -0.706998 30.759
      vertex 177.469 -0.0917419 33.6535
      vertex 177.379 -0.136954 33.4408
    endloop
  endfacet
  facet normal 5.37989e-05 -0.978088 0.208194
    outer loop
      vertex 191.9 -0.706998 30.759
      vertex 177.379 -0.136954 33.4408
      vertex 177.364 -0.14449 33.4054
    endloop
  endfacet
  facet normal 1.67646e-05 -0.978129 0.207999
    outer loop
      vertex 191.9 -0.706998 30.759
      vertex 177.364 -0.14449 33.4054
      vertex 177.344 -0.151444 33.3727
    endloop
  endfacet
  facet normal 1.2296e-06 -0.978147 0.207916
    outer loop
      vertex 191.9 -0.706998 30.759
      vertex 177.344 -0.151444 33.3727
      vertex 177.221 -0.19317 33.1764
    endloop
  endfacet
  facet normal -2.20179e-05 -0.978175 0.207781
    outer loop
      vertex 191.9 -0.706998 30.759
      vertex 177.221 -0.19317 33.1764
      vertex 177.195 -0.199372 33.1472
    endloop
  endfacet
  facet normal -4.4e-06 -0.978153 0.207885
    outer loop
      vertex 191.9 -0.706998 30.759
      vertex 177.195 -0.199372 33.1472
      vertex 177.042 -0.236585 32.9721
    endloop
  endfacet
  facet normal 3.73731e-06 -0.978142 0.207937
    outer loop
      vertex 191.9 -0.706998 30.759
      vertex 177.042 -0.236585 32.9721
      vertex 176.863 -0.268367 32.8226
    endloop
  endfacet
  facet normal 2.48678e-05 -0.978111 0.208085
    outer loop
      vertex 191.9 -0.706998 30.759
      vertex 176.863 -0.268367 32.8226
      vertex 176.834 -0.273665 32.7977
    endloop
  endfacet
  facet normal -6.07028e-05 -0.978239 0.20748
    outer loop
      vertex 191.9 -0.706998 30.759
      vertex 176.834 -0.273665 32.7977
      vertex 176.8 -0.277926 32.7776
    endloop
  endfacet
  facet normal -7.74501e-07 -0.978148 0.207909
    outer loop
      vertex 191.9 -0.706998 30.759
      vertex 176.8 -0.277926 32.7776
      vertex 176.599 -0.303496 32.6573
    endloop
  endfacet
  facet normal 1.5763e-06 -0.978144 0.207927
    outer loop
      vertex 191.9 -0.706998 30.759
      vertex 176.599 -0.303496 32.6573
      vertex 176.382 -0.322224 32.5692
    endloop
  endfacet
  facet normal -2.18249e-05 -0.978185 0.207735
    outer loop
      vertex 191.9 -0.706998 30.759
      vertex 176.382 -0.322224 32.5692
      vertex 176.346 -0.325345 32.5545
    endloop
  endfacet
  facet normal -0.000102862 -0.978101 0.20813
    outer loop
      vertex 172.305 -0.706998 30.759
      vertex 176.308 -0.327249 32.5456
      vertex 176.079 -0.338673 32.4918
    endloop
  endfacet
  facet normal 6.954e-05 -0.978178 0.207771
    outer loop
      vertex 172.305 -0.706998 30.759
      vertex 176.079 -0.338673 32.4918
      vertex 175.805 -0.343153 32.4708
    endloop
  endfacet
  facet normal 0.000664761 -0.97845 0.206484
    outer loop
      vertex 176.308 -0.327249 32.5456
      vertex 172.305 -0.706998 30.759
      vertex 176.346 -0.325345 32.5545
    endloop
  endfacet
  facet normal 0 -0.978147 0.207916
    outer loop
      vertex 191.9 -0.706998 30.759
      vertex 176.346 -0.325345 32.5545
      vertex 172.305 -0.706998 30.759
    endloop
  endfacet
  facet normal 6.81873e-09 -0.978147 0.207913
    outer loop
      vertex 177.555 0.0206924 34.1825
      vertex 191.9 -0.706998 30.759
      vertex 191.9 0.748383 37.606
    endloop
  endfacet
  facet normal -1 0 0
    outer loop
      vertex 172.305 7.11818 29.0957
      vertex 172.305 4.54045 36.8
      vertex 172.305 8.57356 35.9427
    endloop
  endfacet
  facet normal -1 0 0
    outer loop
      vertex 172.305 -0.706998 30.759
      vertex 172.305 4.54045 36.8
      vertex 172.305 7.11818 29.0957
    endloop
  endfacet
  facet normal -1 0 0
    outer loop
      vertex 172.305 1.04468 36.8
      vertex 172.305 0.748383 37.606
      vertex 172.305 1.04468 37.543
    endloop
  endfacet
  facet normal -1 -0 0
    outer loop
      vertex 172.305 1.04468 36.8
      vertex 172.305 -0.706998 30.759
      vertex 172.305 0.748383 37.606
    endloop
  endfacet
  facet normal -1 -0 0
    outer loop
      vertex 172.305 4.54045 36.8
      vertex 172.305 -0.706998 30.759
      vertex 172.305 1.04468 36.8
    endloop
  endfacet
  facet normal -0 0.20792 0.978146
    outer loop
      vertex 172.305 8.57356 35.9427
      vertex 191.9 4.54045 36.8
      vertex 191.9 8.57356 35.9427
    endloop
  endfacet
  facet normal 0 0.20792 0.978146
    outer loop
      vertex 191.9 4.54045 36.8
      vertex 172.305 8.57356 35.9427
      vertex 172.305 4.54045 36.8
    endloop
  endfacet
  facet normal -0 0.207975 0.978134
    outer loop
      vertex 172.305 1.04468 37.543
      vertex 191.9 0.748383 37.606
      vertex 191.9 1.04468 37.543
    endloop
  endfacet
  facet normal 0 0.207975 0.978134
    outer loop
      vertex 191.9 0.748383 37.606
      vertex 172.305 1.04468 37.543
      vertex 172.305 0.748383 37.606
    endloop
  endfacet
  facet normal -0.996785 0.0165197 0.0784048
    outer loop
      vertex 177.533 5.83266 32.6673
      vertex 177.537 -0.0280945 33.953
      vertex 177.555 5.88958 32.935
    endloop
  endfacet
  facet normal -0.994822 0.0211295 0.0994121
    outer loop
      vertex 177.537 -0.0280945 33.953
      vertex 177.533 5.83266 32.6673
      vertex 177.533 -0.0362256 33.9147
    endloop
  endfacet
  facet normal 0.0784926 -0.207275 -0.975129
    outer loop
      vertex 175.531 6.24894 34.6257
      vertex 175.766 0.383898 35.8913
      vertex 175.531 0.380058 35.8732
    endloop
  endfacet
  facet normal -0.99707 0.015904 0.0748207
    outer loop
      vertex 177.555 0.0206924 34.1825
      vertex 177.555 5.88958 32.935
      vertex 177.537 -0.0280945 33.953
    endloop
  endfacet
  facet normal 0.233446 0.202156 0.951123
    outer loop
      vertex 175.264 -0.325345 32.5545
      vertex 175.531 5.53021 31.2444
      vertex 175.264 5.54354 31.3071
    endloop
  endfacet
  facet normal 0.232922 0.202206 0.951241
    outer loop
      vertex 175.531 5.53021 31.2444
      vertex 175.264 -0.325345 32.5545
      vertex 175.302 -0.327249 32.5456
    endloop
  endfacet
  facet normal 2.62358e-05 -0.978152 0.20789
    outer loop
      vertex 175.264 6.23562 34.563
      vertex 174.776 6.18394 34.3199
      vertex 174.077 5.9465 33.2028
    endloop
  endfacet
  facet normal 0.000537949 -0.978066 0.208292
    outer loop
      vertex 174.389 5.67571 31.9289
      vertex 174.568 5.6323 31.7246
      vertex 174.246 5.7244 32.1579
    endloop
  endfacet
  facet normal -0.97246 -0.0484591 -0.227977
    outer loop
      vertex 177.533 5.9465 33.2028
      vertex 177.469 0.133127 34.7115
      vertex 177.469 6.00201 33.464
    endloop
  endfacet
  facet normal -0.97246 -0.0484588 -0.227975
    outer loop
      vertex 177.469 0.133127 34.7115
      vertex 177.533 5.9465 33.2028
      vertex 177.533 0.0776102 34.4503
    endloop
  endfacet
  facet normal -0.385219 -0.19187 -0.902658
    outer loop
      vertex 176.563 0.348002 35.7224
      vertex 176.599 6.21377 34.4602
      vertex 176.599 0.344881 35.7077
    endloop
  endfacet
  facet normal -0.383619 -0.19202 -0.903308
    outer loop
      vertex 176.599 6.21377 34.4602
      vertex 176.563 0.348002 35.7224
      vertex 176.346 6.23562 34.563
    endloop
  endfacet
  facet normal -0.383353 -0.192032 -0.903418
    outer loop
      vertex 176.346 6.23562 34.563
      vertex 176.563 0.348002 35.7224
      vertex 176.346 0.36673 35.8105
    endloop
  endfacet
  facet normal -0.852603 0.108649 0.51114
    outer loop
      vertex 177.344 -0.151444 33.3727
      vertex 177.221 5.67571 31.9289
      vertex 177.221 -0.19317 33.1764
    endloop
  endfacet
  facet normal 0.233532 0.202152 0.951103
    outer loop
      vertex 175.531 -0.338673 32.4918
      vertex 175.531 5.53021 31.2444
      vertex 175.302 -0.327249 32.5456
    endloop
  endfacet
  facet normal -0.650818 0.157931 0.742626
    outer loop
      vertex 176.834 5.59522 31.5502
      vertex 176.863 -0.268367 32.8226
      vertex 177.042 5.6323 31.7246
    endloop
  endfacet
  facet normal -0.659713 0.156253 0.735094
    outer loop
      vertex 176.863 -0.268367 32.8226
      vertex 176.834 5.59522 31.5502
      vertex 176.834 -0.273665 32.7977
    endloop
  endfacet
  facet normal 0 -0.978148 0.20791
    outer loop
      vertex 174.568 5.6323 31.7246
      vertex 177.364 5.7244 32.1579
      vertex 174.246 5.7244 32.1579
    endloop
  endfacet
  facet normal 0 -0.978148 0.20791
    outer loop
      vertex 177.364 5.7244 32.1579
      vertex 174.568 5.6323 31.7246
      vertex 177.042 5.6323 31.7246
    endloop
  endfacet
  facet normal -0.000537949 -0.978066 0.208292
    outer loop
      vertex 177.221 5.67571 31.9289
      vertex 177.364 5.7244 32.1579
      vertex 177.042 5.6323 31.7246
    endloop
  endfacet
  facet normal -0.233446 0.202156 0.951123
    outer loop
      vertex 176.079 5.53021 31.2444
      vertex 176.346 -0.325345 32.5545
      vertex 176.346 5.54354 31.3071
    endloop
  endfacet
  facet normal -0.232922 0.202206 0.951241
    outer loop
      vertex 176.346 -0.325345 32.5545
      vertex 176.079 5.53021 31.2444
      vertex 176.308 -0.327249 32.5456
    endloop
  endfacet
  facet normal -0.000412335 -0.978127 0.208009
    outer loop
      vertex 177.533 5.83266 32.6673
      vertex 177.555 5.88958 32.935
      vertex 177.469 5.77714 32.4061
    endloop
  endfacet
  facet normal -0.97246 0.0484329 0.22798
    outer loop
      vertex 177.524 -0.0441565 33.8774
      vertex 177.533 5.83266 32.6673
      vertex 177.469 5.77714 32.4061
    endloop
  endfacet
  facet normal -0.973261 0.0477548 0.224681
    outer loop
      vertex 177.533 5.83266 32.6673
      vertex 177.524 -0.0441565 33.8774
      vertex 177.533 -0.0362256 33.9147
    endloop
  endfacet
  facet normal 3.8297e-05 -0.978149 0.207905
    outer loop
      vertex 177.555 5.88958 32.935
      vertex 177.533 5.9465 33.2028
      vertex 177.364 5.7244 32.1579
    endloop
  endfacet
  facet normal -0.852603 -0.10864 -0.511141
    outer loop
      vertex 177.364 6.05476 33.7122
      vertex 177.364 0.185875 34.9596
      vertex 177.241 0.227601 35.1559
    endloop
  endfacet
  facet normal 0.858157 0.106741 0.502167
    outer loop
      vertex 174.266 -0.151444 33.3727
      vertex 174.246 5.7244 32.1579
      vertex 174.246 -0.14449 33.4054
    endloop
  endfacet
  facet normal 0.8534 0.108319 0.509878
    outer loop
      vertex 174.246 5.7244 32.1579
      vertex 174.266 -0.151444 33.3727
      vertex 174.389 5.67571 31.9289
    endloop
  endfacet
  facet normal 0.996787 -0.0166774 -0.0783422
    outer loop
      vertex 174.058 0.0288236 34.2208
      vertex 174.055 5.88958 32.935
      vertex 174.077 5.9465 33.2028
    endloop
  endfacet
  facet normal 0.997077 -0.0158843 -0.0747278
    outer loop
      vertex 174.055 5.88958 32.935
      vertex 174.058 0.0288236 34.2208
      vertex 174.055 0.0206924 34.1825
    endloop
  endfacet
  facet normal 0 -0.978139 0.207951
    outer loop
      vertex 175.264 5.54354 31.3071
      vertex 177.042 5.6323 31.7246
      vertex 174.568 5.6323 31.7246
    endloop
  endfacet
  facet normal 0 -0.978139 0.207951
    outer loop
      vertex 177.042 5.6323 31.7246
      vertex 175.264 5.54354 31.3071
      vertex 176.346 5.54354 31.3071
    endloop
  endfacet
  facet normal -0.383353 0.192017 0.903421
    outer loop
      vertex 176.599 -0.303496 32.6573
      vertex 176.599 5.56539 31.4099
      vertex 176.382 -0.322224 32.5692
    endloop
  endfacet
  facet normal -0.759299 0.135352 0.63651
    outer loop
      vertex 177.195 -0.199372 33.1472
      vertex 177.221 5.67571 31.9289
      vertex 177.042 5.6323 31.7246
    endloop
  endfacet
  facet normal -0.754076 0.136557 0.642434
    outer loop
      vertex 177.221 5.67571 31.9289
      vertex 177.195 -0.199372 33.1472
      vertex 177.221 -0.19317 33.1764
    endloop
  endfacet
  facet normal -0.000148418 -0.978162 0.207842
    outer loop
      vertex 177.533 5.9465 33.2028
      vertex 177.469 6.00201 33.464
      vertex 177.042 6.14686 34.1454
    endloop
  endfacet
  facet normal -0.000224982 -0.978172 0.207796
    outer loop
      vertex 177.469 6.00201 33.464
      vertex 177.364 6.05476 33.7122
      vertex 177.042 6.14686 34.1454
    endloop
  endfacet
  facet normal -7.10572e-07 -0.978148 0.207911
    outer loop
      vertex 177.364 5.7244 32.1579
      vertex 177.533 5.9465 33.2028
      vertex 176.346 6.23562 34.563
    endloop
  endfacet
  facet normal -0.000383992 -0.978128 0.208005
    outer loop
      vertex 177.469 5.77714 32.4061
      vertex 177.555 5.88958 32.935
      vertex 177.364 5.7244 32.1579
    endloop
  endfacet
  facet normal -0.8534 0.108319 0.509878
    outer loop
      vertex 177.344 -0.151444 33.3727
      vertex 177.364 5.7244 32.1579
      vertex 177.221 5.67571 31.9289
    endloop
  endfacet
  facet normal -0.858157 0.106741 0.502167
    outer loop
      vertex 177.364 5.7244 32.1579
      vertex 177.344 -0.151444 33.3727
      vertex 177.364 -0.14449 33.4054
    endloop
  endfacet
  facet normal 1.3216e-05 -0.978159 0.207857
    outer loop
      vertex 176.346 6.23562 34.563
      vertex 176.079 6.24894 34.6257
      vertex 175.805 6.25342 34.6468
    endloop
  endfacet
  facet normal 0 -0.978148 0.207912
    outer loop
      vertex 174.246 5.7244 32.1579
      vertex 176.346 6.23562 34.563
      vertex 175.264 6.23562 34.563
    endloop
  endfacet
  facet normal 0 -0.978148 0.207912
    outer loop
      vertex 176.346 6.23562 34.563
      vertex 174.246 5.7244 32.1579
      vertex 177.364 5.7244 32.1579
    endloop
  endfacet
  facet normal -0.0784118 -0.20728 -0.975134
    outer loop
      vertex 175.805 0.384538 35.8943
      vertex 176.079 6.24894 34.6257
      vertex 175.844 0.383898 35.8913
    endloop
  endfacet
  facet normal -0.0784811 -0.207275 -0.97513
    outer loop
      vertex 176.079 6.24894 34.6257
      vertex 175.805 0.384538 35.8943
      vertex 175.805 6.25342 34.6468
    endloop
  endfacet
  facet normal 0.852603 0.108649 0.51114
    outer loop
      vertex 174.389 -0.19317 33.1764
      vertex 174.389 5.67571 31.9289
      vertex 174.266 -0.151444 33.3727
    endloop
  endfacet
  facet normal 8.35945e-05 -0.978107 0.208101
    outer loop
      vertex 175.011 5.56539 31.4099
      vertex 175.264 5.54354 31.3071
      vertex 174.776 5.59522 31.5502
    endloop
  endfacet
  facet normal -3.8297e-05 -0.978149 0.207905
    outer loop
      vertex 174.246 5.7244 32.1579
      vertex 174.077 5.9465 33.2028
      vertex 174.055 5.88958 32.935
    endloop
  endfacet
  facet normal 0.521624 -0.177389 -0.834531
    outer loop
      vertex 174.776 6.18394 34.3199
      vertex 174.977 0.340619 35.6876
      vertex 174.776 0.315049 35.5674
    endloop
  endfacet
  facet normal -0.383619 0.192005 0.903311
    outer loop
      vertex 176.346 5.54354 31.3071
      vertex 176.382 -0.322224 32.5692
      vertex 176.599 5.56539 31.4099
    endloop
  endfacet
  facet normal -0.385219 0.191856 0.902661
    outer loop
      vertex 176.382 -0.322224 32.5692
      vertex 176.346 5.54354 31.3071
      vertex 176.346 -0.325345 32.5545
    endloop
  endfacet
  facet normal -0.520987 0.17747 0.834911
    outer loop
      vertex 176.599 5.56539 31.4099
      vertex 176.834 -0.273665 32.7977
      vertex 176.834 5.59522 31.5502
    endloop
  endfacet
  facet normal -0.517208 0.178146 0.837114
    outer loop
      vertex 176.834 -0.273665 32.7977
      vertex 176.599 5.56539 31.4099
      vertex 176.8 -0.277926 32.7776
    endloop
  endfacet
  facet normal -0.760174 0.135087 0.635521
    outer loop
      vertex 177.195 -0.199372 33.1472
      vertex 177.042 5.6323 31.7246
      vertex 177.042 -0.236585 32.9721
    endloop
  endfacet
  facet normal -0.996737 -0.016782 -0.0789511
    outer loop
      vertex 177.533 5.9465 33.2028
      vertex 177.552 0.0288236 34.2208
      vertex 177.533 0.0776102 34.4503
    endloop
  endfacet
  facet normal -0.996787 -0.0166774 -0.0783422
    outer loop
      vertex 177.555 5.88958 32.935
      vertex 177.552 0.0288236 34.2208
      vertex 177.533 5.9465 33.2028
    endloop
  endfacet
  facet normal -0.997077 -0.0158843 -0.0747278
    outer loop
      vertex 177.552 0.0288236 34.2208
      vertex 177.555 5.88958 32.935
      vertex 177.555 0.0206924 34.1825
    endloop
  endfacet
  facet normal -0.759152 -0.135275 -0.636702
    outer loop
      vertex 177.221 6.10344 33.9412
      vertex 177.195 0.240757 35.2178
      vertex 177.042 6.14686 34.1454
    endloop
  endfacet
  facet normal -0.753008 -0.136812 -0.643632
    outer loop
      vertex 177.195 0.240757 35.2178
      vertex 177.221 6.10344 33.9412
      vertex 177.221 0.234555 35.1887
    endloop
  endfacet
  facet normal -0.924013 -0.0794929 -0.374005
    outer loop
      vertex 177.469 6.00201 33.464
      vertex 177.364 0.185875 34.9596
      vertex 177.364 6.05476 33.7122
    endloop
  endfacet
  facet normal -0.923961 -0.0795253 -0.374128
    outer loop
      vertex 177.364 0.185875 34.9596
      vertex 177.469 6.00201 33.464
      vertex 177.469 0.133127 34.7115
    endloop
  endfacet
  facet normal 7.10572e-07 -0.978148 0.207911
    outer loop
      vertex 174.246 5.7244 32.1579
      vertex 175.264 6.23562 34.563
      vertex 174.077 5.9465 33.2028
    endloop
  endfacet
  facet normal 0 -0.978177 0.207775
    outer loop
      vertex 176.346 6.23562 34.563
      vertex 175.805 6.25342 34.6468
      vertex 175.264 6.23562 34.563
    endloop
  endfacet
  facet normal -9.93544e-05 -0.978136 0.207965
    outer loop
      vertex 174.776 6.18394 34.3199
      vertex 174.568 6.14686 34.1454
      vertex 174.077 5.9465 33.2028
    endloop
  endfacet
  facet normal -0.235288 -0.201994 -0.950704
    outer loop
      vertex 176.079 0.380058 35.8732
      vertex 176.346 6.23562 34.563
      vertex 176.117 0.378154 35.8642
    endloop
  endfacet
  facet normal -0.233439 -0.202172 -0.951122
    outer loop
      vertex 176.346 6.23562 34.563
      vertex 176.079 0.380058 35.8732
      vertex 176.079 6.24894 34.6257
    endloop
  endfacet
  facet normal -0.0784926 -0.207275 -0.975129
    outer loop
      vertex 176.079 6.24894 34.6257
      vertex 176.079 0.380058 35.8732
      vertex 175.844 0.383898 35.8913
    endloop
  endfacet
  facet normal 0.517212 -0.178145 -0.837112
    outer loop
      vertex 174.776 6.18394 34.3199
      vertex 175.011 0.344881 35.7077
      vertex 174.977 0.340619 35.6876
    endloop
  endfacet
  facet normal 0.520987 -0.17747 -0.834911
    outer loop
      vertex 175.011 0.344881 35.7077
      vertex 174.776 6.18394 34.3199
      vertex 175.011 6.21377 34.4602
    endloop
  endfacet
  facet normal 0.235288 -0.201994 -0.950704
    outer loop
      vertex 175.264 6.23562 34.563
      vertex 175.531 0.380058 35.8732
      vertex 175.493 0.378154 35.8642
    endloop
  endfacet
  facet normal 0.233439 -0.202172 -0.951122
    outer loop
      vertex 175.531 0.380058 35.8732
      vertex 175.264 6.23562 34.563
      vertex 175.531 6.24894 34.6257
    endloop
  endfacet
  facet normal 0.923987 0.0795061 0.374068
    outer loop
      vertex 174.231 -0.136954 33.4408
      vertex 174.141 5.77714 32.4061
      vertex 174.141 -0.0917419 33.6535
    endloop
  endfacet
  facet normal 0.385219 0.191856 0.902661
    outer loop
      vertex 175.264 5.54354 31.3071
      vertex 175.228 -0.322224 32.5692
      vertex 175.264 -0.325345 32.5545
    endloop
  endfacet
  facet normal 0.383619 0.192005 0.903311
    outer loop
      vertex 175.228 -0.322224 32.5692
      vertex 175.264 5.54354 31.3071
      vertex 175.011 5.56539 31.4099
    endloop
  endfacet
  facet normal 0.0784811 0.207259 0.975133
    outer loop
      vertex 175.531 -0.338673 32.4918
      vertex 175.805 5.52573 31.2233
      vertex 175.531 5.53021 31.2444
    endloop
  endfacet
  facet normal 0.0781274 0.207281 0.975157
    outer loop
      vertex 175.805 5.52573 31.2233
      vertex 175.531 -0.338673 32.4918
      vertex 175.805 -0.343153 32.4708
    endloop
  endfacet
  facet normal 0.754076 0.136557 0.642434
    outer loop
      vertex 174.415 -0.199372 33.1472
      vertex 174.389 5.67571 31.9289
      vertex 174.389 -0.19317 33.1764
    endloop
  endfacet
  facet normal 0.759299 0.135352 0.63651
    outer loop
      vertex 174.389 5.67571 31.9289
      vertex 174.415 -0.199372 33.1472
      vertex 174.568 5.6323 31.7246
    endloop
  endfacet
  facet normal 0.649351 0.158118 0.74387
    outer loop
      vertex 174.747 -0.268367 32.8226
      vertex 174.568 5.6323 31.7246
      vertex 174.568 -0.236585 32.9721
    endloop
  endfacet
  facet normal 3.27341e-05 -0.978128 0.208003
    outer loop
      vertex 174.776 5.59522 31.5502
      vertex 175.264 5.54354 31.3071
      vertex 174.568 5.6323 31.7246
    endloop
  endfacet
  facet normal 0.649591 -0.158075 -0.743669
    outer loop
      vertex 174.776 6.18394 34.3199
      vertex 174.776 0.315049 35.5674
      vertex 174.597 0.283267 35.4178
    endloop
  endfacet
  facet normal 0.924012 0.079496 0.374008
    outer loop
      vertex 174.231 -0.136954 33.4408
      vertex 174.246 5.7244 32.1579
      vertex 174.141 5.77714 32.4061
    endloop
  endfacet
  facet normal 0.923805 0.0796036 0.374497
    outer loop
      vertex 174.246 5.7244 32.1579
      vertex 174.231 -0.136954 33.4408
      vertex 174.246 -0.14449 33.4054
    endloop
  endfacet
  facet normal 0.99707 0.015904 0.0748207
    outer loop
      vertex 174.073 -0.0280945 33.953
      vertex 174.055 5.88958 32.935
      vertex 174.055 0.0206924 34.1825
    endloop
  endfacet
  facet normal 0.972326 0.0485717 0.228524
    outer loop
      vertex 174.141 -0.0917419 33.6535
      vertex 174.141 5.77714 32.4061
      vertex 174.086 -0.0441565 33.8774
    endloop
  endfacet
  facet normal -0.649351 0.158118 0.74387
    outer loop
      vertex 177.042 -0.236585 32.9721
      vertex 177.042 5.6323 31.7246
      vertex 176.863 -0.268367 32.8226
    endloop
  endfacet
  facet normal -0.924012 0.079496 0.374008
    outer loop
      vertex 177.364 5.7244 32.1579
      vertex 177.379 -0.136954 33.4408
      vertex 177.469 5.77714 32.4061
    endloop
  endfacet
  facet normal -0.923805 0.0796036 0.374497
    outer loop
      vertex 177.379 -0.136954 33.4408
      vertex 177.364 5.7244 32.1579
      vertex 177.364 -0.14449 33.4054
    endloop
  endfacet
  facet normal 9.93544e-05 -0.978136 0.207965
    outer loop
      vertex 177.533 5.9465 33.2028
      vertex 177.042 6.14686 34.1454
      vertex 176.834 6.18394 34.3199
    endloop
  endfacet
  facet normal -2.62358e-05 -0.978152 0.20789
    outer loop
      vertex 177.533 5.9465 33.2028
      vertex 176.834 6.18394 34.3199
      vertex 176.346 6.23562 34.563
    endloop
  endfacet
  facet normal -0.000225992 -0.978172 0.207795
    outer loop
      vertex 177.364 6.05476 33.7122
      vertex 177.221 6.10344 33.9412
      vertex 177.042 6.14686 34.1454
    endloop
  endfacet
  facet normal -0.853398 -0.108312 -0.509883
    outer loop
      vertex 177.241 0.227601 35.1559
      vertex 177.221 6.10344 33.9412
      vertex 177.364 6.05476 33.7122
    endloop
  endfacet
  facet normal -0.858817 -0.106512 -0.501087
    outer loop
      vertex 177.221 6.10344 33.9412
      vertex 177.241 0.227601 35.1559
      vertex 177.221 0.234555 35.1887
    endloop
  endfacet
  facet normal -0.233139 -0.202187 -0.951192
    outer loop
      vertex 176.346 6.23562 34.563
      vertex 176.346 0.36673 35.8105
      vertex 176.117 0.378154 35.8642
    endloop
  endfacet
  facet normal 0.760174 -0.135087 -0.635521
    outer loop
      vertex 174.568 6.14686 34.1454
      vertex 174.568 0.27797 35.3929
      vertex 174.415 0.240757 35.2178
    endloop
  endfacet
  facet normal 0.97246 -0.0484591 -0.227977
    outer loop
      vertex 174.141 0.133127 34.7115
      vertex 174.077 5.9465 33.2028
      vertex 174.141 6.00201 33.464
    endloop
  endfacet
  facet normal 0.97246 -0.0484588 -0.227975
    outer loop
      vertex 174.077 5.9465 33.2028
      vertex 174.141 0.133127 34.7115
      vertex 174.077 0.0776102 34.4503
    endloop
  endfacet
  facet normal 0.858817 -0.106512 -0.501087
    outer loop
      vertex 174.369 0.227601 35.1559
      vertex 174.389 6.10344 33.9412
      vertex 174.389 0.234555 35.1887
    endloop
  endfacet
  facet normal 0.853398 -0.108312 -0.509883
    outer loop
      vertex 174.389 6.10344 33.9412
      vertex 174.369 0.227601 35.1559
      vertex 174.246 6.05476 33.7122
    endloop
  endfacet
  facet normal 0.996737 -0.016782 -0.0789511
    outer loop
      vertex 174.077 5.9465 33.2028
      vertex 174.077 0.0776102 34.4503
      vertex 174.058 0.0288236 34.2208
    endloop
  endfacet
  facet normal 0.233139 -0.202187 -0.951192
    outer loop
      vertex 175.264 6.23562 34.563
      vertex 175.493 0.378154 35.8642
      vertex 175.264 0.36673 35.8105
    endloop
  endfacet
  facet normal 0.383353 -0.192032 -0.903418
    outer loop
      vertex 175.264 6.23562 34.563
      vertex 175.264 0.36673 35.8105
      vertex 175.047 0.348002 35.7224
    endloop
  endfacet
  facet normal -1.3216e-05 -0.978159 0.207857
    outer loop
      vertex 175.805 6.25342 34.6468
      vertex 175.531 6.24894 34.6257
      vertex 175.264 6.23562 34.563
    endloop
  endfacet
  facet normal 0.0784118 -0.207276 -0.975135
    outer loop
      vertex 175.766 0.383898 35.8913
      vertex 175.805 6.25342 34.6468
      vertex 175.805 0.384538 35.8943
    endloop
  endfacet
  facet normal 0.0784811 -0.207276 -0.975129
    outer loop
      vertex 175.805 6.25342 34.6468
      vertex 175.766 0.383898 35.8913
      vertex 175.531 6.24894 34.6257
    endloop
  endfacet
  facet normal 0.385219 -0.19187 -0.902658
    outer loop
      vertex 175.011 6.21377 34.4602
      vertex 175.047 0.348002 35.7224
      vertex 175.011 0.344881 35.7077
    endloop
  endfacet
  facet normal 0.383619 -0.19202 -0.903308
    outer loop
      vertex 175.047 0.348002 35.7224
      vertex 175.011 6.21377 34.4602
      vertex 175.264 6.23562 34.563
    endloop
  endfacet
  facet normal -8.35945e-05 -0.978107 0.208101
    outer loop
      vertex 175.264 6.23562 34.563
      vertex 175.011 6.21377 34.4602
      vertex 174.776 6.18394 34.3199
    endloop
  endfacet
  facet normal 0 -0.978153 0.207887
    outer loop
      vertex 175.805 5.52573 31.2233
      vertex 176.346 5.54354 31.3071
      vertex 175.264 5.54354 31.3071
    endloop
  endfacet
  facet normal 3.10899e-05 -0.978112 0.208079
    outer loop
      vertex 175.531 5.53021 31.2444
      vertex 175.805 5.52573 31.2233
      vertex 175.264 5.54354 31.3071
    endloop
  endfacet
  facet normal -0.0784811 0.207259 0.975133
    outer loop
      vertex 175.805 5.52573 31.2233
      vertex 176.079 -0.338673 32.4918
      vertex 176.079 5.53021 31.2444
    endloop
  endfacet
  facet normal -0.0781274 0.207281 0.975157
    outer loop
      vertex 176.079 -0.338673 32.4918
      vertex 175.805 5.52573 31.2233
      vertex 175.805 -0.343153 32.4708
    endloop
  endfacet
  facet normal -3.10899e-05 -0.978112 0.208079
    outer loop
      vertex 176.079 5.53021 31.2444
      vertex 176.346 5.54354 31.3071
      vertex 175.805 5.52573 31.2233
    endloop
  endfacet
  facet normal 0.520987 0.17747 0.834911
    outer loop
      vertex 174.776 -0.273665 32.7977
      vertex 175.011 5.56539 31.4099
      vertex 174.776 5.59522 31.5502
    endloop
  endfacet
  facet normal 0.517208 0.178146 0.837114
    outer loop
      vertex 175.011 5.56539 31.4099
      vertex 174.776 -0.273665 32.7977
      vertex 174.81 -0.277926 32.7776
    endloop
  endfacet
  facet normal 0.659713 0.156253 0.735094
    outer loop
      vertex 174.776 5.59522 31.5502
      vertex 174.747 -0.268367 32.8226
      vertex 174.776 -0.273665 32.7977
    endloop
  endfacet
  facet normal 0.650818 0.157931 0.742626
    outer loop
      vertex 174.747 -0.268367 32.8226
      vertex 174.776 5.59522 31.5502
      vertex 174.568 5.6323 31.7246
    endloop
  endfacet
  facet normal 0.521926 0.177337 0.834353
    outer loop
      vertex 175.011 -0.303496 32.6573
      vertex 175.011 5.56539 31.4099
      vertex 174.81 -0.277926 32.7776
    endloop
  endfacet
  facet normal 0.383353 0.192017 0.903421
    outer loop
      vertex 175.228 -0.322224 32.5692
      vertex 175.011 5.56539 31.4099
      vertex 175.011 -0.303496 32.6573
    endloop
  endfacet
  facet normal 0.996785 0.0165197 0.0784048
    outer loop
      vertex 174.073 -0.0280945 33.953
      vertex 174.077 5.83266 32.6673
      vertex 174.055 5.88958 32.935
    endloop
  endfacet
  facet normal 0.994822 0.0211295 0.0994121
    outer loop
      vertex 174.077 5.83266 32.6673
      vertex 174.073 -0.0280945 33.953
      vertex 174.077 -0.0362256 33.9147
    endloop
  endfacet
  facet normal 0.973261 0.0477548 0.224681
    outer loop
      vertex 174.086 -0.0441565 33.8774
      vertex 174.077 5.83266 32.6673
      vertex 174.077 -0.0362256 33.9147
    endloop
  endfacet
  facet normal 0.97246 0.0484329 0.22798
    outer loop
      vertex 174.077 5.83266 32.6673
      vertex 174.086 -0.0441565 33.8774
      vertex 174.141 5.77714 32.4061
    endloop
  endfacet
  facet normal 0.760174 0.135087 0.635521
    outer loop
      vertex 174.568 -0.236585 32.9721
      vertex 174.568 5.6323 31.7246
      vertex 174.415 -0.199372 33.1472
    endloop
  endfacet
  facet normal -0.521926 0.177337 0.834353
    outer loop
      vertex 176.8 -0.277926 32.7776
      vertex 176.599 5.56539 31.4099
      vertex 176.599 -0.303496 32.6573
    endloop
  endfacet
  facet normal -8.35945e-05 -0.978107 0.208101
    outer loop
      vertex 176.599 5.56539 31.4099
      vertex 176.834 5.59522 31.5502
      vertex 176.346 5.54354 31.3071
    endloop
  endfacet
  facet normal -3.27341e-05 -0.978128 0.208003
    outer loop
      vertex 176.834 5.59522 31.5502
      vertex 177.042 5.6323 31.7246
      vertex 176.346 5.54354 31.3071
    endloop
  endfacet
  facet normal -0.923987 0.0795061 0.374068
    outer loop
      vertex 177.469 -0.0917419 33.6535
      vertex 177.469 5.77714 32.4061
      vertex 177.379 -0.136954 33.4408
    endloop
  endfacet
  facet normal -0.972326 0.0485717 0.228524
    outer loop
      vertex 177.524 -0.0441565 33.8774
      vertex 177.469 5.77714 32.4061
      vertex 177.469 -0.0917419 33.6535
    endloop
  endfacet
  facet normal -0.517212 -0.178145 -0.837112
    outer loop
      vertex 176.599 0.344881 35.7077
      vertex 176.834 6.18394 34.3199
      vertex 176.633 0.340619 35.6876
    endloop
  endfacet
  facet normal -0.520987 -0.17747 -0.834911
    outer loop
      vertex 176.834 6.18394 34.3199
      vertex 176.599 0.344881 35.7077
      vertex 176.599 6.21377 34.4602
    endloop
  endfacet
  facet normal 8.35945e-05 -0.978107 0.208101
    outer loop
      vertex 176.834 6.18394 34.3199
      vertex 176.599 6.21377 34.4602
      vertex 176.346 6.23562 34.563
    endloop
  endfacet
  facet normal -0.649591 -0.158075 -0.743669
    outer loop
      vertex 176.834 6.18394 34.3199
      vertex 177.013 0.283267 35.4178
      vertex 176.834 0.315049 35.5674
    endloop
  endfacet
  facet normal -0.521624 -0.177389 -0.834531
    outer loop
      vertex 176.834 6.18394 34.3199
      vertex 176.834 0.315049 35.5674
      vertex 176.633 0.340619 35.6876
    endloop
  endfacet
  facet normal -0.65971 -0.156253 -0.735097
    outer loop
      vertex 177.013 0.283267 35.4178
      vertex 177.042 6.14686 34.1454
      vertex 177.042 0.27797 35.3929
    endloop
  endfacet
  facet normal -0.651024 -0.157893 -0.742454
    outer loop
      vertex 177.042 6.14686 34.1454
      vertex 177.013 0.283267 35.4178
      vertex 176.834 6.18394 34.3199
    endloop
  endfacet
  facet normal -0.760174 -0.135087 -0.635521
    outer loop
      vertex 177.042 6.14686 34.1454
      vertex 177.195 0.240757 35.2178
      vertex 177.042 0.27797 35.3929
    endloop
  endfacet
  facet normal 0.759152 -0.135275 -0.636702
    outer loop
      vertex 174.415 0.240757 35.2178
      vertex 174.389 6.10344 33.9412
      vertex 174.568 6.14686 34.1454
    endloop
  endfacet
  facet normal 0.753008 -0.136812 -0.643632
    outer loop
      vertex 174.389 6.10344 33.9412
      vertex 174.415 0.240757 35.2178
      vertex 174.389 0.234555 35.1887
    endloop
  endfacet
  facet normal 0.65971 -0.156253 -0.735097
    outer loop
      vertex 174.568 6.14686 34.1454
      vertex 174.597 0.283267 35.4178
      vertex 174.568 0.27797 35.3929
    endloop
  endfacet
  facet normal 0.651024 -0.157893 -0.742454
    outer loop
      vertex 174.597 0.283267 35.4178
      vertex 174.568 6.14686 34.1454
      vertex 174.776 6.18394 34.3199
    endloop
  endfacet
  facet normal 0.852603 -0.10864 -0.511141
    outer loop
      vertex 174.246 6.05476 33.7122
      vertex 174.369 0.227601 35.1559
      vertex 174.246 0.185875 34.9596
    endloop
  endfacet
  facet normal -0.233532 0.202152 0.951103
    outer loop
      vertex 176.308 -0.327249 32.5456
      vertex 176.079 5.53021 31.2444
      vertex 176.079 -0.338673 32.4918
    endloop
  endfacet
  facet normal 0.000412335 -0.978127 0.208009
    outer loop
      vertex 174.077 5.83266 32.6673
      vertex 174.141 5.77714 32.4061
      vertex 174.055 5.88958 32.935
    endloop
  endfacet
  facet normal 0.000383992 -0.978128 0.208005
    outer loop
      vertex 174.141 5.77714 32.4061
      vertex 174.246 5.7244 32.1579
      vertex 174.055 5.88958 32.935
    endloop
  endfacet
  facet normal 0.000225992 -0.978172 0.207795
    outer loop
      vertex 174.568 6.14686 34.1454
      vertex 174.389 6.10344 33.9412
      vertex 174.246 6.05476 33.7122
    endloop
  endfacet
  facet normal 0.924013 -0.0794929 -0.374005
    outer loop
      vertex 174.246 0.185875 34.9596
      vertex 174.141 6.00201 33.464
      vertex 174.246 6.05476 33.7122
    endloop
  endfacet
  facet normal 0.923961 -0.0795253 -0.374128
    outer loop
      vertex 174.141 6.00201 33.464
      vertex 174.246 0.185875 34.9596
      vertex 174.141 0.133127 34.7115
    endloop
  endfacet
  facet normal 0.000224982 -0.978172 0.207796
    outer loop
      vertex 174.568 6.14686 34.1454
      vertex 174.246 6.05476 33.7122
      vertex 174.141 6.00201 33.464
    endloop
  endfacet
  facet normal 0.000148418 -0.978162 0.207842
    outer loop
      vertex 174.568 6.14686 34.1454
      vertex 174.141 6.00201 33.464
      vertex 174.077 5.9465 33.2028
    endloop
  endfacet
  facet normal -0 0 1
    outer loop
      vertex 172.305 4.54045 36.8
      vertex 191.9 1.04468 36.8
      vertex 191.9 4.54045 36.8
    endloop
  endfacet
  facet normal 0 0 1
    outer loop
      vertex 191.9 1.04468 36.8
      vertex 172.305 4.54045 36.8
      vertex 172.305 1.04468 36.8
    endloop
  endfacet
  facet normal 0 1 -0
    outer loop
      vertex 191.9 1.04468 36.8
      vertex 172.305 1.04468 37.543
      vertex 191.9 1.04468 37.543
    endloop
  endfacet
  facet normal 0 1 0
    outer loop
      vertex 172.305 1.04468 37.543
      vertex 191.9 1.04468 36.8
      vertex 172.305 1.04468 36.8
    endloop
  endfacet
  facet normal 0 0.978148 -0.207912
    outer loop
      vertex 191.9 0.672919 -1.22687
      vertex 172.305 2.1283 5.62016
      vertex 191.9 2.1283 5.62016
    endloop
  endfacet
  facet normal 0 0.978148 -0.207912
    outer loop
      vertex 172.305 2.1283 5.62016
      vertex 191.9 0.672919 -1.22687
      vertex 172.305 0.672919 -1.22687
    endloop
  endfacet
  facet normal 0 -0.207911 -0.978148
    outer loop
      vertex 172.305 -7.15226 0.436419
      vertex 191.9 0.672919 -1.22687
      vertex 191.9 -7.15226 0.436419
    endloop
  endfacet
  facet normal -0 -0.207911 -0.978148
    outer loop
      vertex 191.9 0.672919 -1.22687
      vertex 172.305 -7.15226 0.436419
      vertex 172.305 0.672919 -1.22687
    endloop
  endfacet
  facet normal -6.37456e-06 -0.978151 0.207896
    outer loop
      vertex 176.079 -6.0652 5.55062
      vertex 172.305 -5.69688 7.28345
      vertex 175.805 -6.06072 5.57169
    endloop
  endfacet
  facet normal 4.64233e-06 -0.978146 0.207918
    outer loop
      vertex 172.305 -5.69688 7.28345
      vertex 175.531 -6.0652 5.55062
      vertex 175.805 -6.06072 5.57169
    endloop
  endfacet
  facet normal 7.2962e-06 -0.978145 0.207922
    outer loop
      vertex 172.305 -5.69688 7.28345
      vertex 175.264 -6.07853 5.48792
      vertex 175.531 -6.0652 5.55062
    endloop
  endfacet
  facet normal -1.66302e-06 -0.978148 0.207908
    outer loop
      vertex 172.305 -5.69688 7.28345
      vertex 175.011 -6.10038 5.38512
      vertex 175.264 -6.07853 5.48792
    endloop
  endfacet
  facet normal 4.54178e-06 -0.978147 0.207917
    outer loop
      vertex 172.305 -5.69688 7.28345
      vertex 174.81 -6.12595 5.26483
      vertex 175.011 -6.10038 5.38512
    endloop
  endfacet
  facet normal -2.90694e-05 -0.978155 0.207877
    outer loop
      vertex 172.305 -5.69688 7.28345
      vertex 174.776 -6.13021 5.24478
      vertex 174.81 -6.12595 5.26483
    endloop
  endfacet
  facet normal -9.19307e-06 -0.97815 0.2079
    outer loop
      vertex 172.305 -5.69688 7.28345
      vertex 174.597 -6.16199 5.09525
      vertex 174.776 -6.13021 5.24478
    endloop
  endfacet
  facet normal 5.61274e-05 -0.978136 0.207965
    outer loop
      vertex 172.305 -5.69688 7.28345
      vertex 174.568 -6.16729 5.07033
      vertex 174.597 -6.16199 5.09525
    endloop
  endfacet
  facet normal -4.13171e-05 -0.978156 0.20787
    outer loop
      vertex 172.305 -5.69688 7.28345
      vertex 174.542 -6.17349 5.04115
      vertex 174.568 -6.16729 5.07033
    endloop
  endfacet
  facet normal 2.43547e-05 -0.978143 0.207933
    outer loop
      vertex 172.305 -5.69688 7.28345
      vertex 174.389 -6.21071 4.86608
      vertex 174.542 -6.17349 5.04115
    endloop
  endfacet
  facet normal -9.90127e-05 -0.978165 0.207831
    outer loop
      vertex 172.305 -5.69688 7.28345
      vertex 174.369 -6.21766 4.83336
      vertex 174.389 -6.21071 4.86608
    endloop
  endfacet
  facet normal 1.8194e-05 -0.978145 0.207925
    outer loop
      vertex 172.305 -5.69688 7.28345
      vertex 174.246 -6.25939 4.63706
      vertex 174.369 -6.21766 4.83336
    endloop
  endfacet
  facet normal -1.23352e-05 -0.978149 0.207904
    outer loop
      vertex 172.305 -5.69688 7.28345
      vertex 174.156 -6.3046 4.42435
      vertex 174.246 -6.25939 4.63706
    endloop
  endfacet
  facet normal -0.000132078 -0.978165 0.20783
    outer loop
      vertex 172.305 -5.69688 7.28345
      vertex 174.141 -6.31213 4.3889
      vertex 174.156 -6.3046 4.42435
    endloop
  endfacet
  facet normal 0.00028706 -0.978111 0.208084
    outer loop
      vertex 172.305 -5.69688 7.28345
      vertex 174.132 -6.32007 4.35159
      vertex 174.141 -6.31213 4.3889
    endloop
  endfacet
  facet normal -3.75261e-05 -0.978152 0.207891
    outer loop
      vertex 172.305 -5.69688 7.28345
      vertex 174.077 -6.36765 4.12771
      vertex 174.132 -6.32007 4.35159
    endloop
  endfacet
  facet normal 2.81373e-05 -0.978145 0.207926
    outer loop
      vertex 172.305 -5.69688 7.28345
      vertex 174.058 -6.41644 3.89819
      vertex 174.077 -6.36765 4.12771
    endloop
  endfacet
  facet normal -1.27476e-05 -0.978149 0.207906
    outer loop
      vertex 172.305 -5.69688 7.28345
      vertex 174.055 -6.42457 3.85994
      vertex 174.058 -6.41644 3.89819
    endloop
  endfacet
  facet normal -6.53436e-07 -0.978148 0.207912
    outer loop
      vertex 172.305 -7.15226 0.436419
      vertex 174.055 -6.42457 3.85994
      vertex 172.305 -5.69688 7.28345
    endloop
  endfacet
  facet normal -1.45759e-05 -0.978146 0.207918
    outer loop
      vertex 174.055 -6.42457 3.85994
      vertex 172.305 -7.15226 0.436419
      vertex 174.073 -6.47336 3.63041
    endloop
  endfacet
  facet normal 9.46701e-06 -0.978149 0.207906
    outer loop
      vertex 174.073 -6.47336 3.63041
      vertex 172.305 -7.15226 0.436419
      vertex 174.077 -6.48149 3.59216
    endloop
  endfacet
  facet normal 1.45154e-05 -0.978149 0.207903
    outer loop
      vertex 174.077 -6.48149 3.59216
      vertex 172.305 -7.15226 0.436419
      vertex 174.086 -6.48942 3.55485
    endloop
  endfacet
  facet normal 3.71748e-05 -0.978152 0.20789
    outer loop
      vertex 174.086 -6.48942 3.55485
      vertex 172.305 -7.15226 0.436419
      vertex 174.141 -6.537 3.33097
    endloop
  endfacet
  facet normal -3.87548e-05 -0.978142 0.207937
    outer loop
      vertex 174.141 -6.537 3.33097
      vertex 172.305 -7.15226 0.436419
      vertex 174.231 -6.58222 3.11827
    endloop
  endfacet
  facet normal 4.63455e-05 -0.978156 0.207874
    outer loop
      vertex 172.305 -7.15226 0.436419
      vertex 174.415 -6.64463 2.82461
      vertex 174.389 -6.63843 2.85379
    endloop
  endfacet
  facet normal 2.65781e-05 -0.978158 0.207862
    outer loop
      vertex 175.531 -6.78394 2.16925
      vertex 172.305 -7.15226 0.436419
      vertex 175.805 -6.78841 2.14818
    endloop
  endfacet
  facet normal -1.89759e-06 -0.978147 0.207913
    outer loop
      vertex 175.264 -6.77061 2.23196
      vertex 172.305 -7.15226 0.436419
      vertex 175.531 -6.78394 2.16925
    endloop
  endfacet
  facet normal -3.56906e-06 -0.978147 0.207915
    outer loop
      vertex 175.011 -6.74876 2.33475
      vertex 172.305 -7.15226 0.436419
      vertex 175.264 -6.77061 2.23196
    endloop
  endfacet
  facet normal -2.81055e-08 -0.978148 0.20791
    outer loop
      vertex 174.776 -6.71893 2.47509
      vertex 172.305 -7.15226 0.436419
      vertex 175.011 -6.74876 2.33475
    endloop
  endfacet
  facet normal -1.65239e-05 -0.978144 0.20793
    outer loop
      vertex 174.747 -6.71363 2.50002
      vertex 172.305 -7.15226 0.436419
      vertex 174.776 -6.71893 2.47509
    endloop
  endfacet
  facet normal 3.61932e-06 -0.978149 0.207907
    outer loop
      vertex 174.568 -6.68185 2.64954
      vertex 172.305 -7.15226 0.436419
      vertex 174.747 -6.71363 2.50002
    endloop
  endfacet
  facet normal -2.35419e-05 -0.978143 0.207933
    outer loop
      vertex 174.415 -6.64463 2.82461
      vertex 172.305 -7.15226 0.436419
      vertex 174.568 -6.68185 2.64954
    endloop
  endfacet
  facet normal 2.38834e-05 -0.978152 0.207893
    outer loop
      vertex 174.266 -6.59671 3.0501
      vertex 172.305 -7.15226 0.436419
      vertex 174.389 -6.63843 2.85379
    endloop
  endfacet
  facet normal -0.000161141 -0.978123 0.208026
    outer loop
      vertex 174.246 -6.58975 3.08281
      vertex 172.305 -7.15226 0.436419
      vertex 174.266 -6.59671 3.0501
    endloop
  endfacet
  facet normal 0.000173783 -0.978173 0.207791
    outer loop
      vertex 174.231 -6.58222 3.11827
      vertex 172.305 -7.15226 0.436419
      vertex 174.246 -6.58975 3.08281
    endloop
  endfacet
  facet normal -2.14637e-05 -0.978158 0.207865
    outer loop
      vertex 176.346 -6.07853 5.48792
      vertex 172.305 -5.69688 7.28345
      vertex 176.079 -6.0652 5.55062
    endloop
  endfacet
  facet normal 0 -0.978148 0.207911
    outer loop
      vertex 172.305 -5.69688 7.28345
      vertex 176.346 -6.07853 5.48792
      vertex 191.9 -5.69688 7.28345
    endloop
  endfacet
  facet normal 6.14314e-07 -0.978149 0.207906
    outer loop
      vertex 176.599 -6.10038 5.38512
      vertex 191.9 -5.69688 7.28345
      vertex 176.346 -6.07853 5.48792
    endloop
  endfacet
  facet normal -1.44517e-06 -0.978145 0.207922
    outer loop
      vertex 176.8 -6.12595 5.26483
      vertex 191.9 -5.69688 7.28345
      vertex 176.599 -6.10038 5.38512
    endloop
  endfacet
  facet normal 9.30337e-06 -0.978162 0.207845
    outer loop
      vertex 176.834 -6.13021 5.24478
      vertex 191.9 -5.69688 7.28345
      vertex 176.8 -6.12595 5.26483
    endloop
  endfacet
  facet normal 2.57913e-06 -0.978152 0.207892
    outer loop
      vertex 177.013 -6.16199 5.09525
      vertex 191.9 -5.69688 7.28345
      vertex 176.834 -6.13021 5.24478
    endloop
  endfacet
  facet normal -1.55774e-05 -0.978127 0.20801
    outer loop
      vertex 177.042 -6.16729 5.07033
      vertex 191.9 -5.69688 7.28345
      vertex 177.013 -6.16199 5.09525
    endloop
  endfacet
  facet normal 1.03967e-05 -0.978162 0.207844
    outer loop
      vertex 177.068 -6.17349 5.04115
      vertex 191.9 -5.69688 7.28345
      vertex 177.042 -6.16729 5.07033
    endloop
  endfacet
  facet normal -6.08679e-06 -0.97814 0.207948
    outer loop
      vertex 177.221 -6.21071 4.86608
      vertex 191.9 -5.69688 7.28345
      vertex 177.068 -6.17349 5.04115
    endloop
  endfacet
  facet normal 2.18269e-05 -0.978174 0.207786
    outer loop
      vertex 177.241 -6.21766 4.83336
      vertex 191.9 -5.69688 7.28345
      vertex 177.221 -6.21071 4.86608
    endloop
  endfacet
  facet normal -4.04365e-06 -0.978143 0.207934
    outer loop
      vertex 177.364 -6.25939 4.63706
      vertex 191.9 -5.69688 7.28345
      vertex 177.241 -6.21766 4.83336
    endloop
  endfacet
  facet normal 2.41156e-06 -0.97815 0.2079
    outer loop
      vertex 177.454 -6.3046 4.42435
      vertex 191.9 -5.69688 7.28345
      vertex 177.364 -6.25939 4.63706
    endloop
  endfacet
  facet normal 2.58222e-05 -0.978174 0.207787
    outer loop
      vertex 177.469 -6.31213 4.3889
      vertex 191.9 -5.69688 7.28345
      vertex 177.454 -6.3046 4.42435
    endloop
  endfacet
  facet normal -4.78382e-05 -0.978099 0.208138
    outer loop
      vertex 177.479 -6.32007 4.35159
      vertex 191.9 -5.69688 7.28345
      vertex 177.469 -6.31213 4.3889
    endloop
  endfacet
  facet normal 6.3186e-06 -0.978154 0.207883
    outer loop
      vertex 177.533 -6.36765 4.12771
      vertex 191.9 -5.69688 7.28345
      vertex 177.479 -6.32007 4.35159
    endloop
  endfacet
  facet normal -3.91092e-06 -0.978144 0.207928
    outer loop
      vertex 177.552 -6.41644 3.89819
      vertex 191.9 -5.69688 7.28345
      vertex 177.533 -6.36765 4.12771
    endloop
  endfacet
  facet normal 1.76077e-06 -0.978149 0.207905
    outer loop
      vertex 177.555 -6.42457 3.85994
      vertex 191.9 -5.69688 7.28345
      vertex 177.552 -6.41644 3.89819
    endloop
  endfacet
  facet normal 2.01328e-06 -0.978146 0.207919
    outer loop
      vertex 191.9 -7.15226 0.436419
      vertex 177.555 -6.42457 3.85994
      vertex 177.537 -6.47336 3.63041
    endloop
  endfacet
  facet normal -1.354e-06 -0.978149 0.207905
    outer loop
      vertex 191.9 -7.15226 0.436419
      vertex 177.537 -6.47336 3.63041
      vertex 177.533 -6.48149 3.59216
    endloop
  endfacet
  facet normal -2.43062e-06 -0.97815 0.2079
    outer loop
      vertex 191.9 -7.15226 0.436419
      vertex 177.533 -6.48149 3.59216
      vertex 177.524 -6.48942 3.55485
    endloop
  endfacet
  facet normal -6.2533e-06 -0.978154 0.207883
    outer loop
      vertex 191.9 -7.15226 0.436419
      vertex 177.524 -6.48942 3.55485
      vertex 177.469 -6.537 3.33097
    endloop
  endfacet
  facet normal 7.57672e-06 -0.97814 0.207949
    outer loop
      vertex 191.9 -7.15226 0.436419
      vertex 177.469 -6.537 3.33097
      vertex 177.379 -6.58222 3.11827
    endloop
  endfacet
  facet normal -3.39729e-05 -0.978185 0.207734
    outer loop
      vertex 191.9 -7.15226 0.436419
      vertex 177.379 -6.58222 3.11827
      vertex 177.364 -6.58975 3.08281
    endloop
  endfacet
  facet normal 3.55022e-05 -0.978108 0.208099
    outer loop
      vertex 191.9 -7.15226 0.436419
      vertex 177.364 -6.58975 3.08281
      vertex 177.344 -6.59671 3.0501
    endloop
  endfacet
  facet normal -5.30749e-06 -0.978154 0.207882
    outer loop
      vertex 191.9 -7.15226 0.436419
      vertex 177.344 -6.59671 3.0501
      vertex 177.221 -6.63843 2.85379
    endloop
  endfacet
  facet normal -1.16682e-05 -0.978162 0.207845
    outer loop
      vertex 191.9 -7.15226 0.436419
      vertex 177.221 -6.63843 2.85379
      vertex 177.195 -6.64463 2.82461
    endloop
  endfacet
  facet normal 5.88419e-06 -0.97814 0.207948
    outer loop
      vertex 191.9 -7.15226 0.436419
      vertex 177.195 -6.64463 2.82461
      vertex 177.042 -6.68185 2.64954
    endloop
  endfacet
  facet normal -1.01555e-06 -0.978149 0.207904
    outer loop
      vertex 191.9 -7.15226 0.436419
      vertex 177.042 -6.68185 2.64954
      vertex 176.863 -6.71363 2.50002
    endloop
  endfacet
  facet normal 4.58878e-06 -0.978141 0.207943
    outer loop
      vertex 191.9 -7.15226 0.436419
      vertex 176.863 -6.71363 2.50002
      vertex 176.834 -6.71893 2.47509
    endloop
  endfacet
  facet normal 8.95003e-09 -0.978148 0.20791
    outer loop
      vertex 191.9 -7.15226 0.436419
      vertex 176.834 -6.71893 2.47509
      vertex 176.599 -6.74876 2.33475
    endloop
  endfacet
  facet normal 1.31845e-06 -0.978146 0.207921
    outer loop
      vertex 191.9 -7.15226 0.436419
      vertex 176.599 -6.74876 2.33475
      vertex 176.346 -6.77061 2.23196
    endloop
  endfacet
  facet normal -3.64942e-05 -0.978132 0.207985
    outer loop
      vertex 172.305 -7.15226 0.436419
      vertex 176.079 -6.78394 2.16925
      vertex 175.805 -6.78841 2.14818
    endloop
  endfacet
  facet normal 5.58342e-06 -0.978151 0.207898
    outer loop
      vertex 172.305 -7.15226 0.436419
      vertex 176.346 -6.77061 2.23196
      vertex 176.079 -6.78394 2.16925
    endloop
  endfacet
  facet normal 0 -0.978148 0.20791
    outer loop
      vertex 191.9 -7.15226 0.436419
      vertex 176.346 -6.77061 2.23196
      vertex 172.305 -7.15226 0.436419
    endloop
  endfacet
  facet normal 7.97151e-08 -0.978148 0.207912
    outer loop
      vertex 177.555 -6.42457 3.85994
      vertex 191.9 -7.15226 0.436419
      vertex 191.9 -5.69688 7.28345
    endloop
  endfacet
  facet normal -1 0 0
    outer loop
      vertex 172.305 0.672919 -1.22687
      vertex 172.305 -5.69688 7.28345
      vertex 172.305 2.1283 5.62016
    endloop
  endfacet
  facet normal -1 0 -0
    outer loop
      vertex 172.305 -5.69688 7.28345
      vertex 172.305 0.672919 -1.22687
      vertex 172.305 -7.15226 0.436419
    endloop
  endfacet
  facet normal -0 0.207911 0.978148
    outer loop
      vertex 172.305 2.1283 5.62016
      vertex 191.9 -5.69688 7.28345
      vertex 191.9 2.1283 5.62016
    endloop
  endfacet
  facet normal 0 0.207911 0.978148
    outer loop
      vertex 191.9 -5.69688 7.28345
      vertex 172.305 2.1283 5.62016
      vertex 172.305 -5.69688 7.28345
    endloop
  endfacet
  facet normal -0.996787 0.0165151 0.0783827
    outer loop
      vertex 177.533 -0.612601 2.34469
      vertex 177.537 -6.47336 3.63041
      vertex 177.555 -0.555684 2.61247
    endloop
  endfacet
  facet normal -0.994809 0.0211569 0.0995354
    outer loop
      vertex 177.537 -6.47336 3.63041
      vertex 177.533 -0.612601 2.34469
      vertex 177.533 -6.48149 3.59216
    endloop
  endfacet
  facet normal -0.997071 0.0159016 0.0748113
    outer loop
      vertex 177.555 -6.42457 3.85994
      vertex 177.555 -0.555684 2.61247
      vertex 177.537 -6.47336 3.63041
    endloop
  endfacet
  facet normal -0.972321 0.0485784 0.228543
    outer loop
      vertex 177.524 -6.48942 3.55485
      vertex 177.469 -0.668118 2.0835
      vertex 177.469 -6.537 3.33097
    endloop
  endfacet
  facet normal 0 -0.978148 0.207912
    outer loop
      vertex 174.246 -0.390501 3.38959
      vertex 176.079 -0.196318 4.30315
      vertex 175.531 -0.196318 4.30315
    endloop
  endfacet
  facet normal 0 -0.978148 0.207912
    outer loop
      vertex 176.079 -0.196318 4.30315
      vertex 174.246 -0.390501 3.38959
      vertex 177.364 -0.390501 3.38959
    endloop
  endfacet
  facet normal 0 -0.978148 0.207911
    outer loop
      vertex 174.077 -0.612601 2.34469
      vertex 177.364 -0.390501 3.38959
      vertex 174.246 -0.390501 3.38959
    endloop
  endfacet
  facet normal 0 -0.978148 0.207911
    outer loop
      vertex 177.364 -0.390501 3.38959
      vertex 174.077 -0.612601 2.34469
      vertex 177.533 -0.612601 2.34469
    endloop
  endfacet
  facet normal 0.973274 0.047746 0.224627
    outer loop
      vertex 174.086 -6.48942 3.55485
      vertex 174.077 -0.612601 2.34469
      vertex 174.077 -6.48149 3.59216
    endloop
  endfacet
  facet normal 0.972458 0.0484368 0.227988
    outer loop
      vertex 174.077 -0.612601 2.34469
      vertex 174.086 -6.48942 3.55485
      vertex 174.141 -0.668118 2.0835
    endloop
  endfacet
  facet normal 0 -0.978148 0.207912
    outer loop
      vertex 175.805 -0.919529 0.900708
      vertex 176.346 -0.901721 0.984488
      vertex 175.264 -0.901721 0.984488
    endloop
  endfacet
  facet normal 0.923993 -0.0795074 -0.374053
    outer loop
      vertex 174.246 -0.390501 3.38959
      vertex 174.246 -6.25939 4.63706
      vertex 174.156 -6.3046 4.42435
    endloop
  endfacet
  facet normal -2.34144e-05 -0.978149 0.207903
    outer loop
      vertex 174.246 -0.720866 1.83534
      vertex 174.389 -0.769547 1.60632
      vertex 174.077 -0.612601 2.34469
    endloop
  endfacet
  facet normal -4.91135e-05 -0.978139 0.207954
    outer loop
      vertex 177.042 -0.812962 1.40207
      vertex 177.221 -0.769547 1.60632
      vertex 176.834 -0.85004 1.22762
    endloop
  endfacet
  facet normal 0.0783884 0.207271 0.975138
    outer loop
      vertex 175.531 -6.78394 2.16925
      vertex 175.805 -0.919529 0.900708
      vertex 175.531 -0.91505 0.921782
    endloop
  endfacet
  facet normal 0.0783675 0.207273 0.975139
    outer loop
      vertex 175.805 -0.919529 0.900708
      vertex 175.531 -6.78394 2.16925
      vertex 175.805 -6.78841 2.14818
    endloop
  endfacet
  facet normal -0.760124 0.135096 0.635579
    outer loop
      vertex 177.195 -6.64463 2.82461
      vertex 177.042 -0.812962 1.40207
      vertex 177.042 -6.68185 2.64954
    endloop
  endfacet
  facet normal 0.760124 -0.135096 -0.635579
    outer loop
      vertex 174.389 -0.341821 3.61861
      vertex 174.542 -6.17349 5.04115
      vertex 174.389 -6.21071 4.86608
    endloop
  endfacet
  facet normal -5.79812e-06 -0.978147 0.207912
    outer loop
      vertex 174.246 -0.390501 3.38959
      vertex 174.077 -0.498766 2.88024
      vertex 174.077 -0.612601 2.34469
    endloop
  endfacet
  facet normal -0.649422 -0.158102 -0.743811
    outer loop
      vertex 176.834 -0.261327 3.99731
      vertex 177.013 -6.16199 5.09525
      vertex 176.834 -6.13021 5.24478
    endloop
  endfacet
  facet normal 0.858284 -0.106695 -0.501961
    outer loop
      vertex 174.369 -6.21766 4.83336
      vertex 174.389 -0.341821 3.61861
      vertex 174.389 -6.21071 4.86608
    endloop
  endfacet
  facet normal 0.853417 -0.10831 -0.509851
    outer loop
      vertex 174.389 -0.341821 3.61861
      vertex 174.369 -6.21766 4.83336
      vertex 174.246 -0.390501 3.38959
    endloop
  endfacet
  facet normal -0.233446 -0.202167 -0.951121
    outer loop
      vertex 176.079 -6.0652 5.55062
      vertex 176.346 -0.209646 4.24045
      vertex 176.346 -6.07853 5.48792
    endloop
  endfacet
  facet normal -0.233445 -0.202167 -0.951121
    outer loop
      vertex 176.346 -0.209646 4.24045
      vertex 176.079 -6.0652 5.55062
      vertex 176.079 -0.196318 4.30315
    endloop
  endfacet
  facet normal 0.923988 0.0795099 0.374064
    outer loop
      vertex 174.231 -6.58222 3.11827
      vertex 174.141 -0.668118 2.0835
      vertex 174.141 -6.537 3.33097
    endloop
  endfacet
  facet normal -0.759225 0.135368 0.636594
    outer loop
      vertex 177.195 -6.64463 2.82461
      vertex 177.221 -0.769547 1.60632
      vertex 177.042 -0.812962 1.40207
    endloop
  endfacet
  facet normal -0.753859 0.136606 0.642679
    outer loop
      vertex 177.221 -0.769547 1.60632
      vertex 177.195 -6.64463 2.82461
      vertex 177.221 -6.63843 2.85379
    endloop
  endfacet
  facet normal 1.28299e-05 -0.978149 0.207906
    outer loop
      vertex 177.469 -0.668118 2.0835
      vertex 177.533 -0.612601 2.34469
      vertex 177.364 -0.720866 1.83534
    endloop
  endfacet
  facet normal -0.383619 -0.192005 -0.903311
    outer loop
      vertex 176.346 -6.07853 5.48792
      vertex 176.599 -0.231495 4.13765
      vertex 176.599 -6.10038 5.38512
    endloop
  endfacet
  facet normal -0.383619 -0.192005 -0.903311
    outer loop
      vertex 176.599 -0.231495 4.13765
      vertex 176.346 -6.07853 5.48792
      vertex 176.346 -0.209646 4.24045
    endloop
  endfacet
  facet normal -0.760124 -0.135096 -0.635579
    outer loop
      vertex 177.221 -0.341821 3.61861
      vertex 177.221 -6.21071 4.86608
      vertex 177.068 -6.17349 5.04115
    endloop
  endfacet
  facet normal -0.853417 -0.10831 -0.509851
    outer loop
      vertex 177.241 -6.21766 4.83336
      vertex 177.221 -0.341821 3.61861
      vertex 177.364 -0.390501 3.38959
    endloop
  endfacet
  facet normal -0.858284 -0.106695 -0.501961
    outer loop
      vertex 177.221 -0.341821 3.61861
      vertex 177.241 -6.21766 4.83336
      vertex 177.221 -6.21071 4.86608
    endloop
  endfacet
  facet normal 6.94834e-05 -0.978147 0.207912
    outer loop
      vertex 174.077 -0.612601 2.34469
      vertex 174.077 -0.498766 2.88024
      vertex 174.055 -0.555684 2.61247
    endloop
  endfacet
  facet normal 0.972321 -0.0485784 -0.228543
    outer loop
      vertex 174.077 -0.498766 2.88024
      vertex 174.132 -6.32007 4.35159
      vertex 174.077 -6.36765 4.12771
    endloop
  endfacet
  facet normal 0.996738 -0.0167801 -0.0789444
    outer loop
      vertex 174.077 -0.498766 2.88024
      vertex 174.077 -6.36765 4.12771
      vertex 174.058 -6.41644 3.89819
    endloop
  endfacet
  facet normal -0.65092 0.157912 0.742541
    outer loop
      vertex 176.834 -0.85004 1.22762
      vertex 176.863 -6.71363 2.50002
      vertex 177.042 -0.812962 1.40207
    endloop
  endfacet
  facet normal -0.660148 0.15617 0.734721
    outer loop
      vertex 176.863 -6.71363 2.50002
      vertex 176.834 -0.85004 1.22762
      vertex 176.834 -6.71893 2.47509
    endloop
  endfacet
  facet normal -1.07027e-05 -0.978147 0.207917
    outer loop
      vertex 177.221 -0.769547 1.60632
      vertex 177.533 -0.612601 2.34469
      vertex 176.834 -0.85004 1.22762
    endloop
  endfacet
  facet normal 2.97743e-06 -0.978144 0.20793
    outer loop
      vertex 175.531 -0.91505 0.921782
      vertex 175.805 -0.919529 0.900708
      vertex 175.264 -0.901721 0.984488
    endloop
  endfacet
  facet normal -1.74329e-05 -0.978139 0.207952
    outer loop
      vertex 176.599 -0.879872 1.08728
      vertex 176.834 -0.85004 1.22762
      vertex 176.346 -0.901721 0.984488
    endloop
  endfacet
  facet normal 0.383594 0.192007 0.903321
    outer loop
      vertex 175.011 -6.74876 2.33475
      vertex 175.264 -0.901721 0.984488
      vertex 175.011 -0.879872 1.08728
    endloop
  endfacet
  facet normal 0.383589 0.192007 0.903323
    outer loop
      vertex 175.264 -0.901721 0.984488
      vertex 175.011 -6.74876 2.33475
      vertex 175.264 -6.77061 2.23196
    endloop
  endfacet
  facet normal 4.91135e-05 -0.978139 0.207954
    outer loop
      vertex 174.568 -0.812962 1.40207
      vertex 174.776 -0.85004 1.22762
      vertex 174.389 -0.769547 1.60632
    endloop
  endfacet
  facet normal 0.972321 0.0485784 0.228543
    outer loop
      vertex 174.141 -6.537 3.33097
      vertex 174.141 -0.668118 2.0835
      vertex 174.086 -6.48942 3.55485
    endloop
  endfacet
  facet normal 0 -0.978148 0.20791
    outer loop
      vertex 174.776 -0.85004 1.22762
      vertex 177.533 -0.612601 2.34469
      vertex 174.077 -0.612601 2.34469
    endloop
  endfacet
  facet normal 0 -0.978148 0.20791
    outer loop
      vertex 177.533 -0.612601 2.34469
      vertex 174.776 -0.85004 1.22762
      vertex 176.834 -0.85004 1.22762
    endloop
  endfacet
  facet normal -0.996738 -0.0167801 -0.0789444
    outer loop
      vertex 177.533 -0.498766 2.88024
      vertex 177.552 -6.41644 3.89819
      vertex 177.533 -6.36765 4.12771
    endloop
  endfacet
  facet normal -0.923988 0.0795099 0.374064
    outer loop
      vertex 177.469 -6.537 3.33097
      vertex 177.469 -0.668118 2.0835
      vertex 177.379 -6.58222 3.11827
    endloop
  endfacet
  facet normal -0.521896 -0.177351 -0.834369
    outer loop
      vertex 176.599 -0.231495 4.13765
      vertex 176.8 -6.12595 5.26483
      vertex 176.599 -6.10038 5.38512
    endloop
  endfacet
  facet normal 5.79812e-06 -0.978147 0.207912
    outer loop
      vertex 177.533 -0.612601 2.34469
      vertex 177.533 -0.498766 2.88024
      vertex 177.364 -0.390501 3.38959
    endloop
  endfacet
  facet normal -0.923992 -0.0795076 -0.374054
    outer loop
      vertex 177.469 -0.44325 3.14143
      vertex 177.454 -6.3046 4.42435
      vertex 177.364 -0.390501 3.38959
    endloop
  endfacet
  facet normal -0.923983 -0.0795125 -0.374077
    outer loop
      vertex 177.454 -6.3046 4.42435
      vertex 177.469 -0.44325 3.14143
      vertex 177.469 -6.31213 4.3889
    endloop
  endfacet
  facet normal -0.516302 -0.178057 -0.837692
    outer loop
      vertex 176.8 -6.12595 5.26483
      vertex 176.834 -0.261327 3.99731
      vertex 176.834 -6.13021 5.24478
    endloop
  endfacet
  facet normal -0.521092 -0.177417 -0.834857
    outer loop
      vertex 176.834 -0.261327 3.99731
      vertex 176.8 -6.12595 5.26483
      vertex 176.599 -0.231495 4.13765
    endloop
  endfacet
  facet normal -1.53794e-06 -0.978149 0.207907
    outer loop
      vertex 177.221 -0.341821 3.61861
      vertex 177.042 -0.298407 3.82286
      vertex 176.834 -0.261327 3.99731
    endloop
  endfacet
  facet normal 0.852604 -0.108646 -0.511139
    outer loop
      vertex 174.246 -0.390501 3.38959
      vertex 174.369 -6.21766 4.83336
      vertex 174.246 -6.25939 4.63706
    endloop
  endfacet
  facet normal 0.996786 -0.0166782 -0.0783509
    outer loop
      vertex 174.058 -6.41644 3.89819
      vertex 174.055 -0.555684 2.61247
      vertex 174.077 -0.498766 2.88024
    endloop
  endfacet
  facet normal 0.99707 -0.0159037 -0.0748213
    outer loop
      vertex 174.055 -0.555684 2.61247
      vertex 174.058 -6.41644 3.89819
      vertex 174.055 -6.42457 3.85994
    endloop
  endfacet
  facet normal 0.858232 0.106713 0.502046
    outer loop
      vertex 174.266 -6.59671 3.0501
      vertex 174.246 -0.720866 1.83534
      vertex 174.246 -6.58975 3.08281
    endloop
  endfacet
  facet normal 0.853417 0.10831 0.509851
    outer loop
      vertex 174.246 -0.720866 1.83534
      vertex 174.266 -6.59671 3.0501
      vertex 174.389 -0.769547 1.60632
    endloop
  endfacet
  facet normal -0.852613 0.108643 0.511124
    outer loop
      vertex 177.344 -6.59671 3.0501
      vertex 177.221 -0.769547 1.60632
      vertex 177.221 -6.63843 2.85379
    endloop
  endfacet
  facet normal -0.649398 0.158106 0.743831
    outer loop
      vertex 177.042 -6.68185 2.64954
      vertex 177.042 -0.812962 1.40207
      vertex 176.863 -6.71363 2.50002
    endloop
  endfacet
  facet normal 0 -0.978146 0.207918
    outer loop
      vertex 175.264 -0.901721 0.984488
      vertex 176.834 -0.85004 1.22762
      vertex 174.776 -0.85004 1.22762
    endloop
  endfacet
  facet normal 0 -0.978146 0.207918
    outer loop
      vertex 176.834 -0.85004 1.22762
      vertex 175.264 -0.901721 0.984488
      vertex 176.346 -0.901721 0.984488
    endloop
  endfacet
  facet normal -2.97743e-06 -0.978144 0.20793
    outer loop
      vertex 176.079 -0.91505 0.921782
      vertex 176.346 -0.901721 0.984488
      vertex 175.805 -0.919529 0.900708
    endloop
  endfacet
  facet normal 1.74329e-05 -0.978139 0.207952
    outer loop
      vertex 175.011 -0.879872 1.08728
      vertex 175.264 -0.901721 0.984488
      vertex 174.776 -0.85004 1.22762
    endloop
  endfacet
  facet normal 0.516302 -0.178057 -0.837692
    outer loop
      vertex 174.776 -0.261327 3.99731
      vertex 174.81 -6.12595 5.26483
      vertex 174.776 -6.13021 5.24478
    endloop
  endfacet
  facet normal 0.521092 -0.177417 -0.834857
    outer loop
      vertex 174.81 -6.12595 5.26483
      vertex 174.776 -0.261327 3.99731
      vertex 175.011 -0.231495 4.13765
    endloop
  endfacet
  facet normal 0.660148 0.15617 0.734721
    outer loop
      vertex 174.776 -0.85004 1.22762
      vertex 174.747 -6.71363 2.50002
      vertex 174.776 -6.71893 2.47509
    endloop
  endfacet
  facet normal 0.65092 0.157912 0.742541
    outer loop
      vertex 174.747 -6.71363 2.50002
      vertex 174.776 -0.85004 1.22762
      vertex 174.568 -0.812962 1.40207
    endloop
  endfacet
  facet normal 1.07027e-05 -0.978147 0.207917
    outer loop
      vertex 174.389 -0.769547 1.60632
      vertex 174.776 -0.85004 1.22762
      vertex 174.077 -0.612601 2.34469
    endloop
  endfacet
  facet normal -1.28299e-05 -0.978149 0.207906
    outer loop
      vertex 174.141 -0.668118 2.0835
      vertex 174.246 -0.720866 1.83534
      vertex 174.077 -0.612601 2.34469
    endloop
  endfacet
  facet normal 0.923992 0.0795082 0.374054
    outer loop
      vertex 174.231 -6.58222 3.11827
      vertex 174.246 -0.720866 1.83534
      vertex 174.141 -0.668118 2.0835
    endloop
  endfacet
  facet normal 0.924019 0.0794941 0.37399
    outer loop
      vertex 174.246 -0.720866 1.83534
      vertex 174.231 -6.58222 3.11827
      vertex 174.246 -6.58975 3.08281
    endloop
  endfacet
  facet normal -0.923992 0.0795082 0.374054
    outer loop
      vertex 177.364 -0.720866 1.83534
      vertex 177.379 -6.58222 3.11827
      vertex 177.469 -0.668118 2.0835
    endloop
  endfacet
  facet normal -0.924019 0.0794941 0.37399
    outer loop
      vertex 177.379 -6.58222 3.11827
      vertex 177.364 -0.720866 1.83534
      vertex 177.364 -6.58975 3.08281
    endloop
  endfacet
  facet normal -0.972458 0.0484368 0.227988
    outer loop
      vertex 177.524 -6.48942 3.55485
      vertex 177.533 -0.612601 2.34469
      vertex 177.469 -0.668118 2.0835
    endloop
  endfacet
  facet normal -0.973274 0.047746 0.224627
    outer loop
      vertex 177.533 -0.612601 2.34469
      vertex 177.524 -6.48942 3.55485
      vertex 177.533 -6.48149 3.59216
    endloop
  endfacet
  facet normal -2.39847e-05 -0.978153 0.207885
    outer loop
      vertex 177.221 -0.341821 3.61861
      vertex 176.834 -0.261327 3.99731
      vertex 176.599 -0.231495 4.13765
    endloop
  endfacet
  facet normal 9.57679e-08 -0.978147 0.207913
    outer loop
      vertex 177.364 -0.390501 3.38959
      vertex 177.221 -0.341821 3.61861
      vertex 176.599 -0.231495 4.13765
    endloop
  endfacet
  facet normal 3.67715e-06 -0.978147 0.207916
    outer loop
      vertex 177.364 -0.390501 3.38959
      vertex 176.599 -0.231495 4.13765
      vertex 176.079 -0.196318 4.30315
    endloop
  endfacet
  facet normal -0.973279 -0.0477421 -0.224609
    outer loop
      vertex 177.533 -0.498766 2.88024
      vertex 177.533 -6.36765 4.12771
      vertex 177.479 -6.32007 4.35159
    endloop
  endfacet
  facet normal -0.996786 -0.0166782 -0.0783509
    outer loop
      vertex 177.555 -0.555684 2.61247
      vertex 177.552 -6.41644 3.89819
      vertex 177.533 -0.498766 2.88024
    endloop
  endfacet
  facet normal -0.99707 -0.0159037 -0.0748213
    outer loop
      vertex 177.552 -6.41644 3.89819
      vertex 177.555 -0.555684 2.61247
      vertex 177.555 -6.42457 3.85994
    endloop
  endfacet
  facet normal -6.94834e-05 -0.978147 0.207912
    outer loop
      vertex 177.555 -0.555684 2.61247
      vertex 177.533 -0.498766 2.88024
      vertex 177.533 -0.612601 2.34469
    endloop
  endfacet
  facet normal 0.521896 -0.177351 -0.834369
    outer loop
      vertex 175.011 -0.231495 4.13765
      vertex 175.011 -6.10038 5.38512
      vertex 174.81 -6.12595 5.26483
    endloop
  endfacet
  facet normal 2.39847e-05 -0.978153 0.207885
    outer loop
      vertex 175.011 -0.231495 4.13765
      vertex 174.776 -0.261327 3.99731
      vertex 174.389 -0.341821 3.61861
    endloop
  endfacet
  facet normal 1.57137e-05 -0.978159 0.207858
    outer loop
      vertex 175.531 -0.196318 4.30315
      vertex 175.264 -0.209646 4.24045
      vertex 175.011 -0.231495 4.13765
    endloop
  endfacet
  facet normal 0.973277 -0.0477436 -0.224616
    outer loop
      vertex 174.132 -6.32007 4.35159
      vertex 174.141 -0.44325 3.14143
      vertex 174.141 -6.31213 4.3889
    endloop
  endfacet
  facet normal 0.972458 -0.0484369 -0.227988
    outer loop
      vertex 174.141 -0.44325 3.14143
      vertex 174.132 -6.32007 4.35159
      vertex 174.077 -0.498766 2.88024
    endloop
  endfacet
  facet normal 0.233446 -0.202167 -0.951121
    outer loop
      vertex 175.264 -0.209646 4.24045
      vertex 175.531 -6.0652 5.55062
      vertex 175.264 -6.07853 5.48792
    endloop
  endfacet
  facet normal 0.233445 -0.202167 -0.951121
    outer loop
      vertex 175.531 -6.0652 5.55062
      vertex 175.264 -0.209646 4.24045
      vertex 175.531 -0.196318 4.30315
    endloop
  endfacet
  facet normal -3.67715e-06 -0.978147 0.207916
    outer loop
      vertex 175.531 -0.196318 4.30315
      vertex 175.011 -0.231495 4.13765
      vertex 174.246 -0.390501 3.38959
    endloop
  endfacet
  facet normal 0.660005 -0.156196 -0.734844
    outer loop
      vertex 174.568 -0.298407 3.82286
      vertex 174.597 -6.16199 5.09525
      vertex 174.568 -6.16729 5.07033
    endloop
  endfacet
  facet normal 0.650921 -0.157911 -0.74254
    outer loop
      vertex 174.597 -6.16199 5.09525
      vertex 174.568 -0.298407 3.82286
      vertex 174.776 -0.261327 3.99731
    endloop
  endfacet
  facet normal -0.521092 0.177453 0.83485
    outer loop
      vertex 176.599 -0.879872 1.08728
      vertex 176.834 -6.71893 2.47509
      vertex 176.834 -0.85004 1.22762
    endloop
  endfacet
  facet normal -0.521091 0.177453 0.83485
    outer loop
      vertex 176.834 -6.71893 2.47509
      vertex 176.599 -0.879872 1.08728
      vertex 176.599 -6.74876 2.33475
    endloop
  endfacet
  facet normal -0.0783884 0.207271 0.975138
    outer loop
      vertex 175.805 -0.919529 0.900708
      vertex 176.079 -6.78394 2.16925
      vertex 176.079 -0.91505 0.921782
    endloop
  endfacet
  facet normal -0.0783675 0.207273 0.975139
    outer loop
      vertex 176.079 -6.78394 2.16925
      vertex 175.805 -0.919529 0.900708
      vertex 175.805 -6.78841 2.14818
    endloop
  endfacet
  facet normal 0.521092 0.177453 0.83485
    outer loop
      vertex 174.776 -6.71893 2.47509
      vertex 175.011 -0.879872 1.08728
      vertex 174.776 -0.85004 1.22762
    endloop
  endfacet
  facet normal 0.521091 0.177453 0.83485
    outer loop
      vertex 175.011 -0.879872 1.08728
      vertex 174.776 -6.71893 2.47509
      vertex 175.011 -6.74876 2.33475
    endloop
  endfacet
  facet normal 0.233466 0.202166 0.951116
    outer loop
      vertex 175.264 -6.77061 2.23196
      vertex 175.531 -0.91505 0.921782
      vertex 175.264 -0.901721 0.984488
    endloop
  endfacet
  facet normal 0.23348 0.202165 0.951113
    outer loop
      vertex 175.531 -0.91505 0.921782
      vertex 175.264 -6.77061 2.23196
      vertex 175.531 -6.78394 2.16925
    endloop
  endfacet
  facet normal 0.753859 0.136606 0.642679
    outer loop
      vertex 174.415 -6.64463 2.82461
      vertex 174.389 -0.769547 1.60632
      vertex 174.389 -6.63843 2.85379
    endloop
  endfacet
  facet normal 0.759225 0.135368 0.636594
    outer loop
      vertex 174.389 -0.769547 1.60632
      vertex 174.415 -6.64463 2.82461
      vertex 174.568 -0.812962 1.40207
    endloop
  endfacet
  facet normal 0.852613 0.108643 0.511124
    outer loop
      vertex 174.389 -6.63843 2.85379
      vertex 174.389 -0.769547 1.60632
      vertex 174.266 -6.59671 3.0501
    endloop
  endfacet
  facet normal 0.996787 0.0165151 0.0783827
    outer loop
      vertex 174.073 -6.47336 3.63041
      vertex 174.077 -0.612601 2.34469
      vertex 174.055 -0.555684 2.61247
    endloop
  endfacet
  facet normal 0.994809 0.0211569 0.0995354
    outer loop
      vertex 174.077 -0.612601 2.34469
      vertex 174.073 -6.47336 3.63041
      vertex 174.077 -6.48149 3.59216
    endloop
  endfacet
  facet normal 0.997071 0.0159016 0.0748113
    outer loop
      vertex 174.073 -6.47336 3.63041
      vertex 174.055 -0.555684 2.61247
      vertex 174.055 -6.42457 3.85994
    endloop
  endfacet
  facet normal -0.853417 0.10831 0.509851
    outer loop
      vertex 177.344 -6.59671 3.0501
      vertex 177.364 -0.720866 1.83534
      vertex 177.221 -0.769547 1.60632
    endloop
  endfacet
  facet normal -0.858232 0.106713 0.502046
    outer loop
      vertex 177.364 -0.720866 1.83534
      vertex 177.344 -6.59671 3.0501
      vertex 177.364 -6.58975 3.08281
    endloop
  endfacet
  facet normal 2.34144e-05 -0.978149 0.207903
    outer loop
      vertex 177.364 -0.720866 1.83534
      vertex 177.533 -0.612601 2.34469
      vertex 177.221 -0.769547 1.60632
    endloop
  endfacet
  facet normal -0.660005 -0.156196 -0.734844
    outer loop
      vertex 177.013 -6.16199 5.09525
      vertex 177.042 -0.298407 3.82286
      vertex 177.042 -6.16729 5.07033
    endloop
  endfacet
  facet normal -0.650921 -0.157911 -0.74254
    outer loop
      vertex 177.042 -0.298407 3.82286
      vertex 177.013 -6.16199 5.09525
      vertex 176.834 -0.261327 3.99731
    endloop
  endfacet
  facet normal -0.759225 -0.135368 -0.636595
    outer loop
      vertex 177.068 -6.17349 5.04115
      vertex 177.042 -0.298407 3.82286
      vertex 177.221 -0.341821 3.61861
    endloop
  endfacet
  facet normal -0.753859 -0.136606 -0.642679
    outer loop
      vertex 177.042 -0.298407 3.82286
      vertex 177.068 -6.17349 5.04115
      vertex 177.042 -6.16729 5.07033
    endloop
  endfacet
  facet normal -1.57137e-05 -0.978159 0.207858
    outer loop
      vertex 176.599 -0.231495 4.13765
      vertex 176.346 -0.209646 4.24045
      vertex 176.079 -0.196318 4.30315
    endloop
  endfacet
  facet normal -0.923993 -0.0795074 -0.374053
    outer loop
      vertex 177.364 -0.390501 3.38959
      vertex 177.454 -6.3046 4.42435
      vertex 177.364 -6.25939 4.63706
    endloop
  endfacet
  facet normal -0.852604 -0.108646 -0.511139
    outer loop
      vertex 177.364 -0.390501 3.38959
      vertex 177.364 -6.25939 4.63706
      vertex 177.241 -6.21766 4.83336
    endloop
  endfacet
  facet normal -0.972458 -0.0485954 -0.227955
    outer loop
      vertex 177.479 -6.32007 4.35159
      vertex 177.469 -0.44325 3.14143
      vertex 177.533 -0.498766 2.88024
    endloop
  endfacet
  facet normal -0.967313 -0.0527233 -0.248044
    outer loop
      vertex 177.469 -0.44325 3.14143
      vertex 177.479 -6.32007 4.35159
      vertex 177.469 -6.31213 4.3889
    endloop
  endfacet
  facet normal -5.59932e-05 -0.978152 0.207893
    outer loop
      vertex 177.533 -0.498766 2.88024
      vertex 177.469 -0.44325 3.14143
      vertex 177.364 -0.390501 3.38959
    endloop
  endfacet
  facet normal 0 -0.978134 0.207975
    outer loop
      vertex 176.079 -0.196318 4.30315
      vertex 175.805 -0.191838 4.32422
      vertex 175.531 -0.196318 4.30315
    endloop
  endfacet
  facet normal 0.923992 -0.0795076 -0.374054
    outer loop
      vertex 174.156 -6.3046 4.42435
      vertex 174.141 -0.44325 3.14143
      vertex 174.246 -0.390501 3.38959
    endloop
  endfacet
  facet normal 0.923983 -0.0795125 -0.374077
    outer loop
      vertex 174.141 -0.44325 3.14143
      vertex 174.156 -6.3046 4.42435
      vertex 174.141 -6.31213 4.3889
    endloop
  endfacet
  facet normal 5.59932e-05 -0.978152 0.207893
    outer loop
      vertex 174.246 -0.390501 3.38959
      vertex 174.141 -0.44325 3.14143
      vertex 174.077 -0.498766 2.88024
    endloop
  endfacet
  facet normal -9.57679e-08 -0.978147 0.207913
    outer loop
      vertex 175.011 -0.231495 4.13765
      vertex 174.389 -0.341821 3.61861
      vertex 174.246 -0.390501 3.38959
    endloop
  endfacet
  facet normal 0.649422 -0.158102 -0.743811
    outer loop
      vertex 174.776 -0.261327 3.99731
      vertex 174.776 -6.13021 5.24478
      vertex 174.597 -6.16199 5.09525
    endloop
  endfacet
  facet normal 0.383619 -0.192005 -0.903311
    outer loop
      vertex 175.011 -0.231495 4.13765
      vertex 175.264 -6.07853 5.48792
      vertex 175.011 -6.10038 5.38512
    endloop
  endfacet
  facet normal 0.383619 -0.192005 -0.903311
    outer loop
      vertex 175.264 -6.07853 5.48792
      vertex 175.011 -0.231495 4.13765
      vertex 175.264 -0.209646 4.24045
    endloop
  endfacet
  facet normal 1.53794e-06 -0.978149 0.207907
    outer loop
      vertex 174.776 -0.261327 3.99731
      vertex 174.568 -0.298407 3.82286
      vertex 174.389 -0.341821 3.61861
    endloop
  endfacet
  facet normal 0.753859 -0.136606 -0.642679
    outer loop
      vertex 174.542 -6.17349 5.04115
      vertex 174.568 -0.298407 3.82286
      vertex 174.568 -6.16729 5.07033
    endloop
  endfacet
  facet normal 0.759225 -0.135368 -0.636595
    outer loop
      vertex 174.568 -0.298407 3.82286
      vertex 174.542 -6.17349 5.04115
      vertex 174.389 -0.341821 3.61861
    endloop
  endfacet
  facet normal -0.383594 0.192007 0.903321
    outer loop
      vertex 176.346 -0.901721 0.984488
      vertex 176.599 -6.74876 2.33475
      vertex 176.599 -0.879872 1.08728
    endloop
  endfacet
  facet normal -0.383589 0.192007 0.903323
    outer loop
      vertex 176.599 -6.74876 2.33475
      vertex 176.346 -0.901721 0.984488
      vertex 176.346 -6.77061 2.23196
    endloop
  endfacet
  facet normal -0.233466 0.202166 0.951116
    outer loop
      vertex 176.079 -0.91505 0.921782
      vertex 176.346 -6.77061 2.23196
      vertex 176.346 -0.901721 0.984488
    endloop
  endfacet
  facet normal -0.23348 0.202165 0.951113
    outer loop
      vertex 176.346 -6.77061 2.23196
      vertex 176.079 -0.91505 0.921782
      vertex 176.079 -6.78394 2.16925
    endloop
  endfacet
  facet normal 0.760124 0.135096 0.635579
    outer loop
      vertex 174.568 -6.68185 2.64954
      vertex 174.568 -0.812962 1.40207
      vertex 174.415 -6.64463 2.82461
    endloop
  endfacet
  facet normal 0.649398 0.158106 0.743831
    outer loop
      vertex 174.747 -6.71363 2.50002
      vertex 174.568 -0.812962 1.40207
      vertex 174.568 -6.68185 2.64954
    endloop
  endfacet
  facet normal 0.078375 -0.207272 -0.975139
    outer loop
      vertex 175.531 -0.196318 4.30315
      vertex 175.805 -6.06072 5.57169
      vertex 175.531 -6.0652 5.55062
    endloop
  endfacet
  facet normal 0.078375 -0.207272 -0.975139
    outer loop
      vertex 175.805 -6.06072 5.57169
      vertex 175.531 -0.196318 4.30315
      vertex 175.805 -0.191838 4.32422
    endloop
  endfacet
  facet normal -0.078375 -0.207272 -0.975139
    outer loop
      vertex 175.805 -6.06072 5.57169
      vertex 176.079 -0.196318 4.30315
      vertex 176.079 -6.0652 5.55062
    endloop
  endfacet
  facet normal -0.078375 -0.207272 -0.975139
    outer loop
      vertex 176.079 -0.196318 4.30315
      vertex 175.805 -6.06072 5.57169
      vertex 175.805 -0.191838 4.32422
    endloop
  endfacet
  facet normal 1 0 0
    outer loop
      vertex 197.9 56.1382 -4.31505
      vertex 197.9 13.0618 -4.31505
      vertex 197.9 13.1 -4.8
    endloop
  endfacet
  facet normal 1 0 0
    outer loop
      vertex 197.9 -1 39
      vertex 197.9 13.2379 39.3286
      vertex 197.9 13.0517 39.778
    endloop
  endfacet
  facet normal 1 0 0
    outer loop
      vertex 197.9 13.492 38.9139
      vertex 197.9 12.9483 -3.84205
      vertex 197.9 13.0618 -4.31505
    endloop
  endfacet
  facet normal 1 0 0
    outer loop
      vertex 197.9 -1 39
      vertex 197.9 13.0517 39.778
      vertex 197.9 12.9382 40.2511
    endloop
  endfacet
  facet normal 1 0 0
    outer loop
      vertex 197.9 -1 39
      vertex 197.9 12.9382 40.2511
      vertex 197.9 12.9 40.736
    endloop
  endfacet
  facet normal 1 0 0
    outer loop
      vertex 197.9 13.492 38.9139
      vertex 197.9 12.7621 -3.39263
      vertex 197.9 12.9483 -3.84205
    endloop
  endfacet
  facet normal 1 0 0
    outer loop
      vertex 197.9 14.1779 43.2439
      vertex 197.9 -1 75.4
      vertex 197.9 13.808 42.928
    endloop
  endfacet
  facet normal 1 0 0
    outer loop
      vertex 197.9 -1 39
      vertex 197.9 13.808 42.928
      vertex 197.9 -1 75.4
    endloop
  endfacet
  facet normal 1 0 0
    outer loop
      vertex 197.9 13.492 38.9139
      vertex 197.9 12.508 -2.97787
      vertex 197.9 12.7621 -3.39263
    endloop
  endfacet
  facet normal 1 0 0
    outer loop
      vertex 197.9 13.808 42.928
      vertex 197.9 -1 39
      vertex 197.9 13.492 42.5581
    endloop
  endfacet
  facet normal 1 0 0
    outer loop
      vertex 197.9 13.492 38.9139
      vertex 197.9 -1 39
      vertex 197.9 9.51505 -1.73817
    endloop
  endfacet
  facet normal 1 0 0
    outer loop
      vertex 197.9 13.492 42.5581
      vertex 197.9 -1 39
      vertex 197.9 13.2379 42.1434
    endloop
  endfacet
  facet normal 1 0 0
    outer loop
      vertex 197.9 13.492 38.9139
      vertex 197.9 12.192 -2.60797
      vertex 197.9 12.508 -2.97787
    endloop
  endfacet
  facet normal 1 0 0
    outer loop
      vertex 197.9 13.2379 42.1434
      vertex 197.9 -1 39
      vertex 197.9 13.0517 41.694
    endloop
  endfacet
  facet normal 1 0 0
    outer loop
      vertex 197.9 13.492 38.9139
      vertex 197.9 11.8221 -2.29205
      vertex 197.9 12.192 -2.60797
    endloop
  endfacet
  facet normal 1 0 0
    outer loop
      vertex 197.9 13.0517 41.694
      vertex 197.9 -1 39
      vertex 197.9 12.9382 41.2209
    endloop
  endfacet
  facet normal 1 0 0
    outer loop
      vertex 197.9 13.492 38.9139
      vertex 197.9 11.4074 -2.03788
      vertex 197.9 11.8221 -2.29205
    endloop
  endfacet
  facet normal 1 0 0
    outer loop
      vertex 197.9 -1 75.4
      vertex 197.9 11.311 90.6879
      vertex 197.9 10.8616 90.5017
    endloop
  endfacet
  facet normal 1 0 0
    outer loop
      vertex 197.9 13.492 38.9139
      vertex 197.9 10.958 -1.85172
      vertex 197.9 11.4074 -2.03788
    endloop
  endfacet
  facet normal 1 0 0
    outer loop
      vertex 197.9 -1 75.4
      vertex 197.9 10.8616 90.5017
      vertex 197.9 10.3886 90.3882
    endloop
  endfacet
  facet normal 1 0 0
    outer loop
      vertex 197.9 13.492 38.9139
      vertex 197.9 10.4849 -1.73817
      vertex 197.9 10.958 -1.85172
    endloop
  endfacet
  facet normal 1 0 0
    outer loop
      vertex 197.9 -1 75.4
      vertex 197.9 10.3886 90.3882
      vertex 197.9 9.90367 90.35
    endloop
  endfacet
  facet normal 1 0 0
    outer loop
      vertex 197.9 13.492 38.9139
      vertex 197.9 10 -1.7
      vertex 197.9 10.4849 -1.73817
    endloop
  endfacet
  facet normal 1 0 0
    outer loop
      vertex 197.9 -1 75.4
      vertex 197.9 9.90367 90.35
      vertex 197.9 9.41872 90.3882
    endloop
  endfacet
  facet normal 1 0 0
    outer loop
      vertex 197.9 13.492 38.9139
      vertex 197.9 9.51505 -1.73817
      vertex 197.9 10 -1.7
    endloop
  endfacet
  facet normal 1 0 0
    outer loop
      vertex 197.9 -1 75.4
      vertex 197.9 9.41872 90.3882
      vertex 197.9 8.94571 90.5017
    endloop
  endfacet
  facet normal 1 0 0
    outer loop
      vertex 197.9 9.51505 -1.73817
      vertex 197.9 -1 39
      vertex 197.9 9.04205 -1.85172
    endloop
  endfacet
  facet normal 1 0 0
    outer loop
      vertex 197.9 -1 75.4
      vertex 197.9 8.94571 90.5017
      vertex 197.9 8.4963 90.6879
    endloop
  endfacet
  facet normal 1 0 0
    outer loop
      vertex 197.9 9.04205 -1.85172
      vertex 197.9 -1 39
      vertex 197.9 8.59263 -2.03788
    endloop
  endfacet
  facet normal 1 0 0
    outer loop
      vertex 197.9 -1 75.4
      vertex 197.9 8.4963 90.6879
      vertex 197.9 8.08153 90.942
    endloop
  endfacet
  facet normal 1 0 0
    outer loop
      vertex 197.9 8.59263 -2.03788
      vertex 197.9 -1 39
      vertex 197.9 8.17787 -2.29205
    endloop
  endfacet
  facet normal 1 0 0
    outer loop
      vertex 197.9 -1 75.4
      vertex 197.9 8.08153 90.942
      vertex 197.9 7.71164 91.258
    endloop
  endfacet
  facet normal 1 0 0
    outer loop
      vertex 197.9 -10.8414 -7.29999
      vertex 197.9 8.17787 -2.29205
      vertex 197.9 -1 39
    endloop
  endfacet
  facet normal 1 0 0
    outer loop
      vertex 197.9 -1 75.4
      vertex 197.9 7.71164 91.258
      vertex 197.9 7.39571 91.6279
    endloop
  endfacet
  facet normal 1 0 0
    outer loop
      vertex 197.9 8.17787 -2.29205
      vertex 197.9 -10.8414 -7.29999
      vertex 197.9 7.80797 -2.60797
    endloop
  endfacet
  facet normal 1 0 0
    outer loop
      vertex 197.9 -1 75.4
      vertex 197.9 7.39571 91.6279
      vertex 197.9 7.14155 92.0426
    endloop
  endfacet
  facet normal 1 0 0
    outer loop
      vertex 197.9 7.80797 -2.60797
      vertex 197.9 -10.8414 -7.29999
      vertex 197.9 7.49205 -2.97787
    endloop
  endfacet
  facet normal 1 0 0
    outer loop
      vertex 197.9 -1 75.4
      vertex 197.9 7.14155 92.0426
      vertex 197.9 6.95539 92.4921
    endloop
  endfacet
  facet normal 1 0 0
    outer loop
      vertex 197.9 7.49205 -2.97787
      vertex 197.9 -10.8414 -7.29999
      vertex 197.9 7.23788 -3.39263
    endloop
  endfacet
  facet normal 1 0 0
    outer loop
      vertex 197.9 7.23788 -3.39263
      vertex 197.9 -10.8414 -7.29999
      vertex 197.9 7.05172 -3.84205
    endloop
  endfacet
  facet normal 1 0 0
    outer loop
      vertex 197.9 -1 75.4
      vertex 197.9 6.95539 92.4921
      vertex 197.9 6.84183 92.965
    endloop
  endfacet
  facet normal 1 0 0
    outer loop
      vertex 197.9 51.795 84.5862
      vertex 197.9 19.0618 41.2209
      vertex 197.9 19.1 40.736
    endloop
  endfacet
  facet normal 1 0 0
    outer loop
      vertex 197.9 12.4116 95.2721
      vertex 197.9 19.5151 105.438
      vertex 197.9 19.042 105.552
    endloop
  endfacet
  facet normal 1 0 0
    outer loop
      vertex 197.9 44.463 88.3221
      vertex 197.9 18.9483 41.694
      vertex 197.9 19.0618 41.2209
    endloop
  endfacet
  facet normal 1 0 0
    outer loop
      vertex 197.9 44.463 88.3221
      vertex 197.9 18.7621 42.1434
      vertex 197.9 18.9483 41.694
    endloop
  endfacet
  facet normal 1 0 0
    outer loop
      vertex 197.9 12.0957 95.642
      vertex 197.9 19.042 105.552
      vertex 197.9 18.5926 105.738
    endloop
  endfacet
  facet normal 1 -0 0
    outer loop
      vertex 197.9 12.4116 91.6279
      vertex 197.9 44.0426 89.3369
      vertex 197.9 12.6658 92.0426
    endloop
  endfacet
  facet normal 1 0 0
    outer loop
      vertex 197.9 44.463 88.3221
      vertex 197.9 18.508 42.5581
      vertex 197.9 18.7621 42.1434
    endloop
  endfacet
  facet normal 1 0 0
    outer loop
      vertex 197.9 11.7258 95.958
      vertex 197.9 18.5926 105.738
      vertex 197.9 18.1779 105.992
    endloop
  endfacet
  facet normal 1 0 0
    outer loop
      vertex 197.9 44.463 88.3221
      vertex 197.9 18.192 42.928
      vertex 197.9 18.508 42.5581
    endloop
  endfacet
  facet normal 1 0 0
    outer loop
      vertex 197.9 11.311 96.2121
      vertex 197.9 18.1779 105.992
      vertex 197.9 17.808 106.308
    endloop
  endfacet
  facet normal 1 0 0
    outer loop
      vertex 197.9 10.8616 96.3983
      vertex 197.9 17.808 106.308
      vertex 197.9 17.492 106.678
    endloop
  endfacet
  facet normal 1 -0 0
    outer loop
      vertex 197.9 12.6658 92.0426
      vertex 197.9 44.0426 89.3369
      vertex 197.9 12.8519 92.4921
    endloop
  endfacet
  facet normal 1 0 0
    outer loop
      vertex 197.9 10.3886 96.5118
      vertex 197.9 17.492 106.678
      vertex 197.9 17.2379 107.093
    endloop
  endfacet
  facet normal 1 0 0
    outer loop
      vertex 197.9 9.90367 96.55
      vertex 197.9 17.2379 107.093
      vertex 197.9 17.0517 107.542
    endloop
  endfacet
  facet normal 1 0 0
    outer loop
      vertex 197.9 44.463 88.3221
      vertex 197.9 17.8221 43.2439
      vertex 197.9 18.192 42.928
    endloop
  endfacet
  facet normal 1 0 0
    outer loop
      vertex 197.9 6.88583 112.5
      vertex 197.9 17.0517 107.542
      vertex 197.9 16.9382 108.015
    endloop
  endfacet
  facet normal 1 0 0
    outer loop
      vertex 197.9 6.88583 112.5
      vertex 197.9 16.9382 108.015
      vertex 197.9 16.9 108.5
    endloop
  endfacet
  facet normal 1 0 0
    outer loop
      vertex 197.9 44.463 88.3221
      vertex 197.9 17.4074 43.4981
      vertex 197.9 17.8221 43.2439
    endloop
  endfacet
  facet normal 1 0 0
    outer loop
      vertex 197.9 16 43.836
      vertex 197.9 -1 75.4
      vertex 197.9 15.5151 43.7978
    endloop
  endfacet
  facet normal 1 0 0
    outer loop
      vertex 197.9 15.5151 43.7978
      vertex 197.9 -1 75.4
      vertex 197.9 15.042 43.6843
    endloop
  endfacet
  facet normal 1 0 0
    outer loop
      vertex 197.9 15.042 43.6843
      vertex 197.9 -1 75.4
      vertex 197.9 14.5926 43.4981
    endloop
  endfacet
  facet normal 1 0 0
    outer loop
      vertex 197.9 14.5926 43.4981
      vertex 197.9 -1 75.4
      vertex 197.9 14.1779 43.2439
    endloop
  endfacet
  facet normal 1 0 0
    outer loop
      vertex 197.9 62.1483 107.542
      vertex 197.9 71.2 112.5
      vertex 197.9 62.2618 108.015
    endloop
  endfacet
  facet normal 1 0 0
    outer loop
      vertex 197.9 71.2 112.5
      vertex 197.9 62.2618 -4.31505
      vertex 197.9 62.3 -4.8
    endloop
  endfacet
  facet normal 1 0 0
    outer loop
      vertex 197.9 61.9621 107.093
      vertex 197.9 71.2 112.5
      vertex 197.9 62.1483 107.542
    endloop
  endfacet
  facet normal 1 0 0
    outer loop
      vertex 197.9 71.2 112.5
      vertex 197.9 62.1483 -3.84205
      vertex 197.9 62.2618 -4.31505
    endloop
  endfacet
  facet normal 1 0 0
    outer loop
      vertex 197.9 61.708 106.678
      vertex 197.9 71.2 112.5
      vertex 197.9 61.9621 107.093
    endloop
  endfacet
  facet normal 1 0 0
    outer loop
      vertex 197.9 57.3574 89.3369
      vertex 197.9 71.2 112.5
      vertex 197.9 57.6138 90.405
    endloop
  endfacet
  facet normal 1 0 0
    outer loop
      vertex 197.9 57.6138 92.595
      vertex 197.9 71.2 112.5
      vertex 197.9 61.708 106.678
    endloop
  endfacet
  facet normal 1 0 0
    outer loop
      vertex 197.9 56.937 88.3221
      vertex 197.9 71.2 112.5
      vertex 197.9 57.3574 89.3369
    endloop
  endfacet
  facet normal 1 0 0
    outer loop
      vertex 197.9 57.6138 92.595
      vertex 197.9 61.708 106.678
      vertex 197.9 61.392 106.308
    endloop
  endfacet
  facet normal 1 0 0
    outer loop
      vertex 197.9 71.2 112.5
      vertex 197.9 61.9621 -3.39263
      vertex 197.9 62.1483 -3.84205
    endloop
  endfacet
  facet normal 1 0 0
    outer loop
      vertex 197.9 57.3574 93.6631
      vertex 197.9 61.392 106.308
      vertex 197.9 61.0221 105.992
    endloop
  endfacet
  facet normal 1 0 0
    outer loop
      vertex 197.9 71.2 112.5
      vertex 197.9 56.937 88.3221
      vertex 197.9 61.9621 -3.39263
    endloop
  endfacet
  facet normal 1 0 0
    outer loop
      vertex 197.9 56.937 94.6779
      vertex 197.9 61.0221 105.992
      vertex 197.9 60.6074 105.738
    endloop
  endfacet
  facet normal 1 0 0
    outer loop
      vertex 197.9 61.9621 -3.39263
      vertex 197.9 56.937 88.3221
      vertex 197.9 61.708 -2.97787
    endloop
  endfacet
  facet normal 1 0 0
    outer loop
      vertex 197.9 56.937 94.6779
      vertex 197.9 60.6074 105.738
      vertex 197.9 60.158 105.552
    endloop
  endfacet
  facet normal 1 -0 0
    outer loop
      vertex 197.9 56.3631 87.3855
      vertex 197.9 61.708 -2.97787
      vertex 197.9 56.937 88.3221
    endloop
  endfacet
  facet normal 1 0 0
    outer loop
      vertex 197.9 56.3631 95.6145
      vertex 197.9 60.158 105.552
      vertex 197.9 59.6849 105.438
    endloop
  endfacet
  facet normal 1 0 0
    outer loop
      vertex 197.9 61.708 -2.97787
      vertex 197.9 56.3631 87.3855
      vertex 197.9 61.392 -2.60797
    endloop
  endfacet
  facet normal 1 0 0
    outer loop
      vertex 197.9 55.6497 96.4497
      vertex 197.9 59.6849 105.438
      vertex 197.9 59.2 105.4
    endloop
  endfacet
  facet normal 1 -0 0
    outer loop
      vertex 197.9 55.6497 86.5503
      vertex 197.9 61.392 -2.60797
      vertex 197.9 56.3631 87.3855
    endloop
  endfacet
  facet normal 1 0 0
    outer loop
      vertex 197.9 55.6497 96.4497
      vertex 197.9 59.2 105.4
      vertex 197.9 58.7151 105.438
    endloop
  endfacet
  facet normal 1 0 0
    outer loop
      vertex 197.9 71.2 112.5
      vertex 197.9 57.7 91.5
      vertex 197.9 57.6138 90.405
    endloop
  endfacet
  facet normal 1 0 0
    outer loop
      vertex 197.9 54.8145 97.1631
      vertex 197.9 58.7151 105.438
      vertex 197.9 58.242 105.552
    endloop
  endfacet
  facet normal 1 0 0
    outer loop
      vertex 197.9 61.392 -2.60797
      vertex 197.9 55.6497 86.5503
      vertex 197.9 61.0221 -2.29205
    endloop
  endfacet
  facet normal 1 0 0
    outer loop
      vertex 197.9 53.8779 97.737
      vertex 197.9 58.242 105.552
      vertex 197.9 57.7926 105.738
    endloop
  endfacet
  facet normal 1 -0 0
    outer loop
      vertex 197.9 54.8145 85.8369
      vertex 197.9 61.0221 -2.29205
      vertex 197.9 55.6497 86.5503
    endloop
  endfacet
  facet normal 1 0 0
    outer loop
      vertex 197.9 61.0221 -2.29205
      vertex 197.9 54.8145 85.8369
      vertex 197.9 60.6074 -2.03788
    endloop
  endfacet
  facet normal 1 0 0
    outer loop
      vertex 197.9 71.2 112.5
      vertex 197.9 57.6138 92.595
      vertex 197.9 57.7 91.5
    endloop
  endfacet
  facet normal 1 0 0
    outer loop
      vertex 197.9 53.8779 97.737
      vertex 197.9 57.7926 105.738
      vertex 197.9 57.3779 105.992
    endloop
  endfacet
  facet normal 1 0 0
    outer loop
      vertex 197.9 61.392 106.308
      vertex 197.9 57.3574 93.6631
      vertex 197.9 57.6138 92.595
    endloop
  endfacet
  facet normal 1 0 0
    outer loop
      vertex 197.9 52.8631 98.1574
      vertex 197.9 57.3779 105.992
      vertex 197.9 57.008 106.308
    endloop
  endfacet
  facet normal 1 0 0
    outer loop
      vertex 197.9 61.0221 105.992
      vertex 197.9 56.937 94.6779
      vertex 197.9 57.3574 93.6631
    endloop
  endfacet
  facet normal 1 0 0
    outer loop
      vertex 197.9 51.795 98.4138
      vertex 197.9 57.008 106.308
      vertex 197.9 56.692 106.678
    endloop
  endfacet
  facet normal 1 0 0
    outer loop
      vertex 197.9 51.795 98.4138
      vertex 197.9 56.692 106.678
      vertex 197.9 56.4379 107.093
    endloop
  endfacet
  facet normal 1 0 0
    outer loop
      vertex 197.9 60.158 105.552
      vertex 197.9 56.3631 95.6145
      vertex 197.9 56.937 94.6779
    endloop
  endfacet
  facet normal 1 0 0
    outer loop
      vertex 197.9 50.7 98.5
      vertex 197.9 56.4379 107.093
      vertex 197.9 56.2517 107.542
    endloop
  endfacet
  facet normal 1 0 0
    outer loop
      vertex 197.9 49.605 98.4138
      vertex 197.9 56.2517 107.542
      vertex 197.9 56.1382 108.015
    endloop
  endfacet
  facet normal 1 0 0
    outer loop
      vertex 197.9 48.5369 98.1574
      vertex 197.9 56.1382 108.015
      vertex 197.9 56.1 108.5
    endloop
  endfacet
  facet normal 1 0 0
    outer loop
      vertex 197.9 59.6849 105.438
      vertex 197.9 55.6497 96.4497
      vertex 197.9 56.3631 95.6145
    endloop
  endfacet
  facet normal 1 0 0
    outer loop
      vertex 197.9 62.2618 108.015
      vertex 197.9 71.2 112.5
      vertex 197.9 62.3 108.5
    endloop
  endfacet
  facet normal 1 0 0
    outer loop
      vertex 197.9 71.2 112.5
      vertex 197.9 62.2618 108.985
      vertex 197.9 62.3 108.5
    endloop
  endfacet
  facet normal 1 0 0
    outer loop
      vertex 197.9 71.2 112.5
      vertex 197.9 62.1483 109.458
      vertex 197.9 62.2618 108.985
    endloop
  endfacet
  facet normal 1 0 0
    outer loop
      vertex 197.9 71.2 112.5
      vertex 197.9 61.9621 109.907
      vertex 197.9 62.1483 109.458
    endloop
  endfacet
  facet normal 1 0 0
    outer loop
      vertex 197.9 71.2 112.5
      vertex 197.9 61.708 110.322
      vertex 197.9 61.9621 109.907
    endloop
  endfacet
  facet normal 1 0 0
    outer loop
      vertex 197.9 71.2 112.5
      vertex 197.9 61.392 110.692
      vertex 197.9 61.708 110.322
    endloop
  endfacet
  facet normal 1 0 0
    outer loop
      vertex 197.9 71.2 112.5
      vertex 197.9 61.0221 111.008
      vertex 197.9 61.392 110.692
    endloop
  endfacet
  facet normal 1 0 0
    outer loop
      vertex 197.9 71.2 112.5
      vertex 197.9 60.6074 111.262
      vertex 197.9 61.0221 111.008
    endloop
  endfacet
  facet normal 1 0 0
    outer loop
      vertex 197.9 71.2 112.5
      vertex 197.9 60.158 111.448
      vertex 197.9 60.6074 111.262
    endloop
  endfacet
  facet normal 1 0 0
    outer loop
      vertex 197.9 71.2 112.5
      vertex 197.9 59.6849 111.562
      vertex 197.9 60.158 111.448
    endloop
  endfacet
  facet normal 1 0 0
    outer loop
      vertex 197.9 71.2 112.5
      vertex 197.9 59.2 111.6
      vertex 197.9 59.6849 111.562
    endloop
  endfacet
  facet normal 1 0 0
    outer loop
      vertex 197.9 58.7151 105.438
      vertex 197.9 54.8145 97.1631
      vertex 197.9 55.6497 96.4497
    endloop
  endfacet
  facet normal 1 0 0
    outer loop
      vertex 197.9 48.5369 98.1574
      vertex 197.9 56.1 108.5
      vertex 197.9 56.1382 108.985
    endloop
  endfacet
  facet normal 1 0 0
    outer loop
      vertex 197.9 58.242 105.552
      vertex 197.9 53.8779 97.737
      vertex 197.9 54.8145 97.1631
    endloop
  endfacet
  facet normal 1 0 0
    outer loop
      vertex 197.9 57.3779 105.992
      vertex 197.9 52.8631 98.1574
      vertex 197.9 53.8779 97.737
    endloop
  endfacet
  facet normal 1 0 0
    outer loop
      vertex 197.9 23.0618 108.985
      vertex 197.9 56.1382 108.985
      vertex 197.9 56.2517 109.458
    endloop
  endfacet
  facet normal 1 0 0
    outer loop
      vertex 197.9 57.008 106.308
      vertex 197.9 51.795 98.4138
      vertex 197.9 52.8631 98.1574
    endloop
  endfacet
  facet normal 1 0 0
    outer loop
      vertex 197.9 56.4379 107.093
      vertex 197.9 50.7 98.5
      vertex 197.9 51.795 98.4138
    endloop
  endfacet
  facet normal 1 0 0
    outer loop
      vertex 197.9 22.9483 109.458
      vertex 197.9 56.2517 109.458
      vertex 197.9 56.4379 109.907
    endloop
  endfacet
  facet normal 1 0 0
    outer loop
      vertex 197.9 56.2517 107.542
      vertex 197.9 49.605 98.4138
      vertex 197.9 50.7 98.5
    endloop
  endfacet
  facet normal 1 0 0
    outer loop
      vertex 197.9 56.1382 108.015
      vertex 197.9 48.5369 98.1574
      vertex 197.9 49.605 98.4138
    endloop
  endfacet
  facet normal 1 0 0
    outer loop
      vertex 197.9 22.7621 109.907
      vertex 197.9 56.4379 109.907
      vertex 197.9 56.692 110.322
    endloop
  endfacet
  facet normal 1 0 0
    outer loop
      vertex 197.9 56.1382 108.985
      vertex 197.9 47.5221 97.737
      vertex 197.9 48.5369 98.1574
    endloop
  endfacet
  facet normal 1 0 0
    outer loop
      vertex 197.9 56.1382 108.985
      vertex 197.9 23.0618 108.985
      vertex 197.9 47.5221 97.737
    endloop
  endfacet
  facet normal 1 0 0
    outer loop
      vertex 197.9 47.5221 97.737
      vertex 197.9 23.0618 108.985
      vertex 197.9 46.5855 97.1631
    endloop
  endfacet
  facet normal 1 -0 -0
    outer loop
      vertex 197.9 23.1 108.5
      vertex 197.9 46.5855 97.1631
      vertex 197.9 23.0618 108.985
    endloop
  endfacet
  facet normal 1 0 0
    outer loop
      vertex 197.9 45.0369 95.6145
      vertex 197.9 22.7621 107.093
      vertex 197.9 44.463 94.6779
    endloop
  endfacet
  facet normal 1 -0 0
    outer loop
      vertex 197.9 22.7621 107.093
      vertex 197.9 45.0369 95.6145
      vertex 197.9 22.9483 107.542
    endloop
  endfacet
  facet normal 1 0 0
    outer loop
      vertex 197.9 45.7503 96.4497
      vertex 197.9 22.9483 107.542
      vertex 197.9 45.0369 95.6145
    endloop
  endfacet
  facet normal 1 -0 0
    outer loop
      vertex 197.9 22.9483 107.542
      vertex 197.9 45.7503 96.4497
      vertex 197.9 23.0618 108.015
    endloop
  endfacet
  facet normal 1 0 0
    outer loop
      vertex 197.9 46.5855 97.1631
      vertex 197.9 23.1 108.5
      vertex 197.9 45.7503 96.4497
    endloop
  endfacet
  facet normal 1 0 0
    outer loop
      vertex 197.9 22.508 110.322
      vertex 197.9 56.692 110.322
      vertex 197.9 57.008 110.692
    endloop
  endfacet
  facet normal 1 0 0
    outer loop
      vertex 197.9 22.192 110.692
      vertex 197.9 57.008 110.692
      vertex 197.9 57.3779 111.008
    endloop
  endfacet
  facet normal 1 0 0
    outer loop
      vertex 197.9 21.8221 111.008
      vertex 197.9 57.3779 111.008
      vertex 197.9 57.7926 111.262
    endloop
  endfacet
  facet normal 1 0 0
    outer loop
      vertex 197.9 21.4074 111.262
      vertex 197.9 57.7926 111.262
      vertex 197.9 58.242 111.448
    endloop
  endfacet
  facet normal 1 0 0
    outer loop
      vertex 197.9 20.958 111.448
      vertex 197.9 58.242 111.448
      vertex 197.9 58.7151 111.562
    endloop
  endfacet
  facet normal 1 -0 0
    outer loop
      vertex 197.9 23.0618 108.015
      vertex 197.9 45.7503 96.4497
      vertex 197.9 23.1 108.5
    endloop
  endfacet
  facet normal 1 0 0
    outer loop
      vertex 197.9 20.4849 111.562
      vertex 197.9 58.7151 111.562
      vertex 197.9 59.2 111.6
    endloop
  endfacet
  facet normal 1 0 0
    outer loop
      vertex 197.9 20 111.6
      vertex 197.9 59.2 111.6
      vertex 197.9 71.2 112.5
    endloop
  endfacet
  facet normal 1 0 0
    outer loop
      vertex 197.9 56.2517 109.458
      vertex 197.9 22.9483 109.458
      vertex 197.9 23.0618 108.985
    endloop
  endfacet
  facet normal 1 0 0
    outer loop
      vertex 197.9 56.4379 109.907
      vertex 197.9 22.7621 109.907
      vertex 197.9 22.9483 109.458
    endloop
  endfacet
  facet normal 1 0 0
    outer loop
      vertex 197.9 56.692 110.322
      vertex 197.9 22.508 110.322
      vertex 197.9 22.7621 109.907
    endloop
  endfacet
  facet normal 1 0 0
    outer loop
      vertex 197.9 57.008 110.692
      vertex 197.9 22.192 110.692
      vertex 197.9 22.508 110.322
    endloop
  endfacet
  facet normal 1 0 0
    outer loop
      vertex 197.9 57.3779 111.008
      vertex 197.9 21.8221 111.008
      vertex 197.9 22.192 110.692
    endloop
  endfacet
  facet normal 1 0 0
    outer loop
      vertex 197.9 57.7926 111.262
      vertex 197.9 21.4074 111.262
      vertex 197.9 21.8221 111.008
    endloop
  endfacet
  facet normal 1 0 0
    outer loop
      vertex 197.9 58.242 111.448
      vertex 197.9 20.958 111.448
      vertex 197.9 21.4074 111.262
    endloop
  endfacet
  facet normal 1 0 0
    outer loop
      vertex 197.9 58.7151 111.562
      vertex 197.9 20.4849 111.562
      vertex 197.9 20.958 111.448
    endloop
  endfacet
  facet normal 1 0 0
    outer loop
      vertex 197.9 59.2 111.6
      vertex 197.9 20 111.6
      vertex 197.9 20.4849 111.562
    endloop
  endfacet
  facet normal 1 0 0
    outer loop
      vertex 197.9 43.7862 90.405
      vertex 197.9 12.8519 92.4921
      vertex 197.9 44.0426 89.3369
    endloop
  endfacet
  facet normal 1 0 0
    outer loop
      vertex 197.9 44.463 88.3221
      vertex 197.9 16.958 43.6843
      vertex 197.9 17.4074 43.4981
    endloop
  endfacet
  facet normal 1 0 0
    outer loop
      vertex 197.9 44.0426 89.3369
      vertex 197.9 12.4116 91.6279
      vertex 197.9 44.463 88.3221
    endloop
  endfacet
  facet normal 1 -0 0
    outer loop
      vertex 197.9 12.0957 91.258
      vertex 197.9 44.463 88.3221
      vertex 197.9 12.4116 91.6279
    endloop
  endfacet
  facet normal 1 -0 0
    outer loop
      vertex 197.9 11.7258 90.942
      vertex 197.9 44.463 88.3221
      vertex 197.9 12.0957 91.258
    endloop
  endfacet
  facet normal 1 0 0
    outer loop
      vertex 197.9 44.463 88.3221
      vertex 197.9 11.7258 90.942
      vertex 197.9 16.958 43.6843
    endloop
  endfacet
  facet normal 1 -0 0
    outer loop
      vertex 197.9 11.311 90.6879
      vertex 197.9 16.958 43.6843
      vertex 197.9 11.7258 90.942
    endloop
  endfacet
  facet normal 1 -0 0
    outer loop
      vertex 197.9 -1 75.4
      vertex 197.9 16.958 43.6843
      vertex 197.9 11.311 90.6879
    endloop
  endfacet
  facet normal 1 0 0
    outer loop
      vertex 197.9 16.958 43.6843
      vertex 197.9 -1 75.4
      vertex 197.9 16.4849 43.7978
    endloop
  endfacet
  facet normal 1 0 0
    outer loop
      vertex 197.9 16.4849 43.7978
      vertex 197.9 -1 75.4
      vertex 197.9 16 43.836
    endloop
  endfacet
  facet normal 1 0 0
    outer loop
      vertex 197.9 6.88583 112.5
      vertex 197.9 16.9 108.5
      vertex 197.9 16.9382 108.985
    endloop
  endfacet
  facet normal 1 0 0
    outer loop
      vertex 197.9 6.88583 112.5
      vertex 197.9 16.9382 108.985
      vertex 197.9 17.0517 109.458
    endloop
  endfacet
  facet normal 1 0 0
    outer loop
      vertex 197.9 19.5151 105.438
      vertex 197.9 12.9655 93.9349
      vertex 197.9 13.0037 93.45
    endloop
  endfacet
  facet normal 1 0 0
    outer loop
      vertex 197.9 19.5151 105.438
      vertex 197.9 12.8519 94.408
      vertex 197.9 12.9655 93.9349
    endloop
  endfacet
  facet normal 1 0 0
    outer loop
      vertex 197.9 19.5151 105.438
      vertex 197.9 12.6658 94.8574
      vertex 197.9 12.8519 94.408
    endloop
  endfacet
  facet normal 1 0 0
    outer loop
      vertex 197.9 19.5151 105.438
      vertex 197.9 12.4116 95.2721
      vertex 197.9 12.6658 94.8574
    endloop
  endfacet
  facet normal 1 0 0
    outer loop
      vertex 197.9 19.042 105.552
      vertex 197.9 12.0957 95.642
      vertex 197.9 12.4116 95.2721
    endloop
  endfacet
  facet normal 1 0 0
    outer loop
      vertex 197.9 18.5926 105.738
      vertex 197.9 11.7258 95.958
      vertex 197.9 12.0957 95.642
    endloop
  endfacet
  facet normal 1 0 0
    outer loop
      vertex 197.9 18.1779 105.992
      vertex 197.9 11.311 96.2121
      vertex 197.9 11.7258 95.958
    endloop
  endfacet
  facet normal 1 0 0
    outer loop
      vertex 197.9 6.88583 112.5
      vertex 197.9 17.0517 109.458
      vertex 197.9 17.2379 109.907
    endloop
  endfacet
  facet normal 1 0 0
    outer loop
      vertex 197.9 17.808 106.308
      vertex 197.9 10.8616 96.3983
      vertex 197.9 11.311 96.2121
    endloop
  endfacet
  facet normal 1 0 0
    outer loop
      vertex 197.9 17.492 106.678
      vertex 197.9 10.3886 96.5118
      vertex 197.9 10.8616 96.3983
    endloop
  endfacet
  facet normal 1 0 0
    outer loop
      vertex 197.9 17.2379 107.093
      vertex 197.9 9.90367 96.55
      vertex 197.9 10.3886 96.5118
    endloop
  endfacet
  facet normal 1 0 0
    outer loop
      vertex 197.9 17.0517 107.542
      vertex 197.9 6.88583 112.5
      vertex 197.9 9.90367 96.55
    endloop
  endfacet
  facet normal 1 0 0
    outer loop
      vertex 197.9 9.90367 96.55
      vertex 197.9 6.88583 112.5
      vertex 197.9 9.41872 96.5118
    endloop
  endfacet
  facet normal 1 0 0
    outer loop
      vertex 197.9 6.88583 112.5
      vertex 197.9 17.2379 109.907
      vertex 197.9 17.492 110.322
    endloop
  endfacet
  facet normal 1 0 0
    outer loop
      vertex 197.9 9.41872 96.5118
      vertex 197.9 6.88583 112.5
      vertex 197.9 8.94571 96.3983
    endloop
  endfacet
  facet normal 1 0 0
    outer loop
      vertex 197.9 8.94571 96.3983
      vertex 197.9 6.88583 112.5
      vertex 197.9 8.4963 96.2121
    endloop
  endfacet
  facet normal 1 0 0
    outer loop
      vertex 197.9 8.4963 96.2121
      vertex 197.9 6.88583 112.5
      vertex 197.9 8.08153 95.958
    endloop
  endfacet
  facet normal 1 0 0
    outer loop
      vertex 197.9 8.08153 95.958
      vertex 197.9 6.88583 112.5
      vertex 197.9 7.71164 95.642
    endloop
  endfacet
  facet normal 1 -0 0
    outer loop
      vertex 197.9 6.88583 112.5
      vertex 197.9 20 111.6
      vertex 197.9 71.2 112.5
    endloop
  endfacet
  facet normal 1 0 0
    outer loop
      vertex 197.9 6.88583 112.5
      vertex 197.9 19.5151 111.562
      vertex 197.9 20 111.6
    endloop
  endfacet
  facet normal 1 0 0
    outer loop
      vertex 197.9 6.88583 112.5
      vertex 197.9 19.042 111.448
      vertex 197.9 19.5151 111.562
    endloop
  endfacet
  facet normal 1 0 0
    outer loop
      vertex 197.9 6.88583 112.5
      vertex 197.9 18.5926 111.262
      vertex 197.9 19.042 111.448
    endloop
  endfacet
  facet normal 1 0 0
    outer loop
      vertex 197.9 6.88583 112.5
      vertex 197.9 18.1779 111.008
      vertex 197.9 18.5926 111.262
    endloop
  endfacet
  facet normal 1 0 0
    outer loop
      vertex 197.9 6.88583 112.5
      vertex 197.9 17.808 110.692
      vertex 197.9 18.1779 111.008
    endloop
  endfacet
  facet normal 1 0 0
    outer loop
      vertex 197.9 6.88583 112.5
      vertex 197.9 17.492 110.322
      vertex 197.9 17.808 110.692
    endloop
  endfacet
  facet normal 1 0 0
    outer loop
      vertex 197.9 7.71164 95.642
      vertex 197.9 6.88583 112.5
      vertex 197.9 7.39571 95.2721
    endloop
  endfacet
  facet normal 1 0 0
    outer loop
      vertex 197.9 6.88583 112.5
      vertex 197.9 7.14155 94.8574
      vertex 197.9 7.39571 95.2721
    endloop
  endfacet
  facet normal 1 0 0
    outer loop
      vertex 197.9 6.88583 112.5
      vertex 197.9 6.95539 94.408
      vertex 197.9 7.14155 94.8574
    endloop
  endfacet
  facet normal 1 0 0
    outer loop
      vertex 197.9 6.88583 112.5
      vertex 197.9 6.84183 93.9349
      vertex 197.9 6.95539 94.408
    endloop
  endfacet
  facet normal 1 0 0
    outer loop
      vertex 197.9 -1 75.4
      vertex 197.9 6.84183 93.9349
      vertex 197.9 6.88583 112.5
    endloop
  endfacet
  facet normal 1 0 0
    outer loop
      vertex 197.9 6.84183 93.9349
      vertex 197.9 -1 75.4
      vertex 197.9 6.80367 93.45
    endloop
  endfacet
  facet normal 1 0 0
    outer loop
      vertex 197.9 71.2 112.5
      vertex 197.9 62.3 -4.8
      vertex 197.9 71.2 -10.3
    endloop
  endfacet
  facet normal 1 -0 0
    outer loop
      vertex 197.9 62.2618 -5.28495
      vertex 197.9 71.2 -10.3
      vertex 197.9 62.3 -4.8
    endloop
  endfacet
  facet normal 1 -0 0
    outer loop
      vertex 197.9 62.1483 -5.75795
      vertex 197.9 71.2 -10.3
      vertex 197.9 62.2618 -5.28495
    endloop
  endfacet
  facet normal 1 -0 0
    outer loop
      vertex 197.9 61.9621 -6.20737
      vertex 197.9 71.2 -10.3
      vertex 197.9 62.1483 -5.75795
    endloop
  endfacet
  facet normal 1 -0 0
    outer loop
      vertex 197.9 61.708 -6.62213
      vertex 197.9 71.2 -10.3
      vertex 197.9 61.9621 -6.20737
    endloop
  endfacet
  facet normal 1 -0 0
    outer loop
      vertex 197.9 61.392 -6.99203
      vertex 197.9 71.2 -10.3
      vertex 197.9 61.708 -6.62213
    endloop
  endfacet
  facet normal 1 -0 0
    outer loop
      vertex 197.9 61.0221 -7.30795
      vertex 197.9 71.2 -10.3
      vertex 197.9 61.392 -6.99203
    endloop
  endfacet
  facet normal 1 -0 0
    outer loop
      vertex 197.9 60.6074 -7.56212
      vertex 197.9 71.2 -10.3
      vertex 197.9 61.0221 -7.30795
    endloop
  endfacet
  facet normal 1 -0 0
    outer loop
      vertex 197.9 60.158 -7.74827
      vertex 197.9 71.2 -10.3
      vertex 197.9 60.6074 -7.56212
    endloop
  endfacet
  facet normal 1 -0 0
    outer loop
      vertex 197.9 59.6849 -7.86183
      vertex 197.9 71.2 -10.3
      vertex 197.9 60.158 -7.74827
    endloop
  endfacet
  facet normal 1 -0 0
    outer loop
      vertex 197.9 59.2 -7.9
      vertex 197.9 71.2 -10.3
      vertex 197.9 59.6849 -7.86183
    endloop
  endfacet
  facet normal 1 0 0
    outer loop
      vertex 197.9 58.7151 -7.86183
      vertex 197.9 71.2 -10.3
      vertex 197.9 59.2 -7.9
    endloop
  endfacet
  facet normal 1 -0 0
    outer loop
      vertex 197.9 18.508 38.9139
      vertex 197.9 57.7926 -2.03788
      vertex 197.9 18.7621 39.3286
    endloop
  endfacet
  facet normal 1 0 0
    outer loop
      vertex 197.9 57.7926 -2.03788
      vertex 197.9 18.508 38.9139
      vertex 197.9 57.3779 -2.29205
    endloop
  endfacet
  facet normal 1 -0 0
    outer loop
      vertex 197.9 18.192 38.544
      vertex 197.9 57.3779 -2.29205
      vertex 197.9 18.508 38.9139
    endloop
  endfacet
  facet normal 1 0 0
    outer loop
      vertex 197.9 19.1 40.736
      vertex 197.9 52.8631 84.8426
      vertex 197.9 51.795 84.5862
    endloop
  endfacet
  facet normal 1 0 0
    outer loop
      vertex 197.9 19.0618 41.2209
      vertex 197.9 51.795 84.5862
      vertex 197.9 50.7 84.5
    endloop
  endfacet
  facet normal 1 0 0
    outer loop
      vertex 197.9 19.0618 41.2209
      vertex 197.9 50.7 84.5
      vertex 197.9 49.605 84.5862
    endloop
  endfacet
  facet normal 1 0 0
    outer loop
      vertex 197.9 19.0618 41.2209
      vertex 197.9 49.605 84.5862
      vertex 197.9 48.5369 84.8426
    endloop
  endfacet
  facet normal 1 0 0
    outer loop
      vertex 197.9 57.3779 -2.29205
      vertex 197.9 18.192 38.544
      vertex 197.9 57.008 -2.60797
    endloop
  endfacet
  facet normal 1 0 0
    outer loop
      vertex 197.9 19.0618 41.2209
      vertex 197.9 48.5369 84.8426
      vertex 197.9 47.5221 85.263
    endloop
  endfacet
  facet normal 1 0 0
    outer loop
      vertex 197.9 19.0618 41.2209
      vertex 197.9 47.5221 85.263
      vertex 197.9 46.5855 85.8369
    endloop
  endfacet
  facet normal 1 0 0
    outer loop
      vertex 197.9 19.0618 41.2209
      vertex 197.9 46.5855 85.8369
      vertex 197.9 45.7503 86.5503
    endloop
  endfacet
  facet normal 1 0 0
    outer loop
      vertex 197.9 19.0618 41.2209
      vertex 197.9 45.7503 86.5503
      vertex 197.9 45.0369 87.3855
    endloop
  endfacet
  facet normal 1 0 0
    outer loop
      vertex 197.9 19.0618 41.2209
      vertex 197.9 45.0369 87.3855
      vertex 197.9 44.463 88.3221
    endloop
  endfacet
  facet normal 1 0 0
    outer loop
      vertex 197.9 43.7 91.5
      vertex 197.9 12.9655 92.965
      vertex 197.9 43.7862 90.405
    endloop
  endfacet
  facet normal 1 -0 0
    outer loop
      vertex 197.9 12.9655 92.965
      vertex 197.9 43.7 91.5
      vertex 197.9 13.0037 93.45
    endloop
  endfacet
  facet normal 1 -0 0
    outer loop
      vertex 197.9 22.508 106.678
      vertex 197.9 44.463 94.6779
      vertex 197.9 22.7621 107.093
    endloop
  endfacet
  facet normal 1 0 0
    outer loop
      vertex 197.9 44.463 94.6779
      vertex 197.9 22.508 106.678
      vertex 197.9 44.0426 93.6631
    endloop
  endfacet
  facet normal 1 -0 0
    outer loop
      vertex 197.9 22.192 106.308
      vertex 197.9 44.0426 93.6631
      vertex 197.9 22.508 106.678
    endloop
  endfacet
  facet normal 1 0 0
    outer loop
      vertex 197.9 44.0426 93.6631
      vertex 197.9 22.192 106.308
      vertex 197.9 43.7862 92.595
    endloop
  endfacet
  facet normal 1 -0 0
    outer loop
      vertex 197.9 21.8221 105.992
      vertex 197.9 43.7862 92.595
      vertex 197.9 22.192 106.308
    endloop
  endfacet
  facet normal 1 -0 0
    outer loop
      vertex 197.9 17.8221 38.228
      vertex 197.9 57.008 -2.60797
      vertex 197.9 18.192 38.544
    endloop
  endfacet
  facet normal 1 -0 0
    outer loop
      vertex 197.9 21.4074 105.738
      vertex 197.9 43.7862 92.595
      vertex 197.9 21.8221 105.992
    endloop
  endfacet
  facet normal 1 0 0
    outer loop
      vertex 197.9 43.7862 92.595
      vertex 197.9 21.4074 105.738
      vertex 197.9 43.7 91.5
    endloop
  endfacet
  facet normal 1 0 0
    outer loop
      vertex 197.9 13.0037 93.45
      vertex 197.9 21.4074 105.738
      vertex 197.9 20.958 105.552
    endloop
  endfacet
  facet normal 1 0 0
    outer loop
      vertex 197.9 21.4074 105.738
      vertex 197.9 13.0037 93.45
      vertex 197.9 43.7 91.5
    endloop
  endfacet
  facet normal 1 0 0
    outer loop
      vertex 197.9 13.0037 93.45
      vertex 197.9 20.958 105.552
      vertex 197.9 20.4849 105.438
    endloop
  endfacet
  facet normal 1 0 0
    outer loop
      vertex 197.9 13.0037 93.45
      vertex 197.9 20.4849 105.438
      vertex 197.9 20 105.4
    endloop
  endfacet
  facet normal 1 0 0
    outer loop
      vertex 197.9 13.0037 93.45
      vertex 197.9 20 105.4
      vertex 197.9 19.5151 105.438
    endloop
  endfacet
  facet normal 1 -0 0
    outer loop
      vertex 197.9 12.8519 92.4921
      vertex 197.9 43.7862 90.405
      vertex 197.9 12.9655 92.965
    endloop
  endfacet
  facet normal 1 0 0
    outer loop
      vertex 197.9 57.008 -2.60797
      vertex 197.9 17.8221 38.228
      vertex 197.9 56.692 -2.97787
    endloop
  endfacet
  facet normal 1 0 0
    outer loop
      vertex 197.9 13.0618 -4.31505
      vertex 197.9 56.692 -2.97787
      vertex 197.9 17.8221 38.228
    endloop
  endfacet
  facet normal 1 0 0
    outer loop
      vertex 197.9 13.0618 -4.31505
      vertex 197.9 56.4379 -3.39263
      vertex 197.9 56.692 -2.97787
    endloop
  endfacet
  facet normal 1 0 0
    outer loop
      vertex 197.9 13.0618 -4.31505
      vertex 197.9 56.2517 -3.84205
      vertex 197.9 56.4379 -3.39263
    endloop
  endfacet
  facet normal 1 0 0
    outer loop
      vertex 197.9 13.0618 -4.31505
      vertex 197.9 56.1382 -4.31505
      vertex 197.9 56.2517 -3.84205
    endloop
  endfacet
  facet normal 1 0 0
    outer loop
      vertex 197.9 56.1382 -4.31505
      vertex 197.9 13.1 -4.8
      vertex 197.9 56.1 -4.8
    endloop
  endfacet
  facet normal 1 0 0
    outer loop
      vertex 197.9 56.1 -4.8
      vertex 197.9 13.1 -4.8
      vertex 197.9 56.1382 -5.28495
    endloop
  endfacet
  facet normal 1 0 0
    outer loop
      vertex 197.9 13.0618 -5.28495
      vertex 197.9 56.1382 -5.28495
      vertex 197.9 13.1 -4.8
    endloop
  endfacet
  facet normal 1 0 0
    outer loop
      vertex 197.9 56.1382 -5.28495
      vertex 197.9 13.0618 -5.28495
      vertex 197.9 56.2517 -5.75795
    endloop
  endfacet
  facet normal 1 0 0
    outer loop
      vertex 197.9 12.9483 -5.75795
      vertex 197.9 56.2517 -5.75795
      vertex 197.9 13.0618 -5.28495
    endloop
  endfacet
  facet normal 1 0 0
    outer loop
      vertex 197.9 13.0618 -4.31505
      vertex 197.9 17.8221 38.228
      vertex 197.9 17.4074 37.9739
    endloop
  endfacet
  facet normal 1 0 0
    outer loop
      vertex 197.9 13.0618 -4.31505
      vertex 197.9 17.4074 37.9739
      vertex 197.9 16.958 37.7877
    endloop
  endfacet
  facet normal 1 0 0
    outer loop
      vertex 197.9 13.0618 -4.31505
      vertex 197.9 16.958 37.7877
      vertex 197.9 16.4849 37.6742
    endloop
  endfacet
  facet normal 1 0 0
    outer loop
      vertex 197.9 13.0618 -4.31505
      vertex 197.9 16.4849 37.6742
      vertex 197.9 16 37.636
    endloop
  endfacet
  facet normal 1 0 0
    outer loop
      vertex 197.9 13.0618 -4.31505
      vertex 197.9 16 37.636
      vertex 197.9 15.5151 37.6742
    endloop
  endfacet
  facet normal 1 0 0
    outer loop
      vertex 197.9 13.0618 -4.31505
      vertex 197.9 15.5151 37.6742
      vertex 197.9 15.042 37.7877
    endloop
  endfacet
  facet normal 1 0 0
    outer loop
      vertex 197.9 13.0618 -4.31505
      vertex 197.9 15.042 37.7877
      vertex 197.9 14.5926 37.9739
    endloop
  endfacet
  facet normal 1 0 0
    outer loop
      vertex 197.9 13.0618 -4.31505
      vertex 197.9 14.5926 37.9739
      vertex 197.9 14.1779 38.228
    endloop
  endfacet
  facet normal 1 0 0
    outer loop
      vertex 197.9 13.0618 -4.31505
      vertex 197.9 14.1779 38.228
      vertex 197.9 13.808 38.544
    endloop
  endfacet
  facet normal 1 -0 0
    outer loop
      vertex 197.9 -1 39
      vertex 197.9 13.492 38.9139
      vertex 197.9 13.2379 39.3286
    endloop
  endfacet
  facet normal 1 0 0
    outer loop
      vertex 197.9 13.0618 -4.31505
      vertex 197.9 13.808 38.544
      vertex 197.9 13.492 38.9139
    endloop
  endfacet
  facet normal 1 0 0
    outer loop
      vertex 197.9 56.2517 -5.75795
      vertex 197.9 12.9483 -5.75795
      vertex 197.9 56.4379 -6.20737
    endloop
  endfacet
  facet normal 1 0 0
    outer loop
      vertex 197.9 12.7621 -6.20737
      vertex 197.9 56.4379 -6.20737
      vertex 197.9 12.9483 -5.75795
    endloop
  endfacet
  facet normal 1 0 0
    outer loop
      vertex 197.9 56.4379 -6.20737
      vertex 197.9 12.7621 -6.20737
      vertex 197.9 56.692 -6.62213
    endloop
  endfacet
  facet normal 1 0 0
    outer loop
      vertex 197.9 12.508 -6.62213
      vertex 197.9 56.692 -6.62213
      vertex 197.9 12.7621 -6.20737
    endloop
  endfacet
  facet normal 1 0 0
    outer loop
      vertex 197.9 56.692 -6.62213
      vertex 197.9 12.508 -6.62213
      vertex 197.9 57.008 -6.99203
    endloop
  endfacet
  facet normal 1 0 0
    outer loop
      vertex 197.9 12.192 -6.99203
      vertex 197.9 57.008 -6.99203
      vertex 197.9 12.508 -6.62213
    endloop
  endfacet
  facet normal 1 0 0
    outer loop
      vertex 197.9 57.008 -6.99203
      vertex 197.9 12.192 -6.99203
      vertex 197.9 57.3779 -7.30795
    endloop
  endfacet
  facet normal 1 0 0
    outer loop
      vertex 197.9 11.8221 -7.30795
      vertex 197.9 57.3779 -7.30795
      vertex 197.9 12.192 -6.99203
    endloop
  endfacet
  facet normal 1 0 0
    outer loop
      vertex 197.9 57.3779 -7.30795
      vertex 197.9 11.8221 -7.30795
      vertex 197.9 57.7926 -7.56212
    endloop
  endfacet
  facet normal 1 0 0
    outer loop
      vertex 197.9 11.4074 -7.56212
      vertex 197.9 57.7926 -7.56212
      vertex 197.9 11.8221 -7.30795
    endloop
  endfacet
  facet normal 1 0 0
    outer loop
      vertex 197.9 57.7926 -7.56212
      vertex 197.9 11.4074 -7.56212
      vertex 197.9 58.242 -7.74827
    endloop
  endfacet
  facet normal 1 0 0
    outer loop
      vertex 197.9 10.958 -7.74827
      vertex 197.9 58.242 -7.74827
      vertex 197.9 11.4074 -7.56212
    endloop
  endfacet
  facet normal 1 0 0
    outer loop
      vertex 197.9 58.242 -7.74827
      vertex 197.9 10.958 -7.74827
      vertex 197.9 58.7151 -7.86183
    endloop
  endfacet
  facet normal 1 0 0
    outer loop
      vertex 197.9 10.4849 -7.86183
      vertex 197.9 58.7151 -7.86183
      vertex 197.9 10.958 -7.74827
    endloop
  endfacet
  facet normal 1 0 0
    outer loop
      vertex 197.9 58.7151 -7.86183
      vertex 197.9 10.4849 -7.86183
      vertex 197.9 71.2 -10.3
    endloop
  endfacet
  facet normal 1 -0 0
    outer loop
      vertex 197.9 10 -7.9
      vertex 197.9 71.2 -10.3
      vertex 197.9 10.4849 -7.86183
    endloop
  endfacet
  facet normal 1 0 0
    outer loop
      vertex 197.9 -1 75.4
      vertex 197.9 6.84183 92.965
      vertex 197.9 6.80367 93.45
    endloop
  endfacet
  facet normal 1 0 0
    outer loop
      vertex 197.9 12.9382 41.2209
      vertex 197.9 -1 39
      vertex 197.9 12.9 40.736
    endloop
  endfacet
  facet normal 1 0 0
    outer loop
      vertex 197.9 7.05172 -3.84205
      vertex 197.9 -10.8414 -7.29999
      vertex 197.9 6.93817 -4.31505
    endloop
  endfacet
  facet normal 1 0 0
    outer loop
      vertex 197.9 6.93817 -4.31505
      vertex 197.9 -10.8414 -7.29999
      vertex 197.9 6.9 -4.8
    endloop
  endfacet
  facet normal 1 0 0
    outer loop
      vertex 197.9 6.9 -4.8
      vertex 197.9 -10.8414 -7.29999
      vertex 197.9 6.93817 -5.28495
    endloop
  endfacet
  facet normal 1 0 0
    outer loop
      vertex 197.9 -10.8414 -7.29999
      vertex 197.9 7.05172 -5.75795
      vertex 197.9 6.93817 -5.28495
    endloop
  endfacet
  facet normal 1 0 0
    outer loop
      vertex 197.9 -10.8414 -10.3
      vertex 197.9 7.05172 -5.75795
      vertex 197.9 -10.8414 -7.29999
    endloop
  endfacet
  facet normal 1 0 0
    outer loop
      vertex 197.9 7.05172 -5.75795
      vertex 197.9 -10.8414 -10.3
      vertex 197.9 7.23788 -6.20737
    endloop
  endfacet
  facet normal 1 0 0
    outer loop
      vertex 197.9 7.23788 -6.20737
      vertex 197.9 -10.8414 -10.3
      vertex 197.9 7.49205 -6.62213
    endloop
  endfacet
  facet normal 1 0 0
    outer loop
      vertex 197.9 7.49205 -6.62213
      vertex 197.9 -10.8414 -10.3
      vertex 197.9 7.80797 -6.99203
    endloop
  endfacet
  facet normal 1 0 0
    outer loop
      vertex 197.9 7.80797 -6.99203
      vertex 197.9 -10.8414 -10.3
      vertex 197.9 8.17787 -7.30795
    endloop
  endfacet
  facet normal 1 0 0
    outer loop
      vertex 197.9 8.17787 -7.30795
      vertex 197.9 -10.8414 -10.3
      vertex 197.9 8.59263 -7.56212
    endloop
  endfacet
  facet normal 1 0 0
    outer loop
      vertex 197.9 8.59263 -7.56212
      vertex 197.9 -10.8414 -10.3
      vertex 197.9 9.04205 -7.74827
    endloop
  endfacet
  facet normal 1 0 0
    outer loop
      vertex 197.9 9.04205 -7.74827
      vertex 197.9 -10.8414 -10.3
      vertex 197.9 9.51505 -7.86183
    endloop
  endfacet
  facet normal 1 0 0
    outer loop
      vertex 197.9 9.51505 -7.86183
      vertex 197.9 -10.8414 -10.3
      vertex 197.9 10 -7.9
    endloop
  endfacet
  facet normal 1 0 0
    outer loop
      vertex 197.9 10 -7.9
      vertex 197.9 -10.8414 -10.3
      vertex 197.9 71.2 -10.3
    endloop
  endfacet
  facet normal 1 -0 0
    outer loop
      vertex 197.9 53.8779 85.263
      vertex 197.9 60.6074 -2.03788
      vertex 197.9 54.8145 85.8369
    endloop
  endfacet
  facet normal 1 0 0
    outer loop
      vertex 197.9 60.6074 -2.03788
      vertex 197.9 53.8779 85.263
      vertex 197.9 60.158 -1.85172
    endloop
  endfacet
  facet normal 1 0 0
    outer loop
      vertex 197.9 60.158 -1.85172
      vertex 197.9 53.8779 85.263
      vertex 197.9 59.6849 -1.73817
    endloop
  endfacet
  facet normal 1 -0 0
    outer loop
      vertex 197.9 52.8631 84.8426
      vertex 197.9 59.6849 -1.73817
      vertex 197.9 53.8779 85.263
    endloop
  endfacet
  facet normal 1 0 0
    outer loop
      vertex 197.9 59.6849 -1.73817
      vertex 197.9 52.8631 84.8426
      vertex 197.9 59.2 -1.7
    endloop
  endfacet
  facet normal 1 -0 0
    outer loop
      vertex 197.9 19.1 40.736
      vertex 197.9 59.2 -1.7
      vertex 197.9 52.8631 84.8426
    endloop
  endfacet
  facet normal 1 -0 0
    outer loop
      vertex 197.9 19.0618 40.2511
      vertex 197.9 59.2 -1.7
      vertex 197.9 19.1 40.736
    endloop
  endfacet
  facet normal 1 0 0
    outer loop
      vertex 197.9 59.2 -1.7
      vertex 197.9 19.0618 40.2511
      vertex 197.9 58.7151 -1.73817
    endloop
  endfacet
  facet normal 1 -0 0
    outer loop
      vertex 197.9 18.9483 39.778
      vertex 197.9 58.7151 -1.73817
      vertex 197.9 19.0618 40.2511
    endloop
  endfacet
  facet normal 1 0 0
    outer loop
      vertex 197.9 58.7151 -1.73817
      vertex 197.9 18.9483 39.778
      vertex 197.9 58.242 -1.85172
    endloop
  endfacet
  facet normal 1 -0 0
    outer loop
      vertex 197.9 18.7621 39.3286
      vertex 197.9 58.242 -1.85172
      vertex 197.9 18.9483 39.778
    endloop
  endfacet
  facet normal 1 0 0
    outer loop
      vertex 197.9 58.242 -1.85172
      vertex 197.9 18.7621 39.3286
      vertex 197.9 57.7926 -2.03788
    endloop
  endfacet
  facet normal -0 0 1
    outer loop
      vertex 191.9 71.2 112.5
      vertex 197.9 6.88583 112.5
      vertex 197.9 71.2 112.5
    endloop
  endfacet
  facet normal 0 0 1
    outer loop
      vertex 197.9 6.88583 112.5
      vertex 191.9 71.2 112.5
      vertex 191.9 6.88583 112.5
    endloop
  endfacet
  facet normal 0 -0.978148 0.207911
    outer loop
      vertex 191.9 -1 75.4
      vertex 197.9 6.88583 112.5
      vertex 191.9 6.88583 112.5
    endloop
  endfacet
  facet normal 0 -0.978148 0.207911
    outer loop
      vertex 197.9 6.88583 112.5
      vertex 191.9 -1 75.4
      vertex 197.9 -1 75.4
    endloop
  endfacet
  facet normal 0 -1 0
    outer loop
      vertex 191.9 -1 39
      vertex 197.9 -1 75.4
      vertex 191.9 -1 75.4
    endloop
  endfacet
  facet normal 0 -1 -0
    outer loop
      vertex 197.9 -1 75.4
      vertex 191.9 -1 39
      vertex 197.9 -1 39
    endloop
  endfacet
  facet normal 0 -0.978147 0.207912
    outer loop
      vertex 191.9 -10.8414 -7.29999
      vertex 197.9 -1 39
      vertex 191.9 -1 39
    endloop
  endfacet
  facet normal 0 -0.978147 0.207912
    outer loop
      vertex 197.9 -1 39
      vertex 191.9 -10.8414 -7.29999
      vertex 197.9 -10.8414 -7.29999
    endloop
  endfacet
  facet normal 0 -1 0
    outer loop
      vertex 191.9 -10.8414 -10.3
      vertex 197.9 -10.8414 -7.29999
      vertex 191.9 -10.8414 -7.29999
    endloop
  endfacet
  facet normal 0 -1 -0
    outer loop
      vertex 197.9 -10.8414 -7.29999
      vertex 191.9 -10.8414 -10.3
      vertex 197.9 -10.8414 -10.3
    endloop
  endfacet
  facet normal 0 0 -1
    outer loop
      vertex 191.9 -10.8414 -10.3
      vertex 197.9 71.2 -10.3
      vertex 197.9 -10.8414 -10.3
    endloop
  endfacet
  facet normal -0 0 -1
    outer loop
      vertex 197.9 71.2 -10.3
      vertex 191.9 -10.8414 -10.3
      vertex 191.9 71.2 -10.3
    endloop
  endfacet
  facet normal 0 1 -0
    outer loop
      vertex 197.9 71.2 -10.3
      vertex 191.9 71.2 112.5
      vertex 197.9 71.2 112.5
    endloop
  endfacet
  facet normal 0 1 0
    outer loop
      vertex 191.9 71.2 112.5
      vertex 197.9 71.2 -10.3
      vertex 191.9 71.2 -10.3
    endloop
  endfacet
  facet normal 0 0.760435 -0.649414
    outer loop
      vertex 193.4 47.0594 94.145
      vertex 191.9 47.518 94.682
      vertex 193.4 47.518 94.682
    endloop
  endfacet
  facet normal 0 0.760435 -0.649414
    outer loop
      vertex 191.9 47.518 94.682
      vertex 193.4 47.0594 94.145
      vertex 191.9 47.0594 94.145
    endloop
  endfacet
  facet normal 0 -0.996918 -0.0784506
    outer loop
      vertex 191.9 55.2 91.5
      vertex 193.4 55.1446 92.204
      vertex 191.9 55.1446 92.204
    endloop
  endfacet
  facet normal 0 -0.996918 -0.0784506
    outer loop
      vertex 193.4 55.1446 92.204
      vertex 191.9 55.2 91.5
      vertex 193.4 55.2 91.5
    endloop
  endfacet
  facet normal 0 -0.382765 0.923846
    outer loop
      vertex 191.9 52.743 87.4905
      vertex 193.4 52.0906 87.2202
      vertex 193.4 52.743 87.4905
    endloop
  endfacet
  facet normal 0 -0.382765 0.923846
    outer loop
      vertex 193.4 52.0906 87.2202
      vertex 191.9 52.743 87.4905
      vertex 191.9 52.0906 87.2202
    endloop
  endfacet
  facet normal 0 -0.923846 0.382765
    outer loop
      vertex 191.9 54.7095 89.457
      vertex 193.4 54.9798 90.1094
      vertex 191.9 54.9798 90.1094
    endloop
  endfacet
  facet normal 0 -0.923846 0.382765
    outer loop
      vertex 193.4 54.9798 90.1094
      vertex 191.9 54.7095 89.457
      vertex 193.4 54.7095 89.457
    endloop
  endfacet
  facet normal 0 0.923846 0.382765
    outer loop
      vertex 193.4 46.6905 89.457
      vertex 191.9 46.4202 90.1094
      vertex 193.4 46.4202 90.1094
    endloop
  endfacet
  facet normal 0 0.923846 0.382765
    outer loop
      vertex 191.9 46.4202 90.1094
      vertex 193.4 46.6905 89.457
      vertex 191.9 46.6905 89.457
    endloop
  endfacet
  facet normal 0 -0.852644 0.522492
    outer loop
      vertex 191.9 54.3406 88.855
      vertex 193.4 54.7095 89.457
      vertex 191.9 54.7095 89.457
    endloop
  endfacet
  facet normal 0 -0.852644 0.522492
    outer loop
      vertex 193.4 54.7095 89.457
      vertex 191.9 54.3406 88.855
      vertex 193.4 54.3406 88.855
    endloop
  endfacet
  facet normal 0 -0.923846 -0.382765
    outer loop
      vertex 191.9 54.9798 92.8906
      vertex 193.4 54.7095 93.543
      vertex 191.9 54.7095 93.543
    endloop
  endfacet
  facet normal 0 -0.923846 -0.382765
    outer loop
      vertex 193.4 54.7095 93.543
      vertex 191.9 54.9798 92.8906
      vertex 193.4 54.9798 92.8906
    endloop
  endfacet
  facet normal -0 0.0784506 0.996918
    outer loop
      vertex 191.9 50.7 87
      vertex 193.4 49.996 87.0554
      vertex 193.4 50.7 87
    endloop
  endfacet
  facet normal 0 0.0784506 0.996918
    outer loop
      vertex 193.4 49.996 87.0554
      vertex 191.9 50.7 87
      vertex 191.9 49.996 87.0554
    endloop
  endfacet
  facet normal 0 -0.0784506 0.996918
    outer loop
      vertex 191.9 51.404 87.0554
      vertex 193.4 50.7 87
      vertex 193.4 51.404 87.0554
    endloop
  endfacet
  facet normal 0 -0.0784506 0.996918
    outer loop
      vertex 193.4 50.7 87
      vertex 191.9 51.404 87.0554
      vertex 191.9 50.7 87
    endloop
  endfacet
  facet normal 0 -0.972382 0.233394
    outer loop
      vertex 191.9 54.9798 90.1094
      vertex 193.4 55.1446 90.796
      vertex 191.9 55.1446 90.796
    endloop
  endfacet
  facet normal 0 -0.972382 0.233394
    outer loop
      vertex 193.4 55.1446 90.796
      vertex 191.9 54.9798 90.1094
      vertex 193.4 54.9798 90.1094
    endloop
  endfacet
  facet normal 0 -0.522492 0.852644
    outer loop
      vertex 191.9 53.345 87.8594
      vertex 193.4 52.743 87.4905
      vertex 193.4 53.345 87.8594
    endloop
  endfacet
  facet normal 0 -0.522492 0.852644
    outer loop
      vertex 193.4 52.743 87.4905
      vertex 191.9 53.345 87.8594
      vertex 191.9 52.743 87.4905
    endloop
  endfacet
  facet normal 0 0.233394 -0.972382
    outer loop
      vertex 191.9 49.3094 95.7798
      vertex 193.4 49.996 95.9446
      vertex 193.4 49.3094 95.7798
    endloop
  endfacet
  facet normal 0 0.233394 -0.972382
    outer loop
      vertex 193.4 49.996 95.9446
      vertex 191.9 49.3094 95.7798
      vertex 191.9 49.996 95.9446
    endloop
  endfacet
  facet normal 0 -0.760435 -0.649414
    outer loop
      vertex 191.9 54.3406 94.145
      vertex 193.4 53.882 94.682
      vertex 191.9 53.882 94.682
    endloop
  endfacet
  facet normal 0 -0.760435 -0.649414
    outer loop
      vertex 193.4 53.882 94.682
      vertex 191.9 54.3406 94.145
      vertex 193.4 54.3406 94.145
    endloop
  endfacet
  facet normal 0 0.996918 -0.0784506
    outer loop
      vertex 193.4 46.2 91.5
      vertex 191.9 46.2554 92.204
      vertex 193.4 46.2554 92.204
    endloop
  endfacet
  facet normal 0 0.996918 -0.0784506
    outer loop
      vertex 191.9 46.2554 92.204
      vertex 193.4 46.2 91.5
      vertex 191.9 46.2 91.5
    endloop
  endfacet
  facet normal 0 -0.852644 -0.522492
    outer loop
      vertex 191.9 54.7095 93.543
      vertex 193.4 54.3406 94.145
      vertex 191.9 54.3406 94.145
    endloop
  endfacet
  facet normal 0 -0.852644 -0.522492
    outer loop
      vertex 193.4 54.3406 94.145
      vertex 191.9 54.7095 93.543
      vertex 193.4 54.7095 93.543
    endloop
  endfacet
  facet normal -0 0.382765 0.923846
    outer loop
      vertex 191.9 49.3094 87.2202
      vertex 193.4 48.657 87.4905
      vertex 193.4 49.3094 87.2202
    endloop
  endfacet
  facet normal 0 0.382765 0.923846
    outer loop
      vertex 193.4 48.657 87.4905
      vertex 191.9 49.3094 87.2202
      vertex 191.9 48.657 87.4905
    endloop
  endfacet
  facet normal -0 0.522492 0.852644
    outer loop
      vertex 191.9 48.657 87.4905
      vertex 193.4 48.055 87.8594
      vertex 193.4 48.657 87.4905
    endloop
  endfacet
  facet normal 0 0.522492 0.852644
    outer loop
      vertex 193.4 48.055 87.8594
      vertex 191.9 48.657 87.4905
      vertex 191.9 48.055 87.8594
    endloop
  endfacet
  facet normal -0 0.233394 0.972382
    outer loop
      vertex 191.9 49.996 87.0554
      vertex 193.4 49.3094 87.2202
      vertex 193.4 49.996 87.0554
    endloop
  endfacet
  facet normal 0 0.233394 0.972382
    outer loop
      vertex 193.4 49.3094 87.2202
      vertex 191.9 49.996 87.0554
      vertex 191.9 49.3094 87.2202
    endloop
  endfacet
  facet normal 0 0.852644 -0.522492
    outer loop
      vertex 193.4 46.6905 93.543
      vertex 191.9 47.0594 94.145
      vertex 193.4 47.0594 94.145
    endloop
  endfacet
  facet normal 0 0.852644 -0.522492
    outer loop
      vertex 191.9 47.0594 94.145
      vertex 193.4 46.6905 93.543
      vertex 191.9 46.6905 93.543
    endloop
  endfacet
  facet normal 0 -0.233394 0.972382
    outer loop
      vertex 191.9 52.0906 87.2202
      vertex 193.4 51.404 87.0554
      vertex 193.4 52.0906 87.2202
    endloop
  endfacet
  facet normal 0 -0.233394 0.972382
    outer loop
      vertex 193.4 51.404 87.0554
      vertex 191.9 52.0906 87.2202
      vertex 191.9 51.404 87.0554
    endloop
  endfacet
  facet normal 0 -0.382765 -0.923846
    outer loop
      vertex 191.9 52.0906 95.7798
      vertex 193.4 52.743 95.5095
      vertex 193.4 52.0906 95.7798
    endloop
  endfacet
  facet normal -0 -0.382765 -0.923846
    outer loop
      vertex 193.4 52.743 95.5095
      vertex 191.9 52.0906 95.7798
      vertex 191.9 52.743 95.5095
    endloop
  endfacet
  facet normal 0 0.760435 0.649414
    outer loop
      vertex 193.4 47.518 88.318
      vertex 191.9 47.0594 88.855
      vertex 193.4 47.0594 88.855
    endloop
  endfacet
  facet normal 0 0.760435 0.649414
    outer loop
      vertex 191.9 47.0594 88.855
      vertex 193.4 47.518 88.318
      vertex 191.9 47.518 88.318
    endloop
  endfacet
  facet normal 0 -0.0784506 -0.996918
    outer loop
      vertex 191.9 50.7 96
      vertex 193.4 51.404 95.9446
      vertex 193.4 50.7 96
    endloop
  endfacet
  facet normal -0 -0.0784506 -0.996918
    outer loop
      vertex 193.4 51.404 95.9446
      vertex 191.9 50.7 96
      vertex 191.9 51.404 95.9446
    endloop
  endfacet
  facet normal 0 0.382765 -0.923846
    outer loop
      vertex 191.9 48.657 95.5095
      vertex 193.4 49.3094 95.7798
      vertex 193.4 48.657 95.5095
    endloop
  endfacet
  facet normal 0 0.382765 -0.923846
    outer loop
      vertex 193.4 49.3094 95.7798
      vertex 191.9 48.657 95.5095
      vertex 191.9 49.3094 95.7798
    endloop
  endfacet
  facet normal 0 -0.233394 -0.972382
    outer loop
      vertex 191.9 51.404 95.9446
      vertex 193.4 52.0906 95.7798
      vertex 193.4 51.404 95.9446
    endloop
  endfacet
  facet normal -0 -0.233394 -0.972382
    outer loop
      vertex 193.4 52.0906 95.7798
      vertex 191.9 51.404 95.9446
      vertex 191.9 52.0906 95.7798
    endloop
  endfacet
  facet normal 0 -0.522492 -0.852644
    outer loop
      vertex 191.9 52.743 95.5095
      vertex 193.4 53.345 95.1406
      vertex 193.4 52.743 95.5095
    endloop
  endfacet
  facet normal -0 -0.522492 -0.852644
    outer loop
      vertex 193.4 53.345 95.1406
      vertex 191.9 52.743 95.5095
      vertex 191.9 53.345 95.1406
    endloop
  endfacet
  facet normal -0 0.649414 0.760435
    outer loop
      vertex 191.9 48.055 87.8594
      vertex 193.4 47.518 88.318
      vertex 193.4 48.055 87.8594
    endloop
  endfacet
  facet normal 0 0.649414 0.760435
    outer loop
      vertex 193.4 47.518 88.318
      vertex 191.9 48.055 87.8594
      vertex 191.9 47.518 88.318
    endloop
  endfacet
  facet normal 0 0.972382 0.233394
    outer loop
      vertex 193.4 46.4202 90.1094
      vertex 191.9 46.2554 90.796
      vertex 193.4 46.2554 90.796
    endloop
  endfacet
  facet normal 0 0.972382 0.233394
    outer loop
      vertex 191.9 46.2554 90.796
      vertex 193.4 46.4202 90.1094
      vertex 191.9 46.4202 90.1094
    endloop
  endfacet
  facet normal 0 -0.649414 0.760435
    outer loop
      vertex 191.9 53.882 88.318
      vertex 193.4 53.345 87.8594
      vertex 193.4 53.882 88.318
    endloop
  endfacet
  facet normal 0 -0.649414 0.760435
    outer loop
      vertex 193.4 53.345 87.8594
      vertex 191.9 53.882 88.318
      vertex 191.9 53.345 87.8594
    endloop
  endfacet
  facet normal 0 -0.760435 0.649414
    outer loop
      vertex 191.9 53.882 88.318
      vertex 193.4 54.3406 88.855
      vertex 191.9 54.3406 88.855
    endloop
  endfacet
  facet normal 0 -0.760435 0.649414
    outer loop
      vertex 193.4 54.3406 88.855
      vertex 191.9 53.882 88.318
      vertex 193.4 53.882 88.318
    endloop
  endfacet
  facet normal 0 0.649414 -0.760435
    outer loop
      vertex 191.9 47.518 94.682
      vertex 193.4 48.055 95.1406
      vertex 193.4 47.518 94.682
    endloop
  endfacet
  facet normal 0 0.649414 -0.760435
    outer loop
      vertex 193.4 48.055 95.1406
      vertex 191.9 47.518 94.682
      vertex 191.9 48.055 95.1406
    endloop
  endfacet
  facet normal 0 -0.972382 -0.233394
    outer loop
      vertex 191.9 55.1446 92.204
      vertex 193.4 54.9798 92.8906
      vertex 191.9 54.9798 92.8906
    endloop
  endfacet
  facet normal 0 -0.972382 -0.233394
    outer loop
      vertex 193.4 54.9798 92.8906
      vertex 191.9 55.1446 92.204
      vertex 193.4 55.1446 92.204
    endloop
  endfacet
  facet normal 0 0.0784506 -0.996918
    outer loop
      vertex 191.9 49.996 95.9446
      vertex 193.4 50.7 96
      vertex 193.4 49.996 95.9446
    endloop
  endfacet
  facet normal 0 0.0784506 -0.996918
    outer loop
      vertex 193.4 50.7 96
      vertex 191.9 49.996 95.9446
      vertex 191.9 50.7 96
    endloop
  endfacet
  facet normal 0 0.522492 -0.852644
    outer loop
      vertex 191.9 48.055 95.1406
      vertex 193.4 48.657 95.5095
      vertex 193.4 48.055 95.1406
    endloop
  endfacet
  facet normal 0 0.522492 -0.852644
    outer loop
      vertex 193.4 48.657 95.5095
      vertex 191.9 48.055 95.1406
      vertex 191.9 48.657 95.5095
    endloop
  endfacet
  facet normal 0 0.852644 0.522492
    outer loop
      vertex 193.4 47.0594 88.855
      vertex 191.9 46.6905 89.457
      vertex 193.4 46.6905 89.457
    endloop
  endfacet
  facet normal 0 0.852644 0.522492
    outer loop
      vertex 191.9 46.6905 89.457
      vertex 193.4 47.0594 88.855
      vertex 191.9 47.0594 88.855
    endloop
  endfacet
  facet normal 0 -0.996918 0.0784506
    outer loop
      vertex 191.9 55.1446 90.796
      vertex 193.4 55.2 91.5
      vertex 191.9 55.2 91.5
    endloop
  endfacet
  facet normal 0 -0.996918 0.0784506
    outer loop
      vertex 193.4 55.2 91.5
      vertex 191.9 55.1446 90.796
      vertex 193.4 55.1446 90.796
    endloop
  endfacet
  facet normal 0 0.923846 -0.382765
    outer loop
      vertex 193.4 46.4202 92.8906
      vertex 191.9 46.6905 93.543
      vertex 193.4 46.6905 93.543
    endloop
  endfacet
  facet normal 0 0.923846 -0.382765
    outer loop
      vertex 191.9 46.6905 93.543
      vertex 193.4 46.4202 92.8906
      vertex 191.9 46.4202 92.8906
    endloop
  endfacet
  facet normal 0 0.972382 -0.233394
    outer loop
      vertex 193.4 46.2554 92.204
      vertex 191.9 46.4202 92.8906
      vertex 193.4 46.4202 92.8906
    endloop
  endfacet
  facet normal 0 0.972382 -0.233394
    outer loop
      vertex 191.9 46.4202 92.8906
      vertex 193.4 46.2554 92.204
      vertex 191.9 46.2554 92.204
    endloop
  endfacet
  facet normal 0 -0.649414 -0.760435
    outer loop
      vertex 191.9 53.345 95.1406
      vertex 193.4 53.882 94.682
      vertex 193.4 53.345 95.1406
    endloop
  endfacet
  facet normal -0 -0.649414 -0.760435
    outer loop
      vertex 193.4 53.882 94.682
      vertex 191.9 53.345 95.1406
      vertex 191.9 53.882 94.682
    endloop
  endfacet
  facet normal 0 0.996918 0.0784506
    outer loop
      vertex 193.4 46.2554 90.796
      vertex 191.9 46.2 91.5
      vertex 193.4 46.2 91.5
    endloop
  endfacet
  facet normal 0 0.996918 0.0784506
    outer loop
      vertex 191.9 46.2 91.5
      vertex 193.4 46.2554 90.796
      vertex 191.9 46.2554 90.796
    endloop
  endfacet
  facet normal 0 0.996916 0.0784787
    outer loop
      vertex 197.9 43.7862 90.405
      vertex 193.4 43.7 91.5
      vertex 197.9 43.7 91.5
    endloop
  endfacet
  facet normal 0 0.996916 0.0784787
    outer loop
      vertex 193.4 43.7 91.5
      vertex 197.9 43.7862 90.405
      vertex 193.4 43.7862 90.405
    endloop
  endfacet
  facet normal 0 -0.382727 0.923861
    outer loop
      vertex 193.4 53.8779 85.263
      vertex 197.9 52.8631 84.8426
      vertex 197.9 53.8779 85.263
    endloop
  endfacet
  facet normal 0 -0.382727 0.923861
    outer loop
      vertex 197.9 52.8631 84.8426
      vertex 193.4 53.8779 85.263
      vertex 193.4 52.8631 84.8426
    endloop
  endfacet
  facet normal 0 -0.233421 -0.972376
    outer loop
      vertex 193.4 51.795 98.4138
      vertex 197.9 52.8631 98.1574
      vertex 197.9 51.795 98.4138
    endloop
  endfacet
  facet normal -0 -0.233421 -0.972376
    outer loop
      vertex 197.9 52.8631 98.1574
      vertex 193.4 51.795 98.4138
      vertex 193.4 52.8631 98.1574
    endloop
  endfacet
  facet normal 0 -0.649486 0.760374
    outer loop
      vertex 193.4 55.6497 86.5503
      vertex 197.9 54.8145 85.8369
      vertex 197.9 55.6497 86.5503
    endloop
  endfacet
  facet normal 0 -0.649486 0.760374
    outer loop
      vertex 197.9 54.8145 85.8369
      vertex 193.4 55.6497 86.5503
      vertex 193.4 54.8145 85.8369
    endloop
  endfacet
  facet normal -0 0.522466 0.85266
    outer loop
      vertex 193.4 47.5221 85.263
      vertex 197.9 46.5855 85.8369
      vertex 197.9 47.5221 85.263
    endloop
  endfacet
  facet normal 0 0.522466 0.85266
    outer loop
      vertex 197.9 46.5855 85.8369
      vertex 193.4 47.5221 85.263
      vertex 193.4 46.5855 85.8369
    endloop
  endfacet
  facet normal 0 -0.0784787 0.996916
    outer loop
      vertex 193.4 51.795 84.5862
      vertex 197.9 50.7 84.5
      vertex 197.9 51.795 84.5862
    endloop
  endfacet
  facet normal 0 -0.0784787 0.996916
    outer loop
      vertex 197.9 50.7 84.5
      vertex 193.4 51.795 84.5862
      vertex 193.4 50.7 84.5
    endloop
  endfacet
  facet normal 0 -0.522466 0.85266
    outer loop
      vertex 193.4 54.8145 85.8369
      vertex 197.9 53.8779 85.263
      vertex 197.9 54.8145 85.8369
    endloop
  endfacet
  facet normal 0 -0.522466 0.85266
    outer loop
      vertex 197.9 53.8779 85.263
      vertex 193.4 54.8145 85.8369
      vertex 193.4 53.8779 85.263
    endloop
  endfacet
  facet normal 0 -0.760374 0.649486
    outer loop
      vertex 193.4 55.6497 86.5503
      vertex 197.9 56.3631 87.3855
      vertex 193.4 56.3631 87.3855
    endloop
  endfacet
  facet normal 0 -0.760374 0.649486
    outer loop
      vertex 197.9 56.3631 87.3855
      vertex 193.4 55.6497 86.5503
      vertex 197.9 55.6497 86.5503
    endloop
  endfacet
  facet normal 0 -0.923861 0.382727
    outer loop
      vertex 193.4 56.937 88.3221
      vertex 197.9 57.3574 89.3369
      vertex 193.4 57.3574 89.3369
    endloop
  endfacet
  facet normal 0 -0.923861 0.382727
    outer loop
      vertex 197.9 57.3574 89.3369
      vertex 193.4 56.937 88.3221
      vertex 197.9 56.937 88.3221
    endloop
  endfacet
  facet normal -0 0.382727 0.923861
    outer loop
      vertex 193.4 48.5369 84.8426
      vertex 197.9 47.5221 85.263
      vertex 197.9 48.5369 84.8426
    endloop
  endfacet
  facet normal 0 0.382727 0.923861
    outer loop
      vertex 197.9 47.5221 85.263
      vertex 193.4 48.5369 84.8426
      vertex 193.4 47.5221 85.263
    endloop
  endfacet
  facet normal 0 0.233421 -0.972376
    outer loop
      vertex 193.4 48.5369 98.1574
      vertex 197.9 49.605 98.4138
      vertex 197.9 48.5369 98.1574
    endloop
  endfacet
  facet normal 0 0.233421 -0.972376
    outer loop
      vertex 197.9 49.605 98.4138
      vertex 193.4 48.5369 98.1574
      vertex 193.4 49.605 98.4138
    endloop
  endfacet
  facet normal 0 0.923861 0.382727
    outer loop
      vertex 197.9 44.463 88.3221
      vertex 193.4 44.0426 89.3369
      vertex 197.9 44.0426 89.3369
    endloop
  endfacet
  facet normal 0 0.923861 0.382727
    outer loop
      vertex 193.4 44.0426 89.3369
      vertex 197.9 44.463 88.3221
      vertex 193.4 44.463 88.3221
    endloop
  endfacet
  facet normal 0 -0.85266 0.522466
    outer loop
      vertex 193.4 56.3631 87.3855
      vertex 197.9 56.937 88.3221
      vertex 193.4 56.937 88.3221
    endloop
  endfacet
  facet normal 0 -0.85266 0.522466
    outer loop
      vertex 197.9 56.937 88.3221
      vertex 193.4 56.3631 87.3855
      vertex 197.9 56.3631 87.3855
    endloop
  endfacet
  facet normal 0 0.972376 0.233421
    outer loop
      vertex 197.9 44.0426 89.3369
      vertex 193.4 43.7862 90.405
      vertex 197.9 43.7862 90.405
    endloop
  endfacet
  facet normal 0 0.972376 0.233421
    outer loop
      vertex 193.4 43.7862 90.405
      vertex 197.9 44.0426 89.3369
      vertex 193.4 44.0426 89.3369
    endloop
  endfacet
  facet normal 0 -0.972376 -0.233421
    outer loop
      vertex 193.4 57.6138 92.595
      vertex 197.9 57.3574 93.6631
      vertex 193.4 57.3574 93.6631
    endloop
  endfacet
  facet normal 0 -0.972376 -0.233421
    outer loop
      vertex 197.9 57.3574 93.6631
      vertex 193.4 57.6138 92.595
      vertex 197.9 57.6138 92.595
    endloop
  endfacet
  facet normal 1 0 0
    outer loop
      vertex 193.4 55.2 91.5
      vertex 193.4 57.7 91.5
      vertex 193.4 57.6138 92.595
    endloop
  endfacet
  facet normal 1 0 0
    outer loop
      vertex 193.4 55.1446 92.204
      vertex 193.4 57.6138 92.595
      vertex 193.4 57.3574 93.6631
    endloop
  endfacet
  facet normal 1 0 0
    outer loop
      vertex 193.4 57.7 91.5
      vertex 193.4 55.2 91.5
      vertex 193.4 57.6138 90.405
    endloop
  endfacet
  facet normal 1 0 0
    outer loop
      vertex 193.4 54.9798 92.8906
      vertex 193.4 57.3574 93.6631
      vertex 193.4 56.937 94.6779
    endloop
  endfacet
  facet normal 1 -0 0
    outer loop
      vertex 193.4 55.1446 90.796
      vertex 193.4 57.6138 90.405
      vertex 193.4 55.2 91.5
    endloop
  endfacet
  facet normal 1 0 0
    outer loop
      vertex 193.4 54.7095 93.543
      vertex 193.4 56.937 94.6779
      vertex 193.4 56.3631 95.6145
    endloop
  endfacet
  facet normal 1 0 0
    outer loop
      vertex 193.4 57.6138 90.405
      vertex 193.4 55.1446 90.796
      vertex 193.4 57.3574 89.3369
    endloop
  endfacet
  facet normal 1 0 0
    outer loop
      vertex 193.4 54.3406 94.145
      vertex 193.4 56.3631 95.6145
      vertex 193.4 55.6497 96.4497
    endloop
  endfacet
  facet normal 1 -0 0
    outer loop
      vertex 193.4 54.9798 90.1094
      vertex 193.4 57.3574 89.3369
      vertex 193.4 55.1446 90.796
    endloop
  endfacet
  facet normal 1 0 0
    outer loop
      vertex 193.4 57.3574 89.3369
      vertex 193.4 54.9798 90.1094
      vertex 193.4 56.937 88.3221
    endloop
  endfacet
  facet normal 1 0 0
    outer loop
      vertex 193.4 57.6138 92.595
      vertex 193.4 55.1446 92.204
      vertex 193.4 55.2 91.5
    endloop
  endfacet
  facet normal 1 0 0
    outer loop
      vertex 193.4 57.3574 93.6631
      vertex 193.4 54.9798 92.8906
      vertex 193.4 55.1446 92.204
    endloop
  endfacet
  facet normal 1 0 0
    outer loop
      vertex 193.4 53.882 94.682
      vertex 193.4 55.6497 96.4497
      vertex 193.4 54.8145 97.1631
    endloop
  endfacet
  facet normal 1 0 0
    outer loop
      vertex 193.4 56.937 94.6779
      vertex 193.4 54.7095 93.543
      vertex 193.4 54.9798 92.8906
    endloop
  endfacet
  facet normal 1 0 0
    outer loop
      vertex 193.4 56.3631 95.6145
      vertex 193.4 54.3406 94.145
      vertex 193.4 54.7095 93.543
    endloop
  endfacet
  facet normal 1 0 0
    outer loop
      vertex 193.4 55.6497 96.4497
      vertex 193.4 53.882 94.682
      vertex 193.4 54.3406 94.145
    endloop
  endfacet
  facet normal 1 0 0
    outer loop
      vertex 193.4 53.345 95.1406
      vertex 193.4 54.8145 97.1631
      vertex 193.4 53.8779 97.737
    endloop
  endfacet
  facet normal 1 0 0
    outer loop
      vertex 193.4 54.8145 97.1631
      vertex 193.4 53.345 95.1406
      vertex 193.4 53.882 94.682
    endloop
  endfacet
  facet normal 1 0 0
    outer loop
      vertex 193.4 52.743 95.5095
      vertex 193.4 53.8779 97.737
      vertex 193.4 52.8631 98.1574
    endloop
  endfacet
  facet normal 1 0 0
    outer loop
      vertex 193.4 53.8779 97.737
      vertex 193.4 52.743 95.5095
      vertex 193.4 53.345 95.1406
    endloop
  endfacet
  facet normal 1 0 0
    outer loop
      vertex 193.4 52.8631 98.1574
      vertex 193.4 52.0906 95.7798
      vertex 193.4 52.743 95.5095
    endloop
  endfacet
  facet normal 1 0 0
    outer loop
      vertex 193.4 51.795 98.4138
      vertex 193.4 52.0906 95.7798
      vertex 193.4 52.8631 98.1574
    endloop
  endfacet
  facet normal 1 0 0
    outer loop
      vertex 193.4 51.795 98.4138
      vertex 193.4 51.404 95.9446
      vertex 193.4 52.0906 95.7798
    endloop
  endfacet
  facet normal 1 0 0
    outer loop
      vertex 193.4 50.7 98.5
      vertex 193.4 51.404 95.9446
      vertex 193.4 51.795 98.4138
    endloop
  endfacet
  facet normal 1 0 0
    outer loop
      vertex 193.4 50.7 98.5
      vertex 193.4 50.7 96
      vertex 193.4 51.404 95.9446
    endloop
  endfacet
  facet normal 1 0 0
    outer loop
      vertex 193.4 50.7 98.5
      vertex 193.4 49.996 95.9446
      vertex 193.4 50.7 96
    endloop
  endfacet
  facet normal 1 -0 0
    outer loop
      vertex 193.4 49.605 98.4138
      vertex 193.4 49.996 95.9446
      vertex 193.4 50.7 98.5
    endloop
  endfacet
  facet normal 1 0 0
    outer loop
      vertex 193.4 49.605 98.4138
      vertex 193.4 49.3094 95.7798
      vertex 193.4 49.996 95.9446
    endloop
  endfacet
  facet normal 1 -0 0
    outer loop
      vertex 193.4 48.5369 98.1574
      vertex 193.4 49.3094 95.7798
      vertex 193.4 49.605 98.4138
    endloop
  endfacet
  facet normal 1 0 0
    outer loop
      vertex 193.4 49.3094 95.7798
      vertex 193.4 48.5369 98.1574
      vertex 193.4 48.657 95.5095
    endloop
  endfacet
  facet normal 1 -0 0
    outer loop
      vertex 193.4 47.5221 97.737
      vertex 193.4 48.657 95.5095
      vertex 193.4 48.5369 98.1574
    endloop
  endfacet
  facet normal 1 0 0
    outer loop
      vertex 193.4 48.657 95.5095
      vertex 193.4 47.5221 97.737
      vertex 193.4 48.055 95.1406
    endloop
  endfacet
  facet normal 1 -0 0
    outer loop
      vertex 193.4 46.5855 97.1631
      vertex 193.4 48.055 95.1406
      vertex 193.4 47.5221 97.737
    endloop
  endfacet
  facet normal 1 0 0
    outer loop
      vertex 193.4 48.055 95.1406
      vertex 193.4 46.5855 97.1631
      vertex 193.4 47.518 94.682
    endloop
  endfacet
  facet normal 1 -0 0
    outer loop
      vertex 193.4 45.7503 96.4497
      vertex 193.4 47.518 94.682
      vertex 193.4 46.5855 97.1631
    endloop
  endfacet
  facet normal 1 0 0
    outer loop
      vertex 193.4 47.518 94.682
      vertex 193.4 45.7503 96.4497
      vertex 193.4 47.0594 94.145
    endloop
  endfacet
  facet normal 1 -0 0
    outer loop
      vertex 193.4 45.0369 95.6145
      vertex 193.4 47.0594 94.145
      vertex 193.4 45.7503 96.4497
    endloop
  endfacet
  facet normal 1 0 0
    outer loop
      vertex 193.4 47.0594 94.145
      vertex 193.4 45.0369 95.6145
      vertex 193.4 46.6905 93.543
    endloop
  endfacet
  facet normal 1 -0 0
    outer loop
      vertex 193.4 44.463 94.6779
      vertex 193.4 46.6905 93.543
      vertex 193.4 45.0369 95.6145
    endloop
  endfacet
  facet normal 1 0 0
    outer loop
      vertex 193.4 46.6905 93.543
      vertex 193.4 44.463 94.6779
      vertex 193.4 46.4202 92.8906
    endloop
  endfacet
  facet normal 1 -0 0
    outer loop
      vertex 193.4 54.7095 89.457
      vertex 193.4 56.937 88.3221
      vertex 193.4 54.9798 90.1094
    endloop
  endfacet
  facet normal 1 0 0
    outer loop
      vertex 193.4 56.937 88.3221
      vertex 193.4 54.7095 89.457
      vertex 193.4 56.3631 87.3855
    endloop
  endfacet
  facet normal 1 -0 0
    outer loop
      vertex 193.4 54.3406 88.855
      vertex 193.4 56.3631 87.3855
      vertex 193.4 54.7095 89.457
    endloop
  endfacet
  facet normal 1 0 0
    outer loop
      vertex 193.4 56.3631 87.3855
      vertex 193.4 54.3406 88.855
      vertex 193.4 55.6497 86.5503
    endloop
  endfacet
  facet normal 1 -0 0
    outer loop
      vertex 193.4 53.882 88.318
      vertex 193.4 55.6497 86.5503
      vertex 193.4 54.3406 88.855
    endloop
  endfacet
  facet normal 1 0 0
    outer loop
      vertex 193.4 55.6497 86.5503
      vertex 193.4 53.882 88.318
      vertex 193.4 54.8145 85.8369
    endloop
  endfacet
  facet normal 1 -0 0
    outer loop
      vertex 193.4 53.345 87.8594
      vertex 193.4 54.8145 85.8369
      vertex 193.4 53.882 88.318
    endloop
  endfacet
  facet normal 1 0 0
    outer loop
      vertex 193.4 54.8145 85.8369
      vertex 193.4 53.345 87.8594
      vertex 193.4 53.8779 85.263
    endloop
  endfacet
  facet normal 1 -0 0
    outer loop
      vertex 193.4 52.743 87.4905
      vertex 193.4 53.8779 85.263
      vertex 193.4 53.345 87.8594
    endloop
  endfacet
  facet normal 1 0 0
    outer loop
      vertex 193.4 53.8779 85.263
      vertex 193.4 52.743 87.4905
      vertex 193.4 52.8631 84.8426
    endloop
  endfacet
  facet normal 1 -0 0
    outer loop
      vertex 193.4 52.0906 87.2202
      vertex 193.4 52.8631 84.8426
      vertex 193.4 52.743 87.4905
    endloop
  endfacet
  facet normal 1 0 0
    outer loop
      vertex 193.4 52.0906 87.2202
      vertex 193.4 51.795 84.5862
      vertex 193.4 52.8631 84.8426
    endloop
  endfacet
  facet normal 1 -0 0
    outer loop
      vertex 193.4 51.404 87.0554
      vertex 193.4 51.795 84.5862
      vertex 193.4 52.0906 87.2202
    endloop
  endfacet
  facet normal 1 -0 0
    outer loop
      vertex 193.4 50.7 87
      vertex 193.4 51.795 84.5862
      vertex 193.4 51.404 87.0554
    endloop
  endfacet
  facet normal 1 0 0
    outer loop
      vertex 193.4 50.7 87
      vertex 193.4 50.7 84.5
      vertex 193.4 51.795 84.5862
    endloop
  endfacet
  facet normal 1 0 0
    outer loop
      vertex 193.4 49.996 87.0554
      vertex 193.4 50.7 84.5
      vertex 193.4 50.7 87
    endloop
  endfacet
  facet normal 1 0 0
    outer loop
      vertex 193.4 49.996 87.0554
      vertex 193.4 49.605 84.5862
      vertex 193.4 50.7 84.5
    endloop
  endfacet
  facet normal 1 0 0
    outer loop
      vertex 193.4 49.3094 87.2202
      vertex 193.4 49.605 84.5862
      vertex 193.4 49.996 87.0554
    endloop
  endfacet
  facet normal 1 0 0
    outer loop
      vertex 193.4 48.5369 84.8426
      vertex 193.4 49.3094 87.2202
      vertex 193.4 48.657 87.4905
    endloop
  endfacet
  facet normal 1 0 0
    outer loop
      vertex 193.4 49.3094 87.2202
      vertex 193.4 48.5369 84.8426
      vertex 193.4 49.605 84.5862
    endloop
  endfacet
  facet normal 1 0 0
    outer loop
      vertex 193.4 47.5221 85.263
      vertex 193.4 48.657 87.4905
      vertex 193.4 48.055 87.8594
    endloop
  endfacet
  facet normal 1 0 0
    outer loop
      vertex 193.4 48.657 87.4905
      vertex 193.4 47.5221 85.263
      vertex 193.4 48.5369 84.8426
    endloop
  endfacet
  facet normal 1 0 0
    outer loop
      vertex 193.4 46.5855 85.8369
      vertex 193.4 48.055 87.8594
      vertex 193.4 47.518 88.318
    endloop
  endfacet
  facet normal 1 0 0
    outer loop
      vertex 193.4 45.7503 86.5503
      vertex 193.4 47.518 88.318
      vertex 193.4 47.0594 88.855
    endloop
  endfacet
  facet normal 1 0 0
    outer loop
      vertex 193.4 45.0369 87.3855
      vertex 193.4 47.0594 88.855
      vertex 193.4 46.6905 89.457
    endloop
  endfacet
  facet normal 1 0 0
    outer loop
      vertex 193.4 48.055 87.8594
      vertex 193.4 46.5855 85.8369
      vertex 193.4 47.5221 85.263
    endloop
  endfacet
  facet normal 1 0 0
    outer loop
      vertex 193.4 44.463 88.3221
      vertex 193.4 46.6905 89.457
      vertex 193.4 46.4202 90.1094
    endloop
  endfacet
  facet normal 1 0 0
    outer loop
      vertex 193.4 44.0426 89.3369
      vertex 193.4 46.4202 90.1094
      vertex 193.4 46.2554 90.796
    endloop
  endfacet
  facet normal 1 0 0
    outer loop
      vertex 193.4 43.7862 90.405
      vertex 193.4 46.2554 90.796
      vertex 193.4 46.2 91.5
    endloop
  endfacet
  facet normal 1 -0 0
    outer loop
      vertex 193.4 44.0426 93.6631
      vertex 193.4 46.4202 92.8906
      vertex 193.4 44.463 94.6779
    endloop
  endfacet
  facet normal 1 0 0
    outer loop
      vertex 193.4 47.518 88.318
      vertex 193.4 45.7503 86.5503
      vertex 193.4 46.5855 85.8369
    endloop
  endfacet
  facet normal 1 0 0
    outer loop
      vertex 193.4 46.4202 92.8906
      vertex 193.4 44.0426 93.6631
      vertex 193.4 46.2554 92.204
    endloop
  endfacet
  facet normal 1 0 0
    outer loop
      vertex 193.4 47.0594 88.855
      vertex 193.4 45.0369 87.3855
      vertex 193.4 45.7503 86.5503
    endloop
  endfacet
  facet normal 1 -0 0
    outer loop
      vertex 193.4 43.7862 92.595
      vertex 193.4 46.2554 92.204
      vertex 193.4 44.0426 93.6631
    endloop
  endfacet
  facet normal 1 0 0
    outer loop
      vertex 193.4 46.6905 89.457
      vertex 193.4 44.463 88.3221
      vertex 193.4 45.0369 87.3855
    endloop
  endfacet
  facet normal 1 0 0
    outer loop
      vertex 193.4 46.2554 92.204
      vertex 193.4 43.7862 92.595
      vertex 193.4 46.2 91.5
    endloop
  endfacet
  facet normal 1 0 0
    outer loop
      vertex 193.4 46.4202 90.1094
      vertex 193.4 44.0426 89.3369
      vertex 193.4 44.463 88.3221
    endloop
  endfacet
  facet normal 1 0 0
    outer loop
      vertex 193.4 43.7 91.5
      vertex 193.4 46.2 91.5
      vertex 193.4 43.7862 92.595
    endloop
  endfacet
  facet normal 1 0 0
    outer loop
      vertex 193.4 46.2554 90.796
      vertex 193.4 43.7862 90.405
      vertex 193.4 44.0426 89.3369
    endloop
  endfacet
  facet normal 1 0 0
    outer loop
      vertex 193.4 46.2 91.5
      vertex 193.4 43.7 91.5
      vertex 193.4 43.7862 90.405
    endloop
  endfacet
  facet normal 0 -0.233421 0.972376
    outer loop
      vertex 193.4 52.8631 84.8426
      vertex 197.9 51.795 84.5862
      vertex 197.9 52.8631 84.8426
    endloop
  endfacet
  facet normal 0 -0.233421 0.972376
    outer loop
      vertex 197.9 51.795 84.5862
      vertex 193.4 52.8631 84.8426
      vertex 193.4 51.795 84.5862
    endloop
  endfacet
  facet normal 0 -0.760374 -0.649486
    outer loop
      vertex 193.4 56.3631 95.6145
      vertex 197.9 55.6497 96.4497
      vertex 193.4 55.6497 96.4497
    endloop
  endfacet
  facet normal 0 -0.760374 -0.649486
    outer loop
      vertex 197.9 55.6497 96.4497
      vertex 193.4 56.3631 95.6145
      vertex 197.9 56.3631 95.6145
    endloop
  endfacet
  facet normal 0 -0.649486 -0.760374
    outer loop
      vertex 193.4 54.8145 97.1631
      vertex 197.9 55.6497 96.4497
      vertex 197.9 54.8145 97.1631
    endloop
  endfacet
  facet normal -0 -0.649486 -0.760374
    outer loop
      vertex 197.9 55.6497 96.4497
      vertex 193.4 54.8145 97.1631
      vertex 193.4 55.6497 96.4497
    endloop
  endfacet
  facet normal 0 -0.923861 -0.382727
    outer loop
      vertex 193.4 57.3574 93.6631
      vertex 197.9 56.937 94.6779
      vertex 193.4 56.937 94.6779
    endloop
  endfacet
  facet normal 0 -0.923861 -0.382727
    outer loop
      vertex 197.9 56.937 94.6779
      vertex 193.4 57.3574 93.6631
      vertex 197.9 57.3574 93.6631
    endloop
  endfacet
  facet normal -0 0.233421 0.972376
    outer loop
      vertex 193.4 49.605 84.5862
      vertex 197.9 48.5369 84.8426
      vertex 197.9 49.605 84.5862
    endloop
  endfacet
  facet normal 0 0.233421 0.972376
    outer loop
      vertex 197.9 48.5369 84.8426
      vertex 193.4 49.605 84.5862
      vertex 193.4 48.5369 84.8426
    endloop
  endfacet
  facet normal -0 0.0784787 0.996916
    outer loop
      vertex 193.4 50.7 84.5
      vertex 197.9 49.605 84.5862
      vertex 197.9 50.7 84.5
    endloop
  endfacet
  facet normal 0 0.0784787 0.996916
    outer loop
      vertex 197.9 49.605 84.5862
      vertex 193.4 50.7 84.5
      vertex 193.4 49.605 84.5862
    endloop
  endfacet
  facet normal 0 -0.382727 -0.923861
    outer loop
      vertex 193.4 52.8631 98.1574
      vertex 197.9 53.8779 97.737
      vertex 197.9 52.8631 98.1574
    endloop
  endfacet
  facet normal -0 -0.382727 -0.923861
    outer loop
      vertex 197.9 53.8779 97.737
      vertex 193.4 52.8631 98.1574
      vertex 193.4 53.8779 97.737
    endloop
  endfacet
  facet normal 0 -0.996916 0.0784787
    outer loop
      vertex 193.4 57.6138 90.405
      vertex 197.9 57.7 91.5
      vertex 193.4 57.7 91.5
    endloop
  endfacet
  facet normal 0 -0.996916 0.0784787
    outer loop
      vertex 197.9 57.7 91.5
      vertex 193.4 57.6138 90.405
      vertex 197.9 57.6138 90.405
    endloop
  endfacet
  facet normal 0 -0.0784787 -0.996916
    outer loop
      vertex 193.4 50.7 98.5
      vertex 197.9 51.795 98.4138
      vertex 197.9 50.7 98.5
    endloop
  endfacet
  facet normal -0 -0.0784787 -0.996916
    outer loop
      vertex 197.9 51.795 98.4138
      vertex 193.4 50.7 98.5
      vertex 193.4 51.795 98.4138
    endloop
  endfacet
  facet normal 0 0.522466 -0.85266
    outer loop
      vertex 193.4 46.5855 97.1631
      vertex 197.9 47.5221 97.737
      vertex 197.9 46.5855 97.1631
    endloop
  endfacet
  facet normal 0 0.522466 -0.85266
    outer loop
      vertex 197.9 47.5221 97.737
      vertex 193.4 46.5855 97.1631
      vertex 193.4 47.5221 97.737
    endloop
  endfacet
  facet normal -0 0.649486 0.760374
    outer loop
      vertex 193.4 46.5855 85.8369
      vertex 197.9 45.7503 86.5503
      vertex 197.9 46.5855 85.8369
    endloop
  endfacet
  facet normal 0 0.649486 0.760374
    outer loop
      vertex 197.9 45.7503 86.5503
      vertex 193.4 46.5855 85.8369
      vertex 193.4 45.7503 86.5503
    endloop
  endfacet
  facet normal 0 -0.972376 0.233421
    outer loop
      vertex 193.4 57.3574 89.3369
      vertex 197.9 57.6138 90.405
      vertex 193.4 57.6138 90.405
    endloop
  endfacet
  facet normal 0 -0.972376 0.233421
    outer loop
      vertex 197.9 57.6138 90.405
      vertex 193.4 57.3574 89.3369
      vertex 197.9 57.3574 89.3369
    endloop
  endfacet
  facet normal 0 -0.522466 -0.85266
    outer loop
      vertex 193.4 53.8779 97.737
      vertex 197.9 54.8145 97.1631
      vertex 197.9 53.8779 97.737
    endloop
  endfacet
  facet normal -0 -0.522466 -0.85266
    outer loop
      vertex 197.9 54.8145 97.1631
      vertex 193.4 53.8779 97.737
      vertex 193.4 54.8145 97.1631
    endloop
  endfacet
  facet normal 0 -0.996916 -0.0784787
    outer loop
      vertex 193.4 57.7 91.5
      vertex 197.9 57.6138 92.595
      vertex 193.4 57.6138 92.595
    endloop
  endfacet
  facet normal 0 -0.996916 -0.0784787
    outer loop
      vertex 197.9 57.6138 92.595
      vertex 193.4 57.7 91.5
      vertex 197.9 57.7 91.5
    endloop
  endfacet
  facet normal 0 0.382727 -0.923861
    outer loop
      vertex 193.4 47.5221 97.737
      vertex 197.9 48.5369 98.1574
      vertex 197.9 47.5221 97.737
    endloop
  endfacet
  facet normal 0 0.382727 -0.923861
    outer loop
      vertex 197.9 48.5369 98.1574
      vertex 193.4 47.5221 97.737
      vertex 193.4 48.5369 98.1574
    endloop
  endfacet
  facet normal 0 0.760374 -0.649486
    outer loop
      vertex 197.9 45.0369 95.6145
      vertex 193.4 45.7503 96.4497
      vertex 197.9 45.7503 96.4497
    endloop
  endfacet
  facet normal 0 0.760374 -0.649486
    outer loop
      vertex 193.4 45.7503 96.4497
      vertex 197.9 45.0369 95.6145
      vertex 193.4 45.0369 95.6145
    endloop
  endfacet
  facet normal 0 0.923861 -0.382727
    outer loop
      vertex 197.9 44.0426 93.6631
      vertex 193.4 44.463 94.6779
      vertex 197.9 44.463 94.6779
    endloop
  endfacet
  facet normal 0 0.923861 -0.382727
    outer loop
      vertex 193.4 44.463 94.6779
      vertex 197.9 44.0426 93.6631
      vertex 193.4 44.0426 93.6631
    endloop
  endfacet
  facet normal 0 0.649486 -0.760374
    outer loop
      vertex 193.4 45.7503 96.4497
      vertex 197.9 46.5855 97.1631
      vertex 197.9 45.7503 96.4497
    endloop
  endfacet
  facet normal 0 0.649486 -0.760374
    outer loop
      vertex 197.9 46.5855 97.1631
      vertex 193.4 45.7503 96.4497
      vertex 193.4 46.5855 97.1631
    endloop
  endfacet
  facet normal 0 0.0784787 -0.996916
    outer loop
      vertex 193.4 49.605 98.4138
      vertex 197.9 50.7 98.5
      vertex 197.9 49.605 98.4138
    endloop
  endfacet
  facet normal 0 0.0784787 -0.996916
    outer loop
      vertex 197.9 50.7 98.5
      vertex 193.4 49.605 98.4138
      vertex 193.4 50.7 98.5
    endloop
  endfacet
  facet normal 0 -0.85266 -0.522466
    outer loop
      vertex 193.4 56.937 94.6779
      vertex 197.9 56.3631 95.6145
      vertex 193.4 56.3631 95.6145
    endloop
  endfacet
  facet normal 0 -0.85266 -0.522466
    outer loop
      vertex 197.9 56.3631 95.6145
      vertex 193.4 56.937 94.6779
      vertex 197.9 56.937 94.6779
    endloop
  endfacet
  facet normal 0 0.996916 -0.0784787
    outer loop
      vertex 197.9 43.7 91.5
      vertex 193.4 43.7862 92.595
      vertex 197.9 43.7862 92.595
    endloop
  endfacet
  facet normal 0 0.996916 -0.0784787
    outer loop
      vertex 193.4 43.7862 92.595
      vertex 197.9 43.7 91.5
      vertex 193.4 43.7 91.5
    endloop
  endfacet
  facet normal 0 0.972376 -0.233421
    outer loop
      vertex 197.9 43.7862 92.595
      vertex 193.4 44.0426 93.6631
      vertex 197.9 44.0426 93.6631
    endloop
  endfacet
  facet normal 0 0.972376 -0.233421
    outer loop
      vertex 193.4 44.0426 93.6631
      vertex 197.9 43.7862 92.595
      vertex 193.4 43.7862 92.595
    endloop
  endfacet
  facet normal 0 0.760374 0.649486
    outer loop
      vertex 197.9 45.7503 86.5503
      vertex 193.4 45.0369 87.3855
      vertex 197.9 45.0369 87.3855
    endloop
  endfacet
  facet normal 0 0.760374 0.649486
    outer loop
      vertex 193.4 45.0369 87.3855
      vertex 197.9 45.7503 86.5503
      vertex 193.4 45.7503 86.5503
    endloop
  endfacet
  facet normal 0 0.85266 0.522466
    outer loop
      vertex 197.9 45.0369 87.3855
      vertex 193.4 44.463 88.3221
      vertex 197.9 44.463 88.3221
    endloop
  endfacet
  facet normal 0 0.85266 0.522466
    outer loop
      vertex 193.4 44.463 88.3221
      vertex 197.9 45.0369 87.3855
      vertex 193.4 45.0369 87.3855
    endloop
  endfacet
  facet normal 0 0.85266 -0.522466
    outer loop
      vertex 197.9 44.463 94.6779
      vertex 193.4 45.0369 95.6145
      vertex 197.9 45.0369 95.6145
    endloop
  endfacet
  facet normal 0 0.85266 -0.522466
    outer loop
      vertex 193.4 45.0369 95.6145
      vertex 197.9 44.463 94.6779
      vertex 193.4 44.463 94.6779
    endloop
  endfacet
  facet normal 0 -0.38264 0.923898
    outer loop
      vertex 191.9 10.7718 -6.31471
      vertex 195.9 10.5253 -6.4168
      vertex 195.9 10.7718 -6.31471
    endloop
  endfacet
  facet normal 0 -0.38264 0.923898
    outer loop
      vertex 195.9 10.5253 -6.4168
      vertex 191.9 10.7718 -6.31471
      vertex 191.9 10.5253 -6.4168
    endloop
  endfacet
  facet normal -0 0.233431 0.972373
    outer loop
      vertex 191.9 9.73406 -6.47907
      vertex 195.9 9.47467 -6.4168
      vertex 195.9 9.73406 -6.47907
    endloop
  endfacet
  facet normal 0 0.233431 0.972373
    outer loop
      vertex 195.9 9.47467 -6.4168
      vertex 191.9 9.73406 -6.47907
      vertex 191.9 9.47467 -6.4168
    endloop
  endfacet
  facet normal 0 -0.0784711 0.996916
    outer loop
      vertex 191.9 10.2659 -6.47907
      vertex 195.9 10 -6.5
      vertex 195.9 10.2659 -6.47907
    endloop
  endfacet
  facet normal 0 -0.0784711 0.996916
    outer loop
      vertex 195.9 10 -6.5
      vertex 191.9 10.2659 -6.47907
      vertex 191.9 10 -6.5
    endloop
  endfacet
  facet normal 0 -0.923857 0.382738
    outer loop
      vertex 191.9 11.5147 -5.57178
      vertex 195.9 11.6168 -5.32533
      vertex 191.9 11.6168 -5.32533
    endloop
  endfacet
  facet normal 0 -0.923857 0.382738
    outer loop
      vertex 195.9 11.6168 -5.32533
      vertex 191.9 11.5147 -5.57178
      vertex 195.9 11.5147 -5.57178
    endloop
  endfacet
  facet normal 0 0.522478 -0.852653
    outer loop
      vertex 191.9 9.00076 -3.42467
      vertex 195.9 9.22822 -3.28529
      vertex 195.9 9.00076 -3.42467
    endloop
  endfacet
  facet normal 0 0.522478 -0.852653
    outer loop
      vertex 195.9 9.22822 -3.28529
      vertex 191.9 9.00076 -3.42467
      vertex 191.9 9.22822 -3.28529
    endloop
  endfacet
  facet normal 0 -0.38264 -0.923898
    outer loop
      vertex 191.9 10.5253 -3.1832
      vertex 195.9 10.7718 -3.28529
      vertex 195.9 10.5253 -3.1832
    endloop
  endfacet
  facet normal -0 -0.38264 -0.923898
    outer loop
      vertex 195.9 10.7718 -3.28529
      vertex 191.9 10.5253 -3.1832
      vertex 191.9 10.7718 -3.28529
    endloop
  endfacet
  facet normal 0 0.649466 -0.760391
    outer loop
      vertex 191.9 8.79792 -3.59792
      vertex 195.9 9.00076 -3.42467
      vertex 195.9 8.79792 -3.59792
    endloop
  endfacet
  facet normal 0 0.649466 -0.760391
    outer loop
      vertex 195.9 9.00076 -3.42467
      vertex 191.9 8.79792 -3.59792
      vertex 191.9 9.00076 -3.42467
    endloop
  endfacet
  facet normal 0 -0.923857 -0.382738
    outer loop
      vertex 191.9 11.6168 -4.27467
      vertex 195.9 11.5147 -4.02822
      vertex 191.9 11.5147 -4.02822
    endloop
  endfacet
  facet normal 0 -0.923857 -0.382738
    outer loop
      vertex 195.9 11.5147 -4.02822
      vertex 191.9 11.6168 -4.27467
      vertex 195.9 11.6168 -4.27467
    endloop
  endfacet
  facet normal 0 -0.996926 -0.0783476
    outer loop
      vertex 191.9 11.7 -4.8
      vertex 195.9 11.6791 -4.53406
      vertex 191.9 11.6791 -4.53406
    endloop
  endfacet
  facet normal 0 -0.996926 -0.0783476
    outer loop
      vertex 195.9 11.6791 -4.53406
      vertex 191.9 11.7 -4.8
      vertex 195.9 11.7 -4.8
    endloop
  endfacet
  facet normal 0 -0.852609 -0.522549
    outer loop
      vertex 191.9 11.5147 -4.02822
      vertex 195.9 11.3753 -3.80077
      vertex 191.9 11.3753 -3.80077
    endloop
  endfacet
  facet normal 0 -0.852609 -0.522549
    outer loop
      vertex 195.9 11.3753 -3.80077
      vertex 191.9 11.5147 -4.02822
      vertex 195.9 11.5147 -4.02822
    endloop
  endfacet
  facet normal 0 -0.522578 -0.852592
    outer loop
      vertex 191.9 10.7718 -3.28529
      vertex 195.9 10.9992 -3.42467
      vertex 195.9 10.7718 -3.28529
    endloop
  endfacet
  facet normal -0 -0.522578 -0.852592
    outer loop
      vertex 195.9 10.9992 -3.42467
      vertex 191.9 10.7718 -3.28529
      vertex 191.9 10.9992 -3.42467
    endloop
  endfacet
  facet normal -0 0.382706 0.92387
    outer loop
      vertex 191.9 9.47467 -6.4168
      vertex 195.9 9.22822 -6.31471
      vertex 195.9 9.47467 -6.4168
    endloop
  endfacet
  facet normal 0 0.382706 0.92387
    outer loop
      vertex 195.9 9.22822 -6.31471
      vertex 191.9 9.47467 -6.4168
      vertex 191.9 9.22822 -6.31471
    endloop
  endfacet
  facet normal 0 0.852643 0.522494
    outer loop
      vertex 195.9 8.62467 -5.79923
      vertex 191.9 8.48529 -5.57178
      vertex 195.9 8.48529 -5.57178
    endloop
  endfacet
  facet normal 0 0.852643 0.522494
    outer loop
      vertex 191.9 8.48529 -5.57178
      vertex 195.9 8.62467 -5.79923
      vertex 191.9 8.62467 -5.79923
    endloop
  endfacet
  facet normal 0 -0.233423 0.972375
    outer loop
      vertex 191.9 10.5253 -6.4168
      vertex 195.9 10.2659 -6.47907
      vertex 195.9 10.5253 -6.4168
    endloop
  endfacet
  facet normal 0 -0.233423 0.972375
    outer loop
      vertex 195.9 10.2659 -6.47907
      vertex 191.9 10.5253 -6.4168
      vertex 191.9 10.2659 -6.47907
    endloop
  endfacet
  facet normal 0 0.972373 0.233431
    outer loop
      vertex 195.9 8.3832 -5.32533
      vertex 191.9 8.32093 -5.06594
      vertex 195.9 8.32093 -5.06594
    endloop
  endfacet
  facet normal 0 0.972373 0.233431
    outer loop
      vertex 191.9 8.32093 -5.06594
      vertex 195.9 8.3832 -5.32533
      vertex 191.9 8.3832 -5.32533
    endloop
  endfacet
  facet normal 0 0.760406 -0.649447
    outer loop
      vertex 195.9 8.62467 -3.80077
      vertex 191.9 8.79792 -3.59792
      vertex 195.9 8.79792 -3.59792
    endloop
  endfacet
  facet normal 0 0.760406 -0.649447
    outer loop
      vertex 191.9 8.79792 -3.59792
      vertex 195.9 8.62467 -3.80077
      vertex 191.9 8.62467 -3.80077
    endloop
  endfacet
  facet normal -0 0.0784593 0.996917
    outer loop
      vertex 191.9 10 -6.5
      vertex 195.9 9.73406 -6.47907
      vertex 195.9 10 -6.5
    endloop
  endfacet
  facet normal 0 0.0784593 0.996917
    outer loop
      vertex 195.9 9.73406 -6.47907
      vertex 191.9 10 -6.5
      vertex 191.9 9.73406 -6.47907
    endloop
  endfacet
  facet normal 0 0.996917 0.0784593
    outer loop
      vertex 195.9 8.32093 -5.06594
      vertex 191.9 8.3 -4.8
      vertex 195.9 8.3 -4.8
    endloop
  endfacet
  facet normal 0 0.996917 0.0784593
    outer loop
      vertex 191.9 8.3 -4.8
      vertex 195.9 8.32093 -5.06594
      vertex 191.9 8.32093 -5.06594
    endloop
  endfacet
  facet normal 0 -0.233423 -0.972375
    outer loop
      vertex 191.9 10.2659 -3.12093
      vertex 195.9 10.5253 -3.1832
      vertex 195.9 10.2659 -3.12093
    endloop
  endfacet
  facet normal -0 -0.233423 -0.972375
    outer loop
      vertex 195.9 10.5253 -3.1832
      vertex 191.9 10.2659 -3.12093
      vertex 191.9 10.5253 -3.1832
    endloop
  endfacet
  facet normal 0 -0.649355 0.760485
    outer loop
      vertex 191.9 11.2021 -6.00208
      vertex 195.9 10.9992 -6.17533
      vertex 195.9 11.2021 -6.00208
    endloop
  endfacet
  facet normal 0 -0.649355 0.760485
    outer loop
      vertex 195.9 10.9992 -6.17533
      vertex 191.9 11.2021 -6.00208
      vertex 191.9 10.9992 -6.17533
    endloop
  endfacet
  facet normal 0 -0.972348 0.233537
    outer loop
      vertex 191.9 11.6168 -5.32533
      vertex 195.9 11.6791 -5.06594
      vertex 191.9 11.6791 -5.06594
    endloop
  endfacet
  facet normal 0 -0.972348 0.233537
    outer loop
      vertex 195.9 11.6791 -5.06594
      vertex 191.9 11.6168 -5.32533
      vertex 195.9 11.6168 -5.32533
    endloop
  endfacet
  facet normal 0 -0.649355 -0.760485
    outer loop
      vertex 191.9 10.9992 -3.42467
      vertex 195.9 11.2021 -3.59792
      vertex 195.9 10.9992 -3.42467
    endloop
  endfacet
  facet normal -0 -0.649355 -0.760485
    outer loop
      vertex 195.9 11.2021 -3.59792
      vertex 191.9 10.9992 -3.42467
      vertex 191.9 11.2021 -3.59792
    endloop
  endfacet
  facet normal 0 -0.760499 0.649339
    outer loop
      vertex 191.9 11.2021 -6.00208
      vertex 195.9 11.3753 -5.79923
      vertex 191.9 11.3753 -5.79923
    endloop
  endfacet
  facet normal 0 -0.760499 0.649339
    outer loop
      vertex 195.9 11.3753 -5.79923
      vertex 191.9 11.2021 -6.00208
      vertex 195.9 11.2021 -6.00208
    endloop
  endfacet
  facet normal 0 0.92387 0.382706
    outer loop
      vertex 195.9 8.48529 -5.57178
      vertex 191.9 8.3832 -5.32533
      vertex 195.9 8.3832 -5.32533
    endloop
  endfacet
  facet normal 0 0.92387 0.382706
    outer loop
      vertex 191.9 8.3832 -5.32533
      vertex 195.9 8.48529 -5.57178
      vertex 191.9 8.48529 -5.57178
    endloop
  endfacet
  facet normal 0 -0.852609 0.522549
    outer loop
      vertex 191.9 11.3753 -5.79923
      vertex 195.9 11.5147 -5.57178
      vertex 191.9 11.5147 -5.57178
    endloop
  endfacet
  facet normal 0 -0.852609 0.522549
    outer loop
      vertex 195.9 11.5147 -5.57178
      vertex 191.9 11.3753 -5.79923
      vertex 195.9 11.3753 -5.79923
    endloop
  endfacet
  facet normal -0 0.522478 0.852653
    outer loop
      vertex 191.9 9.22822 -6.31471
      vertex 195.9 9.00076 -6.17533
      vertex 195.9 9.22822 -6.31471
    endloop
  endfacet
  facet normal 0 0.522478 0.852653
    outer loop
      vertex 195.9 9.00076 -6.17533
      vertex 191.9 9.22822 -6.31471
      vertex 191.9 9.00076 -6.17533
    endloop
  endfacet
  facet normal 0 0.760406 0.649447
    outer loop
      vertex 195.9 8.79792 -6.00208
      vertex 191.9 8.62467 -5.79923
      vertex 195.9 8.62467 -5.79923
    endloop
  endfacet
  facet normal 0 0.760406 0.649447
    outer loop
      vertex 191.9 8.62467 -5.79923
      vertex 195.9 8.79792 -6.00208
      vertex 191.9 8.79792 -6.00208
    endloop
  endfacet
  facet normal 0 -0.996926 0.0783476
    outer loop
      vertex 191.9 11.6791 -5.06594
      vertex 195.9 11.7 -4.8
      vertex 191.9 11.7 -4.8
    endloop
  endfacet
  facet normal 0 -0.996926 0.0783476
    outer loop
      vertex 195.9 11.7 -4.8
      vertex 191.9 11.6791 -5.06594
      vertex 195.9 11.6791 -5.06594
    endloop
  endfacet
  facet normal 0 -0.972348 -0.233537
    outer loop
      vertex 191.9 11.6791 -4.53406
      vertex 195.9 11.6168 -4.27467
      vertex 191.9 11.6168 -4.27467
    endloop
  endfacet
  facet normal 0 -0.972348 -0.233537
    outer loop
      vertex 195.9 11.6168 -4.27467
      vertex 191.9 11.6791 -4.53406
      vertex 195.9 11.6791 -4.53406
    endloop
  endfacet
  facet normal -0 0.649466 0.760391
    outer loop
      vertex 191.9 9.00076 -6.17533
      vertex 195.9 8.79792 -6.00208
      vertex 195.9 9.00076 -6.17533
    endloop
  endfacet
  facet normal 0 0.649466 0.760391
    outer loop
      vertex 195.9 8.79792 -6.00208
      vertex 191.9 9.00076 -6.17533
      vertex 191.9 8.79792 -6.00208
    endloop
  endfacet
  facet normal 0 -0.522578 0.852592
    outer loop
      vertex 191.9 10.9992 -6.17533
      vertex 195.9 10.7718 -6.31471
      vertex 195.9 10.9992 -6.17533
    endloop
  endfacet
  facet normal 0 -0.522578 0.852592
    outer loop
      vertex 195.9 10.7718 -6.31471
      vertex 191.9 10.9992 -6.17533
      vertex 191.9 10.7718 -6.31471
    endloop
  endfacet
  facet normal 0 0.972373 -0.233431
    outer loop
      vertex 195.9 8.32093 -4.53406
      vertex 191.9 8.3832 -4.27467
      vertex 195.9 8.3832 -4.27467
    endloop
  endfacet
  facet normal 0 0.972373 -0.233431
    outer loop
      vertex 191.9 8.3832 -4.27467
      vertex 195.9 8.32093 -4.53406
      vertex 191.9 8.32093 -4.53406
    endloop
  endfacet
  facet normal 0 0.852643 -0.522494
    outer loop
      vertex 195.9 8.48529 -4.02822
      vertex 191.9 8.62467 -3.80077
      vertex 195.9 8.62467 -3.80077
    endloop
  endfacet
  facet normal 0 0.852643 -0.522494
    outer loop
      vertex 191.9 8.62467 -3.80077
      vertex 195.9 8.48529 -4.02822
      vertex 191.9 8.48529 -4.02822
    endloop
  endfacet
  facet normal 0 -0.0784711 -0.996916
    outer loop
      vertex 191.9 10 -3.1
      vertex 195.9 10.2659 -3.12093
      vertex 195.9 10 -3.1
    endloop
  endfacet
  facet normal -0 -0.0784711 -0.996916
    outer loop
      vertex 195.9 10.2659 -3.12093
      vertex 191.9 10 -3.1
      vertex 191.9 10.2659 -3.12093
    endloop
  endfacet
  facet normal 0 0.0784593 -0.996917
    outer loop
      vertex 191.9 9.73406 -3.12093
      vertex 195.9 10 -3.1
      vertex 195.9 9.73406 -3.12093
    endloop
  endfacet
  facet normal 0 0.0784593 -0.996917
    outer loop
      vertex 195.9 10 -3.1
      vertex 191.9 9.73406 -3.12093
      vertex 191.9 10 -3.1
    endloop
  endfacet
  facet normal 0 0.92387 -0.382706
    outer loop
      vertex 195.9 8.3832 -4.27467
      vertex 191.9 8.48529 -4.02822
      vertex 195.9 8.48529 -4.02822
    endloop
  endfacet
  facet normal 0 0.92387 -0.382706
    outer loop
      vertex 191.9 8.48529 -4.02822
      vertex 195.9 8.3832 -4.27467
      vertex 191.9 8.3832 -4.27467
    endloop
  endfacet
  facet normal 0 0.382706 -0.92387
    outer loop
      vertex 191.9 9.22822 -3.28529
      vertex 195.9 9.47467 -3.1832
      vertex 195.9 9.22822 -3.28529
    endloop
  endfacet
  facet normal 0 0.382706 -0.92387
    outer loop
      vertex 195.9 9.47467 -3.1832
      vertex 191.9 9.22822 -3.28529
      vertex 191.9 9.47467 -3.1832
    endloop
  endfacet
  facet normal 0 0.233431 -0.972373
    outer loop
      vertex 191.9 9.47467 -3.1832
      vertex 195.9 9.73406 -3.12093
      vertex 195.9 9.47467 -3.1832
    endloop
  endfacet
  facet normal 0 0.233431 -0.972373
    outer loop
      vertex 195.9 9.73406 -3.12093
      vertex 191.9 9.47467 -3.1832
      vertex 191.9 9.73406 -3.12093
    endloop
  endfacet
  facet normal 0 0.996917 -0.0784593
    outer loop
      vertex 195.9 8.3 -4.8
      vertex 191.9 8.32093 -4.53406
      vertex 195.9 8.32093 -4.53406
    endloop
  endfacet
  facet normal 0 0.996917 -0.0784593
    outer loop
      vertex 191.9 8.32093 -4.53406
      vertex 195.9 8.3 -4.8
      vertex 191.9 8.3 -4.8
    endloop
  endfacet
  facet normal 0 -0.760499 -0.649339
    outer loop
      vertex 191.9 11.3753 -3.80077
      vertex 195.9 11.2021 -3.59792
      vertex 191.9 11.2021 -3.59792
    endloop
  endfacet
  facet normal 0 -0.760499 -0.649339
    outer loop
      vertex 195.9 11.2021 -3.59792
      vertex 191.9 11.3753 -3.80077
      vertex 195.9 11.3753 -3.80077
    endloop
  endfacet
  facet normal 0 -0.972397 0.233334
    outer loop
      vertex 195.9 12.9483 -5.75795
      vertex 197.9 13.0618 -5.28495
      vertex 195.9 13.0618 -5.28495
    endloop
  endfacet
  facet normal 0 -0.972397 0.233334
    outer loop
      vertex 197.9 13.0618 -5.28495
      vertex 195.9 12.9483 -5.75795
      vertex 197.9 12.9483 -5.75795
    endloop
  endfacet
  facet normal 0 0.996917 -0.0784665
    outer loop
      vertex 197.9 6.9 -4.8
      vertex 195.9 6.93817 -4.31505
      vertex 197.9 6.93817 -4.31505
    endloop
  endfacet
  facet normal 0 0.996917 -0.0784665
    outer loop
      vertex 195.9 6.93817 -4.31505
      vertex 197.9 6.9 -4.8
      vertex 195.9 6.9 -4.8
    endloop
  endfacet
  facet normal 0 0.996917 0.0784665
    outer loop
      vertex 197.9 6.93817 -5.28495
      vertex 195.9 6.9 -4.8
      vertex 197.9 6.9 -4.8
    endloop
  endfacet
  facet normal 0 0.996917 0.0784665
    outer loop
      vertex 195.9 6.9 -4.8
      vertex 197.9 6.93817 -5.28495
      vertex 195.9 6.93817 -5.28495
    endloop
  endfacet
  facet normal -0 0.0784665 0.996917
    outer loop
      vertex 195.9 10 -7.9
      vertex 197.9 9.51505 -7.86183
      vertex 197.9 10 -7.9
    endloop
  endfacet
  facet normal 0 0.0784665 0.996917
    outer loop
      vertex 197.9 9.51505 -7.86183
      vertex 195.9 10 -7.9
      vertex 195.9 9.51505 -7.86183
    endloop
  endfacet
  facet normal 0 -0.0784745 0.996916
    outer loop
      vertex 195.9 10.4849 -7.86183
      vertex 197.9 10 -7.9
      vertex 197.9 10.4849 -7.86183
    endloop
  endfacet
  facet normal 0 -0.0784745 0.996916
    outer loop
      vertex 197.9 10 -7.9
      vertex 195.9 10.4849 -7.86183
      vertex 195.9 10 -7.9
    endloop
  endfacet
  facet normal -0 0.233451 0.972369
    outer loop
      vertex 195.9 9.51505 -7.86183
      vertex 197.9 9.04205 -7.74827
      vertex 197.9 9.51505 -7.86183
    endloop
  endfacet
  facet normal 0 0.233451 0.972369
    outer loop
      vertex 197.9 9.04205 -7.74827
      vertex 195.9 9.51505 -7.86183
      vertex 195.9 9.04205 -7.74827
    endloop
  endfacet
  facet normal 0 -0.522561 -0.852602
    outer loop
      vertex 195.9 11.4074 -2.03788
      vertex 197.9 11.8221 -2.29205
      vertex 197.9 11.4074 -2.03788
    endloop
  endfacet
  facet normal -0 -0.522561 -0.852602
    outer loop
      vertex 197.9 11.8221 -2.29205
      vertex 195.9 11.4074 -2.03788
      vertex 195.9 11.8221 -2.29205
    endloop
  endfacet
  facet normal 0 -0.8527 0.522401
    outer loop
      vertex 195.9 12.508 -6.62213
      vertex 197.9 12.7621 -6.20737
      vertex 195.9 12.7621 -6.20737
    endloop
  endfacet
  facet normal 0 -0.8527 0.522401
    outer loop
      vertex 197.9 12.7621 -6.20737
      vertex 195.9 12.508 -6.62213
      vertex 197.9 12.508 -6.62213
    endloop
  endfacet
  facet normal 0 -0.760329 0.649538
    outer loop
      vertex 195.9 12.192 -6.99203
      vertex 197.9 12.508 -6.62213
      vertex 195.9 12.508 -6.62213
    endloop
  endfacet
  facet normal 0 -0.760329 0.649538
    outer loop
      vertex 197.9 12.508 -6.62213
      vertex 195.9 12.192 -6.99203
      vertex 197.9 12.192 -6.99203
    endloop
  endfacet
  facet normal -0 0.522506 0.852636
    outer loop
      vertex 195.9 8.59263 -7.56212
      vertex 197.9 8.17787 -7.30795
      vertex 197.9 8.59263 -7.56212
    endloop
  endfacet
  facet normal 0 0.522506 0.852636
    outer loop
      vertex 197.9 8.17787 -7.30795
      vertex 195.9 8.59263 -7.56212
      vertex 195.9 8.17787 -7.30795
    endloop
  endfacet
  facet normal 0 -0.8527 -0.522401
    outer loop
      vertex 195.9 12.7621 -3.39263
      vertex 197.9 12.508 -2.97787
      vertex 195.9 12.508 -2.97787
    endloop
  endfacet
  facet normal 0 -0.8527 -0.522401
    outer loop
      vertex 197.9 12.508 -2.97787
      vertex 195.9 12.7621 -3.39263
      vertex 197.9 12.7621 -3.39263
    endloop
  endfacet
  facet normal -0 0.382673 0.923884
    outer loop
      vertex 195.9 9.04205 -7.74827
      vertex 197.9 8.59263 -7.56212
      vertex 197.9 9.04205 -7.74827
    endloop
  endfacet
  facet normal 0 0.382673 0.923884
    outer loop
      vertex 197.9 8.59263 -7.56212
      vertex 195.9 9.04205 -7.74827
      vertex 195.9 8.59263 -7.56212
    endloop
  endfacet
  facet normal 0 -0.233385 -0.972385
    outer loop
      vertex 195.9 10.4849 -1.73817
      vertex 197.9 10.958 -1.85172
      vertex 197.9 10.4849 -1.73817
    endloop
  endfacet
  facet normal -0 -0.233385 -0.972385
    outer loop
      vertex 197.9 10.958 -1.85172
      vertex 195.9 10.4849 -1.73817
      vertex 195.9 10.958 -1.85172
    endloop
  endfacet
  facet normal 0 0.382691 -0.923877
    outer loop
      vertex 195.9 8.59263 -2.03788
      vertex 197.9 9.04205 -1.85172
      vertex 197.9 8.59263 -2.03788
    endloop
  endfacet
  facet normal 0 0.382691 -0.923877
    outer loop
      vertex 197.9 9.04205 -1.85172
      vertex 195.9 8.59263 -2.03788
      vertex 195.9 9.04205 -1.85172
    endloop
  endfacet
  facet normal 0 -0.996912 -0.0785278
    outer loop
      vertex 195.9 13.1 -4.8
      vertex 197.9 13.0618 -4.31505
      vertex 195.9 13.0618 -4.31505
    endloop
  endfacet
  facet normal 0 -0.996912 -0.0785278
    outer loop
      vertex 197.9 13.0618 -4.31505
      vertex 195.9 13.1 -4.8
      vertex 197.9 13.1 -4.8
    endloop
  endfacet
  facet normal 0 -0.233404 0.97238
    outer loop
      vertex 195.9 10.958 -7.74827
      vertex 197.9 10.4849 -7.86183
      vertex 197.9 10.958 -7.74827
    endloop
  endfacet
  facet normal 0 -0.233404 0.97238
    outer loop
      vertex 197.9 10.4849 -7.86183
      vertex 195.9 10.958 -7.74827
      vertex 195.9 10.4849 -7.86183
    endloop
  endfacet
  facet normal 0 -0.760329 -0.649538
    outer loop
      vertex 195.9 12.508 -2.97787
      vertex 197.9 12.192 -2.60797
      vertex 195.9 12.192 -2.60797
    endloop
  endfacet
  facet normal 0 -0.760329 -0.649538
    outer loop
      vertex 197.9 12.192 -2.60797
      vertex 195.9 12.508 -2.97787
      vertex 197.9 12.508 -2.97787
    endloop
  endfacet
  facet normal 0 -0.522561 0.852602
    outer loop
      vertex 195.9 11.8221 -7.30795
      vertex 197.9 11.4074 -7.56212
      vertex 197.9 11.8221 -7.30795
    endloop
  endfacet
  facet normal 0 -0.522561 0.852602
    outer loop
      vertex 197.9 11.4074 -7.56212
      vertex 195.9 11.8221 -7.30795
      vertex 195.9 11.4074 -7.56212
    endloop
  endfacet
  facet normal 0 -0.996912 0.0785278
    outer loop
      vertex 195.9 13.0618 -5.28495
      vertex 197.9 13.1 -4.8
      vertex 195.9 13.1 -4.8
    endloop
  endfacet
  facet normal 0 -0.996912 0.0785278
    outer loop
      vertex 197.9 13.1 -4.8
      vertex 195.9 13.0618 -5.28495
      vertex 197.9 13.0618 -5.28495
    endloop
  endfacet
  facet normal 0 0.923877 0.382691
    outer loop
      vertex 197.9 7.23788 -6.20737
      vertex 195.9 7.05172 -5.75795
      vertex 197.9 7.05172 -5.75795
    endloop
  endfacet
  facet normal 0 0.923877 0.382691
    outer loop
      vertex 195.9 7.05172 -5.75795
      vertex 197.9 7.23788 -6.20737
      vertex 195.9 7.23788 -6.20737
    endloop
  endfacet
  facet normal 0 -0.649443 0.76041
    outer loop
      vertex 195.9 12.192 -6.99203
      vertex 197.9 11.8221 -7.30795
      vertex 197.9 12.192 -6.99203
    endloop
  endfacet
  facet normal 0 -0.649443 0.76041
    outer loop
      vertex 197.9 11.8221 -7.30795
      vertex 195.9 12.192 -6.99203
      vertex 195.9 11.8221 -7.30795
    endloop
  endfacet
  facet normal 0 0.852636 0.522506
    outer loop
      vertex 197.9 7.49205 -6.62213
      vertex 195.9 7.23788 -6.20737
      vertex 197.9 7.23788 -6.20737
    endloop
  endfacet
  facet normal 0 0.852636 0.522506
    outer loop
      vertex 195.9 7.23788 -6.20737
      vertex 197.9 7.49205 -6.62213
      vertex 195.9 7.49205 -6.62213
    endloop
  endfacet
  facet normal 0 0.972373 0.233431
    outer loop
      vertex 197.9 7.05172 -5.75795
      vertex 195.9 6.93817 -5.28495
      vertex 197.9 6.93817 -5.28495
    endloop
  endfacet
  facet normal 0 0.972373 0.233431
    outer loop
      vertex 195.9 6.93817 -5.28495
      vertex 197.9 7.05172 -5.75795
      vertex 195.9 7.05172 -5.75795
    endloop
  endfacet
  facet normal 0 0.852636 -0.522506
    outer loop
      vertex 197.9 7.23788 -3.39263
      vertex 195.9 7.49205 -2.97787
      vertex 197.9 7.49205 -2.97787
    endloop
  endfacet
  facet normal 0 0.852636 -0.522506
    outer loop
      vertex 195.9 7.49205 -2.97787
      vertex 197.9 7.23788 -3.39263
      vertex 195.9 7.23788 -3.39263
    endloop
  endfacet
  facet normal 0 -0.649443 -0.76041
    outer loop
      vertex 195.9 11.8221 -2.29205
      vertex 197.9 12.192 -2.60797
      vertex 197.9 11.8221 -2.29205
    endloop
  endfacet
  facet normal -0 -0.649443 -0.76041
    outer loop
      vertex 197.9 12.192 -2.60797
      vertex 195.9 11.8221 -2.29205
      vertex 195.9 12.192 -2.60797
    endloop
  endfacet
  facet normal 1 0 0
    outer loop
      vertex 195.9 11.7 -4.8
      vertex 195.9 13.1 -4.8
      vertex 195.9 13.0618 -4.31505
    endloop
  endfacet
  facet normal 1 0 0
    outer loop
      vertex 195.9 11.6791 -4.53406
      vertex 195.9 13.0618 -4.31505
      vertex 195.9 12.9483 -3.84205
    endloop
  endfacet
  facet normal 1 0 0
    outer loop
      vertex 195.9 13.1 -4.8
      vertex 195.9 11.7 -4.8
      vertex 195.9 13.0618 -5.28495
    endloop
  endfacet
  facet normal 1 0 0
    outer loop
      vertex 195.9 11.6168 -4.27467
      vertex 195.9 12.9483 -3.84205
      vertex 195.9 12.7621 -3.39263
    endloop
  endfacet
  facet normal 1 -0 0
    outer loop
      vertex 195.9 11.6791 -5.06594
      vertex 195.9 13.0618 -5.28495
      vertex 195.9 11.7 -4.8
    endloop
  endfacet
  facet normal 1 0 0
    outer loop
      vertex 195.9 11.5147 -4.02822
      vertex 195.9 12.7621 -3.39263
      vertex 195.9 12.508 -2.97787
    endloop
  endfacet
  facet normal 1 0 0
    outer loop
      vertex 195.9 13.0618 -5.28495
      vertex 195.9 11.6791 -5.06594
      vertex 195.9 12.9483 -5.75795
    endloop
  endfacet
  facet normal 1 0 0
    outer loop
      vertex 195.9 11.3753 -3.80077
      vertex 195.9 12.508 -2.97787
      vertex 195.9 12.192 -2.60797
    endloop
  endfacet
  facet normal 1 -0 0
    outer loop
      vertex 195.9 11.6168 -5.32533
      vertex 195.9 12.9483 -5.75795
      vertex 195.9 11.6791 -5.06594
    endloop
  endfacet
  facet normal 1 0 0
    outer loop
      vertex 195.9 11.2021 -3.59792
      vertex 195.9 12.192 -2.60797
      vertex 195.9 11.8221 -2.29205
    endloop
  endfacet
  facet normal 1 0 0
    outer loop
      vertex 195.9 12.9483 -5.75795
      vertex 195.9 11.6168 -5.32533
      vertex 195.9 12.7621 -6.20737
    endloop
  endfacet
  facet normal 1 -0 0
    outer loop
      vertex 195.9 11.5147 -5.57178
      vertex 195.9 12.7621 -6.20737
      vertex 195.9 11.6168 -5.32533
    endloop
  endfacet
  facet normal 1 0 0
    outer loop
      vertex 195.9 13.0618 -4.31505
      vertex 195.9 11.6791 -4.53406
      vertex 195.9 11.7 -4.8
    endloop
  endfacet
  facet normal 1 0 0
    outer loop
      vertex 195.9 12.9483 -3.84205
      vertex 195.9 11.6168 -4.27467
      vertex 195.9 11.6791 -4.53406
    endloop
  endfacet
  facet normal 1 0 0
    outer loop
      vertex 195.9 12.7621 -3.39263
      vertex 195.9 11.5147 -4.02822
      vertex 195.9 11.6168 -4.27467
    endloop
  endfacet
  facet normal 1 0 0
    outer loop
      vertex 195.9 10.9992 -3.42467
      vertex 195.9 11.8221 -2.29205
      vertex 195.9 11.4074 -2.03788
    endloop
  endfacet
  facet normal 1 0 0
    outer loop
      vertex 195.9 12.508 -2.97787
      vertex 195.9 11.3753 -3.80077
      vertex 195.9 11.5147 -4.02822
    endloop
  endfacet
  facet normal 1 0 0
    outer loop
      vertex 195.9 12.192 -2.60797
      vertex 195.9 11.2021 -3.59792
      vertex 195.9 11.3753 -3.80077
    endloop
  endfacet
  facet normal 1 0 0
    outer loop
      vertex 195.9 11.8221 -2.29205
      vertex 195.9 10.9992 -3.42467
      vertex 195.9 11.2021 -3.59792
    endloop
  endfacet
  facet normal 1 0 0
    outer loop
      vertex 195.9 10.7718 -3.28529
      vertex 195.9 11.4074 -2.03788
      vertex 195.9 10.958 -1.85172
    endloop
  endfacet
  facet normal 1 0 0
    outer loop
      vertex 195.9 11.4074 -2.03788
      vertex 195.9 10.7718 -3.28529
      vertex 195.9 10.9992 -3.42467
    endloop
  endfacet
  facet normal 1 0 0
    outer loop
      vertex 195.9 10.958 -1.85172
      vertex 195.9 10.5253 -3.1832
      vertex 195.9 10.7718 -3.28529
    endloop
  endfacet
  facet normal 1 0 0
    outer loop
      vertex 195.9 10.4849 -1.73817
      vertex 195.9 10.5253 -3.1832
      vertex 195.9 10.958 -1.85172
    endloop
  endfacet
  facet normal 1 0 0
    outer loop
      vertex 195.9 10.4849 -1.73817
      vertex 195.9 10.2659 -3.12093
      vertex 195.9 10.5253 -3.1832
    endloop
  endfacet
  facet normal 1 0 0
    outer loop
      vertex 195.9 10 -1.7
      vertex 195.9 10.2659 -3.12093
      vertex 195.9 10.4849 -1.73817
    endloop
  endfacet
  facet normal 1 0 0
    outer loop
      vertex 195.9 10 -1.7
      vertex 195.9 10 -3.1
      vertex 195.9 10.2659 -3.12093
    endloop
  endfacet
  facet normal 1 0 0
    outer loop
      vertex 195.9 10 -1.7
      vertex 195.9 9.73406 -3.12093
      vertex 195.9 10 -3.1
    endloop
  endfacet
  facet normal 1 -0 0
    outer loop
      vertex 195.9 9.51505 -1.73817
      vertex 195.9 9.73406 -3.12093
      vertex 195.9 10 -1.7
    endloop
  endfacet
  facet normal 1 0 0
    outer loop
      vertex 195.9 9.51505 -1.73817
      vertex 195.9 9.47467 -3.1832
      vertex 195.9 9.73406 -3.12093
    endloop
  endfacet
  facet normal 1 -0 0
    outer loop
      vertex 195.9 9.04205 -1.85172
      vertex 195.9 9.47467 -3.1832
      vertex 195.9 9.51505 -1.73817
    endloop
  endfacet
  facet normal 1 0 0
    outer loop
      vertex 195.9 9.47467 -3.1832
      vertex 195.9 9.04205 -1.85172
      vertex 195.9 9.22822 -3.28529
    endloop
  endfacet
  facet normal 1 -0 0
    outer loop
      vertex 195.9 8.59263 -2.03788
      vertex 195.9 9.22822 -3.28529
      vertex 195.9 9.04205 -1.85172
    endloop
  endfacet
  facet normal 1 0 0
    outer loop
      vertex 195.9 9.22822 -3.28529
      vertex 195.9 8.59263 -2.03788
      vertex 195.9 9.00076 -3.42467
    endloop
  endfacet
  facet normal 1 -0 0
    outer loop
      vertex 195.9 8.17787 -2.29205
      vertex 195.9 9.00076 -3.42467
      vertex 195.9 8.59263 -2.03788
    endloop
  endfacet
  facet normal 1 0 0
    outer loop
      vertex 195.9 9.00076 -3.42467
      vertex 195.9 8.17787 -2.29205
      vertex 195.9 8.79792 -3.59792
    endloop
  endfacet
  facet normal 1 -0 0
    outer loop
      vertex 195.9 7.80797 -2.60797
      vertex 195.9 8.79792 -3.59792
      vertex 195.9 8.17787 -2.29205
    endloop
  endfacet
  facet normal 1 0 0
    outer loop
      vertex 195.9 8.79792 -3.59792
      vertex 195.9 7.80797 -2.60797
      vertex 195.9 8.62467 -3.80077
    endloop
  endfacet
  facet normal 1 -0 0
    outer loop
      vertex 195.9 7.49205 -2.97787
      vertex 195.9 8.62467 -3.80077
      vertex 195.9 7.80797 -2.60797
    endloop
  endfacet
  facet normal 1 -0 0
    outer loop
      vertex 195.9 7.23788 -3.39263
      vertex 195.9 8.48529 -4.02822
      vertex 195.9 7.49205 -2.97787
    endloop
  endfacet
  facet normal 1 0 0
    outer loop
      vertex 195.9 8.62467 -3.80077
      vertex 195.9 7.49205 -2.97787
      vertex 195.9 8.48529 -4.02822
    endloop
  endfacet
  facet normal 1 0 0
    outer loop
      vertex 195.9 12.7621 -6.20737
      vertex 195.9 11.5147 -5.57178
      vertex 195.9 12.508 -6.62213
    endloop
  endfacet
  facet normal 1 -0 0
    outer loop
      vertex 195.9 11.3753 -5.79923
      vertex 195.9 12.508 -6.62213
      vertex 195.9 11.5147 -5.57178
    endloop
  endfacet
  facet normal 1 0 0
    outer loop
      vertex 195.9 12.508 -6.62213
      vertex 195.9 11.3753 -5.79923
      vertex 195.9 12.192 -6.99203
    endloop
  endfacet
  facet normal 1 -0 0
    outer loop
      vertex 195.9 11.2021 -6.00208
      vertex 195.9 12.192 -6.99203
      vertex 195.9 11.3753 -5.79923
    endloop
  endfacet
  facet normal 1 0 0
    outer loop
      vertex 195.9 12.192 -6.99203
      vertex 195.9 11.2021 -6.00208
      vertex 195.9 11.8221 -7.30795
    endloop
  endfacet
  facet normal 1 -0 0
    outer loop
      vertex 195.9 10.9992 -6.17533
      vertex 195.9 11.8221 -7.30795
      vertex 195.9 11.2021 -6.00208
    endloop
  endfacet
  facet normal 1 0 0
    outer loop
      vertex 195.9 11.8221 -7.30795
      vertex 195.9 10.9992 -6.17533
      vertex 195.9 11.4074 -7.56212
    endloop
  endfacet
  facet normal 1 -0 0
    outer loop
      vertex 195.9 10.7718 -6.31471
      vertex 195.9 11.4074 -7.56212
      vertex 195.9 10.9992 -6.17533
    endloop
  endfacet
  facet normal 1 0 0
    outer loop
      vertex 195.9 11.4074 -7.56212
      vertex 195.9 10.7718 -6.31471
      vertex 195.9 10.958 -7.74827
    endloop
  endfacet
  facet normal 1 -0 0
    outer loop
      vertex 195.9 10.5253 -6.4168
      vertex 195.9 10.958 -7.74827
      vertex 195.9 10.7718 -6.31471
    endloop
  endfacet
  facet normal 1 0 0
    outer loop
      vertex 195.9 10.5253 -6.4168
      vertex 195.9 10.4849 -7.86183
      vertex 195.9 10.958 -7.74827
    endloop
  endfacet
  facet normal 1 -0 0
    outer loop
      vertex 195.9 10.2659 -6.47907
      vertex 195.9 10.4849 -7.86183
      vertex 195.9 10.5253 -6.4168
    endloop
  endfacet
  facet normal 1 -0 0
    outer loop
      vertex 195.9 10 -6.5
      vertex 195.9 10.4849 -7.86183
      vertex 195.9 10.2659 -6.47907
    endloop
  endfacet
  facet normal 1 0 0
    outer loop
      vertex 195.9 10 -6.5
      vertex 195.9 10 -7.9
      vertex 195.9 10.4849 -7.86183
    endloop
  endfacet
  facet normal 1 0 0
    outer loop
      vertex 195.9 9.73406 -6.47907
      vertex 195.9 10 -7.9
      vertex 195.9 10 -6.5
    endloop
  endfacet
  facet normal 1 0 0
    outer loop
      vertex 195.9 9.73406 -6.47907
      vertex 195.9 9.51505 -7.86183
      vertex 195.9 10 -7.9
    endloop
  endfacet
  facet normal 1 0 0
    outer loop
      vertex 195.9 9.47467 -6.4168
      vertex 195.9 9.51505 -7.86183
      vertex 195.9 9.73406 -6.47907
    endloop
  endfacet
  facet normal 1 0 0
    outer loop
      vertex 195.9 9.04205 -7.74827
      vertex 195.9 9.47467 -6.4168
      vertex 195.9 9.22822 -6.31471
    endloop
  endfacet
  facet normal 1 0 0
    outer loop
      vertex 195.9 9.47467 -6.4168
      vertex 195.9 9.04205 -7.74827
      vertex 195.9 9.51505 -7.86183
    endloop
  endfacet
  facet normal 1 0 0
    outer loop
      vertex 195.9 8.59263 -7.56212
      vertex 195.9 9.22822 -6.31471
      vertex 195.9 9.00076 -6.17533
    endloop
  endfacet
  facet normal 1 0 0
    outer loop
      vertex 195.9 8.17787 -7.30795
      vertex 195.9 9.00076 -6.17533
      vertex 195.9 8.79792 -6.00208
    endloop
  endfacet
  facet normal 1 0 0
    outer loop
      vertex 195.9 7.80797 -6.99203
      vertex 195.9 8.79792 -6.00208
      vertex 195.9 8.62467 -5.79923
    endloop
  endfacet
  facet normal 1 0 0
    outer loop
      vertex 195.9 9.22822 -6.31471
      vertex 195.9 8.59263 -7.56212
      vertex 195.9 9.04205 -7.74827
    endloop
  endfacet
  facet normal 1 0 0
    outer loop
      vertex 195.9 7.49205 -6.62213
      vertex 195.9 8.62467 -5.79923
      vertex 195.9 8.48529 -5.57178
    endloop
  endfacet
  facet normal 1 0 0
    outer loop
      vertex 195.9 7.23788 -6.20737
      vertex 195.9 8.48529 -5.57178
      vertex 195.9 8.3832 -5.32533
    endloop
  endfacet
  facet normal 1 0 0
    outer loop
      vertex 195.9 7.05172 -5.75795
      vertex 195.9 8.3832 -5.32533
      vertex 195.9 8.32093 -5.06594
    endloop
  endfacet
  facet normal 1 0 0
    outer loop
      vertex 195.9 9.00076 -6.17533
      vertex 195.9 8.17787 -7.30795
      vertex 195.9 8.59263 -7.56212
    endloop
  endfacet
  facet normal 1 0 0
    outer loop
      vertex 195.9 6.93817 -5.28495
      vertex 195.9 8.32093 -5.06594
      vertex 195.9 8.3 -4.8
    endloop
  endfacet
  facet normal 1 0 0
    outer loop
      vertex 195.9 8.48529 -4.02822
      vertex 195.9 7.23788 -3.39263
      vertex 195.9 8.3832 -4.27467
    endloop
  endfacet
  facet normal 1 -0 0
    outer loop
      vertex 195.9 7.05172 -3.84205
      vertex 195.9 8.3832 -4.27467
      vertex 195.9 7.23788 -3.39263
    endloop
  endfacet
  facet normal 1 0 0
    outer loop
      vertex 195.9 8.79792 -6.00208
      vertex 195.9 7.80797 -6.99203
      vertex 195.9 8.17787 -7.30795
    endloop
  endfacet
  facet normal 1 0 0
    outer loop
      vertex 195.9 8.3832 -4.27467
      vertex 195.9 7.05172 -3.84205
      vertex 195.9 8.32093 -4.53406
    endloop
  endfacet
  facet normal 1 0 0
    outer loop
      vertex 195.9 8.62467 -5.79923
      vertex 195.9 7.49205 -6.62213
      vertex 195.9 7.80797 -6.99203
    endloop
  endfacet
  facet normal 1 -0 0
    outer loop
      vertex 195.9 6.93817 -4.31505
      vertex 195.9 8.32093 -4.53406
      vertex 195.9 7.05172 -3.84205
    endloop
  endfacet
  facet normal 1 0 0
    outer loop
      vertex 195.9 8.48529 -5.57178
      vertex 195.9 7.23788 -6.20737
      vertex 195.9 7.49205 -6.62213
    endloop
  endfacet
  facet normal 1 0 0
    outer loop
      vertex 195.9 8.32093 -4.53406
      vertex 195.9 6.93817 -4.31505
      vertex 195.9 8.3 -4.8
    endloop
  endfacet
  facet normal 1 0 0
    outer loop
      vertex 195.9 8.3832 -5.32533
      vertex 195.9 7.05172 -5.75795
      vertex 195.9 7.23788 -6.20737
    endloop
  endfacet
  facet normal 1 0 0
    outer loop
      vertex 195.9 6.9 -4.8
      vertex 195.9 8.3 -4.8
      vertex 195.9 6.93817 -4.31505
    endloop
  endfacet
  facet normal 1 0 0
    outer loop
      vertex 195.9 8.32093 -5.06594
      vertex 195.9 6.93817 -5.28495
      vertex 195.9 7.05172 -5.75795
    endloop
  endfacet
  facet normal 1 0 0
    outer loop
      vertex 195.9 8.3 -4.8
      vertex 195.9 6.9 -4.8
      vertex 195.9 6.93817 -5.28495
    endloop
  endfacet
  facet normal 0 -0.382705 -0.923871
    outer loop
      vertex 195.9 10.958 -1.85172
      vertex 197.9 11.4074 -2.03788
      vertex 197.9 10.958 -1.85172
    endloop
  endfacet
  facet normal -0 -0.382705 -0.923871
    outer loop
      vertex 197.9 11.4074 -2.03788
      vertex 195.9 10.958 -1.85172
      vertex 195.9 11.4074 -2.03788
    endloop
  endfacet
  facet normal 0 0.0784665 -0.996917
    outer loop
      vertex 195.9 9.51505 -1.73817
      vertex 197.9 10 -1.7
      vertex 197.9 9.51505 -1.73817
    endloop
  endfacet
  facet normal 0 0.0784665 -0.996917
    outer loop
      vertex 197.9 10 -1.7
      vertex 195.9 9.51505 -1.73817
      vertex 195.9 10 -1.7
    endloop
  endfacet
  facet normal 0 -0.923847 -0.382761
    outer loop
      vertex 195.9 12.9483 -3.84205
      vertex 197.9 12.7621 -3.39263
      vertex 195.9 12.7621 -3.39263
    endloop
  endfacet
  facet normal 0 -0.923847 -0.382761
    outer loop
      vertex 197.9 12.7621 -3.39263
      vertex 195.9 12.9483 -3.84205
      vertex 197.9 12.9483 -3.84205
    endloop
  endfacet
  facet normal 0 0.923877 -0.382691
    outer loop
      vertex 197.9 7.05172 -3.84205
      vertex 195.9 7.23788 -3.39263
      vertex 197.9 7.23788 -3.39263
    endloop
  endfacet
  facet normal 0 0.923877 -0.382691
    outer loop
      vertex 195.9 7.23788 -3.39263
      vertex 197.9 7.05172 -3.84205
      vertex 195.9 7.05172 -3.84205
    endloop
  endfacet
  facet normal 0 -0.972397 -0.233334
    outer loop
      vertex 195.9 13.0618 -4.31505
      vertex 197.9 12.9483 -3.84205
      vertex 195.9 12.9483 -3.84205
    endloop
  endfacet
  facet normal 0 -0.972397 -0.233334
    outer loop
      vertex 197.9 12.9483 -3.84205
      vertex 195.9 13.0618 -4.31505
      vertex 197.9 13.0618 -4.31505
    endloop
  endfacet
  facet normal 0 0.649443 -0.76041
    outer loop
      vertex 195.9 7.80797 -2.60797
      vertex 197.9 8.17787 -2.29205
      vertex 197.9 7.80797 -2.60797
    endloop
  endfacet
  facet normal 0 0.649443 -0.76041
    outer loop
      vertex 197.9 8.17787 -2.29205
      vertex 195.9 7.80797 -2.60797
      vertex 195.9 8.17787 -2.29205
    endloop
  endfacet
  facet normal 0 0.522506 -0.852636
    outer loop
      vertex 195.9 8.17787 -2.29205
      vertex 197.9 8.59263 -2.03788
      vertex 197.9 8.17787 -2.29205
    endloop
  endfacet
  facet normal 0 0.522506 -0.852636
    outer loop
      vertex 197.9 8.59263 -2.03788
      vertex 195.9 8.17787 -2.29205
      vertex 195.9 8.59263 -2.03788
    endloop
  endfacet
  facet normal 0 0.76041 -0.649443
    outer loop
      vertex 197.9 7.49205 -2.97787
      vertex 195.9 7.80797 -2.60797
      vertex 197.9 7.80797 -2.60797
    endloop
  endfacet
  facet normal 0 0.76041 -0.649443
    outer loop
      vertex 195.9 7.80797 -2.60797
      vertex 197.9 7.49205 -2.97787
      vertex 195.9 7.49205 -2.97787
    endloop
  endfacet
  facet normal -0 0.649443 0.76041
    outer loop
      vertex 195.9 8.17787 -7.30795
      vertex 197.9 7.80797 -6.99203
      vertex 197.9 8.17787 -7.30795
    endloop
  endfacet
  facet normal 0 0.649443 0.76041
    outer loop
      vertex 197.9 7.80797 -6.99203
      vertex 195.9 8.17787 -7.30795
      vertex 195.9 7.80797 -6.99203
    endloop
  endfacet
  facet normal 0 0.76041 0.649443
    outer loop
      vertex 197.9 7.80797 -6.99203
      vertex 195.9 7.49205 -6.62213
      vertex 197.9 7.49205 -6.62213
    endloop
  endfacet
  facet normal 0 0.76041 0.649443
    outer loop
      vertex 195.9 7.49205 -6.62213
      vertex 197.9 7.80797 -6.99203
      vertex 195.9 7.80797 -6.99203
    endloop
  endfacet
  facet normal 0 -0.0784745 -0.996916
    outer loop
      vertex 195.9 10 -1.7
      vertex 197.9 10.4849 -1.73817
      vertex 197.9 10 -1.7
    endloop
  endfacet
  facet normal -0 -0.0784745 -0.996916
    outer loop
      vertex 197.9 10.4849 -1.73817
      vertex 195.9 10 -1.7
      vertex 195.9 10.4849 -1.73817
    endloop
  endfacet
  facet normal 0 -0.923847 0.382761
    outer loop
      vertex 195.9 12.7621 -6.20737
      vertex 197.9 12.9483 -5.75795
      vertex 195.9 12.9483 -5.75795
    endloop
  endfacet
  facet normal 0 -0.923847 0.382761
    outer loop
      vertex 197.9 12.9483 -5.75795
      vertex 195.9 12.7621 -6.20737
      vertex 197.9 12.7621 -6.20737
    endloop
  endfacet
  facet normal 0 -0.382688 0.923878
    outer loop
      vertex 195.9 11.4074 -7.56212
      vertex 197.9 10.958 -7.74827
      vertex 197.9 11.4074 -7.56212
    endloop
  endfacet
  facet normal 0 -0.382688 0.923878
    outer loop
      vertex 197.9 10.958 -7.74827
      vertex 195.9 11.4074 -7.56212
      vertex 195.9 10.958 -7.74827
    endloop
  endfacet
  facet normal 0 0.233431 -0.972373
    outer loop
      vertex 195.9 9.04205 -1.85172
      vertex 197.9 9.51505 -1.73817
      vertex 197.9 9.04205 -1.85172
    endloop
  endfacet
  facet normal 0 0.233431 -0.972373
    outer loop
      vertex 197.9 9.51505 -1.73817
      vertex 195.9 9.04205 -1.85172
      vertex 195.9 9.51505 -1.73817
    endloop
  endfacet
  facet normal 0 0.972373 -0.233431
    outer loop
      vertex 197.9 6.93817 -4.31505
      vertex 195.9 7.05172 -3.84205
      vertex 197.9 7.05172 -3.84205
    endloop
  endfacet
  facet normal 0 0.972373 -0.233431
    outer loop
      vertex 195.9 7.05172 -3.84205
      vertex 197.9 6.93817 -4.31505
      vertex 195.9 6.93817 -4.31505
    endloop
  endfacet
  facet normal 0 -0.233423 -0.972375
    outer loop
      vertex 191.9 59.4659 -3.12093
      vertex 195.9 59.7253 -3.1832
      vertex 195.9 59.4659 -3.12093
    endloop
  endfacet
  facet normal -0 -0.233423 -0.972375
    outer loop
      vertex 195.9 59.7253 -3.1832
      vertex 191.9 59.4659 -3.12093
      vertex 191.9 59.7253 -3.1832
    endloop
  endfacet
  facet normal 0 -0.38264 0.923898
    outer loop
      vertex 191.9 59.9718 -6.31471
      vertex 195.9 59.7253 -6.4168
      vertex 195.9 59.9718 -6.31471
    endloop
  endfacet
  facet normal 0 -0.38264 0.923898
    outer loop
      vertex 195.9 59.7253 -6.4168
      vertex 191.9 59.9718 -6.31471
      vertex 191.9 59.7253 -6.4168
    endloop
  endfacet
  facet normal 0 0.233423 -0.972375
    outer loop
      vertex 191.9 58.6747 -3.1832
      vertex 195.9 58.9341 -3.12093
      vertex 195.9 58.6747 -3.1832
    endloop
  endfacet
  facet normal 0 0.233423 -0.972375
    outer loop
      vertex 195.9 58.9341 -3.12093
      vertex 191.9 58.6747 -3.1832
      vertex 191.9 58.9341 -3.12093
    endloop
  endfacet
  facet normal 0 -0.0784711 0.996916
    outer loop
      vertex 191.9 59.4659 -6.47907
      vertex 195.9 59.2 -6.5
      vertex 195.9 59.4659 -6.47907
    endloop
  endfacet
  facet normal 0 -0.0784711 0.996916
    outer loop
      vertex 195.9 59.2 -6.5
      vertex 191.9 59.4659 -6.47907
      vertex 191.9 59.2 -6.5
    endloop
  endfacet
  facet normal 0 -0.923857 0.382738
    outer loop
      vertex 191.9 60.7147 -5.57178
      vertex 195.9 60.8168 -5.32533
      vertex 191.9 60.8168 -5.32533
    endloop
  endfacet
  facet normal 0 -0.923857 0.382738
    outer loop
      vertex 195.9 60.8168 -5.32533
      vertex 191.9 60.7147 -5.57178
      vertex 195.9 60.7147 -5.57178
    endloop
  endfacet
  facet normal 0 -0.38264 -0.923898
    outer loop
      vertex 191.9 59.7253 -3.1832
      vertex 195.9 59.9718 -3.28529
      vertex 195.9 59.7253 -3.1832
    endloop
  endfacet
  facet normal -0 -0.38264 -0.923898
    outer loop
      vertex 195.9 59.9718 -3.28529
      vertex 191.9 59.7253 -3.1832
      vertex 191.9 59.9718 -3.28529
    endloop
  endfacet
  facet normal 0 0.852609 0.522549
    outer loop
      vertex 195.9 57.8247 -5.79923
      vertex 191.9 57.6853 -5.57178
      vertex 195.9 57.6853 -5.57178
    endloop
  endfacet
  facet normal 0 0.852609 0.522549
    outer loop
      vertex 191.9 57.6853 -5.57178
      vertex 195.9 57.8247 -5.79923
      vertex 191.9 57.8247 -5.79923
    endloop
  endfacet
  facet normal 0 0.522578 -0.852592
    outer loop
      vertex 191.9 58.2008 -3.42467
      vertex 195.9 58.4282 -3.28529
      vertex 195.9 58.2008 -3.42467
    endloop
  endfacet
  facet normal 0 0.522578 -0.852592
    outer loop
      vertex 195.9 58.4282 -3.28529
      vertex 191.9 58.2008 -3.42467
      vertex 191.9 58.4282 -3.28529
    endloop
  endfacet
  facet normal 0 -0.972348 -0.233537
    outer loop
      vertex 191.9 60.8791 -4.53406
      vertex 195.9 60.8168 -4.27467
      vertex 191.9 60.8168 -4.27467
    endloop
  endfacet
  facet normal 0 -0.972348 -0.233537
    outer loop
      vertex 195.9 60.8168 -4.27467
      vertex 191.9 60.8791 -4.53406
      vertex 195.9 60.8791 -4.53406
    endloop
  endfacet
  facet normal 0 -0.522578 0.852592
    outer loop
      vertex 191.9 60.1992 -6.17533
      vertex 195.9 59.9718 -6.31471
      vertex 195.9 60.1992 -6.17533
    endloop
  endfacet
  facet normal 0 -0.522578 0.852592
    outer loop
      vertex 195.9 59.9718 -6.31471
      vertex 191.9 60.1992 -6.17533
      vertex 191.9 59.9718 -6.31471
    endloop
  endfacet
  facet normal 0 0.760499 0.649339
    outer loop
      vertex 195.9 57.9979 -6.00208
      vertex 191.9 57.8247 -5.79923
      vertex 195.9 57.8247 -5.79923
    endloop
  endfacet
  facet normal 0 0.760499 0.649339
    outer loop
      vertex 191.9 57.8247 -5.79923
      vertex 195.9 57.9979 -6.00208
      vertex 191.9 57.9979 -6.00208
    endloop
  endfacet
  facet normal -0 0.38264 0.923898
    outer loop
      vertex 191.9 58.6747 -6.4168
      vertex 195.9 58.4282 -6.31471
      vertex 195.9 58.6747 -6.4168
    endloop
  endfacet
  facet normal 0 0.38264 0.923898
    outer loop
      vertex 195.9 58.4282 -6.31471
      vertex 191.9 58.6747 -6.4168
      vertex 191.9 58.4282 -6.31471
    endloop
  endfacet
  facet normal 0 -0.233423 0.972375
    outer loop
      vertex 191.9 59.7253 -6.4168
      vertex 195.9 59.4659 -6.47907
      vertex 195.9 59.7253 -6.4168
    endloop
  endfacet
  facet normal 0 -0.233423 0.972375
    outer loop
      vertex 195.9 59.4659 -6.47907
      vertex 191.9 59.7253 -6.4168
      vertex 191.9 59.4659 -6.47907
    endloop
  endfacet
  facet normal -0 0.233423 0.972375
    outer loop
      vertex 191.9 58.9341 -6.47907
      vertex 195.9 58.6747 -6.4168
      vertex 195.9 58.9341 -6.47907
    endloop
  endfacet
  facet normal 0 0.233423 0.972375
    outer loop
      vertex 195.9 58.6747 -6.4168
      vertex 191.9 58.9341 -6.47907
      vertex 191.9 58.6747 -6.4168
    endloop
  endfacet
  facet normal 0 0.972348 0.233537
    outer loop
      vertex 195.9 57.5832 -5.32533
      vertex 191.9 57.5209 -5.06594
      vertex 195.9 57.5209 -5.06594
    endloop
  endfacet
  facet normal 0 0.972348 0.233537
    outer loop
      vertex 191.9 57.5209 -5.06594
      vertex 195.9 57.5832 -5.32533
      vertex 191.9 57.5832 -5.32533
    endloop
  endfacet
  facet normal 0 0.972348 -0.233537
    outer loop
      vertex 195.9 57.5209 -4.53406
      vertex 191.9 57.5832 -4.27467
      vertex 195.9 57.5832 -4.27467
    endloop
  endfacet
  facet normal 0 0.972348 -0.233537
    outer loop
      vertex 191.9 57.5832 -4.27467
      vertex 195.9 57.5209 -4.53406
      vertex 191.9 57.5209 -4.53406
    endloop
  endfacet
  facet normal 0 -0.0784711 -0.996916
    outer loop
      vertex 191.9 59.2 -3.1
      vertex 195.9 59.4659 -3.12093
      vertex 195.9 59.2 -3.1
    endloop
  endfacet
  facet normal -0 -0.0784711 -0.996916
    outer loop
      vertex 195.9 59.4659 -3.12093
      vertex 191.9 59.2 -3.1
      vertex 191.9 59.4659 -3.12093
    endloop
  endfacet
  facet normal 0 0.996926 0.0783476
    outer loop
      vertex 195.9 57.5209 -5.06594
      vertex 191.9 57.5 -4.8
      vertex 195.9 57.5 -4.8
    endloop
  endfacet
  facet normal 0 0.996926 0.0783476
    outer loop
      vertex 191.9 57.5 -4.8
      vertex 195.9 57.5209 -5.06594
      vertex 191.9 57.5209 -5.06594
    endloop
  endfacet
  facet normal 0 0.923857 -0.382738
    outer loop
      vertex 195.9 57.5832 -4.27467
      vertex 191.9 57.6853 -4.02822
      vertex 195.9 57.6853 -4.02822
    endloop
  endfacet
  facet normal 0 0.923857 -0.382738
    outer loop
      vertex 191.9 57.6853 -4.02822
      vertex 195.9 57.5832 -4.27467
      vertex 191.9 57.5832 -4.27467
    endloop
  endfacet
  facet normal 0 -0.972348 0.233537
    outer loop
      vertex 191.9 60.8168 -5.32533
      vertex 195.9 60.8791 -5.06594
      vertex 191.9 60.8791 -5.06594
    endloop
  endfacet
  facet normal 0 -0.972348 0.233537
    outer loop
      vertex 195.9 60.8791 -5.06594
      vertex 191.9 60.8168 -5.32533
      vertex 195.9 60.8168 -5.32533
    endloop
  endfacet
  facet normal 0 -0.522578 -0.852592
    outer loop
      vertex 191.9 59.9718 -3.28529
      vertex 195.9 60.1992 -3.42467
      vertex 195.9 59.9718 -3.28529
    endloop
  endfacet
  facet normal -0 -0.522578 -0.852592
    outer loop
      vertex 195.9 60.1992 -3.42467
      vertex 191.9 59.9718 -3.28529
      vertex 191.9 60.1992 -3.42467
    endloop
  endfacet
  facet normal -0 0.522578 0.852592
    outer loop
      vertex 191.9 58.4282 -6.31471
      vertex 195.9 58.2008 -6.17533
      vertex 195.9 58.4282 -6.31471
    endloop
  endfacet
  facet normal 0 0.522578 0.852592
    outer loop
      vertex 195.9 58.2008 -6.17533
      vertex 191.9 58.4282 -6.31471
      vertex 191.9 58.2008 -6.17533
    endloop
  endfacet
  facet normal 0 -0.923857 -0.382738
    outer loop
      vertex 191.9 60.8168 -4.27467
      vertex 195.9 60.7147 -4.02822
      vertex 191.9 60.7147 -4.02822
    endloop
  endfacet
  facet normal 0 -0.923857 -0.382738
    outer loop
      vertex 195.9 60.7147 -4.02822
      vertex 191.9 60.8168 -4.27467
      vertex 195.9 60.8168 -4.27467
    endloop
  endfacet
  facet normal 0 -0.760499 -0.649339
    outer loop
      vertex 191.9 60.5753 -3.80077
      vertex 195.9 60.4021 -3.59792
      vertex 191.9 60.4021 -3.59792
    endloop
  endfacet
  facet normal 0 -0.760499 -0.649339
    outer loop
      vertex 195.9 60.4021 -3.59792
      vertex 191.9 60.5753 -3.80077
      vertex 195.9 60.5753 -3.80077
    endloop
  endfacet
  facet normal 0 -0.760499 0.649339
    outer loop
      vertex 191.9 60.4021 -6.00208
      vertex 195.9 60.5753 -5.79923
      vertex 191.9 60.5753 -5.79923
    endloop
  endfacet
  facet normal 0 -0.760499 0.649339
    outer loop
      vertex 195.9 60.5753 -5.79923
      vertex 191.9 60.4021 -6.00208
      vertex 195.9 60.4021 -6.00208
    endloop
  endfacet
  facet normal -0 0.0784711 0.996916
    outer loop
      vertex 191.9 59.2 -6.5
      vertex 195.9 58.9341 -6.47907
      vertex 195.9 59.2 -6.5
    endloop
  endfacet
  facet normal 0 0.0784711 0.996916
    outer loop
      vertex 195.9 58.9341 -6.47907
      vertex 191.9 59.2 -6.5
      vertex 191.9 58.9341 -6.47907
    endloop
  endfacet
  facet normal 0 0.923857 0.382738
    outer loop
      vertex 195.9 57.6853 -5.57178
      vertex 191.9 57.5832 -5.32533
      vertex 195.9 57.5832 -5.32533
    endloop
  endfacet
  facet normal 0 0.923857 0.382738
    outer loop
      vertex 191.9 57.5832 -5.32533
      vertex 195.9 57.6853 -5.57178
      vertex 191.9 57.6853 -5.57178
    endloop
  endfacet
  facet normal 0 -0.852609 0.522549
    outer loop
      vertex 191.9 60.5753 -5.79923
      vertex 195.9 60.7147 -5.57178
      vertex 191.9 60.7147 -5.57178
    endloop
  endfacet
  facet normal 0 -0.852609 0.522549
    outer loop
      vertex 195.9 60.7147 -5.57178
      vertex 191.9 60.5753 -5.79923
      vertex 195.9 60.5753 -5.79923
    endloop
  endfacet
  facet normal -0 0.649355 0.760485
    outer loop
      vertex 191.9 58.2008 -6.17533
      vertex 195.9 57.9979 -6.00208
      vertex 195.9 58.2008 -6.17533
    endloop
  endfacet
  facet normal 0 0.649355 0.760485
    outer loop
      vertex 195.9 57.9979 -6.00208
      vertex 191.9 58.2008 -6.17533
      vertex 191.9 57.9979 -6.00208
    endloop
  endfacet
  facet normal 0 0.852609 -0.522549
    outer loop
      vertex 195.9 57.6853 -4.02822
      vertex 191.9 57.8247 -3.80077
      vertex 195.9 57.8247 -3.80077
    endloop
  endfacet
  facet normal 0 0.852609 -0.522549
    outer loop
      vertex 191.9 57.8247 -3.80077
      vertex 195.9 57.6853 -4.02822
      vertex 191.9 57.6853 -4.02822
    endloop
  endfacet
  facet normal 0 -0.996926 -0.0783476
    outer loop
      vertex 191.9 60.9 -4.8
      vertex 195.9 60.8791 -4.53406
      vertex 191.9 60.8791 -4.53406
    endloop
  endfacet
  facet normal 0 -0.996926 -0.0783476
    outer loop
      vertex 195.9 60.8791 -4.53406
      vertex 191.9 60.9 -4.8
      vertex 195.9 60.9 -4.8
    endloop
  endfacet
  facet normal 0 -0.649355 0.760485
    outer loop
      vertex 191.9 60.4021 -6.00208
      vertex 195.9 60.1992 -6.17533
      vertex 195.9 60.4021 -6.00208
    endloop
  endfacet
  facet normal 0 -0.649355 0.760485
    outer loop
      vertex 195.9 60.1992 -6.17533
      vertex 191.9 60.4021 -6.00208
      vertex 191.9 60.1992 -6.17533
    endloop
  endfacet
  facet normal 0 0.649355 -0.760485
    outer loop
      vertex 191.9 57.9979 -3.59792
      vertex 195.9 58.2008 -3.42467
      vertex 195.9 57.9979 -3.59792
    endloop
  endfacet
  facet normal 0 0.649355 -0.760485
    outer loop
      vertex 195.9 58.2008 -3.42467
      vertex 191.9 57.9979 -3.59792
      vertex 191.9 58.2008 -3.42467
    endloop
  endfacet
  facet normal 0 -0.649355 -0.760485
    outer loop
      vertex 191.9 60.1992 -3.42467
      vertex 195.9 60.4021 -3.59792
      vertex 195.9 60.1992 -3.42467
    endloop
  endfacet
  facet normal -0 -0.649355 -0.760485
    outer loop
      vertex 195.9 60.4021 -3.59792
      vertex 191.9 60.1992 -3.42467
      vertex 191.9 60.4021 -3.59792
    endloop
  endfacet
  facet normal 0 0.38264 -0.923898
    outer loop
      vertex 191.9 58.4282 -3.28529
      vertex 195.9 58.6747 -3.1832
      vertex 195.9 58.4282 -3.28529
    endloop
  endfacet
  facet normal 0 0.38264 -0.923898
    outer loop
      vertex 195.9 58.6747 -3.1832
      vertex 191.9 58.4282 -3.28529
      vertex 191.9 58.6747 -3.1832
    endloop
  endfacet
  facet normal 0 0.0784711 -0.996916
    outer loop
      vertex 191.9 58.9341 -3.12093
      vertex 195.9 59.2 -3.1
      vertex 195.9 58.9341 -3.12093
    endloop
  endfacet
  facet normal 0 0.0784711 -0.996916
    outer loop
      vertex 195.9 59.2 -3.1
      vertex 191.9 58.9341 -3.12093
      vertex 191.9 59.2 -3.1
    endloop
  endfacet
  facet normal 0 -0.852609 -0.522549
    outer loop
      vertex 191.9 60.7147 -4.02822
      vertex 195.9 60.5753 -3.80077
      vertex 191.9 60.5753 -3.80077
    endloop
  endfacet
  facet normal 0 -0.852609 -0.522549
    outer loop
      vertex 195.9 60.5753 -3.80077
      vertex 191.9 60.7147 -4.02822
      vertex 195.9 60.7147 -4.02822
    endloop
  endfacet
  facet normal 0 -0.996926 0.0783476
    outer loop
      vertex 191.9 60.8791 -5.06594
      vertex 195.9 60.9 -4.8
      vertex 191.9 60.9 -4.8
    endloop
  endfacet
  facet normal 0 -0.996926 0.0783476
    outer loop
      vertex 195.9 60.9 -4.8
      vertex 191.9 60.8791 -5.06594
      vertex 195.9 60.8791 -5.06594
    endloop
  endfacet
  facet normal 0 0.996926 -0.0783476
    outer loop
      vertex 195.9 57.5 -4.8
      vertex 191.9 57.5209 -4.53406
      vertex 195.9 57.5209 -4.53406
    endloop
  endfacet
  facet normal 0 0.996926 -0.0783476
    outer loop
      vertex 191.9 57.5209 -4.53406
      vertex 195.9 57.5 -4.8
      vertex 191.9 57.5 -4.8
    endloop
  endfacet
  facet normal 0 0.760499 -0.649339
    outer loop
      vertex 195.9 57.8247 -3.80077
      vertex 191.9 57.9979 -3.59792
      vertex 195.9 57.9979 -3.59792
    endloop
  endfacet
  facet normal 0 0.760499 -0.649339
    outer loop
      vertex 191.9 57.9979 -3.59792
      vertex 195.9 57.8247 -3.80077
      vertex 191.9 57.8247 -3.80077
    endloop
  endfacet
  facet normal -0 0.382688 0.923878
    outer loop
      vertex 195.9 58.242 -7.74827
      vertex 197.9 57.7926 -7.56212
      vertex 197.9 58.242 -7.74827
    endloop
  endfacet
  facet normal 0 0.382688 0.923878
    outer loop
      vertex 197.9 57.7926 -7.56212
      vertex 195.9 58.242 -7.74827
      vertex 195.9 57.7926 -7.56212
    endloop
  endfacet
  facet normal 0 -0.382688 0.923878
    outer loop
      vertex 195.9 60.6074 -7.56212
      vertex 197.9 60.158 -7.74827
      vertex 197.9 60.6074 -7.56212
    endloop
  endfacet
  facet normal 0 -0.382688 0.923878
    outer loop
      vertex 197.9 60.158 -7.74827
      vertex 195.9 60.6074 -7.56212
      vertex 195.9 60.158 -7.74827
    endloop
  endfacet
  facet normal 0 -0.996912 -0.0785278
    outer loop
      vertex 195.9 62.3 -4.8
      vertex 197.9 62.2618 -4.31505
      vertex 195.9 62.2618 -4.31505
    endloop
  endfacet
  facet normal 0 -0.996912 -0.0785278
    outer loop
      vertex 197.9 62.2618 -4.31505
      vertex 195.9 62.3 -4.8
      vertex 197.9 62.3 -4.8
    endloop
  endfacet
  facet normal 0 0.972397 -0.233334
    outer loop
      vertex 197.9 56.1382 -4.31505
      vertex 195.9 56.2517 -3.84205
      vertex 197.9 56.2517 -3.84205
    endloop
  endfacet
  facet normal 0 0.972397 -0.233334
    outer loop
      vertex 195.9 56.2517 -3.84205
      vertex 197.9 56.1382 -4.31505
      vertex 195.9 56.1382 -4.31505
    endloop
  endfacet
  facet normal 0 -0.760329 -0.649538
    outer loop
      vertex 195.9 61.708 -2.97787
      vertex 197.9 61.392 -2.60797
      vertex 195.9 61.392 -2.60797
    endloop
  endfacet
  facet normal 0 -0.760329 -0.649538
    outer loop
      vertex 197.9 61.392 -2.60797
      vertex 195.9 61.708 -2.97787
      vertex 197.9 61.708 -2.97787
    endloop
  endfacet
  facet normal 0 -0.233385 -0.972385
    outer loop
      vertex 195.9 59.6849 -1.73817
      vertex 197.9 60.158 -1.85172
      vertex 197.9 59.6849 -1.73817
    endloop
  endfacet
  facet normal -0 -0.233385 -0.972385
    outer loop
      vertex 197.9 60.158 -1.85172
      vertex 195.9 59.6849 -1.73817
      vertex 195.9 60.158 -1.85172
    endloop
  endfacet
  facet normal 0 -0.996912 0.0785278
    outer loop
      vertex 195.9 62.2618 -5.28495
      vertex 197.9 62.3 -4.8
      vertex 195.9 62.3 -4.8
    endloop
  endfacet
  facet normal 0 -0.996912 0.0785278
    outer loop
      vertex 197.9 62.3 -4.8
      vertex 195.9 62.2618 -5.28495
      vertex 197.9 62.2618 -5.28495
    endloop
  endfacet
  facet normal 0 0.382705 -0.923871
    outer loop
      vertex 195.9 57.7926 -2.03788
      vertex 197.9 58.242 -1.85172
      vertex 197.9 57.7926 -2.03788
    endloop
  endfacet
  facet normal 0 0.382705 -0.923871
    outer loop
      vertex 197.9 58.242 -1.85172
      vertex 195.9 57.7926 -2.03788
      vertex 195.9 58.242 -1.85172
    endloop
  endfacet
  facet normal 0 0.923847 0.382761
    outer loop
      vertex 197.9 56.4379 -6.20737
      vertex 195.9 56.2517 -5.75795
      vertex 197.9 56.2517 -5.75795
    endloop
  endfacet
  facet normal 0 0.923847 0.382761
    outer loop
      vertex 195.9 56.2517 -5.75795
      vertex 197.9 56.4379 -6.20737
      vertex 195.9 56.4379 -6.20737
    endloop
  endfacet
  facet normal 0 -0.0784745 0.996916
    outer loop
      vertex 195.9 59.6849 -7.86183
      vertex 197.9 59.2 -7.9
      vertex 197.9 59.6849 -7.86183
    endloop
  endfacet
  facet normal 0 -0.0784745 0.996916
    outer loop
      vertex 197.9 59.2 -7.9
      vertex 195.9 59.6849 -7.86183
      vertex 195.9 59.2 -7.9
    endloop
  endfacet
  facet normal -0 0.0784745 0.996916
    outer loop
      vertex 195.9 59.2 -7.9
      vertex 197.9 58.7151 -7.86183
      vertex 197.9 59.2 -7.9
    endloop
  endfacet
  facet normal 0 0.0784745 0.996916
    outer loop
      vertex 197.9 58.7151 -7.86183
      vertex 195.9 59.2 -7.9
      vertex 195.9 58.7151 -7.86183
    endloop
  endfacet
  facet normal -0 0.522561 0.852602
    outer loop
      vertex 195.9 57.7926 -7.56212
      vertex 197.9 57.3779 -7.30795
      vertex 197.9 57.7926 -7.56212
    endloop
  endfacet
  facet normal 0 0.522561 0.852602
    outer loop
      vertex 197.9 57.3779 -7.30795
      vertex 195.9 57.7926 -7.56212
      vertex 195.9 57.3779 -7.30795
    endloop
  endfacet
  facet normal 0 -0.649443 0.76041
    outer loop
      vertex 195.9 61.392 -6.99203
      vertex 197.9 61.0221 -7.30795
      vertex 197.9 61.392 -6.99203
    endloop
  endfacet
  facet normal 0 -0.649443 0.76041
    outer loop
      vertex 197.9 61.0221 -7.30795
      vertex 195.9 61.392 -6.99203
      vertex 195.9 61.0221 -7.30795
    endloop
  endfacet
  facet normal 0 0.760329 -0.649538
    outer loop
      vertex 197.9 56.692 -2.97787
      vertex 195.9 57.008 -2.60797
      vertex 197.9 57.008 -2.60797
    endloop
  endfacet
  facet normal 0 0.760329 -0.649538
    outer loop
      vertex 195.9 57.008 -2.60797
      vertex 197.9 56.692 -2.97787
      vertex 195.9 56.692 -2.97787
    endloop
  endfacet
  facet normal 0 -0.760329 0.649538
    outer loop
      vertex 195.9 61.392 -6.99203
      vertex 197.9 61.708 -6.62213
      vertex 195.9 61.708 -6.62213
    endloop
  endfacet
  facet normal 0 -0.760329 0.649538
    outer loop
      vertex 197.9 61.708 -6.62213
      vertex 195.9 61.392 -6.99203
      vertex 197.9 61.392 -6.99203
    endloop
  endfacet
  facet normal 0 -0.8527 -0.522401
    outer loop
      vertex 195.9 61.9621 -3.39263
      vertex 197.9 61.708 -2.97787
      vertex 195.9 61.708 -2.97787
    endloop
  endfacet
  facet normal 0 -0.8527 -0.522401
    outer loop
      vertex 197.9 61.708 -2.97787
      vertex 195.9 61.9621 -3.39263
      vertex 197.9 61.9621 -3.39263
    endloop
  endfacet
  facet normal 0 0.8527 0.522401
    outer loop
      vertex 197.9 56.692 -6.62213
      vertex 195.9 56.4379 -6.20737
      vertex 197.9 56.4379 -6.20737
    endloop
  endfacet
  facet normal 0 0.8527 0.522401
    outer loop
      vertex 195.9 56.4379 -6.20737
      vertex 197.9 56.692 -6.62213
      vertex 195.9 56.692 -6.62213
    endloop
  endfacet
  facet normal 0 0.972397 0.233334
    outer loop
      vertex 197.9 56.2517 -5.75795
      vertex 195.9 56.1382 -5.28495
      vertex 197.9 56.1382 -5.28495
    endloop
  endfacet
  facet normal 0 0.972397 0.233334
    outer loop
      vertex 195.9 56.1382 -5.28495
      vertex 197.9 56.2517 -5.75795
      vertex 195.9 56.2517 -5.75795
    endloop
  endfacet
  facet normal 0 -0.649443 -0.76041
    outer loop
      vertex 195.9 61.0221 -2.29205
      vertex 197.9 61.392 -2.60797
      vertex 197.9 61.0221 -2.29205
    endloop
  endfacet
  facet normal -0 -0.649443 -0.76041
    outer loop
      vertex 197.9 61.392 -2.60797
      vertex 195.9 61.0221 -2.29205
      vertex 195.9 61.392 -2.60797
    endloop
  endfacet
  facet normal 0 -0.522561 0.852602
    outer loop
      vertex 195.9 61.0221 -7.30795
      vertex 197.9 60.6074 -7.56212
      vertex 197.9 61.0221 -7.30795
    endloop
  endfacet
  facet normal 0 -0.522561 0.852602
    outer loop
      vertex 197.9 60.6074 -7.56212
      vertex 195.9 61.0221 -7.30795
      vertex 195.9 60.6074 -7.56212
    endloop
  endfacet
  facet normal 0 -0.972397 -0.233334
    outer loop
      vertex 195.9 62.2618 -4.31505
      vertex 197.9 62.1483 -3.84205
      vertex 195.9 62.1483 -3.84205
    endloop
  endfacet
  facet normal 0 -0.972397 -0.233334
    outer loop
      vertex 197.9 62.1483 -3.84205
      vertex 195.9 62.2618 -4.31505
      vertex 197.9 62.2618 -4.31505
    endloop
  endfacet
  facet normal 0 -0.522561 -0.852602
    outer loop
      vertex 195.9 60.6074 -2.03788
      vertex 197.9 61.0221 -2.29205
      vertex 197.9 60.6074 -2.03788
    endloop
  endfacet
  facet normal -0 -0.522561 -0.852602
    outer loop
      vertex 197.9 61.0221 -2.29205
      vertex 195.9 60.6074 -2.03788
      vertex 195.9 61.0221 -2.29205
    endloop
  endfacet
  facet normal 0 -0.382705 -0.923871
    outer loop
      vertex 195.9 60.158 -1.85172
      vertex 197.9 60.6074 -2.03788
      vertex 197.9 60.158 -1.85172
    endloop
  endfacet
  facet normal -0 -0.382705 -0.923871
    outer loop
      vertex 197.9 60.6074 -2.03788
      vertex 195.9 60.158 -1.85172
      vertex 195.9 60.6074 -2.03788
    endloop
  endfacet
  facet normal 0 -0.233404 0.97238
    outer loop
      vertex 195.9 60.158 -7.74827
      vertex 197.9 59.6849 -7.86183
      vertex 197.9 60.158 -7.74827
    endloop
  endfacet
  facet normal 0 -0.233404 0.97238
    outer loop
      vertex 197.9 59.6849 -7.86183
      vertex 195.9 60.158 -7.74827
      vertex 195.9 59.6849 -7.86183
    endloop
  endfacet
  facet normal 0 0.0784745 -0.996916
    outer loop
      vertex 195.9 58.7151 -1.73817
      vertex 197.9 59.2 -1.7
      vertex 197.9 58.7151 -1.73817
    endloop
  endfacet
  facet normal 0 0.0784745 -0.996916
    outer loop
      vertex 197.9 59.2 -1.7
      vertex 195.9 58.7151 -1.73817
      vertex 195.9 59.2 -1.7
    endloop
  endfacet
  facet normal 0 0.8527 -0.522401
    outer loop
      vertex 197.9 56.4379 -3.39263
      vertex 195.9 56.692 -2.97787
      vertex 197.9 56.692 -2.97787
    endloop
  endfacet
  facet normal 0 0.8527 -0.522401
    outer loop
      vertex 195.9 56.692 -2.97787
      vertex 197.9 56.4379 -3.39263
      vertex 195.9 56.4379 -3.39263
    endloop
  endfacet
  facet normal 0 -0.923847 0.382761
    outer loop
      vertex 195.9 61.9621 -6.20737
      vertex 197.9 62.1483 -5.75795
      vertex 195.9 62.1483 -5.75795
    endloop
  endfacet
  facet normal 0 -0.923847 0.382761
    outer loop
      vertex 197.9 62.1483 -5.75795
      vertex 195.9 61.9621 -6.20737
      vertex 197.9 61.9621 -6.20737
    endloop
  endfacet
  facet normal 1 0 0
    outer loop
      vertex 195.9 60.9 -4.8
      vertex 195.9 62.3 -4.8
      vertex 195.9 62.2618 -4.31505
    endloop
  endfacet
  facet normal 1 0 0
    outer loop
      vertex 195.9 60.8791 -4.53406
      vertex 195.9 62.2618 -4.31505
      vertex 195.9 62.1483 -3.84205
    endloop
  endfacet
  facet normal 1 0 0
    outer loop
      vertex 195.9 62.3 -4.8
      vertex 195.9 60.9 -4.8
      vertex 195.9 62.2618 -5.28495
    endloop
  endfacet
  facet normal 1 0 0
    outer loop
      vertex 195.9 60.8168 -4.27467
      vertex 195.9 62.1483 -3.84205
      vertex 195.9 61.9621 -3.39263
    endloop
  endfacet
  facet normal 1 -0 0
    outer loop
      vertex 195.9 60.8791 -5.06594
      vertex 195.9 62.2618 -5.28495
      vertex 195.9 60.9 -4.8
    endloop
  endfacet
  facet normal 1 0 0
    outer loop
      vertex 195.9 60.7147 -4.02822
      vertex 195.9 61.9621 -3.39263
      vertex 195.9 61.708 -2.97787
    endloop
  endfacet
  facet normal 1 0 0
    outer loop
      vertex 195.9 62.2618 -5.28495
      vertex 195.9 60.8791 -5.06594
      vertex 195.9 62.1483 -5.75795
    endloop
  endfacet
  facet normal 1 0 0
    outer loop
      vertex 195.9 60.5753 -3.80077
      vertex 195.9 61.708 -2.97787
      vertex 195.9 61.392 -2.60797
    endloop
  endfacet
  facet normal 1 -0 0
    outer loop
      vertex 195.9 60.8168 -5.32533
      vertex 195.9 62.1483 -5.75795
      vertex 195.9 60.8791 -5.06594
    endloop
  endfacet
  facet normal 1 0 0
    outer loop
      vertex 195.9 60.4021 -3.59792
      vertex 195.9 61.392 -2.60797
      vertex 195.9 61.0221 -2.29205
    endloop
  endfacet
  facet normal 1 0 0
    outer loop
      vertex 195.9 62.1483 -5.75795
      vertex 195.9 60.8168 -5.32533
      vertex 195.9 61.9621 -6.20737
    endloop
  endfacet
  facet normal 1 -0 0
    outer loop
      vertex 195.9 60.7147 -5.57178
      vertex 195.9 61.9621 -6.20737
      vertex 195.9 60.8168 -5.32533
    endloop
  endfacet
  facet normal 1 0 0
    outer loop
      vertex 195.9 62.2618 -4.31505
      vertex 195.9 60.8791 -4.53406
      vertex 195.9 60.9 -4.8
    endloop
  endfacet
  facet normal 1 0 0
    outer loop
      vertex 195.9 62.1483 -3.84205
      vertex 195.9 60.8168 -4.27467
      vertex 195.9 60.8791 -4.53406
    endloop
  endfacet
  facet normal 1 0 0
    outer loop
      vertex 195.9 61.9621 -3.39263
      vertex 195.9 60.7147 -4.02822
      vertex 195.9 60.8168 -4.27467
    endloop
  endfacet
  facet normal 1 0 0
    outer loop
      vertex 195.9 60.1992 -3.42467
      vertex 195.9 61.0221 -2.29205
      vertex 195.9 60.6074 -2.03788
    endloop
  endfacet
  facet normal 1 0 0
    outer loop
      vertex 195.9 61.708 -2.97787
      vertex 195.9 60.5753 -3.80077
      vertex 195.9 60.7147 -4.02822
    endloop
  endfacet
  facet normal 1 0 0
    outer loop
      vertex 195.9 61.392 -2.60797
      vertex 195.9 60.4021 -3.59792
      vertex 195.9 60.5753 -3.80077
    endloop
  endfacet
  facet normal 1 0 0
    outer loop
      vertex 195.9 61.0221 -2.29205
      vertex 195.9 60.1992 -3.42467
      vertex 195.9 60.4021 -3.59792
    endloop
  endfacet
  facet normal 1 0 0
    outer loop
      vertex 195.9 59.9718 -3.28529
      vertex 195.9 60.6074 -2.03788
      vertex 195.9 60.158 -1.85172
    endloop
  endfacet
  facet normal 1 0 0
    outer loop
      vertex 195.9 60.6074 -2.03788
      vertex 195.9 59.9718 -3.28529
      vertex 195.9 60.1992 -3.42467
    endloop
  endfacet
  facet normal 1 0 0
    outer loop
      vertex 195.9 60.158 -1.85172
      vertex 195.9 59.7253 -3.1832
      vertex 195.9 59.9718 -3.28529
    endloop
  endfacet
  facet normal 1 0 0
    outer loop
      vertex 195.9 59.6849 -1.73817
      vertex 195.9 59.7253 -3.1832
      vertex 195.9 60.158 -1.85172
    endloop
  endfacet
  facet normal 1 0 0
    outer loop
      vertex 195.9 59.6849 -1.73817
      vertex 195.9 59.4659 -3.12093
      vertex 195.9 59.7253 -3.1832
    endloop
  endfacet
  facet normal 1 0 0
    outer loop
      vertex 195.9 59.2 -1.7
      vertex 195.9 59.4659 -3.12093
      vertex 195.9 59.6849 -1.73817
    endloop
  endfacet
  facet normal 1 0 0
    outer loop
      vertex 195.9 59.2 -1.7
      vertex 195.9 59.2 -3.1
      vertex 195.9 59.4659 -3.12093
    endloop
  endfacet
  facet normal 1 0 0
    outer loop
      vertex 195.9 59.2 -1.7
      vertex 195.9 58.9341 -3.12093
      vertex 195.9 59.2 -3.1
    endloop
  endfacet
  facet normal 1 -0 0
    outer loop
      vertex 195.9 58.7151 -1.73817
      vertex 195.9 58.9341 -3.12093
      vertex 195.9 59.2 -1.7
    endloop
  endfacet
  facet normal 1 0 0
    outer loop
      vertex 195.9 58.7151 -1.73817
      vertex 195.9 58.6747 -3.1832
      vertex 195.9 58.9341 -3.12093
    endloop
  endfacet
  facet normal 1 -0 0
    outer loop
      vertex 195.9 58.242 -1.85172
      vertex 195.9 58.6747 -3.1832
      vertex 195.9 58.7151 -1.73817
    endloop
  endfacet
  facet normal 1 0 0
    outer loop
      vertex 195.9 58.6747 -3.1832
      vertex 195.9 58.242 -1.85172
      vertex 195.9 58.4282 -3.28529
    endloop
  endfacet
  facet normal 1 -0 0
    outer loop
      vertex 195.9 57.7926 -2.03788
      vertex 195.9 58.4282 -3.28529
      vertex 195.9 58.242 -1.85172
    endloop
  endfacet
  facet normal 1 0 0
    outer loop
      vertex 195.9 58.4282 -3.28529
      vertex 195.9 57.7926 -2.03788
      vertex 195.9 58.2008 -3.42467
    endloop
  endfacet
  facet normal 1 -0 0
    outer loop
      vertex 195.9 57.3779 -2.29205
      vertex 195.9 58.2008 -3.42467
      vertex 195.9 57.7926 -2.03788
    endloop
  endfacet
  facet normal 1 0 0
    outer loop
      vertex 195.9 58.2008 -3.42467
      vertex 195.9 57.3779 -2.29205
      vertex 195.9 57.9979 -3.59792
    endloop
  endfacet
  facet normal 1 -0 0
    outer loop
      vertex 195.9 57.008 -2.60797
      vertex 195.9 57.9979 -3.59792
      vertex 195.9 57.3779 -2.29205
    endloop
  endfacet
  facet normal 1 0 0
    outer loop
      vertex 195.9 57.9979 -3.59792
      vertex 195.9 57.008 -2.60797
      vertex 195.9 57.8247 -3.80077
    endloop
  endfacet
  facet normal 1 -0 0
    outer loop
      vertex 195.9 56.692 -2.97787
      vertex 195.9 57.8247 -3.80077
      vertex 195.9 57.008 -2.60797
    endloop
  endfacet
  facet normal 1 -0 0
    outer loop
      vertex 195.9 56.4379 -3.39263
      vertex 195.9 57.6853 -4.02822
      vertex 195.9 56.692 -2.97787
    endloop
  endfacet
  facet normal 1 0 0
    outer loop
      vertex 195.9 57.8247 -3.80077
      vertex 195.9 56.692 -2.97787
      vertex 195.9 57.6853 -4.02822
    endloop
  endfacet
  facet normal 1 0 0
    outer loop
      vertex 195.9 61.9621 -6.20737
      vertex 195.9 60.7147 -5.57178
      vertex 195.9 61.708 -6.62213
    endloop
  endfacet
  facet normal 1 -0 0
    outer loop
      vertex 195.9 60.5753 -5.79923
      vertex 195.9 61.708 -6.62213
      vertex 195.9 60.7147 -5.57178
    endloop
  endfacet
  facet normal 1 0 0
    outer loop
      vertex 195.9 61.708 -6.62213
      vertex 195.9 60.5753 -5.79923
      vertex 195.9 61.392 -6.99203
    endloop
  endfacet
  facet normal 1 -0 0
    outer loop
      vertex 195.9 60.4021 -6.00208
      vertex 195.9 61.392 -6.99203
      vertex 195.9 60.5753 -5.79923
    endloop
  endfacet
  facet normal 1 0 0
    outer loop
      vertex 195.9 61.392 -6.99203
      vertex 195.9 60.4021 -6.00208
      vertex 195.9 61.0221 -7.30795
    endloop
  endfacet
  facet normal 1 -0 0
    outer loop
      vertex 195.9 60.1992 -6.17533
      vertex 195.9 61.0221 -7.30795
      vertex 195.9 60.4021 -6.00208
    endloop
  endfacet
  facet normal 1 0 0
    outer loop
      vertex 195.9 61.0221 -7.30795
      vertex 195.9 60.1992 -6.17533
      vertex 195.9 60.6074 -7.56212
    endloop
  endfacet
  facet normal 1 -0 0
    outer loop
      vertex 195.9 59.9718 -6.31471
      vertex 195.9 60.6074 -7.56212
      vertex 195.9 60.1992 -6.17533
    endloop
  endfacet
  facet normal 1 0 0
    outer loop
      vertex 195.9 60.6074 -7.56212
      vertex 195.9 59.9718 -6.31471
      vertex 195.9 60.158 -7.74827
    endloop
  endfacet
  facet normal 1 -0 0
    outer loop
      vertex 195.9 59.7253 -6.4168
      vertex 195.9 60.158 -7.74827
      vertex 195.9 59.9718 -6.31471
    endloop
  endfacet
  facet normal 1 0 0
    outer loop
      vertex 195.9 59.7253 -6.4168
      vertex 195.9 59.6849 -7.86183
      vertex 195.9 60.158 -7.74827
    endloop
  endfacet
  facet normal 1 -0 0
    outer loop
      vertex 195.9 59.4659 -6.47907
      vertex 195.9 59.6849 -7.86183
      vertex 195.9 59.7253 -6.4168
    endloop
  endfacet
  facet normal 1 -0 0
    outer loop
      vertex 195.9 59.2 -6.5
      vertex 195.9 59.6849 -7.86183
      vertex 195.9 59.4659 -6.47907
    endloop
  endfacet
  facet normal 1 0 0
    outer loop
      vertex 195.9 59.2 -6.5
      vertex 195.9 59.2 -7.9
      vertex 195.9 59.6849 -7.86183
    endloop
  endfacet
  facet normal 1 0 0
    outer loop
      vertex 195.9 58.9341 -6.47907
      vertex 195.9 59.2 -7.9
      vertex 195.9 59.2 -6.5
    endloop
  endfacet
  facet normal 1 0 0
    outer loop
      vertex 195.9 58.9341 -6.47907
      vertex 195.9 58.7151 -7.86183
      vertex 195.9 59.2 -7.9
    endloop
  endfacet
  facet normal 1 0 0
    outer loop
      vertex 195.9 58.6747 -6.4168
      vertex 195.9 58.7151 -7.86183
      vertex 195.9 58.9341 -6.47907
    endloop
  endfacet
  facet normal 1 0 0
    outer loop
      vertex 195.9 58.242 -7.74827
      vertex 195.9 58.6747 -6.4168
      vertex 195.9 58.4282 -6.31471
    endloop
  endfacet
  facet normal 1 0 0
    outer loop
      vertex 195.9 58.6747 -6.4168
      vertex 195.9 58.242 -7.74827
      vertex 195.9 58.7151 -7.86183
    endloop
  endfacet
  facet normal 1 0 0
    outer loop
      vertex 195.9 57.7926 -7.56212
      vertex 195.9 58.4282 -6.31471
      vertex 195.9 58.2008 -6.17533
    endloop
  endfacet
  facet normal 1 0 0
    outer loop
      vertex 195.9 57.3779 -7.30795
      vertex 195.9 58.2008 -6.17533
      vertex 195.9 57.9979 -6.00208
    endloop
  endfacet
  facet normal 1 0 0
    outer loop
      vertex 195.9 57.008 -6.99203
      vertex 195.9 57.9979 -6.00208
      vertex 195.9 57.8247 -5.79923
    endloop
  endfacet
  facet normal 1 0 0
    outer loop
      vertex 195.9 58.4282 -6.31471
      vertex 195.9 57.7926 -7.56212
      vertex 195.9 58.242 -7.74827
    endloop
  endfacet
  facet normal 1 0 0
    outer loop
      vertex 195.9 56.692 -6.62213
      vertex 195.9 57.8247 -5.79923
      vertex 195.9 57.6853 -5.57178
    endloop
  endfacet
  facet normal 1 0 0
    outer loop
      vertex 195.9 56.4379 -6.20737
      vertex 195.9 57.6853 -5.57178
      vertex 195.9 57.5832 -5.32533
    endloop
  endfacet
  facet normal 1 0 0
    outer loop
      vertex 195.9 56.2517 -5.75795
      vertex 195.9 57.5832 -5.32533
      vertex 195.9 57.5209 -5.06594
    endloop
  endfacet
  facet normal 1 0 0
    outer loop
      vertex 195.9 58.2008 -6.17533
      vertex 195.9 57.3779 -7.30795
      vertex 195.9 57.7926 -7.56212
    endloop
  endfacet
  facet normal 1 0 0
    outer loop
      vertex 195.9 56.1382 -5.28495
      vertex 195.9 57.5209 -5.06594
      vertex 195.9 57.5 -4.8
    endloop
  endfacet
  facet normal 1 0 0
    outer loop
      vertex 195.9 57.6853 -4.02822
      vertex 195.9 56.4379 -3.39263
      vertex 195.9 57.5832 -4.27467
    endloop
  endfacet
  facet normal 1 -0 0
    outer loop
      vertex 195.9 56.2517 -3.84205
      vertex 195.9 57.5832 -4.27467
      vertex 195.9 56.4379 -3.39263
    endloop
  endfacet
  facet normal 1 0 0
    outer loop
      vertex 195.9 57.9979 -6.00208
      vertex 195.9 57.008 -6.99203
      vertex 195.9 57.3779 -7.30795
    endloop
  endfacet
  facet normal 1 0 0
    outer loop
      vertex 195.9 57.5832 -4.27467
      vertex 195.9 56.2517 -3.84205
      vertex 195.9 57.5209 -4.53406
    endloop
  endfacet
  facet normal 1 0 0
    outer loop
      vertex 195.9 57.8247 -5.79923
      vertex 195.9 56.692 -6.62213
      vertex 195.9 57.008 -6.99203
    endloop
  endfacet
  facet normal 1 -0 0
    outer loop
      vertex 195.9 56.1382 -4.31505
      vertex 195.9 57.5209 -4.53406
      vertex 195.9 56.2517 -3.84205
    endloop
  endfacet
  facet normal 1 0 0
    outer loop
      vertex 195.9 57.6853 -5.57178
      vertex 195.9 56.4379 -6.20737
      vertex 195.9 56.692 -6.62213
    endloop
  endfacet
  facet normal 1 0 0
    outer loop
      vertex 195.9 57.5209 -4.53406
      vertex 195.9 56.1382 -4.31505
      vertex 195.9 57.5 -4.8
    endloop
  endfacet
  facet normal 1 0 0
    outer loop
      vertex 195.9 57.5832 -5.32533
      vertex 195.9 56.2517 -5.75795
      vertex 195.9 56.4379 -6.20737
    endloop
  endfacet
  facet normal 1 0 0
    outer loop
      vertex 195.9 56.1 -4.8
      vertex 195.9 57.5 -4.8
      vertex 195.9 56.1382 -4.31505
    endloop
  endfacet
  facet normal 1 0 0
    outer loop
      vertex 195.9 57.5209 -5.06594
      vertex 195.9 56.1382 -5.28495
      vertex 195.9 56.2517 -5.75795
    endloop
  endfacet
  facet normal 1 0 0
    outer loop
      vertex 195.9 57.5 -4.8
      vertex 195.9 56.1 -4.8
      vertex 195.9 56.1382 -5.28495
    endloop
  endfacet
  facet normal 0 0.760329 0.649538
    outer loop
      vertex 197.9 57.008 -6.99203
      vertex 195.9 56.692 -6.62213
      vertex 197.9 56.692 -6.62213
    endloop
  endfacet
  facet normal 0 0.760329 0.649538
    outer loop
      vertex 195.9 56.692 -6.62213
      vertex 197.9 57.008 -6.99203
      vertex 195.9 57.008 -6.99203
    endloop
  endfacet
  facet normal 0 -0.8527 0.522401
    outer loop
      vertex 195.9 61.708 -6.62213
      vertex 197.9 61.9621 -6.20737
      vertex 195.9 61.9621 -6.20737
    endloop
  endfacet
  facet normal 0 -0.8527 0.522401
    outer loop
      vertex 197.9 61.9621 -6.20737
      vertex 195.9 61.708 -6.62213
      vertex 197.9 61.708 -6.62213
    endloop
  endfacet
  facet normal 0 -0.923847 -0.382761
    outer loop
      vertex 195.9 62.1483 -3.84205
      vertex 197.9 61.9621 -3.39263
      vertex 195.9 61.9621 -3.39263
    endloop
  endfacet
  facet normal 0 -0.923847 -0.382761
    outer loop
      vertex 197.9 61.9621 -3.39263
      vertex 195.9 62.1483 -3.84205
      vertex 197.9 62.1483 -3.84205
    endloop
  endfacet
  facet normal -0 0.233404 0.97238
    outer loop
      vertex 195.9 58.7151 -7.86183
      vertex 197.9 58.242 -7.74827
      vertex 197.9 58.7151 -7.86183
    endloop
  endfacet
  facet normal 0 0.233404 0.97238
    outer loop
      vertex 197.9 58.242 -7.74827
      vertex 195.9 58.7151 -7.86183
      vertex 195.9 58.242 -7.74827
    endloop
  endfacet
  facet normal -0 0.649443 0.76041
    outer loop
      vertex 195.9 57.3779 -7.30795
      vertex 197.9 57.008 -6.99203
      vertex 197.9 57.3779 -7.30795
    endloop
  endfacet
  facet normal 0 0.649443 0.76041
    outer loop
      vertex 197.9 57.008 -6.99203
      vertex 195.9 57.3779 -7.30795
      vertex 195.9 57.008 -6.99203
    endloop
  endfacet
  facet normal 0 0.522561 -0.852602
    outer loop
      vertex 195.9 57.3779 -2.29205
      vertex 197.9 57.7926 -2.03788
      vertex 197.9 57.3779 -2.29205
    endloop
  endfacet
  facet normal 0 0.522561 -0.852602
    outer loop
      vertex 197.9 57.7926 -2.03788
      vertex 195.9 57.3779 -2.29205
      vertex 195.9 57.7926 -2.03788
    endloop
  endfacet
  facet normal 0 0.233385 -0.972385
    outer loop
      vertex 195.9 58.242 -1.85172
      vertex 197.9 58.7151 -1.73817
      vertex 197.9 58.242 -1.85172
    endloop
  endfacet
  facet normal 0 0.233385 -0.972385
    outer loop
      vertex 197.9 58.7151 -1.73817
      vertex 195.9 58.242 -1.85172
      vertex 195.9 58.7151 -1.73817
    endloop
  endfacet
  facet normal 0 0.649443 -0.76041
    outer loop
      vertex 195.9 57.008 -2.60797
      vertex 197.9 57.3779 -2.29205
      vertex 197.9 57.008 -2.60797
    endloop
  endfacet
  facet normal 0 0.649443 -0.76041
    outer loop
      vertex 197.9 57.3779 -2.29205
      vertex 195.9 57.008 -2.60797
      vertex 195.9 57.3779 -2.29205
    endloop
  endfacet
  facet normal 0 -0.972397 0.233334
    outer loop
      vertex 195.9 62.1483 -5.75795
      vertex 197.9 62.2618 -5.28495
      vertex 195.9 62.2618 -5.28495
    endloop
  endfacet
  facet normal 0 -0.972397 0.233334
    outer loop
      vertex 197.9 62.2618 -5.28495
      vertex 195.9 62.1483 -5.75795
      vertex 197.9 62.1483 -5.75795
    endloop
  endfacet
  facet normal 0 0.996912 -0.0785278
    outer loop
      vertex 197.9 56.1 -4.8
      vertex 195.9 56.1382 -4.31505
      vertex 197.9 56.1382 -4.31505
    endloop
  endfacet
  facet normal 0 0.996912 -0.0785278
    outer loop
      vertex 195.9 56.1382 -4.31505
      vertex 197.9 56.1 -4.8
      vertex 195.9 56.1 -4.8
    endloop
  endfacet
  facet normal 0 -0.0784745 -0.996916
    outer loop
      vertex 195.9 59.2 -1.7
      vertex 197.9 59.6849 -1.73817
      vertex 197.9 59.2 -1.7
    endloop
  endfacet
  facet normal -0 -0.0784745 -0.996916
    outer loop
      vertex 197.9 59.6849 -1.73817
      vertex 195.9 59.2 -1.7
      vertex 195.9 59.6849 -1.73817
    endloop
  endfacet
  facet normal 0 0.923847 -0.382761
    outer loop
      vertex 197.9 56.2517 -3.84205
      vertex 195.9 56.4379 -3.39263
      vertex 197.9 56.4379 -3.39263
    endloop
  endfacet
  facet normal 0 0.923847 -0.382761
    outer loop
      vertex 195.9 56.4379 -3.39263
      vertex 197.9 56.2517 -3.84205
      vertex 195.9 56.2517 -3.84205
    endloop
  endfacet
  facet normal 0 0.996912 0.0785278
    outer loop
      vertex 197.9 56.1382 -5.28495
      vertex 195.9 56.1 -4.8
      vertex 197.9 56.1 -4.8
    endloop
  endfacet
  facet normal 0 0.996912 0.0785278
    outer loop
      vertex 195.9 56.1 -4.8
      vertex 197.9 56.1382 -5.28495
      vertex 195.9 56.1382 -5.28495
    endloop
  endfacet
  facet normal 0 -0.382672 0.923884
    outer loop
      vertex 191.9 16.7718 39.2213
      vertex 195.9 16.5253 39.1192
      vertex 195.9 16.7718 39.2213
    endloop
  endfacet
  facet normal 0 -0.382672 0.923884
    outer loop
      vertex 195.9 16.5253 39.1192
      vertex 191.9 16.7718 39.2213
      vertex 191.9 16.5253 39.1192
    endloop
  endfacet
  facet normal 0 -0.923884 0.382672
    outer loop
      vertex 191.9 17.5147 39.9642
      vertex 195.9 17.6168 40.2107
      vertex 191.9 17.6168 40.2107
    endloop
  endfacet
  facet normal 0 -0.923884 0.382672
    outer loop
      vertex 195.9 17.6168 40.2107
      vertex 191.9 17.5147 39.9642
      vertex 195.9 17.5147 39.9642
    endloop
  endfacet
  facet normal 0 0.760578 0.649247
    outer loop
      vertex 195.9 14.7979 39.5339
      vertex 191.9 14.6247 39.7368
      vertex 195.9 14.6247 39.7368
    endloop
  endfacet
  facet normal 0 0.760578 0.649247
    outer loop
      vertex 191.9 14.6247 39.7368
      vertex 195.9 14.7979 39.5339
      vertex 191.9 14.7979 39.5339
    endloop
  endfacet
  facet normal 0 0.996925 0.0783593
    outer loop
      vertex 195.9 14.3209 40.4701
      vertex 191.9 14.3 40.736
      vertex 195.9 14.3 40.736
    endloop
  endfacet
  facet normal 0 0.996925 0.0783593
    outer loop
      vertex 191.9 14.3 40.736
      vertex 195.9 14.3209 40.4701
      vertex 191.9 14.3209 40.4701
    endloop
  endfacet
  facet normal 0 -0.97235 -0.233529
    outer loop
      vertex 191.9 17.6791 41.0019
      vertex 195.9 17.6168 41.2613
      vertex 191.9 17.6168 41.2613
    endloop
  endfacet
  facet normal 0 -0.97235 -0.233529
    outer loop
      vertex 195.9 17.6168 41.2613
      vertex 191.9 17.6791 41.0019
      vertex 195.9 17.6791 41.0019
    endloop
  endfacet
  facet normal 0 -0.97235 0.233529
    outer loop
      vertex 191.9 17.6168 40.2107
      vertex 195.9 17.6791 40.4701
      vertex 191.9 17.6791 40.4701
    endloop
  endfacet
  facet normal 0 -0.97235 0.233529
    outer loop
      vertex 195.9 17.6791 40.4701
      vertex 191.9 17.6168 40.2107
      vertex 195.9 17.6168 40.2107
    endloop
  endfacet
  facet normal 0 -0.0783593 0.996925
    outer loop
      vertex 191.9 16.2659 39.0569
      vertex 195.9 16 39.036
      vertex 195.9 16.2659 39.0569
    endloop
  endfacet
  facet normal 0 -0.0783593 0.996925
    outer loop
      vertex 195.9 16 39.036
      vertex 191.9 16.2659 39.0569
      vertex 191.9 16 39.036
    endloop
  endfacet
  facet normal 0 -0.522632 0.852558
    outer loop
      vertex 191.9 16.9992 39.3607
      vertex 195.9 16.7718 39.2213
      vertex 195.9 16.9992 39.3607
    endloop
  endfacet
  facet normal 0 -0.522632 0.852558
    outer loop
      vertex 195.9 16.7718 39.2213
      vertex 191.9 16.9992 39.3607
      vertex 191.9 16.7718 39.2213
    endloop
  endfacet
  facet normal 0 0.923884 0.382672
    outer loop
      vertex 195.9 14.4853 39.9642
      vertex 191.9 14.3832 40.2107
      vertex 195.9 14.3832 40.2107
    endloop
  endfacet
  facet normal 0 0.923884 0.382672
    outer loop
      vertex 191.9 14.3832 40.2107
      vertex 195.9 14.4853 39.9642
      vertex 191.9 14.4853 39.9642
    endloop
  endfacet
  facet normal -0 0.0783593 0.996925
    outer loop
      vertex 191.9 16 39.036
      vertex 195.9 15.7341 39.0569
      vertex 195.9 16 39.036
    endloop
  endfacet
  facet normal 0 0.0783593 0.996925
    outer loop
      vertex 195.9 15.7341 39.0569
      vertex 191.9 16 39.036
      vertex 191.9 15.7341 39.0569
    endloop
  endfacet
  facet normal 0 -0.522632 -0.852558
    outer loop
      vertex 191.9 16.7718 42.2507
      vertex 195.9 16.9992 42.1113
      vertex 195.9 16.7718 42.2507
    endloop
  endfacet
  facet normal -0 -0.522632 -0.852558
    outer loop
      vertex 195.9 16.9992 42.1113
      vertex 191.9 16.7718 42.2507
      vertex 191.9 16.9992 42.1113
    endloop
  endfacet
  facet normal 0 0.996925 -0.0783593
    outer loop
      vertex 195.9 14.3 40.736
      vertex 191.9 14.3209 41.0019
      vertex 195.9 14.3209 41.0019
    endloop
  endfacet
  facet normal 0 0.996925 -0.0783593
    outer loop
      vertex 191.9 14.3209 41.0019
      vertex 195.9 14.3 40.736
      vertex 191.9 14.3 40.736
    endloop
  endfacet
  facet normal 0 0.760578 -0.649247
    outer loop
      vertex 195.9 14.6247 41.7352
      vertex 191.9 14.7979 41.9381
      vertex 195.9 14.7979 41.9381
    endloop
  endfacet
  facet normal 0 0.760578 -0.649247
    outer loop
      vertex 191.9 14.7979 41.9381
      vertex 195.9 14.6247 41.7352
      vertex 191.9 14.6247 41.7352
    endloop
  endfacet
  facet normal 0 -0.996925 -0.0783593
    outer loop
      vertex 191.9 17.7 40.736
      vertex 195.9 17.6791 41.0019
      vertex 191.9 17.6791 41.0019
    endloop
  endfacet
  facet normal 0 -0.996925 -0.0783593
    outer loop
      vertex 195.9 17.6791 41.0019
      vertex 191.9 17.7 40.736
      vertex 195.9 17.7 40.736
    endloop
  endfacet
  facet normal 0 -0.649247 0.760578
    outer loop
      vertex 191.9 17.2021 39.5339
      vertex 195.9 16.9992 39.3607
      vertex 195.9 17.2021 39.5339
    endloop
  endfacet
  facet normal 0 -0.649247 0.760578
    outer loop
      vertex 195.9 16.9992 39.3607
      vertex 191.9 17.2021 39.5339
      vertex 191.9 16.9992 39.3607
    endloop
  endfacet
  facet normal 0 -0.233529 0.97235
    outer loop
      vertex 191.9 16.5253 39.1192
      vertex 195.9 16.2659 39.0569
      vertex 195.9 16.5253 39.1192
    endloop
  endfacet
  facet normal 0 -0.233529 0.97235
    outer loop
      vertex 195.9 16.2659 39.0569
      vertex 191.9 16.5253 39.1192
      vertex 191.9 16.2659 39.0569
    endloop
  endfacet
  facet normal 0 -0.852558 -0.522632
    outer loop
      vertex 191.9 17.5147 41.5078
      vertex 195.9 17.3753 41.7352
      vertex 191.9 17.3753 41.7352
    endloop
  endfacet
  facet normal 0 -0.852558 -0.522632
    outer loop
      vertex 195.9 17.3753 41.7352
      vertex 191.9 17.5147 41.5078
      vertex 195.9 17.5147 41.5078
    endloop
  endfacet
  facet normal 0 -0.923884 -0.382672
    outer loop
      vertex 191.9 17.6168 41.2613
      vertex 195.9 17.5147 41.5078
      vertex 191.9 17.5147 41.5078
    endloop
  endfacet
  facet normal 0 -0.923884 -0.382672
    outer loop
      vertex 195.9 17.5147 41.5078
      vertex 191.9 17.6168 41.2613
      vertex 195.9 17.6168 41.2613
    endloop
  endfacet
  facet normal 0 -0.760578 -0.649247
    outer loop
      vertex 191.9 17.3753 41.7352
      vertex 195.9 17.2021 41.9381
      vertex 191.9 17.2021 41.9381
    endloop
  endfacet
  facet normal 0 -0.760578 -0.649247
    outer loop
      vertex 195.9 17.2021 41.9381
      vertex 191.9 17.3753 41.7352
      vertex 195.9 17.3753 41.7352
    endloop
  endfacet
  facet normal 0 0.97235 0.233529
    outer loop
      vertex 195.9 14.3832 40.2107
      vertex 191.9 14.3209 40.4701
      vertex 195.9 14.3209 40.4701
    endloop
  endfacet
  facet normal 0 0.97235 0.233529
    outer loop
      vertex 191.9 14.3209 40.4701
      vertex 195.9 14.3832 40.2107
      vertex 191.9 14.3832 40.2107
    endloop
  endfacet
  facet normal 0 0.97235 -0.233529
    outer loop
      vertex 195.9 14.3209 41.0019
      vertex 191.9 14.3832 41.2613
      vertex 195.9 14.3832 41.2613
    endloop
  endfacet
  facet normal 0 0.97235 -0.233529
    outer loop
      vertex 191.9 14.3832 41.2613
      vertex 195.9 14.3209 41.0019
      vertex 191.9 14.3209 41.0019
    endloop
  endfacet
  facet normal 0 0.649247 -0.760578
    outer loop
      vertex 191.9 14.7979 41.9381
      vertex 195.9 15.0008 42.1113
      vertex 195.9 14.7979 41.9381
    endloop
  endfacet
  facet normal 0 0.649247 -0.760578
    outer loop
      vertex 195.9 15.0008 42.1113
      vertex 191.9 14.7979 41.9381
      vertex 191.9 15.0008 42.1113
    endloop
  endfacet
  facet normal -0 0.382672 0.923884
    outer loop
      vertex 191.9 15.4747 39.1192
      vertex 195.9 15.2282 39.2213
      vertex 195.9 15.4747 39.1192
    endloop
  endfacet
  facet normal 0 0.382672 0.923884
    outer loop
      vertex 195.9 15.2282 39.2213
      vertex 191.9 15.4747 39.1192
      vertex 191.9 15.2282 39.2213
    endloop
  endfacet
  facet normal -0 0.233529 0.97235
    outer loop
      vertex 191.9 15.7341 39.0569
      vertex 195.9 15.4747 39.1192
      vertex 195.9 15.7341 39.0569
    endloop
  endfacet
  facet normal 0 0.233529 0.97235
    outer loop
      vertex 195.9 15.4747 39.1192
      vertex 191.9 15.7341 39.0569
      vertex 191.9 15.4747 39.1192
    endloop
  endfacet
  facet normal -0 0.522632 0.852558
    outer loop
      vertex 191.9 15.2282 39.2213
      vertex 195.9 15.0008 39.3607
      vertex 195.9 15.2282 39.2213
    endloop
  endfacet
  facet normal 0 0.522632 0.852558
    outer loop
      vertex 195.9 15.0008 39.3607
      vertex 191.9 15.2282 39.2213
      vertex 191.9 15.0008 39.3607
    endloop
  endfacet
  facet normal 0 -0.760578 0.649247
    outer loop
      vertex 191.9 17.2021 39.5339
      vertex 195.9 17.3753 39.7368
      vertex 191.9 17.3753 39.7368
    endloop
  endfacet
  facet normal 0 -0.760578 0.649247
    outer loop
      vertex 195.9 17.3753 39.7368
      vertex 191.9 17.2021 39.5339
      vertex 195.9 17.2021 39.5339
    endloop
  endfacet
  facet normal 0 0.852558 -0.522632
    outer loop
      vertex 195.9 14.4853 41.5078
      vertex 191.9 14.6247 41.7352
      vertex 195.9 14.6247 41.7352
    endloop
  endfacet
  facet normal 0 0.852558 -0.522632
    outer loop
      vertex 191.9 14.6247 41.7352
      vertex 195.9 14.4853 41.5078
      vertex 191.9 14.4853 41.5078
    endloop
  endfacet
  facet normal 0 0.522632 -0.852558
    outer loop
      vertex 191.9 15.0008 42.1113
      vertex 195.9 15.2282 42.2507
      vertex 195.9 15.0008 42.1113
    endloop
  endfacet
  facet normal 0 0.522632 -0.852558
    outer loop
      vertex 195.9 15.2282 42.2507
      vertex 191.9 15.0008 42.1113
      vertex 191.9 15.2282 42.2507
    endloop
  endfacet
  facet normal 0 -0.852558 0.522632
    outer loop
      vertex 191.9 17.3753 39.7368
      vertex 195.9 17.5147 39.9642
      vertex 191.9 17.5147 39.9642
    endloop
  endfacet
  facet normal 0 -0.852558 0.522632
    outer loop
      vertex 195.9 17.5147 39.9642
      vertex 191.9 17.3753 39.7368
      vertex 195.9 17.3753 39.7368
    endloop
  endfacet
  facet normal 0 -0.0783593 -0.996925
    outer loop
      vertex 191.9 16 42.436
      vertex 195.9 16.2659 42.4151
      vertex 195.9 16 42.436
    endloop
  endfacet
  facet normal -0 -0.0783593 -0.996925
    outer loop
      vertex 195.9 16.2659 42.4151
      vertex 191.9 16 42.436
      vertex 191.9 16.2659 42.4151
    endloop
  endfacet
  facet normal -0 0.649247 0.760578
    outer loop
      vertex 191.9 15.0008 39.3607
      vertex 195.9 14.7979 39.5339
      vertex 195.9 15.0008 39.3607
    endloop
  endfacet
  facet normal 0 0.649247 0.760578
    outer loop
      vertex 195.9 14.7979 39.5339
      vertex 191.9 15.0008 39.3607
      vertex 191.9 14.7979 39.5339
    endloop
  endfacet
  facet normal 0 -0.649247 -0.760578
    outer loop
      vertex 191.9 16.9992 42.1113
      vertex 195.9 17.2021 41.9381
      vertex 195.9 16.9992 42.1113
    endloop
  endfacet
  facet normal -0 -0.649247 -0.760578
    outer loop
      vertex 195.9 17.2021 41.9381
      vertex 191.9 16.9992 42.1113
      vertex 191.9 17.2021 41.9381
    endloop
  endfacet
  facet normal 0 0.233529 -0.97235
    outer loop
      vertex 191.9 15.4747 42.3528
      vertex 195.9 15.7341 42.4151
      vertex 195.9 15.4747 42.3528
    endloop
  endfacet
  facet normal 0 0.233529 -0.97235
    outer loop
      vertex 195.9 15.7341 42.4151
      vertex 191.9 15.4747 42.3528
      vertex 191.9 15.7341 42.4151
    endloop
  endfacet
  facet normal 0 0.382672 -0.923884
    outer loop
      vertex 191.9 15.2282 42.2507
      vertex 195.9 15.4747 42.3528
      vertex 195.9 15.2282 42.2507
    endloop
  endfacet
  facet normal 0 0.382672 -0.923884
    outer loop
      vertex 195.9 15.4747 42.3528
      vertex 191.9 15.2282 42.2507
      vertex 191.9 15.4747 42.3528
    endloop
  endfacet
  facet normal 0 -0.996925 0.0783593
    outer loop
      vertex 191.9 17.6791 40.4701
      vertex 195.9 17.7 40.736
      vertex 191.9 17.7 40.736
    endloop
  endfacet
  facet normal 0 -0.996925 0.0783593
    outer loop
      vertex 195.9 17.7 40.736
      vertex 191.9 17.6791 40.4701
      vertex 195.9 17.6791 40.4701
    endloop
  endfacet
  facet normal 0 0.923884 -0.382672
    outer loop
      vertex 195.9 14.3832 41.2613
      vertex 191.9 14.4853 41.5078
      vertex 195.9 14.4853 41.5078
    endloop
  endfacet
  facet normal 0 0.923884 -0.382672
    outer loop
      vertex 191.9 14.4853 41.5078
      vertex 195.9 14.3832 41.2613
      vertex 191.9 14.3832 41.2613
    endloop
  endfacet
  facet normal 0 0.0783593 -0.996925
    outer loop
      vertex 191.9 15.7341 42.4151
      vertex 195.9 16 42.436
      vertex 195.9 15.7341 42.4151
    endloop
  endfacet
  facet normal 0 0.0783593 -0.996925
    outer loop
      vertex 195.9 16 42.436
      vertex 191.9 15.7341 42.4151
      vertex 191.9 16 42.436
    endloop
  endfacet
  facet normal 0 -0.233529 -0.97235
    outer loop
      vertex 191.9 16.2659 42.4151
      vertex 195.9 16.5253 42.3528
      vertex 195.9 16.2659 42.4151
    endloop
  endfacet
  facet normal -0 -0.233529 -0.97235
    outer loop
      vertex 195.9 16.5253 42.3528
      vertex 191.9 16.2659 42.4151
      vertex 191.9 16.5253 42.3528
    endloop
  endfacet
  facet normal 0 0.852558 0.522632
    outer loop
      vertex 195.9 14.6247 39.7368
      vertex 191.9 14.4853 39.9642
      vertex 195.9 14.4853 39.9642
    endloop
  endfacet
  facet normal 0 0.852558 0.522632
    outer loop
      vertex 191.9 14.4853 39.9642
      vertex 195.9 14.6247 39.7368
      vertex 191.9 14.6247 39.7368
    endloop
  endfacet
  facet normal 0 -0.382672 -0.923884
    outer loop
      vertex 191.9 16.5253 42.3528
      vertex 195.9 16.7718 42.2507
      vertex 195.9 16.5253 42.3528
    endloop
  endfacet
  facet normal -0 -0.382672 -0.923884
    outer loop
      vertex 195.9 16.7718 42.2507
      vertex 191.9 16.5253 42.3528
      vertex 191.9 16.7718 42.2507
    endloop
  endfacet
  facet normal 0 0.996911 -0.0785358
    outer loop
      vertex 197.9 12.9 40.736
      vertex 195.9 12.9382 41.2209
      vertex 197.9 12.9382 41.2209
    endloop
  endfacet
  facet normal 0 0.996911 -0.0785358
    outer loop
      vertex 195.9 12.9382 41.2209
      vertex 197.9 12.9 40.736
      vertex 195.9 12.9 40.736
    endloop
  endfacet
  facet normal 0 0.972408 0.233287
    outer loop
      vertex 197.9 13.0517 39.778
      vertex 195.9 12.9382 40.2511
      vertex 197.9 12.9382 40.2511
    endloop
  endfacet
  facet normal 0 0.972408 0.233287
    outer loop
      vertex 195.9 12.9382 40.2511
      vertex 197.9 13.0517 39.778
      vertex 195.9 13.0517 39.778
    endloop
  endfacet
  facet normal 0 -0.382775 0.923841
    outer loop
      vertex 195.9 17.4074 37.9739
      vertex 197.9 16.958 37.7877
      vertex 197.9 17.4074 37.9739
    endloop
  endfacet
  facet normal 0 -0.382775 0.923841
    outer loop
      vertex 197.9 16.958 37.7877
      vertex 195.9 17.4074 37.9739
      vertex 195.9 16.958 37.7877
    endloop
  endfacet
  facet normal -0 0.0785358 0.996911
    outer loop
      vertex 195.9 16 37.636
      vertex 197.9 15.5151 37.6742
      vertex 197.9 16 37.636
    endloop
  endfacet
  facet normal 0 0.0785358 0.996911
    outer loop
      vertex 197.9 15.5151 37.6742
      vertex 195.9 16 37.636
      vertex 195.9 15.5151 37.6742
    endloop
  endfacet
  facet normal 0 0.923841 -0.382775
    outer loop
      vertex 197.9 13.0517 41.694
      vertex 195.9 13.2379 42.1434
      vertex 197.9 13.2379 42.1434
    endloop
  endfacet
  facet normal 0 0.923841 -0.382775
    outer loop
      vertex 195.9 13.2379 42.1434
      vertex 197.9 13.0517 41.694
      vertex 195.9 13.0517 41.694
    endloop
  endfacet
  facet normal 1 0 0
    outer loop
      vertex 195.9 17.7 40.736
      vertex 195.9 19.1 40.736
      vertex 195.9 19.0618 41.2209
    endloop
  endfacet
  facet normal 1 0 0
    outer loop
      vertex 195.9 17.6791 41.0019
      vertex 195.9 19.0618 41.2209
      vertex 195.9 18.9483 41.694
    endloop
  endfacet
  facet normal 1 0 0
    outer loop
      vertex 195.9 19.1 40.736
      vertex 195.9 17.7 40.736
      vertex 195.9 19.0618 40.2511
    endloop
  endfacet
  facet normal 1 0 0
    outer loop
      vertex 195.9 17.6168 41.2613
      vertex 195.9 18.9483 41.694
      vertex 195.9 18.7621 42.1434
    endloop
  endfacet
  facet normal 1 -0 0
    outer loop
      vertex 195.9 17.6791 40.4701
      vertex 195.9 19.0618 40.2511
      vertex 195.9 17.7 40.736
    endloop
  endfacet
  facet normal 1 0 0
    outer loop
      vertex 195.9 17.5147 41.5078
      vertex 195.9 18.7621 42.1434
      vertex 195.9 18.508 42.5581
    endloop
  endfacet
  facet normal 1 0 0
    outer loop
      vertex 195.9 19.0618 40.2511
      vertex 195.9 17.6791 40.4701
      vertex 195.9 18.9483 39.778
    endloop
  endfacet
  facet normal 1 0 0
    outer loop
      vertex 195.9 17.3753 41.7352
      vertex 195.9 18.508 42.5581
      vertex 195.9 18.192 42.928
    endloop
  endfacet
  facet normal 1 -0 0
    outer loop
      vertex 195.9 17.6168 40.2107
      vertex 195.9 18.9483 39.778
      vertex 195.9 17.6791 40.4701
    endloop
  endfacet
  facet normal 1 0 0
    outer loop
      vertex 195.9 17.2021 41.9381
      vertex 195.9 18.192 42.928
      vertex 195.9 17.8221 43.2439
    endloop
  endfacet
  facet normal 1 0 0
    outer loop
      vertex 195.9 18.9483 39.778
      vertex 195.9 17.6168 40.2107
      vertex 195.9 18.7621 39.3286
    endloop
  endfacet
  facet normal 1 -0 0
    outer loop
      vertex 195.9 17.5147 39.9642
      vertex 195.9 18.7621 39.3286
      vertex 195.9 17.6168 40.2107
    endloop
  endfacet
  facet normal 1 0 0
    outer loop
      vertex 195.9 19.0618 41.2209
      vertex 195.9 17.6791 41.0019
      vertex 195.9 17.7 40.736
    endloop
  endfacet
  facet normal 1 0 0
    outer loop
      vertex 195.9 18.9483 41.694
      vertex 195.9 17.6168 41.2613
      vertex 195.9 17.6791 41.0019
    endloop
  endfacet
  facet normal 1 0 0
    outer loop
      vertex 195.9 18.7621 42.1434
      vertex 195.9 17.5147 41.5078
      vertex 195.9 17.6168 41.2613
    endloop
  endfacet
  facet normal 1 0 0
    outer loop
      vertex 195.9 16.9992 42.1113
      vertex 195.9 17.8221 43.2439
      vertex 195.9 17.4074 43.4981
    endloop
  endfacet
  facet normal 1 0 0
    outer loop
      vertex 195.9 18.508 42.5581
      vertex 195.9 17.3753 41.7352
      vertex 195.9 17.5147 41.5078
    endloop
  endfacet
  facet normal 1 0 0
    outer loop
      vertex 195.9 18.192 42.928
      vertex 195.9 17.2021 41.9381
      vertex 195.9 17.3753 41.7352
    endloop
  endfacet
  facet normal 1 0 0
    outer loop
      vertex 195.9 17.8221 43.2439
      vertex 195.9 16.9992 42.1113
      vertex 195.9 17.2021 41.9381
    endloop
  endfacet
  facet normal 1 0 0
    outer loop
      vertex 195.9 16.7718 42.2507
      vertex 195.9 17.4074 43.4981
      vertex 195.9 16.958 43.6843
    endloop
  endfacet
  facet normal 1 0 0
    outer loop
      vertex 195.9 17.4074 43.4981
      vertex 195.9 16.7718 42.2507
      vertex 195.9 16.9992 42.1113
    endloop
  endfacet
  facet normal 1 0 0
    outer loop
      vertex 195.9 16.958 43.6843
      vertex 195.9 16.5253 42.3528
      vertex 195.9 16.7718 42.2507
    endloop
  endfacet
  facet normal 1 0 0
    outer loop
      vertex 195.9 16.4849 43.7978
      vertex 195.9 16.5253 42.3528
      vertex 195.9 16.958 43.6843
    endloop
  endfacet
  facet normal 1 0 0
    outer loop
      vertex 195.9 16.4849 43.7978
      vertex 195.9 16.2659 42.4151
      vertex 195.9 16.5253 42.3528
    endloop
  endfacet
  facet normal 1 0 0
    outer loop
      vertex 195.9 16 43.836
      vertex 195.9 16.2659 42.4151
      vertex 195.9 16.4849 43.7978
    endloop
  endfacet
  facet normal 1 0 0
    outer loop
      vertex 195.9 16 43.836
      vertex 195.9 16 42.436
      vertex 195.9 16.2659 42.4151
    endloop
  endfacet
  facet normal 1 0 0
    outer loop
      vertex 195.9 16 43.836
      vertex 195.9 15.7341 42.4151
      vertex 195.9 16 42.436
    endloop
  endfacet
  facet normal 1 -0 0
    outer loop
      vertex 195.9 15.5151 43.7978
      vertex 195.9 15.7341 42.4151
      vertex 195.9 16 43.836
    endloop
  endfacet
  facet normal 1 0 0
    outer loop
      vertex 195.9 15.5151 43.7978
      vertex 195.9 15.4747 42.3528
      vertex 195.9 15.7341 42.4151
    endloop
  endfacet
  facet normal 1 -0 0
    outer loop
      vertex 195.9 15.042 43.6843
      vertex 195.9 15.4747 42.3528
      vertex 195.9 15.5151 43.7978
    endloop
  endfacet
  facet normal 1 0 0
    outer loop
      vertex 195.9 15.4747 42.3528
      vertex 195.9 15.042 43.6843
      vertex 195.9 15.2282 42.2507
    endloop
  endfacet
  facet normal 1 -0 0
    outer loop
      vertex 195.9 14.5926 43.4981
      vertex 195.9 15.2282 42.2507
      vertex 195.9 15.042 43.6843
    endloop
  endfacet
  facet normal 1 0 0
    outer loop
      vertex 195.9 15.2282 42.2507
      vertex 195.9 14.5926 43.4981
      vertex 195.9 15.0008 42.1113
    endloop
  endfacet
  facet normal 1 -0 0
    outer loop
      vertex 195.9 14.1779 43.2439
      vertex 195.9 15.0008 42.1113
      vertex 195.9 14.5926 43.4981
    endloop
  endfacet
  facet normal 1 0 0
    outer loop
      vertex 195.9 15.0008 42.1113
      vertex 195.9 14.1779 43.2439
      vertex 195.9 14.7979 41.9381
    endloop
  endfacet
  facet normal 1 -0 0
    outer loop
      vertex 195.9 13.808 42.928
      vertex 195.9 14.7979 41.9381
      vertex 195.9 14.1779 43.2439
    endloop
  endfacet
  facet normal 1 0 0
    outer loop
      vertex 195.9 14.7979 41.9381
      vertex 195.9 13.808 42.928
      vertex 195.9 14.6247 41.7352
    endloop
  endfacet
  facet normal 1 -0 0
    outer loop
      vertex 195.9 13.492 42.5581
      vertex 195.9 14.6247 41.7352
      vertex 195.9 13.808 42.928
    endloop
  endfacet
  facet normal 1 -0 0
    outer loop
      vertex 195.9 13.2379 42.1434
      vertex 195.9 14.4853 41.5078
      vertex 195.9 13.492 42.5581
    endloop
  endfacet
  facet normal 1 0 0
    outer loop
      vertex 195.9 14.6247 41.7352
      vertex 195.9 13.492 42.5581
      vertex 195.9 14.4853 41.5078
    endloop
  endfacet
  facet normal 1 0 0
    outer loop
      vertex 195.9 18.7621 39.3286
      vertex 195.9 17.5147 39.9642
      vertex 195.9 18.508 38.9139
    endloop
  endfacet
  facet normal 1 -0 0
    outer loop
      vertex 195.9 17.3753 39.7368
      vertex 195.9 18.508 38.9139
      vertex 195.9 17.5147 39.9642
    endloop
  endfacet
  facet normal 1 0 0
    outer loop
      vertex 195.9 18.508 38.9139
      vertex 195.9 17.3753 39.7368
      vertex 195.9 18.192 38.544
    endloop
  endfacet
  facet normal 1 -0 0
    outer loop
      vertex 195.9 17.2021 39.5339
      vertex 195.9 18.192 38.544
      vertex 195.9 17.3753 39.7368
    endloop
  endfacet
  facet normal 1 0 0
    outer loop
      vertex 195.9 18.192 38.544
      vertex 195.9 17.2021 39.5339
      vertex 195.9 17.8221 38.228
    endloop
  endfacet
  facet normal 1 -0 0
    outer loop
      vertex 195.9 16.9992 39.3607
      vertex 195.9 17.8221 38.228
      vertex 195.9 17.2021 39.5339
    endloop
  endfacet
  facet normal 1 0 0
    outer loop
      vertex 195.9 17.8221 38.228
      vertex 195.9 16.9992 39.3607
      vertex 195.9 17.4074 37.9739
    endloop
  endfacet
  facet normal 1 -0 0
    outer loop
      vertex 195.9 16.7718 39.2213
      vertex 195.9 17.4074 37.9739
      vertex 195.9 16.9992 39.3607
    endloop
  endfacet
  facet normal 1 0 0
    outer loop
      vertex 195.9 17.4074 37.9739
      vertex 195.9 16.7718 39.2213
      vertex 195.9 16.958 37.7877
    endloop
  endfacet
  facet normal 1 -0 0
    outer loop
      vertex 195.9 16.5253 39.1192
      vertex 195.9 16.958 37.7877
      vertex 195.9 16.7718 39.2213
    endloop
  endfacet
  facet normal 1 0 0
    outer loop
      vertex 195.9 16.5253 39.1192
      vertex 195.9 16.4849 37.6742
      vertex 195.9 16.958 37.7877
    endloop
  endfacet
  facet normal 1 -0 0
    outer loop
      vertex 195.9 16.2659 39.0569
      vertex 195.9 16.4849 37.6742
      vertex 195.9 16.5253 39.1192
    endloop
  endfacet
  facet normal 1 -0 0
    outer loop
      vertex 195.9 16 39.036
      vertex 195.9 16.4849 37.6742
      vertex 195.9 16.2659 39.0569
    endloop
  endfacet
  facet normal 1 0 0
    outer loop
      vertex 195.9 16 39.036
      vertex 195.9 16 37.636
      vertex 195.9 16.4849 37.6742
    endloop
  endfacet
  facet normal 1 0 0
    outer loop
      vertex 195.9 15.7341 39.0569
      vertex 195.9 16 37.636
      vertex 195.9 16 39.036
    endloop
  endfacet
  facet normal 1 0 0
    outer loop
      vertex 195.9 15.7341 39.0569
      vertex 195.9 15.5151 37.6742
      vertex 195.9 16 37.636
    endloop
  endfacet
  facet normal 1 0 0
    outer loop
      vertex 195.9 15.4747 39.1192
      vertex 195.9 15.5151 37.6742
      vertex 195.9 15.7341 39.0569
    endloop
  endfacet
  facet normal 1 0 0
    outer loop
      vertex 195.9 15.042 37.7877
      vertex 195.9 15.4747 39.1192
      vertex 195.9 15.2282 39.2213
    endloop
  endfacet
  facet normal 1 0 0
    outer loop
      vertex 195.9 15.4747 39.1192
      vertex 195.9 15.042 37.7877
      vertex 195.9 15.5151 37.6742
    endloop
  endfacet
  facet normal 1 0 0
    outer loop
      vertex 195.9 14.5926 37.9739
      vertex 195.9 15.2282 39.2213
      vertex 195.9 15.0008 39.3607
    endloop
  endfacet
  facet normal 1 0 0
    outer loop
      vertex 195.9 14.1779 38.228
      vertex 195.9 15.0008 39.3607
      vertex 195.9 14.7979 39.5339
    endloop
  endfacet
  facet normal 1 0 0
    outer loop
      vertex 195.9 13.808 38.544
      vertex 195.9 14.7979 39.5339
      vertex 195.9 14.6247 39.7368
    endloop
  endfacet
  facet normal 1 0 0
    outer loop
      vertex 195.9 15.2282 39.2213
      vertex 195.9 14.5926 37.9739
      vertex 195.9 15.042 37.7877
    endloop
  endfacet
  facet normal 1 0 0
    outer loop
      vertex 195.9 13.492 38.9139
      vertex 195.9 14.6247 39.7368
      vertex 195.9 14.4853 39.9642
    endloop
  endfacet
  facet normal 1 0 0
    outer loop
      vertex 195.9 13.2379 39.3286
      vertex 195.9 14.4853 39.9642
      vertex 195.9 14.3832 40.2107
    endloop
  endfacet
  facet normal 1 0 0
    outer loop
      vertex 195.9 13.0517 39.778
      vertex 195.9 14.3832 40.2107
      vertex 195.9 14.3209 40.4701
    endloop
  endfacet
  facet normal 1 0 0
    outer loop
      vertex 195.9 15.0008 39.3607
      vertex 195.9 14.1779 38.228
      vertex 195.9 14.5926 37.9739
    endloop
  endfacet
  facet normal 1 0 0
    outer loop
      vertex 195.9 12.9382 40.2511
      vertex 195.9 14.3209 40.4701
      vertex 195.9 14.3 40.736
    endloop
  endfacet
  facet normal 1 0 0
    outer loop
      vertex 195.9 14.4853 41.5078
      vertex 195.9 13.2379 42.1434
      vertex 195.9 14.3832 41.2613
    endloop
  endfacet
  facet normal 1 -0 0
    outer loop
      vertex 195.9 13.0517 41.694
      vertex 195.9 14.3832 41.2613
      vertex 195.9 13.2379 42.1434
    endloop
  endfacet
  facet normal 1 0 0
    outer loop
      vertex 195.9 14.7979 39.5339
      vertex 195.9 13.808 38.544
      vertex 195.9 14.1779 38.228
    endloop
  endfacet
  facet normal 1 0 0
    outer loop
      vertex 195.9 14.3832 41.2613
      vertex 195.9 13.0517 41.694
      vertex 195.9 14.3209 41.0019
    endloop
  endfacet
  facet normal 1 0 0
    outer loop
      vertex 195.9 14.6247 39.7368
      vertex 195.9 13.492 38.9139
      vertex 195.9 13.808 38.544
    endloop
  endfacet
  facet normal 1 -0 0
    outer loop
      vertex 195.9 12.9382 41.2209
      vertex 195.9 14.3209 41.0019
      vertex 195.9 13.0517 41.694
    endloop
  endfacet
  facet normal 1 0 0
    outer loop
      vertex 195.9 14.4853 39.9642
      vertex 195.9 13.2379 39.3286
      vertex 195.9 13.492 38.9139
    endloop
  endfacet
  facet normal 1 0 0
    outer loop
      vertex 195.9 14.3209 41.0019
      vertex 195.9 12.9382 41.2209
      vertex 195.9 14.3 40.736
    endloop
  endfacet
  facet normal 1 0 0
    outer loop
      vertex 195.9 14.3832 40.2107
      vertex 195.9 13.0517 39.778
      vertex 195.9 13.2379 39.3286
    endloop
  endfacet
  facet normal 1 0 0
    outer loop
      vertex 195.9 12.9 40.736
      vertex 195.9 14.3 40.736
      vertex 195.9 12.9382 41.2209
    endloop
  endfacet
  facet normal 1 0 0
    outer loop
      vertex 195.9 14.3209 40.4701
      vertex 195.9 12.9382 40.2511
      vertex 195.9 13.0517 39.778
    endloop
  endfacet
  facet normal 1 0 0
    outer loop
      vertex 195.9 14.3 40.736
      vertex 195.9 12.9 40.736
      vertex 195.9 12.9382 40.2511
    endloop
  endfacet
  facet normal 0 -0.760329 0.649538
    outer loop
      vertex 195.9 18.192 38.544
      vertex 197.9 18.508 38.9139
      vertex 195.9 18.508 38.9139
    endloop
  endfacet
  facet normal 0 -0.760329 0.649538
    outer loop
      vertex 197.9 18.508 38.9139
      vertex 195.9 18.192 38.544
      vertex 197.9 18.192 38.544
    endloop
  endfacet
  facet normal 0 -0.0785358 0.996911
    outer loop
      vertex 195.9 16.4849 37.6742
      vertex 197.9 16 37.636
      vertex 197.9 16.4849 37.6742
    endloop
  endfacet
  facet normal 0 -0.0785358 0.996911
    outer loop
      vertex 197.9 16 37.636
      vertex 195.9 16.4849 37.6742
      vertex 195.9 16 37.636
    endloop
  endfacet
  facet normal 0 0.760329 -0.649538
    outer loop
      vertex 197.9 13.492 42.5581
      vertex 195.9 13.808 42.928
      vertex 197.9 13.808 42.928
    endloop
  endfacet
  facet normal 0 0.760329 -0.649538
    outer loop
      vertex 195.9 13.808 42.928
      vertex 197.9 13.492 42.5581
      vertex 195.9 13.492 42.5581
    endloop
  endfacet
  facet normal 0 0.923841 0.382775
    outer loop
      vertex 197.9 13.2379 39.3286
      vertex 195.9 13.0517 39.778
      vertex 197.9 13.0517 39.778
    endloop
  endfacet
  facet normal 0 0.923841 0.382775
    outer loop
      vertex 195.9 13.0517 39.778
      vertex 197.9 13.2379 39.3286
      vertex 195.9 13.2379 39.3286
    endloop
  endfacet
  facet normal 0 -0.522456 0.852666
    outer loop
      vertex 195.9 17.8221 38.228
      vertex 197.9 17.4074 37.9739
      vertex 197.9 17.8221 38.228
    endloop
  endfacet
  facet normal 0 -0.522456 0.852666
    outer loop
      vertex 197.9 17.4074 37.9739
      vertex 195.9 17.8221 38.228
      vertex 195.9 17.4074 37.9739
    endloop
  endfacet
  facet normal -0 0.649538 0.760329
    outer loop
      vertex 195.9 14.1779 38.228
      vertex 197.9 13.808 38.544
      vertex 197.9 14.1779 38.228
    endloop
  endfacet
  facet normal 0 0.649538 0.760329
    outer loop
      vertex 197.9 13.808 38.544
      vertex 195.9 14.1779 38.228
      vertex 195.9 13.808 38.544
    endloop
  endfacet
  facet normal -0 0.522456 0.852666
    outer loop
      vertex 195.9 14.5926 37.9739
      vertex 197.9 14.1779 38.228
      vertex 197.9 14.5926 37.9739
    endloop
  endfacet
  facet normal 0 0.522456 0.852666
    outer loop
      vertex 197.9 14.1779 38.228
      vertex 195.9 14.5926 37.9739
      vertex 195.9 14.1779 38.228
    endloop
  endfacet
  facet normal 0 0.382775 -0.923841
    outer loop
      vertex 195.9 14.5926 43.4981
      vertex 197.9 15.042 43.6843
      vertex 197.9 14.5926 43.4981
    endloop
  endfacet
  facet normal 0 0.382775 -0.923841
    outer loop
      vertex 197.9 15.042 43.6843
      vertex 195.9 14.5926 43.4981
      vertex 195.9 15.042 43.6843
    endloop
  endfacet
  facet normal 0 -0.923841 -0.382775
    outer loop
      vertex 195.9 18.9483 41.694
      vertex 197.9 18.7621 42.1434
      vertex 195.9 18.7621 42.1434
    endloop
  endfacet
  facet normal 0 -0.923841 -0.382775
    outer loop
      vertex 197.9 18.7621 42.1434
      vertex 195.9 18.9483 41.694
      vertex 197.9 18.9483 41.694
    endloop
  endfacet
  facet normal 0 -0.996911 0.0785358
    outer loop
      vertex 195.9 19.0618 40.2511
      vertex 197.9 19.1 40.736
      vertex 195.9 19.1 40.736
    endloop
  endfacet
  facet normal 0 -0.996911 0.0785358
    outer loop
      vertex 197.9 19.1 40.736
      vertex 195.9 19.0618 40.2511
      vertex 197.9 19.0618 40.2511
    endloop
  endfacet
  facet normal 0 -0.923841 0.382775
    outer loop
      vertex 195.9 18.7621 39.3286
      vertex 197.9 18.9483 39.778
      vertex 195.9 18.9483 39.778
    endloop
  endfacet
  facet normal 0 -0.923841 0.382775
    outer loop
      vertex 197.9 18.9483 39.778
      vertex 195.9 18.7621 39.3286
      vertex 197.9 18.7621 39.3286
    endloop
  endfacet
  facet normal 0 -0.972408 -0.233287
    outer loop
      vertex 195.9 19.0618 41.2209
      vertex 197.9 18.9483 41.694
      vertex 195.9 18.9483 41.694
    endloop
  endfacet
  facet normal 0 -0.972408 -0.233287
    outer loop
      vertex 197.9 18.9483 41.694
      vertex 195.9 19.0618 41.2209
      vertex 197.9 19.0618 41.2209
    endloop
  endfacet
  facet normal 0 -0.760329 -0.649538
    outer loop
      vertex 195.9 18.508 42.5581
      vertex 197.9 18.192 42.928
      vertex 195.9 18.192 42.928
    endloop
  endfacet
  facet normal 0 -0.760329 -0.649538
    outer loop
      vertex 197.9 18.192 42.928
      vertex 195.9 18.508 42.5581
      vertex 197.9 18.508 42.5581
    endloop
  endfacet
  facet normal 0 0.852666 0.522456
    outer loop
      vertex 197.9 13.492 38.9139
      vertex 195.9 13.2379 39.3286
      vertex 197.9 13.2379 39.3286
    endloop
  endfacet
  facet normal 0 0.852666 0.522456
    outer loop
      vertex 195.9 13.2379 39.3286
      vertex 197.9 13.492 38.9139
      vertex 195.9 13.492 38.9139
    endloop
  endfacet
  facet normal 0 -0.852666 0.522456
    outer loop
      vertex 195.9 18.508 38.9139
      vertex 197.9 18.7621 39.3286
      vertex 195.9 18.7621 39.3286
    endloop
  endfacet
  facet normal 0 -0.852666 0.522456
    outer loop
      vertex 197.9 18.7621 39.3286
      vertex 195.9 18.508 38.9139
      vertex 197.9 18.508 38.9139
    endloop
  endfacet
  facet normal 0 -0.233287 -0.972408
    outer loop
      vertex 195.9 16.4849 43.7978
      vertex 197.9 16.958 43.6843
      vertex 197.9 16.4849 43.7978
    endloop
  endfacet
  facet normal -0 -0.233287 -0.972408
    outer loop
      vertex 197.9 16.958 43.6843
      vertex 195.9 16.4849 43.7978
      vertex 195.9 16.958 43.6843
    endloop
  endfacet
  facet normal 0 -0.649538 0.760329
    outer loop
      vertex 195.9 18.192 38.544
      vertex 197.9 17.8221 38.228
      vertex 197.9 18.192 38.544
    endloop
  endfacet
  facet normal 0 -0.649538 0.760329
    outer loop
      vertex 197.9 17.8221 38.228
      vertex 195.9 18.192 38.544
      vertex 195.9 17.8221 38.228
    endloop
  endfacet
  facet normal 0 -0.522605 -0.852575
    outer loop
      vertex 195.9 17.4074 43.4981
      vertex 197.9 17.8221 43.2439
      vertex 197.9 17.4074 43.4981
    endloop
  endfacet
  facet normal -0 -0.522605 -0.852575
    outer loop
      vertex 197.9 17.8221 43.2439
      vertex 195.9 17.4074 43.4981
      vertex 195.9 17.8221 43.2439
    endloop
  endfacet
  facet normal 0 0.760329 0.649538
    outer loop
      vertex 197.9 13.808 38.544
      vertex 195.9 13.492 38.9139
      vertex 197.9 13.492 38.9139
    endloop
  endfacet
  facet normal 0 0.760329 0.649538
    outer loop
      vertex 195.9 13.492 38.9139
      vertex 197.9 13.808 38.544
      vertex 195.9 13.808 38.544
    endloop
  endfacet
  facet normal 0 -0.233287 0.972408
    outer loop
      vertex 195.9 16.958 37.7877
      vertex 197.9 16.4849 37.6742
      vertex 197.9 16.958 37.7877
    endloop
  endfacet
  facet normal 0 -0.233287 0.972408
    outer loop
      vertex 197.9 16.4849 37.6742
      vertex 195.9 16.958 37.7877
      vertex 195.9 16.4849 37.6742
    endloop
  endfacet
  facet normal 0 0.233287 -0.972408
    outer loop
      vertex 195.9 15.042 43.6843
      vertex 197.9 15.5151 43.7978
      vertex 197.9 15.042 43.6843
    endloop
  endfacet
  facet normal 0 0.233287 -0.972408
    outer loop
      vertex 197.9 15.5151 43.7978
      vertex 195.9 15.042 43.6843
      vertex 195.9 15.5151 43.7978
    endloop
  endfacet
  facet normal 0 0.852666 -0.522456
    outer loop
      vertex 197.9 13.2379 42.1434
      vertex 195.9 13.492 42.5581
      vertex 197.9 13.492 42.5581
    endloop
  endfacet
  facet normal 0 0.852666 -0.522456
    outer loop
      vertex 195.9 13.492 42.5581
      vertex 197.9 13.2379 42.1434
      vertex 195.9 13.2379 42.1434
    endloop
  endfacet
  facet normal -0 0.233287 0.972408
    outer loop
      vertex 195.9 15.5151 37.6742
      vertex 197.9 15.042 37.7877
      vertex 197.9 15.5151 37.6742
    endloop
  endfacet
  facet normal 0 0.233287 0.972408
    outer loop
      vertex 197.9 15.042 37.7877
      vertex 195.9 15.5151 37.6742
      vertex 195.9 15.042 37.7877
    endloop
  endfacet
  facet normal 0 0.649419 -0.760431
    outer loop
      vertex 195.9 13.808 42.928
      vertex 197.9 14.1779 43.2439
      vertex 197.9 13.808 42.928
    endloop
  endfacet
  facet normal 0 0.649419 -0.760431
    outer loop
      vertex 197.9 14.1779 43.2439
      vertex 195.9 13.808 42.928
      vertex 195.9 14.1779 43.2439
    endloop
  endfacet
  facet normal 0 -0.649419 -0.760431
    outer loop
      vertex 195.9 17.8221 43.2439
      vertex 197.9 18.192 42.928
      vertex 197.9 17.8221 43.2439
    endloop
  endfacet
  facet normal -0 -0.649419 -0.760431
    outer loop
      vertex 197.9 18.192 42.928
      vertex 195.9 17.8221 43.2439
      vertex 195.9 18.192 42.928
    endloop
  endfacet
  facet normal 0 -0.996911 -0.0785358
    outer loop
      vertex 195.9 19.1 40.736
      vertex 197.9 19.0618 41.2209
      vertex 195.9 19.0618 41.2209
    endloop
  endfacet
  facet normal 0 -0.996911 -0.0785358
    outer loop
      vertex 197.9 19.0618 41.2209
      vertex 195.9 19.1 40.736
      vertex 197.9 19.1 40.736
    endloop
  endfacet
  facet normal -0 0.382775 0.923841
    outer loop
      vertex 195.9 15.042 37.7877
      vertex 197.9 14.5926 37.9739
      vertex 197.9 15.042 37.7877
    endloop
  endfacet
  facet normal 0 0.382775 0.923841
    outer loop
      vertex 197.9 14.5926 37.9739
      vertex 195.9 15.042 37.7877
      vertex 195.9 14.5926 37.9739
    endloop
  endfacet
  facet normal 0 0.0785358 -0.996911
    outer loop
      vertex 195.9 15.5151 43.7978
      vertex 197.9 16 43.836
      vertex 197.9 15.5151 43.7978
    endloop
  endfacet
  facet normal 0 0.0785358 -0.996911
    outer loop
      vertex 197.9 16 43.836
      vertex 195.9 15.5151 43.7978
      vertex 195.9 16 43.836
    endloop
  endfacet
  facet normal 0 -0.972408 0.233287
    outer loop
      vertex 195.9 18.9483 39.778
      vertex 197.9 19.0618 40.2511
      vertex 195.9 19.0618 40.2511
    endloop
  endfacet
  facet normal 0 -0.972408 0.233287
    outer loop
      vertex 197.9 19.0618 40.2511
      vertex 195.9 18.9483 39.778
      vertex 197.9 18.9483 39.778
    endloop
  endfacet
  facet normal 0 -0.852666 -0.522456
    outer loop
      vertex 195.9 18.7621 42.1434
      vertex 197.9 18.508 42.5581
      vertex 195.9 18.508 42.5581
    endloop
  endfacet
  facet normal 0 -0.852666 -0.522456
    outer loop
      vertex 197.9 18.508 42.5581
      vertex 195.9 18.7621 42.1434
      vertex 197.9 18.7621 42.1434
    endloop
  endfacet
  facet normal 0 -0.382775 -0.923841
    outer loop
      vertex 195.9 16.958 43.6843
      vertex 197.9 17.4074 43.4981
      vertex 197.9 16.958 43.6843
    endloop
  endfacet
  facet normal -0 -0.382775 -0.923841
    outer loop
      vertex 197.9 17.4074 43.4981
      vertex 195.9 16.958 43.6843
      vertex 195.9 17.4074 43.4981
    endloop
  endfacet
  facet normal 0 0.972408 -0.233287
    outer loop
      vertex 197.9 12.9382 41.2209
      vertex 195.9 13.0517 41.694
      vertex 197.9 13.0517 41.694
    endloop
  endfacet
  facet normal 0 0.972408 -0.233287
    outer loop
      vertex 195.9 13.0517 41.694
      vertex 197.9 12.9382 41.2209
      vertex 195.9 12.9382 41.2209
    endloop
  endfacet
  facet normal 0 0.522605 -0.852575
    outer loop
      vertex 195.9 14.1779 43.2439
      vertex 197.9 14.5926 43.4981
      vertex 197.9 14.1779 43.2439
    endloop
  endfacet
  facet normal 0 0.522605 -0.852575
    outer loop
      vertex 197.9 14.5926 43.4981
      vertex 195.9 14.1779 43.2439
      vertex 195.9 14.5926 43.4981
    endloop
  endfacet
  facet normal 0 -0.0785358 -0.996911
    outer loop
      vertex 195.9 16 43.836
      vertex 197.9 16.4849 43.7978
      vertex 197.9 16 43.836
    endloop
  endfacet
  facet normal -0 -0.0785358 -0.996911
    outer loop
      vertex 197.9 16.4849 43.7978
      vertex 195.9 16 43.836
      vertex 195.9 16.4849 43.7978
    endloop
  endfacet
  facet normal 0 0.996911 0.0785358
    outer loop
      vertex 197.9 12.9382 40.2511
      vertex 195.9 12.9 40.736
      vertex 197.9 12.9 40.736
    endloop
  endfacet
  facet normal 0 0.996911 0.0785358
    outer loop
      vertex 195.9 12.9 40.736
      vertex 197.9 12.9382 40.2511
      vertex 195.9 12.9382 40.2511
    endloop
  endfacet
  facet normal 0 -0.233529 -0.97235
    outer loop
      vertex 191.9 10.1696 95.1291
      vertex 195.9 10.429 95.0668
      vertex 195.9 10.1696 95.1291
    endloop
  endfacet
  facet normal -0 -0.233529 -0.97235
    outer loop
      vertex 195.9 10.429 95.0668
      vertex 191.9 10.1696 95.1291
      vertex 191.9 10.429 95.0668
    endloop
  endfacet
  facet normal 0 -0.382672 0.923884
    outer loop
      vertex 191.9 10.6755 91.9353
      vertex 195.9 10.429 91.8332
      vertex 195.9 10.6755 91.9353
    endloop
  endfacet
  facet normal 0 -0.382672 0.923884
    outer loop
      vertex 195.9 10.429 91.8332
      vertex 191.9 10.6755 91.9353
      vertex 191.9 10.429 91.8332
    endloop
  endfacet
  facet normal -0 0.233537 0.972348
    outer loop
      vertex 191.9 9.63773 91.7709
      vertex 195.9 9.37834 91.8332
      vertex 195.9 9.63773 91.7709
    endloop
  endfacet
  facet normal 0 0.233537 0.972348
    outer loop
      vertex 195.9 9.37834 91.8332
      vertex 191.9 9.63773 91.7709
      vertex 191.9 9.37834 91.8332
    endloop
  endfacet
  facet normal 0 0.852592 -0.522578
    outer loop
      vertex 195.9 8.38896 94.2218
      vertex 191.9 8.52834 94.4492
      vertex 195.9 8.52834 94.4492
    endloop
  endfacet
  facet normal 0 0.852592 -0.522578
    outer loop
      vertex 191.9 8.52834 94.4492
      vertex 195.9 8.38896 94.2218
      vertex 191.9 8.38896 94.2218
    endloop
  endfacet
  facet normal 0 -0.649432 0.76042
    outer loop
      vertex 191.9 11.1057 92.2479
      vertex 195.9 10.9029 92.0747
      vertex 195.9 11.1057 92.2479
    endloop
  endfacet
  facet normal 0 -0.649432 0.76042
    outer loop
      vertex 195.9 10.9029 92.0747
      vertex 191.9 11.1057 92.2479
      vertex 191.9 10.9029 92.0747
    endloop
  endfacet
  facet normal 0 -0.760393 -0.649463
    outer loop
      vertex 191.9 11.279 94.4492
      vertex 195.9 11.1057 94.6521
      vertex 191.9 11.1057 94.6521
    endloop
  endfacet
  facet normal 0 -0.760393 -0.649463
    outer loop
      vertex 195.9 11.1057 94.6521
      vertex 191.9 11.279 94.4492
      vertex 195.9 11.279 94.4492
    endloop
  endfacet
  facet normal 0 0.233537 -0.972348
    outer loop
      vertex 191.9 9.37834 95.0668
      vertex 195.9 9.63773 95.1291
      vertex 195.9 9.37834 95.0668
    endloop
  endfacet
  facet normal 0 0.233537 -0.972348
    outer loop
      vertex 195.9 9.63773 95.1291
      vertex 191.9 9.37834 95.0668
      vertex 191.9 9.63773 95.1291
    endloop
  endfacet
  facet normal 0 -0.522632 0.852558
    outer loop
      vertex 191.9 10.9029 92.0747
      vertex 195.9 10.6755 91.9353
      vertex 195.9 10.9029 92.0747
    endloop
  endfacet
  facet normal 0 -0.522632 0.852558
    outer loop
      vertex 195.9 10.6755 91.9353
      vertex 191.9 10.9029 92.0747
      vertex 191.9 10.6755 91.9353
    endloop
  endfacet
  facet normal 0 -0.0783505 0.996926
    outer loop
      vertex 191.9 10.1696 91.7709
      vertex 195.9 9.90367 91.75
      vertex 195.9 10.1696 91.7709
    endloop
  endfacet
  facet normal 0 -0.0783505 0.996926
    outer loop
      vertex 195.9 9.90367 91.75
      vertex 191.9 10.1696 91.7709
      vertex 191.9 9.90367 91.75
    endloop
  endfacet
  facet normal 0 -0.923884 -0.382672
    outer loop
      vertex 191.9 11.5205 93.9753
      vertex 195.9 11.4184 94.2218
      vertex 191.9 11.4184 94.2218
    endloop
  endfacet
  facet normal 0 -0.923884 -0.382672
    outer loop
      vertex 195.9 11.4184 94.2218
      vertex 191.9 11.5205 93.9753
      vertex 195.9 11.5205 93.9753
    endloop
  endfacet
  facet normal 0 0.923898 -0.38264
    outer loop
      vertex 195.9 8.28687 93.9753
      vertex 191.9 8.38896 94.2218
      vertex 195.9 8.38896 94.2218
    endloop
  endfacet
  facet normal 0 0.923898 -0.38264
    outer loop
      vertex 191.9 8.38896 94.2218
      vertex 195.9 8.28687 93.9753
      vertex 191.9 8.28687 93.9753
    endloop
  endfacet
  facet normal 0 -0.852558 0.522632
    outer loop
      vertex 191.9 11.279 92.4508
      vertex 195.9 11.4184 92.6782
      vertex 191.9 11.4184 92.6782
    endloop
  endfacet
  facet normal 0 -0.852558 0.522632
    outer loop
      vertex 195.9 11.4184 92.6782
      vertex 191.9 11.279 92.4508
      vertex 195.9 11.279 92.4508
    endloop
  endfacet
  facet normal 0 0.972375 0.233423
    outer loop
      vertex 195.9 8.28687 92.9247
      vertex 191.9 8.2246 93.1841
      vertex 195.9 8.2246 93.1841
    endloop
  endfacet
  facet normal 0 0.972375 0.233423
    outer loop
      vertex 191.9 8.2246 93.1841
      vertex 195.9 8.28687 92.9247
      vertex 191.9 8.28687 92.9247
    endloop
  endfacet
  facet normal 0 -0.382672 -0.923884
    outer loop
      vertex 191.9 10.429 95.0668
      vertex 195.9 10.6755 94.9647
      vertex 195.9 10.429 95.0668
    endloop
  endfacet
  facet normal -0 -0.382672 -0.923884
    outer loop
      vertex 195.9 10.6755 94.9647
      vertex 191.9 10.429 95.0668
      vertex 191.9 10.6755 94.9647
    endloop
  endfacet
  facet normal -0 0.382725 0.923862
    outer loop
      vertex 191.9 9.37834 91.8332
      vertex 195.9 9.13188 91.9353
      vertex 195.9 9.37834 91.8332
    endloop
  endfacet
  facet normal 0 0.382725 0.923862
    outer loop
      vertex 195.9 9.13188 91.9353
      vertex 191.9 9.37834 91.8332
      vertex 191.9 9.13188 91.9353
    endloop
  endfacet
  facet normal 0 0.996916 0.0784711
    outer loop
      vertex 195.9 8.2246 93.1841
      vertex 191.9 8.20367 93.45
      vertex 195.9 8.20367 93.45
    endloop
  endfacet
  facet normal 0 0.996916 0.0784711
    outer loop
      vertex 191.9 8.20367 93.45
      vertex 195.9 8.2246 93.1841
      vertex 191.9 8.2246 93.1841
    endloop
  endfacet
  facet normal -0 0.649358 0.760483
    outer loop
      vertex 191.9 8.90443 92.0747
      vertex 195.9 8.70159 92.2479
      vertex 195.9 8.90443 92.0747
    endloop
  endfacet
  facet normal 0 0.649358 0.760483
    outer loop
      vertex 195.9 8.70159 92.2479
      vertex 191.9 8.90443 92.0747
      vertex 191.9 8.70159 92.2479
    endloop
  endfacet
  facet normal 0 0.760485 0.649355
    outer loop
      vertex 195.9 8.70159 92.2479
      vertex 191.9 8.52834 92.4508
      vertex 195.9 8.52834 92.4508
    endloop
  endfacet
  facet normal 0 0.760485 0.649355
    outer loop
      vertex 191.9 8.52834 92.4508
      vertex 195.9 8.70159 92.2479
      vertex 191.9 8.70159 92.2479
    endloop
  endfacet
  facet normal 0 -0.649432 -0.76042
    outer loop
      vertex 191.9 10.9029 94.8253
      vertex 195.9 11.1057 94.6521
      vertex 195.9 10.9029 94.8253
    endloop
  endfacet
  facet normal -0 -0.649432 -0.76042
    outer loop
      vertex 195.9 11.1057 94.6521
      vertex 191.9 10.9029 94.8253
      vertex 191.9 11.1057 94.6521
    endloop
  endfacet
  facet normal 0 0.0783476 -0.996926
    outer loop
      vertex 191.9 9.63773 95.1291
      vertex 195.9 9.90367 95.15
      vertex 195.9 9.63773 95.1291
    endloop
  endfacet
  facet normal 0 0.0783476 -0.996926
    outer loop
      vertex 195.9 9.90367 95.15
      vertex 191.9 9.63773 95.1291
      vertex 191.9 9.90367 95.15
    endloop
  endfacet
  facet normal 0 0.972375 -0.233423
    outer loop
      vertex 195.9 8.2246 93.7159
      vertex 191.9 8.28687 93.9753
      vertex 195.9 8.28687 93.9753
    endloop
  endfacet
  facet normal 0 0.972375 -0.233423
    outer loop
      vertex 191.9 8.28687 93.9753
      vertex 195.9 8.2246 93.7159
      vertex 191.9 8.2246 93.7159
    endloop
  endfacet
  facet normal 0 -0.0783505 -0.996926
    outer loop
      vertex 191.9 9.90367 95.15
      vertex 195.9 10.1696 95.1291
      vertex 195.9 9.90367 95.15
    endloop
  endfacet
  facet normal -0 -0.0783505 -0.996926
    outer loop
      vertex 195.9 10.1696 95.1291
      vertex 191.9 9.90367 95.15
      vertex 191.9 10.1696 95.1291
    endloop
  endfacet
  facet normal 0 -0.923884 0.382672
    outer loop
      vertex 191.9 11.4184 92.6782
      vertex 195.9 11.5205 92.9247
      vertex 191.9 11.5205 92.9247
    endloop
  endfacet
  facet normal 0 -0.923884 0.382672
    outer loop
      vertex 195.9 11.5205 92.9247
      vertex 191.9 11.4184 92.6782
      vertex 195.9 11.4184 92.6782
    endloop
  endfacet
  facet normal 0 -0.972435 0.233174
    outer loop
      vertex 191.9 11.5205 92.9247
      vertex 195.9 11.5827 93.1841
      vertex 191.9 11.5827 93.1841
    endloop
  endfacet
  facet normal 0 -0.972435 0.233174
    outer loop
      vertex 195.9 11.5827 93.1841
      vertex 191.9 11.5205 92.9247
      vertex 195.9 11.5205 92.9247
    endloop
  endfacet
  facet normal 0 -0.522632 -0.852558
    outer loop
      vertex 191.9 10.6755 94.9647
      vertex 195.9 10.9029 94.8253
      vertex 195.9 10.6755 94.9647
    endloop
  endfacet
  facet normal -0 -0.522632 -0.852558
    outer loop
      vertex 195.9 10.9029 94.8253
      vertex 191.9 10.6755 94.9647
      vertex 191.9 10.9029 94.8253
    endloop
  endfacet
  facet normal -0 0.522549 0.852609
    outer loop
      vertex 191.9 9.13188 91.9353
      vertex 195.9 8.90443 92.0747
      vertex 195.9 9.13188 91.9353
    endloop
  endfacet
  facet normal 0 0.522549 0.852609
    outer loop
      vertex 195.9 8.90443 92.0747
      vertex 191.9 9.13188 91.9353
      vertex 191.9 8.90443 92.0747
    endloop
  endfacet
  facet normal 0 0.522549 -0.852609
    outer loop
      vertex 191.9 8.90443 94.8253
      vertex 195.9 9.13188 94.9647
      vertex 195.9 8.90443 94.8253
    endloop
  endfacet
  facet normal 0 0.522549 -0.852609
    outer loop
      vertex 195.9 9.13188 94.9647
      vertex 191.9 8.90443 94.8253
      vertex 191.9 9.13188 94.9647
    endloop
  endfacet
  facet normal 0 -0.760393 0.649463
    outer loop
      vertex 191.9 11.1057 92.2479
      vertex 195.9 11.279 92.4508
      vertex 191.9 11.279 92.4508
    endloop
  endfacet
  facet normal 0 -0.760393 0.649463
    outer loop
      vertex 195.9 11.279 92.4508
      vertex 191.9 11.1057 92.2479
      vertex 195.9 11.1057 92.2479
    endloop
  endfacet
  facet normal -0 0.0783476 0.996926
    outer loop
      vertex 191.9 9.90367 91.75
      vertex 195.9 9.63773 91.7709
      vertex 195.9 9.90367 91.75
    endloop
  endfacet
  facet normal 0 0.0783476 0.996926
    outer loop
      vertex 195.9 9.63773 91.7709
      vertex 191.9 9.90367 91.75
      vertex 191.9 9.63773 91.7709
    endloop
  endfacet
  facet normal 0 0.852592 0.522578
    outer loop
      vertex 195.9 8.52834 92.4508
      vertex 191.9 8.38896 92.6782
      vertex 195.9 8.38896 92.6782
    endloop
  endfacet
  facet normal 0 0.852592 0.522578
    outer loop
      vertex 191.9 8.38896 92.6782
      vertex 195.9 8.52834 92.4508
      vertex 191.9 8.52834 92.4508
    endloop
  endfacet
  facet normal 0 -0.233529 0.97235
    outer loop
      vertex 191.9 10.429 91.8332
      vertex 195.9 10.1696 91.7709
      vertex 195.9 10.429 91.8332
    endloop
  endfacet
  facet normal 0 -0.233529 0.97235
    outer loop
      vertex 195.9 10.1696 91.7709
      vertex 191.9 10.429 91.8332
      vertex 191.9 10.1696 91.7709
    endloop
  endfacet
  facet normal 0 -0.972435 -0.233174
    outer loop
      vertex 191.9 11.5827 93.7159
      vertex 195.9 11.5205 93.9753
      vertex 191.9 11.5205 93.9753
    endloop
  endfacet
  facet normal 0 -0.972435 -0.233174
    outer loop
      vertex 195.9 11.5205 93.9753
      vertex 191.9 11.5827 93.7159
      vertex 195.9 11.5827 93.7159
    endloop
  endfacet
  facet normal 0 0.923898 0.38264
    outer loop
      vertex 195.9 8.38896 92.6782
      vertex 191.9 8.28687 92.9247
      vertex 195.9 8.28687 92.9247
    endloop
  endfacet
  facet normal 0 0.923898 0.38264
    outer loop
      vertex 191.9 8.28687 92.9247
      vertex 195.9 8.38896 92.6782
      vertex 191.9 8.38896 92.6782
    endloop
  endfacet
  facet normal 0 -0.996896 -0.0787319
    outer loop
      vertex 191.9 11.6037 93.45
      vertex 195.9 11.5827 93.7159
      vertex 191.9 11.5827 93.7159
    endloop
  endfacet
  facet normal 0 -0.996896 -0.0787319
    outer loop
      vertex 195.9 11.5827 93.7159
      vertex 191.9 11.6037 93.45
      vertex 195.9 11.6037 93.45
    endloop
  endfacet
  facet normal 0 0.649358 -0.760483
    outer loop
      vertex 191.9 8.70159 94.6521
      vertex 195.9 8.90443 94.8253
      vertex 195.9 8.70159 94.6521
    endloop
  endfacet
  facet normal 0 0.649358 -0.760483
    outer loop
      vertex 195.9 8.90443 94.8253
      vertex 191.9 8.70159 94.6521
      vertex 191.9 8.90443 94.8253
    endloop
  endfacet
  facet normal 0 0.382725 -0.923862
    outer loop
      vertex 191.9 9.13188 94.9647
      vertex 195.9 9.37834 95.0668
      vertex 195.9 9.13188 94.9647
    endloop
  endfacet
  facet normal 0 0.382725 -0.923862
    outer loop
      vertex 195.9 9.37834 95.0668
      vertex 191.9 9.13188 94.9647
      vertex 191.9 9.37834 95.0668
    endloop
  endfacet
  facet normal 0 -0.852558 -0.522632
    outer loop
      vertex 191.9 11.4184 94.2218
      vertex 195.9 11.279 94.4492
      vertex 191.9 11.279 94.4492
    endloop
  endfacet
  facet normal 0 -0.852558 -0.522632
    outer loop
      vertex 195.9 11.279 94.4492
      vertex 191.9 11.4184 94.2218
      vertex 195.9 11.4184 94.2218
    endloop
  endfacet
  facet normal 0 -0.996896 0.0787319
    outer loop
      vertex 191.9 11.5827 93.1841
      vertex 195.9 11.6037 93.45
      vertex 191.9 11.6037 93.45
    endloop
  endfacet
  facet normal 0 -0.996896 0.0787319
    outer loop
      vertex 195.9 11.6037 93.45
      vertex 191.9 11.5827 93.1841
      vertex 195.9 11.5827 93.1841
    endloop
  endfacet
  facet normal 0 0.996916 -0.0784711
    outer loop
      vertex 195.9 8.20367 93.45
      vertex 191.9 8.2246 93.7159
      vertex 195.9 8.2246 93.7159
    endloop
  endfacet
  facet normal 0 0.996916 -0.0784711
    outer loop
      vertex 191.9 8.2246 93.7159
      vertex 195.9 8.20367 93.45
      vertex 191.9 8.20367 93.45
    endloop
  endfacet
  facet normal 0 0.760485 -0.649355
    outer loop
      vertex 195.9 8.52834 94.4492
      vertex 191.9 8.70159 94.6521
      vertex 195.9 8.70159 94.6521
    endloop
  endfacet
  facet normal 0 0.760485 -0.649355
    outer loop
      vertex 191.9 8.70159 94.6521
      vertex 195.9 8.52834 94.4492
      vertex 191.9 8.52834 94.4492
    endloop
  endfacet
  facet normal 0 -0.382775 0.923841
    outer loop
      vertex 195.9 11.311 90.6879
      vertex 197.9 10.8616 90.5017
      vertex 197.9 11.311 90.6879
    endloop
  endfacet
  facet normal 0 -0.382775 0.923841
    outer loop
      vertex 197.9 10.8616 90.5017
      vertex 195.9 11.311 90.6879
      vertex 195.9 10.8616 90.5017
    endloop
  endfacet
  facet normal 0 -0.996913 0.0785197
    outer loop
      vertex 195.9 12.9655 92.965
      vertex 197.9 13.0037 93.45
      vertex 195.9 13.0037 93.45
    endloop
  endfacet
  facet normal 0 -0.996913 0.0785197
    outer loop
      vertex 197.9 13.0037 93.45
      vertex 195.9 12.9655 92.965
      vertex 197.9 12.9655 92.965
    endloop
  endfacet
  facet normal 0 0.0785278 -0.996912
    outer loop
      vertex 195.9 9.41872 96.5118
      vertex 197.9 9.90367 96.55
      vertex 197.9 9.41872 96.5118
    endloop
  endfacet
  facet normal 0 0.0785278 -0.996912
    outer loop
      vertex 197.9 9.90367 96.55
      vertex 195.9 9.41872 96.5118
      vertex 195.9 9.90367 96.55
    endloop
  endfacet
  facet normal 0 -0.078531 0.996912
    outer loop
      vertex 195.9 10.3886 90.3882
      vertex 197.9 9.90367 90.35
      vertex 197.9 10.3886 90.3882
    endloop
  endfacet
  facet normal 0 -0.078531 0.996912
    outer loop
      vertex 197.9 9.90367 90.35
      vertex 195.9 10.3886 90.3882
      vertex 195.9 9.90367 90.35
    endloop
  endfacet
  facet normal 0 0.923901 0.382633
    outer loop
      vertex 197.9 7.14155 92.0426
      vertex 195.9 6.95539 92.4921
      vertex 197.9 6.95539 92.4921
    endloop
  endfacet
  facet normal 0 0.923901 0.382633
    outer loop
      vertex 195.9 6.95539 92.4921
      vertex 197.9 7.14155 92.0426
      vertex 195.9 7.14155 92.0426
    endloop
  endfacet
  facet normal 0 0.852611 0.522546
    outer loop
      vertex 197.9 7.39571 91.6279
      vertex 195.9 7.14155 92.0426
      vertex 197.9 7.14155 92.0426
    endloop
  endfacet
  facet normal 0 0.852611 0.522546
    outer loop
      vertex 195.9 7.14155 92.0426
      vertex 197.9 7.39571 91.6279
      vertex 195.9 7.39571 91.6279
    endloop
  endfacet
  facet normal 0 -0.649538 0.760329
    outer loop
      vertex 195.9 12.0957 91.258
      vertex 197.9 11.7258 90.942
      vertex 197.9 12.0957 91.258
    endloop
  endfacet
  facet normal 0 -0.649538 0.760329
    outer loop
      vertex 197.9 11.7258 90.942
      vertex 195.9 12.0957 91.258
      vertex 195.9 11.7258 90.942
    endloop
  endfacet
  facet normal 0 -0.852575 -0.522605
    outer loop
      vertex 195.9 12.6658 94.8574
      vertex 197.9 12.4116 95.2721
      vertex 195.9 12.4116 95.2721
    endloop
  endfacet
  facet normal 0 -0.852575 -0.522605
    outer loop
      vertex 197.9 12.4116 95.2721
      vertex 195.9 12.6658 94.8574
      vertex 197.9 12.6658 94.8574
    endloop
  endfacet
  facet normal 0 0.7604 -0.649455
    outer loop
      vertex 197.9 7.39571 95.2721
      vertex 195.9 7.71164 95.642
      vertex 197.9 7.71164 95.642
    endloop
  endfacet
  facet normal 0 0.7604 -0.649455
    outer loop
      vertex 195.9 7.71164 95.642
      vertex 197.9 7.39571 95.2721
      vertex 195.9 7.39571 95.2721
    endloop
  endfacet
  facet normal -0 0.522392 0.852706
    outer loop
      vertex 195.9 8.4963 90.6879
      vertex 197.9 8.08153 90.942
      vertex 197.9 8.4963 90.6879
    endloop
  endfacet
  facet normal 0 0.522392 0.852706
    outer loop
      vertex 197.9 8.08153 90.942
      vertex 195.9 8.4963 90.6879
      vertex 195.9 8.08153 90.942
    endloop
  endfacet
  facet normal 0 0.923871 -0.382705
    outer loop
      vertex 197.9 6.95539 94.408
      vertex 195.9 7.14155 94.8574
      vertex 197.9 7.14155 94.8574
    endloop
  endfacet
  facet normal 0 0.923871 -0.382705
    outer loop
      vertex 195.9 7.14155 94.8574
      vertex 197.9 6.95539 94.408
      vertex 195.9 6.95539 94.408
    endloop
  endfacet
  facet normal -0 0.233329 0.972398
    outer loop
      vertex 195.9 9.41872 90.3882
      vertex 197.9 8.94571 90.5017
      vertex 197.9 9.41872 90.3882
    endloop
  endfacet
  facet normal 0 0.233329 0.972398
    outer loop
      vertex 197.9 8.94571 90.5017
      vertex 195.9 9.41872 90.3882
      vertex 195.9 8.94571 90.5017
    endloop
  endfacet
  facet normal -0 0.0785278 0.996912
    outer loop
      vertex 195.9 9.90367 90.35
      vertex 197.9 9.41872 90.3882
      vertex 197.9 9.90367 90.35
    endloop
  endfacet
  facet normal 0 0.0785278 0.996912
    outer loop
      vertex 197.9 9.41872 90.3882
      vertex 195.9 9.90367 90.35
      vertex 195.9 9.41872 90.3882
    endloop
  endfacet
  facet normal 0 -0.760431 0.649419
    outer loop
      vertex 195.9 12.0957 91.258
      vertex 197.9 12.4116 91.6279
      vertex 195.9 12.4116 91.6279
    endloop
  endfacet
  facet normal 0 -0.760431 0.649419
    outer loop
      vertex 197.9 12.4116 91.6279
      vertex 195.9 12.0957 91.258
      vertex 197.9 12.0957 91.258
    endloop
  endfacet
  facet normal -0 0.382768 0.923844
    outer loop
      vertex 195.9 8.94571 90.5017
      vertex 197.9 8.4963 90.6879
      vertex 197.9 8.94571 90.5017
    endloop
  endfacet
  facet normal 0 0.382768 0.923844
    outer loop
      vertex 197.9 8.4963 90.6879
      vertex 195.9 8.94571 90.5017
      vertex 195.9 8.4963 90.6879
    endloop
  endfacet
  facet normal 0 0.972357 0.233497
    outer loop
      vertex 197.9 6.95539 92.4921
      vertex 195.9 6.84183 92.965
      vertex 197.9 6.84183 92.965
    endloop
  endfacet
  facet normal 0 0.972357 0.233497
    outer loop
      vertex 195.9 6.84183 92.965
      vertex 197.9 6.95539 92.4921
      vertex 195.9 6.95539 92.4921
    endloop
  endfacet
  facet normal 0 -0.649538 -0.760329
    outer loop
      vertex 195.9 11.7258 95.958
      vertex 197.9 12.0957 95.642
      vertex 197.9 11.7258 95.958
    endloop
  endfacet
  facet normal -0 -0.649538 -0.760329
    outer loop
      vertex 197.9 12.0957 95.642
      vertex 195.9 11.7258 95.958
      vertex 195.9 12.0957 95.642
    endloop
  endfacet
  facet normal 0 -0.522364 0.852722
    outer loop
      vertex 195.9 11.7258 90.942
      vertex 197.9 11.311 90.6879
      vertex 197.9 11.7258 90.942
    endloop
  endfacet
  facet normal 0 -0.522364 0.852722
    outer loop
      vertex 197.9 11.311 90.6879
      vertex 195.9 11.7258 90.942
      vertex 195.9 11.311 90.6879
    endloop
  endfacet
  facet normal 0 -0.972361 -0.233482
    outer loop
      vertex 195.9 12.9655 93.9349
      vertex 197.9 12.8519 94.408
      vertex 195.9 12.8519 94.408
    endloop
  endfacet
  facet normal 0 -0.972361 -0.233482
    outer loop
      vertex 197.9 12.8519 94.408
      vertex 195.9 12.9655 93.9349
      vertex 197.9 12.9655 93.9349
    endloop
  endfacet
  facet normal 0 -0.233334 0.972397
    outer loop
      vertex 195.9 10.8616 90.5017
      vertex 197.9 10.3886 90.3882
      vertex 197.9 10.8616 90.5017
    endloop
  endfacet
  facet normal 0 -0.233334 0.972397
    outer loop
      vertex 197.9 10.3886 90.3882
      vertex 195.9 10.8616 90.5017
      vertex 195.9 10.3886 90.3882
    endloop
  endfacet
  facet normal -0 0.649548 0.760321
    outer loop
      vertex 195.9 8.08153 90.942
      vertex 197.9 7.71164 91.258
      vertex 197.9 8.08153 90.942
    endloop
  endfacet
  facet normal 0 0.649548 0.760321
    outer loop
      vertex 197.9 7.71164 91.258
      vertex 195.9 8.08153 90.942
      vertex 195.9 7.71164 91.258
    endloop
  endfacet
  facet normal 0 -0.078531 -0.996912
    outer loop
      vertex 195.9 9.90367 96.55
      vertex 197.9 10.3886 96.5118
      vertex 197.9 9.90367 96.55
    endloop
  endfacet
  facet normal -0 -0.078531 -0.996912
    outer loop
      vertex 197.9 10.3886 96.5118
      vertex 195.9 9.90367 96.55
      vertex 195.9 10.3886 96.5118
    endloop
  endfacet
  facet normal 0 0.852611 -0.522546
    outer loop
      vertex 197.9 7.14155 94.8574
      vertex 195.9 7.39571 95.2721
      vertex 197.9 7.39571 95.2721
    endloop
  endfacet
  facet normal 0 0.852611 -0.522546
    outer loop
      vertex 195.9 7.39571 95.2721
      vertex 197.9 7.14155 94.8574
      vertex 195.9 7.14155 94.8574
    endloop
  endfacet
  facet normal 0 0.233329 -0.972398
    outer loop
      vertex 195.9 8.94571 96.3983
      vertex 197.9 9.41872 96.5118
      vertex 197.9 8.94571 96.3983
    endloop
  endfacet
  facet normal 0 0.233329 -0.972398
    outer loop
      vertex 197.9 9.41872 96.5118
      vertex 195.9 8.94571 96.3983
      vertex 195.9 9.41872 96.5118
    endloop
  endfacet
  facet normal 0 -0.923944 0.382527
    outer loop
      vertex 195.9 12.6658 92.0426
      vertex 197.9 12.8519 92.4921
      vertex 195.9 12.8519 92.4921
    endloop
  endfacet
  facet normal 0 -0.923944 0.382527
    outer loop
      vertex 197.9 12.8519 92.4921
      vertex 195.9 12.6658 92.0426
      vertex 197.9 12.6658 92.0426
    endloop
  endfacet
  facet normal 0 0.522392 -0.852706
    outer loop
      vertex 195.9 8.08153 95.958
      vertex 197.9 8.4963 96.2121
      vertex 197.9 8.08153 95.958
    endloop
  endfacet
  facet normal 0 0.522392 -0.852706
    outer loop
      vertex 197.9 8.4963 96.2121
      vertex 195.9 8.08153 95.958
      vertex 195.9 8.4963 96.2121
    endloop
  endfacet
  facet normal 0 0.7604 0.649455
    outer loop
      vertex 197.9 7.71164 91.258
      vertex 195.9 7.39571 91.6279
      vertex 197.9 7.39571 91.6279
    endloop
  endfacet
  facet normal 0 0.7604 0.649455
    outer loop
      vertex 195.9 7.39571 91.6279
      vertex 197.9 7.71164 91.258
      vertex 195.9 7.71164 91.258
    endloop
  endfacet
  facet normal 0 -0.852575 0.522605
    outer loop
      vertex 195.9 12.4116 91.6279
      vertex 197.9 12.6658 92.0426
      vertex 195.9 12.6658 92.0426
    endloop
  endfacet
  facet normal 0 -0.852575 0.522605
    outer loop
      vertex 197.9 12.6658 92.0426
      vertex 195.9 12.4116 91.6279
      vertex 197.9 12.4116 91.6279
    endloop
  endfacet
  facet normal 0 -0.923914 -0.3826
    outer loop
      vertex 195.9 12.8519 94.408
      vertex 197.9 12.6658 94.8574
      vertex 195.9 12.6658 94.8574
    endloop
  endfacet
  facet normal 0 -0.923914 -0.3826
    outer loop
      vertex 197.9 12.6658 94.8574
      vertex 195.9 12.8519 94.408
      vertex 197.9 12.8519 94.408
    endloop
  endfacet
  facet normal 0 0.382768 -0.923844
    outer loop
      vertex 195.9 8.4963 96.2121
      vertex 197.9 8.94571 96.3983
      vertex 197.9 8.4963 96.2121
    endloop
  endfacet
  facet normal 0 0.382768 -0.923844
    outer loop
      vertex 197.9 8.94571 96.3983
      vertex 195.9 8.4963 96.2121
      vertex 195.9 8.94571 96.3983
    endloop
  endfacet
  facet normal 0 -0.972339 0.233575
    outer loop
      vertex 195.9 12.8519 92.4921
      vertex 197.9 12.9655 92.965
      vertex 195.9 12.9655 92.965
    endloop
  endfacet
  facet normal 0 -0.972339 0.233575
    outer loop
      vertex 197.9 12.9655 92.965
      vertex 195.9 12.8519 92.4921
      vertex 197.9 12.8519 92.4921
    endloop
  endfacet
  facet normal 0 0.996919 0.078438
    outer loop
      vertex 197.9 6.84183 92.965
      vertex 195.9 6.80367 93.45
      vertex 197.9 6.80367 93.45
    endloop
  endfacet
  facet normal 0 0.996919 0.078438
    outer loop
      vertex 195.9 6.80367 93.45
      vertex 197.9 6.84183 92.965
      vertex 195.9 6.84183 92.965
    endloop
  endfacet
  facet normal 1 0 0
    outer loop
      vertex 195.9 11.6037 93.45
      vertex 195.9 13.0037 93.45
      vertex 195.9 12.9655 93.9349
    endloop
  endfacet
  facet normal 1 0 0
    outer loop
      vertex 195.9 11.5827 93.7159
      vertex 195.9 12.9655 93.9349
      vertex 195.9 12.8519 94.408
    endloop
  endfacet
  facet normal 1 0 0
    outer loop
      vertex 195.9 13.0037 93.45
      vertex 195.9 11.6037 93.45
      vertex 195.9 12.9655 92.965
    endloop
  endfacet
  facet normal 1 0 0
    outer loop
      vertex 195.9 11.5205 93.9753
      vertex 195.9 12.8519 94.408
      vertex 195.9 12.6658 94.8574
    endloop
  endfacet
  facet normal 1 -0 0
    outer loop
      vertex 195.9 11.5827 93.1841
      vertex 195.9 12.9655 92.965
      vertex 195.9 11.6037 93.45
    endloop
  endfacet
  facet normal 1 0 0
    outer loop
      vertex 195.9 11.4184 94.2218
      vertex 195.9 12.6658 94.8574
      vertex 195.9 12.4116 95.2721
    endloop
  endfacet
  facet normal 1 0 0
    outer loop
      vertex 195.9 12.9655 92.965
      vertex 195.9 11.5827 93.1841
      vertex 195.9 12.8519 92.4921
    endloop
  endfacet
  facet normal 1 0 0
    outer loop
      vertex 195.9 11.279 94.4492
      vertex 195.9 12.4116 95.2721
      vertex 195.9 12.0957 95.642
    endloop
  endfacet
  facet normal 1 -0 0
    outer loop
      vertex 195.9 11.5205 92.9247
      vertex 195.9 12.8519 92.4921
      vertex 195.9 11.5827 93.1841
    endloop
  endfacet
  facet normal 1 0 0
    outer loop
      vertex 195.9 11.1057 94.6521
      vertex 195.9 12.0957 95.642
      vertex 195.9 11.7258 95.958
    endloop
  endfacet
  facet normal 1 0 0
    outer loop
      vertex 195.9 12.8519 92.4921
      vertex 195.9 11.5205 92.9247
      vertex 195.9 12.6658 92.0426
    endloop
  endfacet
  facet normal 1 -0 0
    outer loop
      vertex 195.9 11.4184 92.6782
      vertex 195.9 12.6658 92.0426
      vertex 195.9 11.5205 92.9247
    endloop
  endfacet
  facet normal 1 0 0
    outer loop
      vertex 195.9 12.9655 93.9349
      vertex 195.9 11.5827 93.7159
      vertex 195.9 11.6037 93.45
    endloop
  endfacet
  facet normal 1 0 0
    outer loop
      vertex 195.9 12.8519 94.408
      vertex 195.9 11.5205 93.9753
      vertex 195.9 11.5827 93.7159
    endloop
  endfacet
  facet normal 1 0 0
    outer loop
      vertex 195.9 12.6658 94.8574
      vertex 195.9 11.4184 94.2218
      vertex 195.9 11.5205 93.9753
    endloop
  endfacet
  facet normal 1 0 0
    outer loop
      vertex 195.9 10.9029 94.8253
      vertex 195.9 11.7258 95.958
      vertex 195.9 11.311 96.2121
    endloop
  endfacet
  facet normal 1 0 0
    outer loop
      vertex 195.9 12.4116 95.2721
      vertex 195.9 11.279 94.4492
      vertex 195.9 11.4184 94.2218
    endloop
  endfacet
  facet normal 1 0 0
    outer loop
      vertex 195.9 12.0957 95.642
      vertex 195.9 11.1057 94.6521
      vertex 195.9 11.279 94.4492
    endloop
  endfacet
  facet normal 1 0 0
    outer loop
      vertex 195.9 11.7258 95.958
      vertex 195.9 10.9029 94.8253
      vertex 195.9 11.1057 94.6521
    endloop
  endfacet
  facet normal 1 0 0
    outer loop
      vertex 195.9 10.6755 94.9647
      vertex 195.9 11.311 96.2121
      vertex 195.9 10.8616 96.3983
    endloop
  endfacet
  facet normal 1 0 0
    outer loop
      vertex 195.9 11.311 96.2121
      vertex 195.9 10.6755 94.9647
      vertex 195.9 10.9029 94.8253
    endloop
  endfacet
  facet normal 1 0 0
    outer loop
      vertex 195.9 10.8616 96.3983
      vertex 195.9 10.429 95.0668
      vertex 195.9 10.6755 94.9647
    endloop
  endfacet
  facet normal 1 0 0
    outer loop
      vertex 195.9 10.3886 96.5118
      vertex 195.9 10.429 95.0668
      vertex 195.9 10.8616 96.3983
    endloop
  endfacet
  facet normal 1 0 0
    outer loop
      vertex 195.9 10.3886 96.5118
      vertex 195.9 10.1696 95.1291
      vertex 195.9 10.429 95.0668
    endloop
  endfacet
  facet normal 1 0 0
    outer loop
      vertex 195.9 9.90367 96.55
      vertex 195.9 10.1696 95.1291
      vertex 195.9 10.3886 96.5118
    endloop
  endfacet
  facet normal 1 0 0
    outer loop
      vertex 195.9 9.90367 96.55
      vertex 195.9 9.90367 95.15
      vertex 195.9 10.1696 95.1291
    endloop
  endfacet
  facet normal 1 0 0
    outer loop
      vertex 195.9 9.90367 96.55
      vertex 195.9 9.63773 95.1291
      vertex 195.9 9.90367 95.15
    endloop
  endfacet
  facet normal 1 -0 0
    outer loop
      vertex 195.9 9.41872 96.5118
      vertex 195.9 9.63773 95.1291
      vertex 195.9 9.90367 96.55
    endloop
  endfacet
  facet normal 1 0 0
    outer loop
      vertex 195.9 9.41872 96.5118
      vertex 195.9 9.37834 95.0668
      vertex 195.9 9.63773 95.1291
    endloop
  endfacet
  facet normal 1 -0 0
    outer loop
      vertex 195.9 8.94571 96.3983
      vertex 195.9 9.37834 95.0668
      vertex 195.9 9.41872 96.5118
    endloop
  endfacet
  facet normal 1 0 0
    outer loop
      vertex 195.9 9.37834 95.0668
      vertex 195.9 8.94571 96.3983
      vertex 195.9 9.13188 94.9647
    endloop
  endfacet
  facet normal 1 -0 0
    outer loop
      vertex 195.9 8.4963 96.2121
      vertex 195.9 9.13188 94.9647
      vertex 195.9 8.94571 96.3983
    endloop
  endfacet
  facet normal 1 0 0
    outer loop
      vertex 195.9 9.13188 94.9647
      vertex 195.9 8.4963 96.2121
      vertex 195.9 8.90443 94.8253
    endloop
  endfacet
  facet normal 1 -0 0
    outer loop
      vertex 195.9 8.08153 95.958
      vertex 195.9 8.90443 94.8253
      vertex 195.9 8.4963 96.2121
    endloop
  endfacet
  facet normal 1 0 0
    outer loop
      vertex 195.9 8.90443 94.8253
      vertex 195.9 8.08153 95.958
      vertex 195.9 8.70159 94.6521
    endloop
  endfacet
  facet normal 1 -0 0
    outer loop
      vertex 195.9 7.71164 95.642
      vertex 195.9 8.70159 94.6521
      vertex 195.9 8.08153 95.958
    endloop
  endfacet
  facet normal 1 0 0
    outer loop
      vertex 195.9 8.70159 94.6521
      vertex 195.9 7.71164 95.642
      vertex 195.9 8.52834 94.4492
    endloop
  endfacet
  facet normal 1 -0 0
    outer loop
      vertex 195.9 7.39571 95.2721
      vertex 195.9 8.52834 94.4492
      vertex 195.9 7.71164 95.642
    endloop
  endfacet
  facet normal 1 -0 0
    outer loop
      vertex 195.9 7.14155 94.8574
      vertex 195.9 8.38896 94.2218
      vertex 195.9 7.39571 95.2721
    endloop
  endfacet
  facet normal 1 0 0
    outer loop
      vertex 195.9 8.52834 94.4492
      vertex 195.9 7.39571 95.2721
      vertex 195.9 8.38896 94.2218
    endloop
  endfacet
  facet normal 1 0 0
    outer loop
      vertex 195.9 12.6658 92.0426
      vertex 195.9 11.4184 92.6782
      vertex 195.9 12.4116 91.6279
    endloop
  endfacet
  facet normal 1 -0 0
    outer loop
      vertex 195.9 11.279 92.4508
      vertex 195.9 12.4116 91.6279
      vertex 195.9 11.4184 92.6782
    endloop
  endfacet
  facet normal 1 0 0
    outer loop
      vertex 195.9 12.4116 91.6279
      vertex 195.9 11.279 92.4508
      vertex 195.9 12.0957 91.258
    endloop
  endfacet
  facet normal 1 -0 0
    outer loop
      vertex 195.9 11.1057 92.2479
      vertex 195.9 12.0957 91.258
      vertex 195.9 11.279 92.4508
    endloop
  endfacet
  facet normal 1 0 0
    outer loop
      vertex 195.9 12.0957 91.258
      vertex 195.9 11.1057 92.2479
      vertex 195.9 11.7258 90.942
    endloop
  endfacet
  facet normal 1 -0 0
    outer loop
      vertex 195.9 10.9029 92.0747
      vertex 195.9 11.7258 90.942
      vertex 195.9 11.1057 92.2479
    endloop
  endfacet
  facet normal 1 0 0
    outer loop
      vertex 195.9 11.7258 90.942
      vertex 195.9 10.9029 92.0747
      vertex 195.9 11.311 90.6879
    endloop
  endfacet
  facet normal 1 -0 0
    outer loop
      vertex 195.9 10.6755 91.9353
      vertex 195.9 11.311 90.6879
      vertex 195.9 10.9029 92.0747
    endloop
  endfacet
  facet normal 1 0 0
    outer loop
      vertex 195.9 11.311 90.6879
      vertex 195.9 10.6755 91.9353
      vertex 195.9 10.8616 90.5017
    endloop
  endfacet
  facet normal 1 -0 0
    outer loop
      vertex 195.9 10.429 91.8332
      vertex 195.9 10.8616 90.5017
      vertex 195.9 10.6755 91.9353
    endloop
  endfacet
  facet normal 1 0 0
    outer loop
      vertex 195.9 10.429 91.8332
      vertex 195.9 10.3886 90.3882
      vertex 195.9 10.8616 90.5017
    endloop
  endfacet
  facet normal 1 -0 0
    outer loop
      vertex 195.9 10.1696 91.7709
      vertex 195.9 10.3886 90.3882
      vertex 195.9 10.429 91.8332
    endloop
  endfacet
  facet normal 1 -0 0
    outer loop
      vertex 195.9 9.90367 91.75
      vertex 195.9 10.3886 90.3882
      vertex 195.9 10.1696 91.7709
    endloop
  endfacet
  facet normal 1 0 0
    outer loop
      vertex 195.9 9.90367 91.75
      vertex 195.9 9.90367 90.35
      vertex 195.9 10.3886 90.3882
    endloop
  endfacet
  facet normal 1 0 0
    outer loop
      vertex 195.9 9.63773 91.7709
      vertex 195.9 9.90367 90.35
      vertex 195.9 9.90367 91.75
    endloop
  endfacet
  facet normal 1 0 0
    outer loop
      vertex 195.9 9.63773 91.7709
      vertex 195.9 9.41872 90.3882
      vertex 195.9 9.90367 90.35
    endloop
  endfacet
  facet normal 1 0 0
    outer loop
      vertex 195.9 9.37834 91.8332
      vertex 195.9 9.41872 90.3882
      vertex 195.9 9.63773 91.7709
    endloop
  endfacet
  facet normal 1 0 0
    outer loop
      vertex 195.9 8.94571 90.5017
      vertex 195.9 9.37834 91.8332
      vertex 195.9 9.13188 91.9353
    endloop
  endfacet
  facet normal 1 0 0
    outer loop
      vertex 195.9 9.37834 91.8332
      vertex 195.9 8.94571 90.5017
      vertex 195.9 9.41872 90.3882
    endloop
  endfacet
  facet normal 1 0 0
    outer loop
      vertex 195.9 8.4963 90.6879
      vertex 195.9 9.13188 91.9353
      vertex 195.9 8.90443 92.0747
    endloop
  endfacet
  facet normal 1 0 0
    outer loop
      vertex 195.9 8.08153 90.942
      vertex 195.9 8.90443 92.0747
      vertex 195.9 8.70159 92.2479
    endloop
  endfacet
  facet normal 1 0 0
    outer loop
      vertex 195.9 7.71164 91.258
      vertex 195.9 8.70159 92.2479
      vertex 195.9 8.52834 92.4508
    endloop
  endfacet
  facet normal 1 0 0
    outer loop
      vertex 195.9 9.13188 91.9353
      vertex 195.9 8.4963 90.6879
      vertex 195.9 8.94571 90.5017
    endloop
  endfacet
  facet normal 1 0 0
    outer loop
      vertex 195.9 7.39571 91.6279
      vertex 195.9 8.52834 92.4508
      vertex 195.9 8.38896 92.6782
    endloop
  endfacet
  facet normal 1 0 0
    outer loop
      vertex 195.9 7.14155 92.0426
      vertex 195.9 8.38896 92.6782
      vertex 195.9 8.28687 92.9247
    endloop
  endfacet
  facet normal 1 0 0
    outer loop
      vertex 195.9 6.95539 92.4921
      vertex 195.9 8.28687 92.9247
      vertex 195.9 8.2246 93.1841
    endloop
  endfacet
  facet normal 1 0 0
    outer loop
      vertex 195.9 8.90443 92.0747
      vertex 195.9 8.08153 90.942
      vertex 195.9 8.4963 90.6879
    endloop
  endfacet
  facet normal 1 0 0
    outer loop
      vertex 195.9 6.84183 92.965
      vertex 195.9 8.2246 93.1841
      vertex 195.9 8.20367 93.45
    endloop
  endfacet
  facet normal 1 0 0
    outer loop
      vertex 195.9 8.38896 94.2218
      vertex 195.9 7.14155 94.8574
      vertex 195.9 8.28687 93.9753
    endloop
  endfacet
  facet normal 1 -0 0
    outer loop
      vertex 195.9 6.95539 94.408
      vertex 195.9 8.28687 93.9753
      vertex 195.9 7.14155 94.8574
    endloop
  endfacet
  facet normal 1 0 0
    outer loop
      vertex 195.9 8.70159 92.2479
      vertex 195.9 7.71164 91.258
      vertex 195.9 8.08153 90.942
    endloop
  endfacet
  facet normal 1 0 0
    outer loop
      vertex 195.9 8.28687 93.9753
      vertex 195.9 6.95539 94.408
      vertex 195.9 8.2246 93.7159
    endloop
  endfacet
  facet normal 1 0 0
    outer loop
      vertex 195.9 8.52834 92.4508
      vertex 195.9 7.39571 91.6279
      vertex 195.9 7.71164 91.258
    endloop
  endfacet
  facet normal 1 -0 0
    outer loop
      vertex 195.9 6.84183 93.9349
      vertex 195.9 8.2246 93.7159
      vertex 195.9 6.95539 94.408
    endloop
  endfacet
  facet normal 1 0 0
    outer loop
      vertex 195.9 8.38896 92.6782
      vertex 195.9 7.14155 92.0426
      vertex 195.9 7.39571 91.6279
    endloop
  endfacet
  facet normal 1 0 0
    outer loop
      vertex 195.9 8.2246 93.7159
      vertex 195.9 6.84183 93.9349
      vertex 195.9 8.20367 93.45
    endloop
  endfacet
  facet normal 1 0 0
    outer loop
      vertex 195.9 8.28687 92.9247
      vertex 195.9 6.95539 92.4921
      vertex 195.9 7.14155 92.0426
    endloop
  endfacet
  facet normal 1 0 0
    outer loop
      vertex 195.9 6.80367 93.45
      vertex 195.9 8.20367 93.45
      vertex 195.9 6.84183 93.9349
    endloop
  endfacet
  facet normal 1 0 0
    outer loop
      vertex 195.9 8.2246 93.1841
      vertex 195.9 6.84183 92.965
      vertex 195.9 6.95539 92.4921
    endloop
  endfacet
  facet normal 1 0 0
    outer loop
      vertex 195.9 8.20367 93.45
      vertex 195.9 6.80367 93.45
      vertex 195.9 6.84183 92.965
    endloop
  endfacet
  facet normal 0 0.649548 -0.760321
    outer loop
      vertex 195.9 7.71164 95.642
      vertex 197.9 8.08153 95.958
      vertex 197.9 7.71164 95.642
    endloop
  endfacet
  facet normal 0 0.649548 -0.760321
    outer loop
      vertex 197.9 8.08153 95.958
      vertex 195.9 7.71164 95.642
      vertex 195.9 8.08153 95.958
    endloop
  endfacet
  facet normal 0 -0.996911 -0.0785358
    outer loop
      vertex 195.9 13.0037 93.45
      vertex 197.9 12.9655 93.9349
      vertex 195.9 12.9655 93.9349
    endloop
  endfacet
  facet normal 0 -0.996911 -0.0785358
    outer loop
      vertex 197.9 12.9655 93.9349
      vertex 195.9 13.0037 93.45
      vertex 197.9 13.0037 93.45
    endloop
  endfacet
  facet normal 0 -0.522364 -0.852722
    outer loop
      vertex 195.9 11.311 96.2121
      vertex 197.9 11.7258 95.958
      vertex 197.9 11.311 96.2121
    endloop
  endfacet
  facet normal -0 -0.522364 -0.852722
    outer loop
      vertex 197.9 11.7258 95.958
      vertex 195.9 11.311 96.2121
      vertex 195.9 11.7258 95.958
    endloop
  endfacet
  facet normal 0 0.97238 -0.233404
    outer loop
      vertex 197.9 6.84183 93.9349
      vertex 195.9 6.95539 94.408
      vertex 197.9 6.95539 94.408
    endloop
  endfacet
  facet normal 0 0.97238 -0.233404
    outer loop
      vertex 195.9 6.95539 94.408
      vertex 197.9 6.84183 93.9349
      vertex 195.9 6.84183 93.9349
    endloop
  endfacet
  facet normal 0 0.996918 -0.0784541
    outer loop
      vertex 197.9 6.80367 93.45
      vertex 195.9 6.84183 93.9349
      vertex 197.9 6.84183 93.9349
    endloop
  endfacet
  facet normal 0 0.996918 -0.0784541
    outer loop
      vertex 195.9 6.84183 93.9349
      vertex 197.9 6.80367 93.45
      vertex 195.9 6.80367 93.45
    endloop
  endfacet
  facet normal 0 -0.760431 -0.649419
    outer loop
      vertex 195.9 12.4116 95.2721
      vertex 197.9 12.0957 95.642
      vertex 195.9 12.0957 95.642
    endloop
  endfacet
  facet normal 0 -0.760431 -0.649419
    outer loop
      vertex 197.9 12.0957 95.642
      vertex 195.9 12.4116 95.2721
      vertex 197.9 12.4116 95.2721
    endloop
  endfacet
  facet normal 0 -0.382775 -0.923841
    outer loop
      vertex 195.9 10.8616 96.3983
      vertex 197.9 11.311 96.2121
      vertex 197.9 10.8616 96.3983
    endloop
  endfacet
  facet normal -0 -0.382775 -0.923841
    outer loop
      vertex 197.9 11.311 96.2121
      vertex 195.9 10.8616 96.3983
      vertex 195.9 11.311 96.2121
    endloop
  endfacet
  facet normal 0 -0.233334 -0.972397
    outer loop
      vertex 195.9 10.3886 96.5118
      vertex 197.9 10.8616 96.3983
      vertex 197.9 10.3886 96.5118
    endloop
  endfacet
  facet normal -0 -0.233334 -0.972397
    outer loop
      vertex 197.9 10.8616 96.3983
      vertex 195.9 10.3886 96.5118
      vertex 195.9 10.8616 96.3983
    endloop
  endfacet
  facet normal 0 -0.382352 0.924017
    outer loop
      vertex 191.9 20.7718 106.985
      vertex 195.9 20.5253 106.883
      vertex 195.9 20.7718 106.985
    endloop
  endfacet
  facet normal 0 -0.382352 0.924017
    outer loop
      vertex 195.9 20.5253 106.883
      vertex 191.9 20.7718 106.985
      vertex 191.9 20.5253 106.883
    endloop
  endfacet
  facet normal 0 0.852148 -0.523301
    outer loop
      vertex 195.9 18.4853 109.272
      vertex 191.9 18.6247 109.499
      vertex 195.9 18.6247 109.499
    endloop
  endfacet
  facet normal 0 0.852148 -0.523301
    outer loop
      vertex 191.9 18.6247 109.499
      vertex 195.9 18.4853 109.272
      vertex 191.9 18.4853 109.272
    endloop
  endfacet
  facet normal 0 -0.924158 0.38201
    outer loop
      vertex 191.9 21.5147 107.728
      vertex 195.9 21.6168 107.975
      vertex 191.9 21.6168 107.975
    endloop
  endfacet
  facet normal 0 -0.924158 0.38201
    outer loop
      vertex 195.9 21.6168 107.975
      vertex 191.9 21.5147 107.728
      vertex 195.9 21.5147 107.728
    endloop
  endfacet
  facet normal 0 0.996927 0.07833
    outer loop
      vertex 195.9 18.3209 108.234
      vertex 191.9 18.3 108.5
      vertex 195.9 18.3 108.5
    endloop
  endfacet
  facet normal 0 0.996927 0.07833
    outer loop
      vertex 191.9 18.3 108.5
      vertex 195.9 18.3209 108.234
      vertex 191.9 18.3209 108.234
    endloop
  endfacet
  facet normal 0 -0.972268 -0.23387
    outer loop
      vertex 191.9 21.6791 108.766
      vertex 195.9 21.6168 109.025
      vertex 191.9 21.6168 109.025
    endloop
  endfacet
  facet normal 0 -0.972268 -0.23387
    outer loop
      vertex 195.9 21.6168 109.025
      vertex 191.9 21.6791 108.766
      vertex 195.9 21.6791 108.766
    endloop
  endfacet
  facet normal 0 -0.0787319 0.996896
    outer loop
      vertex 191.9 20.2659 106.821
      vertex 195.9 20 106.8
      vertex 195.9 20.2659 106.821
    endloop
  endfacet
  facet normal 0 -0.0787319 0.996896
    outer loop
      vertex 195.9 20 106.8
      vertex 191.9 20.2659 106.821
      vertex 191.9 20 106.8
    endloop
  endfacet
  facet normal 0 -0.524265 0.851555
    outer loop
      vertex 191.9 20.9992 107.125
      vertex 195.9 20.7718 106.985
      vertex 195.9 20.9992 107.125
    endloop
  endfacet
  facet normal 0 -0.524265 0.851555
    outer loop
      vertex 195.9 20.7718 106.985
      vertex 191.9 20.9992 107.125
      vertex 191.9 20.7718 106.985
    endloop
  endfacet
  facet normal 0 -0.0787319 -0.996896
    outer loop
      vertex 191.9 20 110.2
      vertex 195.9 20.2659 110.179
      vertex 195.9 20 110.2
    endloop
  endfacet
  facet normal -0 -0.0787319 -0.996896
    outer loop
      vertex 195.9 20.2659 110.179
      vertex 191.9 20 110.2
      vertex 191.9 20.2659 110.179
    endloop
  endfacet
  facet normal 0 0.924158 0.38201
    outer loop
      vertex 195.9 18.4853 107.728
      vertex 191.9 18.3832 107.975
      vertex 195.9 18.3832 107.975
    endloop
  endfacet
  facet normal 0 0.924158 0.38201
    outer loop
      vertex 191.9 18.3832 107.975
      vertex 195.9 18.4853 107.728
      vertex 191.9 18.4853 107.728
    endloop
  endfacet
  facet normal -0 0.0787319 0.996896
    outer loop
      vertex 191.9 20 106.8
      vertex 195.9 19.7341 106.821
      vertex 195.9 20 106.8
    endloop
  endfacet
  facet normal 0 0.0787319 0.996896
    outer loop
      vertex 195.9 19.7341 106.821
      vertex 191.9 20 106.8
      vertex 191.9 19.7341 106.821
    endloop
  endfacet
  facet normal 0 -0.972268 0.23387
    outer loop
      vertex 191.9 21.6168 107.975
      vertex 195.9 21.6791 108.234
      vertex 191.9 21.6791 108.234
    endloop
  endfacet
  facet normal 0 -0.972268 0.23387
    outer loop
      vertex 195.9 21.6791 108.234
      vertex 191.9 21.6168 107.975
      vertex 195.9 21.6168 107.975
    endloop
  endfacet
  facet normal -0 0.232465 0.972605
    outer loop
      vertex 191.9 19.7341 106.821
      vertex 195.9 19.4747 106.883
      vertex 195.9 19.7341 106.821
    endloop
  endfacet
  facet normal 0 0.232465 0.972605
    outer loop
      vertex 195.9 19.4747 106.883
      vertex 191.9 19.7341 106.821
      vertex 191.9 19.4747 106.883
    endloop
  endfacet
  facet normal 0 0.996927 -0.07833
    outer loop
      vertex 195.9 18.3 108.5
      vertex 191.9 18.3209 108.766
      vertex 195.9 18.3209 108.766
    endloop
  endfacet
  facet normal 0 0.996927 -0.07833
    outer loop
      vertex 191.9 18.3209 108.766
      vertex 195.9 18.3 108.5
      vertex 191.9 18.3 108.5
    endloop
  endfacet
  facet normal 0 -0.232465 -0.972605
    outer loop
      vertex 191.9 20.2659 110.179
      vertex 195.9 20.5253 110.117
      vertex 195.9 20.2659 110.179
    endloop
  endfacet
  facet normal -0 -0.232465 -0.972605
    outer loop
      vertex 195.9 20.5253 110.117
      vertex 191.9 20.2659 110.179
      vertex 191.9 20.5253 110.117
    endloop
  endfacet
  facet normal 0 0.972268 -0.23387
    outer loop
      vertex 195.9 18.3209 108.766
      vertex 191.9 18.3832 109.025
      vertex 195.9 18.3832 109.025
    endloop
  endfacet
  facet normal 0 0.972268 -0.23387
    outer loop
      vertex 191.9 18.3832 109.025
      vertex 195.9 18.3209 108.766
      vertex 191.9 18.3209 108.766
    endloop
  endfacet
  facet normal 0 -0.648813 0.760948
    outer loop
      vertex 191.9 21.2021 107.298
      vertex 195.9 20.9992 107.125
      vertex 195.9 21.2021 107.298
    endloop
  endfacet
  facet normal 0 -0.648813 0.760948
    outer loop
      vertex 195.9 20.9992 107.125
      vertex 191.9 21.2021 107.298
      vertex 191.9 20.9992 107.125
    endloop
  endfacet
  facet normal 0 -0.382352 -0.924017
    outer loop
      vertex 191.9 20.5253 110.117
      vertex 195.9 20.7718 110.015
      vertex 195.9 20.5253 110.117
    endloop
  endfacet
  facet normal -0 -0.382352 -0.924017
    outer loop
      vertex 195.9 20.7718 110.015
      vertex 191.9 20.5253 110.117
      vertex 191.9 20.7718 110.015
    endloop
  endfacet
  facet normal 0 -0.232465 0.972605
    outer loop
      vertex 191.9 20.5253 106.883
      vertex 195.9 20.2659 106.821
      vertex 195.9 20.5253 106.883
    endloop
  endfacet
  facet normal 0 -0.232465 0.972605
    outer loop
      vertex 195.9 20.2659 106.821
      vertex 191.9 20.5253 106.883
      vertex 191.9 20.2659 106.821
    endloop
  endfacet
  facet normal 0 -0.760736 -0.649061
    outer loop
      vertex 191.9 21.3753 109.499
      vertex 195.9 21.2021 109.702
      vertex 191.9 21.2021 109.702
    endloop
  endfacet
  facet normal 0 -0.760736 -0.649061
    outer loop
      vertex 195.9 21.2021 109.702
      vertex 191.9 21.3753 109.499
      vertex 195.9 21.3753 109.499
    endloop
  endfacet
  facet normal 0 0.382352 -0.924017
    outer loop
      vertex 191.9 19.2282 110.015
      vertex 195.9 19.4747 110.117
      vertex 195.9 19.2282 110.015
    endloop
  endfacet
  facet normal 0 0.382352 -0.924017
    outer loop
      vertex 195.9 19.4747 110.117
      vertex 191.9 19.2282 110.015
      vertex 191.9 19.4747 110.117
    endloop
  endfacet
  facet normal 0 0.972268 0.23387
    outer loop
      vertex 195.9 18.3832 107.975
      vertex 191.9 18.3209 108.234
      vertex 195.9 18.3209 108.234
    endloop
  endfacet
  facet normal 0 0.972268 0.23387
    outer loop
      vertex 191.9 18.3209 108.234
      vertex 195.9 18.3832 107.975
      vertex 191.9 18.3832 107.975
    endloop
  endfacet
  facet normal 0 -0.924158 -0.38201
    outer loop
      vertex 191.9 21.6168 109.025
      vertex 195.9 21.5147 109.272
      vertex 191.9 21.5147 109.272
    endloop
  endfacet
  facet normal 0 -0.924158 -0.38201
    outer loop
      vertex 195.9 21.5147 109.272
      vertex 191.9 21.6168 109.025
      vertex 195.9 21.6168 109.025
    endloop
  endfacet
  facet normal 0 0.648813 -0.760948
    outer loop
      vertex 191.9 18.7979 109.702
      vertex 195.9 19.0008 109.875
      vertex 195.9 18.7979 109.702
    endloop
  endfacet
  facet normal 0 0.648813 -0.760948
    outer loop
      vertex 195.9 19.0008 109.875
      vertex 191.9 18.7979 109.702
      vertex 191.9 19.0008 109.875
    endloop
  endfacet
  facet normal -0 0.524265 0.851555
    outer loop
      vertex 191.9 19.2282 106.985
      vertex 195.9 19.0008 107.125
      vertex 195.9 19.2282 106.985
    endloop
  endfacet
  facet normal 0 0.524265 0.851555
    outer loop
      vertex 195.9 19.0008 107.125
      vertex 191.9 19.2282 106.985
      vertex 191.9 19.0008 107.125
    endloop
  endfacet
  facet normal 0 -0.760736 0.649061
    outer loop
      vertex 191.9 21.2021 107.298
      vertex 195.9 21.3753 107.501
      vertex 191.9 21.3753 107.501
    endloop
  endfacet
  facet normal 0 -0.760736 0.649061
    outer loop
      vertex 195.9 21.3753 107.501
      vertex 191.9 21.2021 107.298
      vertex 195.9 21.2021 107.298
    endloop
  endfacet
  facet normal 0 0.524265 -0.851555
    outer loop
      vertex 191.9 19.0008 109.875
      vertex 195.9 19.2282 110.015
      vertex 195.9 19.0008 109.875
    endloop
  endfacet
  facet normal 0 0.524265 -0.851555
    outer loop
      vertex 195.9 19.2282 110.015
      vertex 191.9 19.0008 109.875
      vertex 191.9 19.2282 110.015
    endloop
  endfacet
  facet normal 0 -0.852148 0.523301
    outer loop
      vertex 191.9 21.3753 107.501
      vertex 195.9 21.5147 107.728
      vertex 191.9 21.5147 107.728
    endloop
  endfacet
  facet normal 0 -0.852148 0.523301
    outer loop
      vertex 195.9 21.5147 107.728
      vertex 191.9 21.3753 107.501
      vertex 195.9 21.3753 107.501
    endloop
  endfacet
  facet normal 0 -0.996927 -0.07833
    outer loop
      vertex 191.9 21.7 108.5
      vertex 195.9 21.6791 108.766
      vertex 191.9 21.6791 108.766
    endloop
  endfacet
  facet normal 0 -0.996927 -0.07833
    outer loop
      vertex 195.9 21.6791 108.766
      vertex 191.9 21.7 108.5
      vertex 195.9 21.7 108.5
    endloop
  endfacet
  facet normal 0 0.760736 -0.649061
    outer loop
      vertex 195.9 18.6247 109.499
      vertex 191.9 18.7979 109.702
      vertex 195.9 18.7979 109.702
    endloop
  endfacet
  facet normal 0 0.760736 -0.649061
    outer loop
      vertex 191.9 18.7979 109.702
      vertex 195.9 18.6247 109.499
      vertex 191.9 18.6247 109.499
    endloop
  endfacet
  facet normal 0 0.0787319 -0.996896
    outer loop
      vertex 191.9 19.7341 110.179
      vertex 195.9 20 110.2
      vertex 195.9 19.7341 110.179
    endloop
  endfacet
  facet normal 0 0.0787319 -0.996896
    outer loop
      vertex 195.9 20 110.2
      vertex 191.9 19.7341 110.179
      vertex 191.9 20 110.2
    endloop
  endfacet
  facet normal 0 -0.648813 -0.760948
    outer loop
      vertex 191.9 20.9992 109.875
      vertex 195.9 21.2021 109.702
      vertex 195.9 20.9992 109.875
    endloop
  endfacet
  facet normal -0 -0.648813 -0.760948
    outer loop
      vertex 195.9 21.2021 109.702
      vertex 191.9 20.9992 109.875
      vertex 191.9 21.2021 109.702
    endloop
  endfacet
  facet normal -0 0.648813 0.760948
    outer loop
      vertex 191.9 19.0008 107.125
      vertex 195.9 18.7979 107.298
      vertex 195.9 19.0008 107.125
    endloop
  endfacet
  facet normal 0 0.648813 0.760948
    outer loop
      vertex 195.9 18.7979 107.298
      vertex 191.9 19.0008 107.125
      vertex 191.9 18.7979 107.298
    endloop
  endfacet
  facet normal 0 0.232465 -0.972605
    outer loop
      vertex 191.9 19.4747 110.117
      vertex 195.9 19.7341 110.179
      vertex 195.9 19.4747 110.117
    endloop
  endfacet
  facet normal 0 0.232465 -0.972605
    outer loop
      vertex 195.9 19.7341 110.179
      vertex 191.9 19.4747 110.117
      vertex 191.9 19.7341 110.179
    endloop
  endfacet
  facet normal 0 -0.852148 -0.523301
    outer loop
      vertex 191.9 21.5147 109.272
      vertex 195.9 21.3753 109.499
      vertex 191.9 21.3753 109.499
    endloop
  endfacet
  facet normal 0 -0.852148 -0.523301
    outer loop
      vertex 195.9 21.3753 109.499
      vertex 191.9 21.5147 109.272
      vertex 195.9 21.5147 109.272
    endloop
  endfacet
  facet normal 0 0.852148 0.523301
    outer loop
      vertex 195.9 18.6247 107.501
      vertex 191.9 18.4853 107.728
      vertex 195.9 18.4853 107.728
    endloop
  endfacet
  facet normal 0 0.852148 0.523301
    outer loop
      vertex 191.9 18.4853 107.728
      vertex 195.9 18.6247 107.501
      vertex 191.9 18.6247 107.501
    endloop
  endfacet
  facet normal 0 0.924158 -0.38201
    outer loop
      vertex 195.9 18.3832 109.025
      vertex 191.9 18.4853 109.272
      vertex 195.9 18.4853 109.272
    endloop
  endfacet
  facet normal 0 0.924158 -0.38201
    outer loop
      vertex 191.9 18.4853 109.272
      vertex 195.9 18.3832 109.025
      vertex 191.9 18.3832 109.025
    endloop
  endfacet
  facet normal -0 0.382352 0.924017
    outer loop
      vertex 191.9 19.4747 106.883
      vertex 195.9 19.2282 106.985
      vertex 195.9 19.4747 106.883
    endloop
  endfacet
  facet normal 0 0.382352 0.924017
    outer loop
      vertex 195.9 19.2282 106.985
      vertex 191.9 19.4747 106.883
      vertex 191.9 19.2282 106.985
    endloop
  endfacet
  facet normal 0 0.760736 0.649061
    outer loop
      vertex 195.9 18.7979 107.298
      vertex 191.9 18.6247 107.501
      vertex 195.9 18.6247 107.501
    endloop
  endfacet
  facet normal 0 0.760736 0.649061
    outer loop
      vertex 191.9 18.6247 107.501
      vertex 195.9 18.7979 107.298
      vertex 191.9 18.7979 107.298
    endloop
  endfacet
  facet normal 0 -0.524265 -0.851555
    outer loop
      vertex 191.9 20.7718 110.015
      vertex 195.9 20.9992 109.875
      vertex 195.9 20.7718 110.015
    endloop
  endfacet
  facet normal -0 -0.524265 -0.851555
    outer loop
      vertex 195.9 20.9992 109.875
      vertex 191.9 20.7718 110.015
      vertex 191.9 20.9992 109.875
    endloop
  endfacet
  facet normal 0 -0.996927 0.07833
    outer loop
      vertex 191.9 21.6791 108.234
      vertex 195.9 21.7 108.5
      vertex 191.9 21.7 108.5
    endloop
  endfacet
  facet normal 0 -0.996927 0.07833
    outer loop
      vertex 195.9 21.7 108.5
      vertex 191.9 21.6791 108.234
      vertex 195.9 21.6791 108.234
    endloop
  endfacet
  facet normal 0 -0.382424 -0.923987
    outer loop
      vertex 195.9 20.958 111.448
      vertex 197.9 21.4074 111.262
      vertex 197.9 20.958 111.448
    endloop
  endfacet
  facet normal -0 -0.382424 -0.923987
    outer loop
      vertex 197.9 21.4074 111.262
      vertex 195.9 20.958 111.448
      vertex 195.9 21.4074 111.262
    endloop
  endfacet
  facet normal -0 0.234259 0.972174
    outer loop
      vertex 195.9 19.5151 105.438
      vertex 197.9 19.042 105.552
      vertex 197.9 19.5151 105.438
    endloop
  endfacet
  facet normal 0 0.234259 0.972174
    outer loop
      vertex 197.9 19.042 105.552
      vertex 195.9 19.5151 105.438
      vertex 195.9 19.042 105.552
    endloop
  endfacet
  facet normal 0 -0.923721 0.383066
    outer loop
      vertex 195.9 22.7621 107.093
      vertex 197.9 22.9483 107.542
      vertex 195.9 22.9483 107.542
    endloop
  endfacet
  facet normal 0 -0.923721 0.383066
    outer loop
      vertex 197.9 22.9483 107.542
      vertex 195.9 22.7621 107.093
      vertex 197.9 22.7621 107.093
    endloop
  endfacet
  facet normal -0 0.0781271 0.996943
    outer loop
      vertex 195.9 20 105.4
      vertex 197.9 19.5151 105.438
      vertex 197.9 20 105.4
    endloop
  endfacet
  facet normal 0 0.0781271 0.996943
    outer loop
      vertex 197.9 19.5151 105.438
      vertex 195.9 20 105.4
      vertex 195.9 19.5151 105.438
    endloop
  endfacet
  facet normal 0 -0.0781271 0.996943
    outer loop
      vertex 195.9 20.4849 105.438
      vertex 197.9 20 105.4
      vertex 197.9 20.4849 105.438
    endloop
  endfacet
  facet normal 0 -0.0781271 0.996943
    outer loop
      vertex 197.9 20 105.4
      vertex 195.9 20.4849 105.438
      vertex 195.9 20 105.4
    endloop
  endfacet
  facet normal 0 -0.996913 -0.0785197
    outer loop
      vertex 195.9 23.1 108.5
      vertex 197.9 23.0618 108.985
      vertex 195.9 23.0618 108.985
    endloop
  endfacet
  facet normal 0 -0.996913 -0.0785197
    outer loop
      vertex 197.9 23.0618 108.985
      vertex 195.9 23.1 108.5
      vertex 197.9 23.1 108.5
    endloop
  endfacet
  facet normal 0 -0.996913 0.0785197
    outer loop
      vertex 195.9 23.0618 108.015
      vertex 197.9 23.1 108.5
      vertex 195.9 23.1 108.5
    endloop
  endfacet
  facet normal 0 -0.996913 0.0785197
    outer loop
      vertex 197.9 23.1 108.5
      vertex 195.9 23.0618 108.015
      vertex 197.9 23.0618 108.015
    endloop
  endfacet
  facet normal 0 -0.760416 0.649436
    outer loop
      vertex 195.9 22.192 106.308
      vertex 197.9 22.508 106.678
      vertex 195.9 22.508 106.678
    endloop
  endfacet
  facet normal 0 -0.760416 0.649436
    outer loop
      vertex 197.9 22.508 106.678
      vertex 195.9 22.192 106.308
      vertex 197.9 22.192 106.308
    endloop
  endfacet
  facet normal -0 0.522306 0.852758
    outer loop
      vertex 195.9 18.5926 105.738
      vertex 197.9 18.1779 105.992
      vertex 197.9 18.5926 105.738
    endloop
  endfacet
  facet normal 0 0.522306 0.852758
    outer loop
      vertex 197.9 18.1779 105.992
      vertex 195.9 18.5926 105.738
      vertex 195.9 18.1779 105.992
    endloop
  endfacet
  facet normal 0 0.923721 0.383066
    outer loop
      vertex 197.9 17.2379 107.093
      vertex 195.9 17.0517 107.542
      vertex 197.9 17.0517 107.542
    endloop
  endfacet
  facet normal 0 0.923721 0.383066
    outer loop
      vertex 195.9 17.0517 107.542
      vertex 197.9 17.2379 107.093
      vertex 195.9 17.2379 107.093
    endloop
  endfacet
  facet normal 0 -0.972397 -0.233334
    outer loop
      vertex 195.9 23.0618 108.985
      vertex 197.9 22.9483 109.458
      vertex 195.9 22.9483 109.458
    endloop
  endfacet
  facet normal 0 -0.972397 -0.233334
    outer loop
      vertex 197.9 22.9483 109.458
      vertex 195.9 23.0618 108.985
      vertex 197.9 23.0618 108.985
    endloop
  endfacet
  facet normal 0 -0.760416 -0.649436
    outer loop
      vertex 195.9 22.508 110.322
      vertex 197.9 22.192 110.692
      vertex 195.9 22.192 110.692
    endloop
  endfacet
  facet normal 0 -0.760416 -0.649436
    outer loop
      vertex 197.9 22.192 110.692
      vertex 195.9 22.508 110.322
      vertex 197.9 22.508 110.322
    endloop
  endfacet
  facet normal 0 0.234259 -0.972174
    outer loop
      vertex 195.9 19.042 111.448
      vertex 197.9 19.5151 111.562
      vertex 197.9 19.042 111.448
    endloop
  endfacet
  facet normal 0 0.234259 -0.972174
    outer loop
      vertex 197.9 19.5151 111.562
      vertex 195.9 19.042 111.448
      vertex 195.9 19.5151 111.562
    endloop
  endfacet
  facet normal 0 0.852834 -0.522181
    outer loop
      vertex 197.9 17.2379 109.907
      vertex 195.9 17.492 110.322
      vertex 197.9 17.492 110.322
    endloop
  endfacet
  facet normal 0 0.852834 -0.522181
    outer loop
      vertex 195.9 17.492 110.322
      vertex 197.9 17.2379 109.907
      vertex 195.9 17.2379 109.907
    endloop
  endfacet
  facet normal 0 -0.972397 0.233334
    outer loop
      vertex 195.9 22.9483 107.542
      vertex 197.9 23.0618 108.015
      vertex 195.9 23.0618 108.015
    endloop
  endfacet
  facet normal 0 -0.972397 0.233334
    outer loop
      vertex 197.9 23.0618 108.015
      vertex 195.9 22.9483 107.542
      vertex 197.9 22.9483 107.542
    endloop
  endfacet
  facet normal 0 -0.234259 0.972174
    outer loop
      vertex 195.9 20.958 105.552
      vertex 197.9 20.4849 105.438
      vertex 197.9 20.958 105.552
    endloop
  endfacet
  facet normal 0 -0.234259 0.972174
    outer loop
      vertex 197.9 20.4849 105.438
      vertex 195.9 20.958 105.552
      vertex 195.9 20.4849 105.438
    endloop
  endfacet
  facet normal 0 0.996913 -0.0785197
    outer loop
      vertex 197.9 16.9 108.5
      vertex 195.9 16.9382 108.985
      vertex 197.9 16.9382 108.985
    endloop
  endfacet
  facet normal 0 0.996913 -0.0785197
    outer loop
      vertex 195.9 16.9382 108.985
      vertex 197.9 16.9 108.5
      vertex 195.9 16.9 108.5
    endloop
  endfacet
  facet normal 0 -0.522306 0.852758
    outer loop
      vertex 195.9 21.8221 105.992
      vertex 197.9 21.4074 105.738
      vertex 197.9 21.8221 105.992
    endloop
  endfacet
  facet normal 0 -0.522306 0.852758
    outer loop
      vertex 197.9 21.4074 105.738
      vertex 195.9 21.8221 105.992
      vertex 195.9 21.4074 105.738
    endloop
  endfacet
  facet normal 0 0.382424 -0.923987
    outer loop
      vertex 195.9 18.5926 111.262
      vertex 197.9 19.042 111.448
      vertex 197.9 18.5926 111.262
    endloop
  endfacet
  facet normal 0 0.382424 -0.923987
    outer loop
      vertex 197.9 19.042 111.448
      vertex 195.9 18.5926 111.262
      vertex 195.9 19.042 111.448
    endloop
  endfacet
  facet normal 0 -0.923721 -0.383066
    outer loop
      vertex 195.9 22.9483 109.458
      vertex 197.9 22.7621 109.907
      vertex 195.9 22.7621 109.907
    endloop
  endfacet
  facet normal 0 -0.923721 -0.383066
    outer loop
      vertex 197.9 22.7621 109.907
      vertex 195.9 22.9483 109.458
      vertex 197.9 22.9483 109.458
    endloop
  endfacet
  facet normal 0 -0.649538 0.760329
    outer loop
      vertex 195.9 22.192 106.308
      vertex 197.9 21.8221 105.992
      vertex 197.9 22.192 106.308
    endloop
  endfacet
  facet normal 0 -0.649538 0.760329
    outer loop
      vertex 197.9 21.8221 105.992
      vertex 195.9 22.192 106.308
      vertex 195.9 21.8221 105.992
    endloop
  endfacet
  facet normal 0 0.972397 0.233334
    outer loop
      vertex 197.9 17.0517 107.542
      vertex 195.9 16.9382 108.015
      vertex 197.9 16.9382 108.015
    endloop
  endfacet
  facet normal 0 0.972397 0.233334
    outer loop
      vertex 195.9 16.9382 108.015
      vertex 197.9 17.0517 107.542
      vertex 195.9 17.0517 107.542
    endloop
  endfacet
  facet normal 0 -0.649538 -0.760329
    outer loop
      vertex 195.9 21.8221 111.008
      vertex 197.9 22.192 110.692
      vertex 197.9 21.8221 111.008
    endloop
  endfacet
  facet normal -0 -0.649538 -0.760329
    outer loop
      vertex 197.9 22.192 110.692
      vertex 195.9 21.8221 111.008
      vertex 195.9 22.192 110.692
    endloop
  endfacet
  facet normal 0 0.0781271 -0.996943
    outer loop
      vertex 195.9 19.5151 111.562
      vertex 197.9 20 111.6
      vertex 197.9 19.5151 111.562
    endloop
  endfacet
  facet normal 0 0.0781271 -0.996943
    outer loop
      vertex 197.9 20 111.6
      vertex 195.9 19.5151 111.562
      vertex 195.9 20 111.6
    endloop
  endfacet
  facet normal 0 -0.852834 0.522181
    outer loop
      vertex 195.9 22.508 106.678
      vertex 197.9 22.7621 107.093
      vertex 195.9 22.7621 107.093
    endloop
  endfacet
  facet normal 0 -0.852834 0.522181
    outer loop
      vertex 197.9 22.7621 107.093
      vertex 195.9 22.508 106.678
      vertex 197.9 22.508 106.678
    endloop
  endfacet
  facet normal 0 0.852834 0.522181
    outer loop
      vertex 197.9 17.492 106.678
      vertex 195.9 17.2379 107.093
      vertex 197.9 17.2379 107.093
    endloop
  endfacet
  facet normal 0 0.852834 0.522181
    outer loop
      vertex 195.9 17.2379 107.093
      vertex 197.9 17.492 106.678
      vertex 195.9 17.492 106.678
    endloop
  endfacet
  facet normal 0 -0.852834 -0.522181
    outer loop
      vertex 195.9 22.7621 109.907
      vertex 197.9 22.508 110.322
      vertex 195.9 22.508 110.322
    endloop
  endfacet
  facet normal 0 -0.852834 -0.522181
    outer loop
      vertex 197.9 22.508 110.322
      vertex 195.9 22.7621 109.907
      vertex 197.9 22.7621 109.907
    endloop
  endfacet
  facet normal 0 0.649538 -0.760329
    outer loop
      vertex 195.9 17.808 110.692
      vertex 197.9 18.1779 111.008
      vertex 197.9 17.808 110.692
    endloop
  endfacet
  facet normal 0 0.649538 -0.760329
    outer loop
      vertex 197.9 18.1779 111.008
      vertex 195.9 17.808 110.692
      vertex 195.9 18.1779 111.008
    endloop
  endfacet
  facet normal -0 0.382424 0.923987
    outer loop
      vertex 195.9 19.042 105.552
      vertex 197.9 18.5926 105.738
      vertex 197.9 19.042 105.552
    endloop
  endfacet
  facet normal 0 0.382424 0.923987
    outer loop
      vertex 197.9 18.5926 105.738
      vertex 195.9 19.042 105.552
      vertex 195.9 18.5926 105.738
    endloop
  endfacet
  facet normal 1 0 0
    outer loop
      vertex 195.9 21.7 108.5
      vertex 195.9 23.1 108.5
      vertex 195.9 23.0618 108.985
    endloop
  endfacet
  facet normal 1 0 0
    outer loop
      vertex 195.9 21.6791 108.766
      vertex 195.9 23.0618 108.985
      vertex 195.9 22.9483 109.458
    endloop
  endfacet
  facet normal 1 0 0
    outer loop
      vertex 195.9 23.1 108.5
      vertex 195.9 21.7 108.5
      vertex 195.9 23.0618 108.015
    endloop
  endfacet
  facet normal 1 0 0
    outer loop
      vertex 195.9 21.6168 109.025
      vertex 195.9 22.9483 109.458
      vertex 195.9 22.7621 109.907
    endloop
  endfacet
  facet normal 1 -0 0
    outer loop
      vertex 195.9 21.6791 108.234
      vertex 195.9 23.0618 108.015
      vertex 195.9 21.7 108.5
    endloop
  endfacet
  facet normal 1 0 0
    outer loop
      vertex 195.9 21.5147 109.272
      vertex 195.9 22.7621 109.907
      vertex 195.9 22.508 110.322
    endloop
  endfacet
  facet normal 1 0 0
    outer loop
      vertex 195.9 23.0618 108.015
      vertex 195.9 21.6791 108.234
      vertex 195.9 22.9483 107.542
    endloop
  endfacet
  facet normal 1 0 0
    outer loop
      vertex 195.9 21.3753 109.499
      vertex 195.9 22.508 110.322
      vertex 195.9 22.192 110.692
    endloop
  endfacet
  facet normal 1 -0 0
    outer loop
      vertex 195.9 21.6168 107.975
      vertex 195.9 22.9483 107.542
      vertex 195.9 21.6791 108.234
    endloop
  endfacet
  facet normal 1 0 0
    outer loop
      vertex 195.9 21.2021 109.702
      vertex 195.9 22.192 110.692
      vertex 195.9 21.8221 111.008
    endloop
  endfacet
  facet normal 1 0 0
    outer loop
      vertex 195.9 22.9483 107.542
      vertex 195.9 21.6168 107.975
      vertex 195.9 22.7621 107.093
    endloop
  endfacet
  facet normal 1 -0 0
    outer loop
      vertex 195.9 21.5147 107.728
      vertex 195.9 22.7621 107.093
      vertex 195.9 21.6168 107.975
    endloop
  endfacet
  facet normal 1 0 0
    outer loop
      vertex 195.9 23.0618 108.985
      vertex 195.9 21.6791 108.766
      vertex 195.9 21.7 108.5
    endloop
  endfacet
  facet normal 1 0 0
    outer loop
      vertex 195.9 22.9483 109.458
      vertex 195.9 21.6168 109.025
      vertex 195.9 21.6791 108.766
    endloop
  endfacet
  facet normal 1 0 0
    outer loop
      vertex 195.9 22.7621 109.907
      vertex 195.9 21.5147 109.272
      vertex 195.9 21.6168 109.025
    endloop
  endfacet
  facet normal 1 0 0
    outer loop
      vertex 195.9 20.9992 109.875
      vertex 195.9 21.8221 111.008
      vertex 195.9 21.4074 111.262
    endloop
  endfacet
  facet normal 1 0 0
    outer loop
      vertex 195.9 22.508 110.322
      vertex 195.9 21.3753 109.499
      vertex 195.9 21.5147 109.272
    endloop
  endfacet
  facet normal 1 0 0
    outer loop
      vertex 195.9 22.192 110.692
      vertex 195.9 21.2021 109.702
      vertex 195.9 21.3753 109.499
    endloop
  endfacet
  facet normal 1 0 0
    outer loop
      vertex 195.9 21.8221 111.008
      vertex 195.9 20.9992 109.875
      vertex 195.9 21.2021 109.702
    endloop
  endfacet
  facet normal 1 0 0
    outer loop
      vertex 195.9 20.7718 110.015
      vertex 195.9 21.4074 111.262
      vertex 195.9 20.958 111.448
    endloop
  endfacet
  facet normal 1 0 0
    outer loop
      vertex 195.9 21.4074 111.262
      vertex 195.9 20.7718 110.015
      vertex 195.9 20.9992 109.875
    endloop
  endfacet
  facet normal 1 0 0
    outer loop
      vertex 195.9 20.958 111.448
      vertex 195.9 20.5253 110.117
      vertex 195.9 20.7718 110.015
    endloop
  endfacet
  facet normal 1 0 0
    outer loop
      vertex 195.9 20.4849 111.562
      vertex 195.9 20.5253 110.117
      vertex 195.9 20.958 111.448
    endloop
  endfacet
  facet normal 1 0 0
    outer loop
      vertex 195.9 20.4849 111.562
      vertex 195.9 20.2659 110.179
      vertex 195.9 20.5253 110.117
    endloop
  endfacet
  facet normal 1 0 0
    outer loop
      vertex 195.9 20 111.6
      vertex 195.9 20.2659 110.179
      vertex 195.9 20.4849 111.562
    endloop
  endfacet
  facet normal 1 0 0
    outer loop
      vertex 195.9 20 111.6
      vertex 195.9 20 110.2
      vertex 195.9 20.2659 110.179
    endloop
  endfacet
  facet normal 1 0 0
    outer loop
      vertex 195.9 20 111.6
      vertex 195.9 19.7341 110.179
      vertex 195.9 20 110.2
    endloop
  endfacet
  facet normal 1 -0 0
    outer loop
      vertex 195.9 19.5151 111.562
      vertex 195.9 19.7341 110.179
      vertex 195.9 20 111.6
    endloop
  endfacet
  facet normal 1 0 0
    outer loop
      vertex 195.9 19.5151 111.562
      vertex 195.9 19.4747 110.117
      vertex 195.9 19.7341 110.179
    endloop
  endfacet
  facet normal 1 -0 0
    outer loop
      vertex 195.9 19.042 111.448
      vertex 195.9 19.4747 110.117
      vertex 195.9 19.5151 111.562
    endloop
  endfacet
  facet normal 1 0 0
    outer loop
      vertex 195.9 19.4747 110.117
      vertex 195.9 19.042 111.448
      vertex 195.9 19.2282 110.015
    endloop
  endfacet
  facet normal 1 -0 0
    outer loop
      vertex 195.9 18.5926 111.262
      vertex 195.9 19.2282 110.015
      vertex 195.9 19.042 111.448
    endloop
  endfacet
  facet normal 1 0 0
    outer loop
      vertex 195.9 19.2282 110.015
      vertex 195.9 18.5926 111.262
      vertex 195.9 19.0008 109.875
    endloop
  endfacet
  facet normal 1 -0 0
    outer loop
      vertex 195.9 18.1779 111.008
      vertex 195.9 19.0008 109.875
      vertex 195.9 18.5926 111.262
    endloop
  endfacet
  facet normal 1 0 0
    outer loop
      vertex 195.9 19.0008 109.875
      vertex 195.9 18.1779 111.008
      vertex 195.9 18.7979 109.702
    endloop
  endfacet
  facet normal 1 -0 0
    outer loop
      vertex 195.9 17.808 110.692
      vertex 195.9 18.7979 109.702
      vertex 195.9 18.1779 111.008
    endloop
  endfacet
  facet normal 1 0 0
    outer loop
      vertex 195.9 18.7979 109.702
      vertex 195.9 17.808 110.692
      vertex 195.9 18.6247 109.499
    endloop
  endfacet
  facet normal 1 -0 0
    outer loop
      vertex 195.9 17.492 110.322
      vertex 195.9 18.6247 109.499
      vertex 195.9 17.808 110.692
    endloop
  endfacet
  facet normal 1 -0 0
    outer loop
      vertex 195.9 17.2379 109.907
      vertex 195.9 18.4853 109.272
      vertex 195.9 17.492 110.322
    endloop
  endfacet
  facet normal 1 0 0
    outer loop
      vertex 195.9 18.6247 109.499
      vertex 195.9 17.492 110.322
      vertex 195.9 18.4853 109.272
    endloop
  endfacet
  facet normal 1 0 0
    outer loop
      vertex 195.9 22.7621 107.093
      vertex 195.9 21.5147 107.728
      vertex 195.9 22.508 106.678
    endloop
  endfacet
  facet normal 1 -0 0
    outer loop
      vertex 195.9 21.3753 107.501
      vertex 195.9 22.508 106.678
      vertex 195.9 21.5147 107.728
    endloop
  endfacet
  facet normal 1 0 0
    outer loop
      vertex 195.9 22.508 106.678
      vertex 195.9 21.3753 107.501
      vertex 195.9 22.192 106.308
    endloop
  endfacet
  facet normal 1 -0 0
    outer loop
      vertex 195.9 21.2021 107.298
      vertex 195.9 22.192 106.308
      vertex 195.9 21.3753 107.501
    endloop
  endfacet
  facet normal 1 0 0
    outer loop
      vertex 195.9 22.192 106.308
      vertex 195.9 21.2021 107.298
      vertex 195.9 21.8221 105.992
    endloop
  endfacet
  facet normal 1 -0 0
    outer loop
      vertex 195.9 20.9992 107.125
      vertex 195.9 21.8221 105.992
      vertex 195.9 21.2021 107.298
    endloop
  endfacet
  facet normal 1 0 0
    outer loop
      vertex 195.9 21.8221 105.992
      vertex 195.9 20.9992 107.125
      vertex 195.9 21.4074 105.738
    endloop
  endfacet
  facet normal 1 -0 0
    outer loop
      vertex 195.9 20.7718 106.985
      vertex 195.9 21.4074 105.738
      vertex 195.9 20.9992 107.125
    endloop
  endfacet
  facet normal 1 0 0
    outer loop
      vertex 195.9 21.4074 105.738
      vertex 195.9 20.7718 106.985
      vertex 195.9 20.958 105.552
    endloop
  endfacet
  facet normal 1 -0 0
    outer loop
      vertex 195.9 20.5253 106.883
      vertex 195.9 20.958 105.552
      vertex 195.9 20.7718 106.985
    endloop
  endfacet
  facet normal 1 0 0
    outer loop
      vertex 195.9 20.5253 106.883
      vertex 195.9 20.4849 105.438
      vertex 195.9 20.958 105.552
    endloop
  endfacet
  facet normal 1 -0 0
    outer loop
      vertex 195.9 20.2659 106.821
      vertex 195.9 20.4849 105.438
      vertex 195.9 20.5253 106.883
    endloop
  endfacet
  facet normal 1 -0 0
    outer loop
      vertex 195.9 20 106.8
      vertex 195.9 20.4849 105.438
      vertex 195.9 20.2659 106.821
    endloop
  endfacet
  facet normal 1 0 0
    outer loop
      vertex 195.9 20 106.8
      vertex 195.9 20 105.4
      vertex 195.9 20.4849 105.438
    endloop
  endfacet
  facet normal 1 0 0
    outer loop
      vertex 195.9 19.7341 106.821
      vertex 195.9 20 105.4
      vertex 195.9 20 106.8
    endloop
  endfacet
  facet normal 1 0 0
    outer loop
      vertex 195.9 19.7341 106.821
      vertex 195.9 19.5151 105.438
      vertex 195.9 20 105.4
    endloop
  endfacet
  facet normal 1 0 0
    outer loop
      vertex 195.9 19.4747 106.883
      vertex 195.9 19.5151 105.438
      vertex 195.9 19.7341 106.821
    endloop
  endfacet
  facet normal 1 0 0
    outer loop
      vertex 195.9 19.042 105.552
      vertex 195.9 19.4747 106.883
      vertex 195.9 19.2282 106.985
    endloop
  endfacet
  facet normal 1 0 0
    outer loop
      vertex 195.9 19.4747 106.883
      vertex 195.9 19.042 105.552
      vertex 195.9 19.5151 105.438
    endloop
  endfacet
  facet normal 1 0 0
    outer loop
      vertex 195.9 18.5926 105.738
      vertex 195.9 19.2282 106.985
      vertex 195.9 19.0008 107.125
    endloop
  endfacet
  facet normal 1 0 0
    outer loop
      vertex 195.9 18.1779 105.992
      vertex 195.9 19.0008 107.125
      vertex 195.9 18.7979 107.298
    endloop
  endfacet
  facet normal 1 0 0
    outer loop
      vertex 195.9 17.808 106.308
      vertex 195.9 18.7979 107.298
      vertex 195.9 18.6247 107.501
    endloop
  endfacet
  facet normal 1 0 0
    outer loop
      vertex 195.9 19.2282 106.985
      vertex 195.9 18.5926 105.738
      vertex 195.9 19.042 105.552
    endloop
  endfacet
  facet normal 1 0 0
    outer loop
      vertex 195.9 17.492 106.678
      vertex 195.9 18.6247 107.501
      vertex 195.9 18.4853 107.728
    endloop
  endfacet
  facet normal 1 0 0
    outer loop
      vertex 195.9 17.2379 107.093
      vertex 195.9 18.4853 107.728
      vertex 195.9 18.3832 107.975
    endloop
  endfacet
  facet normal 1 0 0
    outer loop
      vertex 195.9 17.0517 107.542
      vertex 195.9 18.3832 107.975
      vertex 195.9 18.3209 108.234
    endloop
  endfacet
  facet normal 1 0 0
    outer loop
      vertex 195.9 19.0008 107.125
      vertex 195.9 18.1779 105.992
      vertex 195.9 18.5926 105.738
    endloop
  endfacet
  facet normal 1 0 0
    outer loop
      vertex 195.9 16.9382 108.015
      vertex 195.9 18.3209 108.234
      vertex 195.9 18.3 108.5
    endloop
  endfacet
  facet normal 1 0 0
    outer loop
      vertex 195.9 18.4853 109.272
      vertex 195.9 17.2379 109.907
      vertex 195.9 18.3832 109.025
    endloop
  endfacet
  facet normal 1 -0 0
    outer loop
      vertex 195.9 17.0517 109.458
      vertex 195.9 18.3832 109.025
      vertex 195.9 17.2379 109.907
    endloop
  endfacet
  facet normal 1 0 0
    outer loop
      vertex 195.9 18.7979 107.298
      vertex 195.9 17.808 106.308
      vertex 195.9 18.1779 105.992
    endloop
  endfacet
  facet normal 1 0 0
    outer loop
      vertex 195.9 18.3832 109.025
      vertex 195.9 17.0517 109.458
      vertex 195.9 18.3209 108.766
    endloop
  endfacet
  facet normal 1 0 0
    outer loop
      vertex 195.9 18.6247 107.501
      vertex 195.9 17.492 106.678
      vertex 195.9 17.808 106.308
    endloop
  endfacet
  facet normal 1 -0 0
    outer loop
      vertex 195.9 16.9382 108.985
      vertex 195.9 18.3209 108.766
      vertex 195.9 17.0517 109.458
    endloop
  endfacet
  facet normal 1 0 0
    outer loop
      vertex 195.9 18.4853 107.728
      vertex 195.9 17.2379 107.093
      vertex 195.9 17.492 106.678
    endloop
  endfacet
  facet normal 1 0 0
    outer loop
      vertex 195.9 18.3209 108.766
      vertex 195.9 16.9382 108.985
      vertex 195.9 18.3 108.5
    endloop
  endfacet
  facet normal 1 0 0
    outer loop
      vertex 195.9 18.3832 107.975
      vertex 195.9 17.0517 107.542
      vertex 195.9 17.2379 107.093
    endloop
  endfacet
  facet normal 1 0 0
    outer loop
      vertex 195.9 16.9 108.5
      vertex 195.9 18.3 108.5
      vertex 195.9 16.9382 108.985
    endloop
  endfacet
  facet normal 1 0 0
    outer loop
      vertex 195.9 18.3209 108.234
      vertex 195.9 16.9382 108.015
      vertex 195.9 17.0517 107.542
    endloop
  endfacet
  facet normal 1 0 0
    outer loop
      vertex 195.9 18.3 108.5
      vertex 195.9 16.9 108.5
      vertex 195.9 16.9382 108.015
    endloop
  endfacet
  facet normal 0 0.760416 -0.649436
    outer loop
      vertex 197.9 17.492 110.322
      vertex 195.9 17.808 110.692
      vertex 197.9 17.808 110.692
    endloop
  endfacet
  facet normal 0 0.760416 -0.649436
    outer loop
      vertex 195.9 17.808 110.692
      vertex 197.9 17.492 110.322
      vertex 195.9 17.492 110.322
    endloop
  endfacet
  facet normal -0 0.649538 0.760329
    outer loop
      vertex 195.9 18.1779 105.992
      vertex 197.9 17.808 106.308
      vertex 197.9 18.1779 105.992
    endloop
  endfacet
  facet normal 0 0.649538 0.760329
    outer loop
      vertex 197.9 17.808 106.308
      vertex 195.9 18.1779 105.992
      vertex 195.9 17.808 106.308
    endloop
  endfacet
  facet normal 0 0.760416 0.649436
    outer loop
      vertex 197.9 17.808 106.308
      vertex 195.9 17.492 106.678
      vertex 197.9 17.492 106.678
    endloop
  endfacet
  facet normal 0 0.760416 0.649436
    outer loop
      vertex 195.9 17.492 106.678
      vertex 197.9 17.808 106.308
      vertex 195.9 17.808 106.308
    endloop
  endfacet
  facet normal 0 -0.234259 -0.972174
    outer loop
      vertex 195.9 20.4849 111.562
      vertex 197.9 20.958 111.448
      vertex 197.9 20.4849 111.562
    endloop
  endfacet
  facet normal -0 -0.234259 -0.972174
    outer loop
      vertex 197.9 20.958 111.448
      vertex 195.9 20.4849 111.562
      vertex 195.9 20.958 111.448
    endloop
  endfacet
  facet normal 0 -0.522306 -0.852758
    outer loop
      vertex 195.9 21.4074 111.262
      vertex 197.9 21.8221 111.008
      vertex 197.9 21.4074 111.262
    endloop
  endfacet
  facet normal -0 -0.522306 -0.852758
    outer loop
      vertex 197.9 21.8221 111.008
      vertex 195.9 21.4074 111.262
      vertex 195.9 21.8221 111.008
    endloop
  endfacet
  facet normal 0 0.923721 -0.383066
    outer loop
      vertex 197.9 17.0517 109.458
      vertex 195.9 17.2379 109.907
      vertex 197.9 17.2379 109.907
    endloop
  endfacet
  facet normal 0 0.923721 -0.383066
    outer loop
      vertex 195.9 17.2379 109.907
      vertex 197.9 17.0517 109.458
      vertex 195.9 17.0517 109.458
    endloop
  endfacet
  facet normal 0 -0.382424 0.923987
    outer loop
      vertex 195.9 21.4074 105.738
      vertex 197.9 20.958 105.552
      vertex 197.9 21.4074 105.738
    endloop
  endfacet
  facet normal 0 -0.382424 0.923987
    outer loop
      vertex 197.9 20.958 105.552
      vertex 195.9 21.4074 105.738
      vertex 195.9 20.958 105.552
    endloop
  endfacet
  facet normal 0 0.972397 -0.233334
    outer loop
      vertex 197.9 16.9382 108.985
      vertex 195.9 17.0517 109.458
      vertex 197.9 17.0517 109.458
    endloop
  endfacet
  facet normal 0 0.972397 -0.233334
    outer loop
      vertex 195.9 17.0517 109.458
      vertex 197.9 16.9382 108.985
      vertex 195.9 16.9382 108.985
    endloop
  endfacet
  facet normal 0 0.522306 -0.852758
    outer loop
      vertex 195.9 18.1779 111.008
      vertex 197.9 18.5926 111.262
      vertex 197.9 18.1779 111.008
    endloop
  endfacet
  facet normal 0 0.522306 -0.852758
    outer loop
      vertex 197.9 18.5926 111.262
      vertex 195.9 18.1779 111.008
      vertex 195.9 18.5926 111.262
    endloop
  endfacet
  facet normal 0 -0.0781271 -0.996943
    outer loop
      vertex 195.9 20 111.6
      vertex 197.9 20.4849 111.562
      vertex 197.9 20 111.6
    endloop
  endfacet
  facet normal -0 -0.0781271 -0.996943
    outer loop
      vertex 197.9 20.4849 111.562
      vertex 195.9 20 111.6
      vertex 195.9 20.4849 111.562
    endloop
  endfacet
  facet normal 0 0.996913 0.0785197
    outer loop
      vertex 197.9 16.9382 108.015
      vertex 195.9 16.9 108.5
      vertex 197.9 16.9 108.5
    endloop
  endfacet
  facet normal 0 0.996913 0.0785197
    outer loop
      vertex 195.9 16.9 108.5
      vertex 197.9 16.9382 108.015
      vertex 195.9 16.9382 108.015
    endloop
  endfacet
  facet normal 0 -0.382352 0.924017
    outer loop
      vertex 191.9 59.9718 106.985
      vertex 195.9 59.7253 106.883
      vertex 195.9 59.9718 106.985
    endloop
  endfacet
  facet normal 0 -0.382352 0.924017
    outer loop
      vertex 195.9 59.7253 106.883
      vertex 191.9 59.9718 106.985
      vertex 191.9 59.7253 106.883
    endloop
  endfacet
  facet normal 0 -0.924158 0.38201
    outer loop
      vertex 191.9 60.7147 107.728
      vertex 195.9 60.8168 107.975
      vertex 191.9 60.8168 107.975
    endloop
  endfacet
  facet normal 0 -0.924158 0.38201
    outer loop
      vertex 195.9 60.8168 107.975
      vertex 191.9 60.7147 107.728
      vertex 195.9 60.7147 107.728
    endloop
  endfacet
  facet normal 0 -0.996927 -0.07833
    outer loop
      vertex 191.9 60.9 108.5
      vertex 195.9 60.8791 108.766
      vertex 191.9 60.8791 108.766
    endloop
  endfacet
  facet normal 0 -0.996927 -0.07833
    outer loop
      vertex 195.9 60.8791 108.766
      vertex 191.9 60.9 108.5
      vertex 195.9 60.9 108.5
    endloop
  endfacet
  facet normal 0 0.524265 -0.851555
    outer loop
      vertex 191.9 58.2008 109.875
      vertex 195.9 58.4282 110.015
      vertex 195.9 58.2008 109.875
    endloop
  endfacet
  facet normal 0 0.524265 -0.851555
    outer loop
      vertex 195.9 58.4282 110.015
      vertex 191.9 58.2008 109.875
      vertex 191.9 58.4282 110.015
    endloop
  endfacet
  facet normal 0 -0.0787319 0.996896
    outer loop
      vertex 191.9 59.4659 106.821
      vertex 195.9 59.2 106.8
      vertex 195.9 59.4659 106.821
    endloop
  endfacet
  facet normal 0 -0.0787319 0.996896
    outer loop
      vertex 195.9 59.2 106.8
      vertex 191.9 59.4659 106.821
      vertex 191.9 59.2 106.8
    endloop
  endfacet
  facet normal 0 -0.524265 0.851555
    outer loop
      vertex 191.9 60.1992 107.125
      vertex 195.9 59.9718 106.985
      vertex 195.9 60.1992 107.125
    endloop
  endfacet
  facet normal 0 -0.524265 0.851555
    outer loop
      vertex 195.9 59.9718 106.985
      vertex 191.9 60.1992 107.125
      vertex 191.9 59.9718 106.985
    endloop
  endfacet
  facet normal 0 0.760736 -0.649061
    outer loop
      vertex 195.9 57.8247 109.499
      vertex 191.9 57.9979 109.702
      vertex 195.9 57.9979 109.702
    endloop
  endfacet
  facet normal 0 0.760736 -0.649061
    outer loop
      vertex 191.9 57.9979 109.702
      vertex 195.9 57.8247 109.499
      vertex 191.9 57.8247 109.499
    endloop
  endfacet
  facet normal 0 0.996927 -0.07833
    outer loop
      vertex 195.9 57.5 108.5
      vertex 191.9 57.5209 108.766
      vertex 195.9 57.5209 108.766
    endloop
  endfacet
  facet normal 0 0.996927 -0.07833
    outer loop
      vertex 191.9 57.5209 108.766
      vertex 195.9 57.5 108.5
      vertex 191.9 57.5 108.5
    endloop
  endfacet
  facet normal -0 0.0787319 0.996896
    outer loop
      vertex 191.9 59.2 106.8
      vertex 195.9 58.9341 106.821
      vertex 195.9 59.2 106.8
    endloop
  endfacet
  facet normal 0 0.0787319 0.996896
    outer loop
      vertex 195.9 58.9341 106.821
      vertex 191.9 59.2 106.8
      vertex 191.9 58.9341 106.821
    endloop
  endfacet
  facet normal -0 0.232465 0.972605
    outer loop
      vertex 191.9 58.9341 106.821
      vertex 195.9 58.6747 106.883
      vertex 195.9 58.9341 106.821
    endloop
  endfacet
  facet normal 0 0.232465 0.972605
    outer loop
      vertex 195.9 58.6747 106.883
      vertex 191.9 58.9341 106.821
      vertex 191.9 58.6747 106.883
    endloop
  endfacet
  facet normal 0 -0.382352 -0.924017
    outer loop
      vertex 191.9 59.7253 110.117
      vertex 195.9 59.9718 110.015
      vertex 195.9 59.7253 110.117
    endloop
  endfacet
  facet normal -0 -0.382352 -0.924017
    outer loop
      vertex 195.9 59.9718 110.015
      vertex 191.9 59.7253 110.117
      vertex 191.9 59.9718 110.015
    endloop
  endfacet
  facet normal 0 -0.648813 0.760948
    outer loop
      vertex 191.9 60.4021 107.298
      vertex 195.9 60.1992 107.125
      vertex 195.9 60.4021 107.298
    endloop
  endfacet
  facet normal 0 -0.648813 0.760948
    outer loop
      vertex 195.9 60.1992 107.125
      vertex 191.9 60.4021 107.298
      vertex 191.9 60.1992 107.125
    endloop
  endfacet
  facet normal 0 -0.524265 -0.851555
    outer loop
      vertex 191.9 59.9718 110.015
      vertex 195.9 60.1992 109.875
      vertex 195.9 59.9718 110.015
    endloop
  endfacet
  facet normal -0 -0.524265 -0.851555
    outer loop
      vertex 195.9 60.1992 109.875
      vertex 191.9 59.9718 110.015
      vertex 191.9 60.1992 109.875
    endloop
  endfacet
  facet normal 0 -0.232465 0.972605
    outer loop
      vertex 191.9 59.7253 106.883
      vertex 195.9 59.4659 106.821
      vertex 195.9 59.7253 106.883
    endloop
  endfacet
  facet normal 0 -0.232465 0.972605
    outer loop
      vertex 195.9 59.4659 106.821
      vertex 191.9 59.7253 106.883
      vertex 191.9 59.4659 106.821
    endloop
  endfacet
  facet normal 0 0.972268 0.23387
    outer loop
      vertex 195.9 57.5832 107.975
      vertex 191.9 57.5209 108.234
      vertex 195.9 57.5209 108.234
    endloop
  endfacet
  facet normal 0 0.972268 0.23387
    outer loop
      vertex 191.9 57.5209 108.234
      vertex 195.9 57.5832 107.975
      vertex 191.9 57.5832 107.975
    endloop
  endfacet
  facet normal 0 -0.972268 -0.23387
    outer loop
      vertex 191.9 60.8791 108.766
      vertex 195.9 60.8168 109.025
      vertex 191.9 60.8168 109.025
    endloop
  endfacet
  facet normal 0 -0.972268 -0.23387
    outer loop
      vertex 195.9 60.8168 109.025
      vertex 191.9 60.8791 108.766
      vertex 195.9 60.8791 108.766
    endloop
  endfacet
  facet normal 0 0.648813 -0.760948
    outer loop
      vertex 191.9 57.9979 109.702
      vertex 195.9 58.2008 109.875
      vertex 195.9 57.9979 109.702
    endloop
  endfacet
  facet normal 0 0.648813 -0.760948
    outer loop
      vertex 195.9 58.2008 109.875
      vertex 191.9 57.9979 109.702
      vertex 191.9 58.2008 109.875
    endloop
  endfacet
  facet normal -0 0.524265 0.851555
    outer loop
      vertex 191.9 58.4282 106.985
      vertex 195.9 58.2008 107.125
      vertex 195.9 58.4282 106.985
    endloop
  endfacet
  facet normal 0 0.524265 0.851555
    outer loop
      vertex 195.9 58.2008 107.125
      vertex 191.9 58.4282 106.985
      vertex 191.9 58.2008 107.125
    endloop
  endfacet
  facet normal 0 -0.972268 0.23387
    outer loop
      vertex 191.9 60.8168 107.975
      vertex 195.9 60.8791 108.234
      vertex 191.9 60.8791 108.234
    endloop
  endfacet
  facet normal 0 -0.972268 0.23387
    outer loop
      vertex 195.9 60.8791 108.234
      vertex 191.9 60.8168 107.975
      vertex 195.9 60.8168 107.975
    endloop
  endfacet
  facet normal 0 0.924158 0.38201
    outer loop
      vertex 195.9 57.6853 107.728
      vertex 191.9 57.5832 107.975
      vertex 195.9 57.5832 107.975
    endloop
  endfacet
  facet normal 0 0.924158 0.38201
    outer loop
      vertex 191.9 57.5832 107.975
      vertex 195.9 57.6853 107.728
      vertex 191.9 57.6853 107.728
    endloop
  endfacet
  facet normal 0 -0.996927 0.07833
    outer loop
      vertex 191.9 60.8791 108.234
      vertex 195.9 60.9 108.5
      vertex 191.9 60.9 108.5
    endloop
  endfacet
  facet normal 0 -0.996927 0.07833
    outer loop
      vertex 195.9 60.9 108.5
      vertex 191.9 60.8791 108.234
      vertex 195.9 60.8791 108.234
    endloop
  endfacet
  facet normal 0 -0.0787319 -0.996896
    outer loop
      vertex 191.9 59.2 110.2
      vertex 195.9 59.4659 110.179
      vertex 195.9 59.2 110.2
    endloop
  endfacet
  facet normal -0 -0.0787319 -0.996896
    outer loop
      vertex 195.9 59.4659 110.179
      vertex 191.9 59.2 110.2
      vertex 191.9 59.4659 110.179
    endloop
  endfacet
  facet normal 0 -0.760736 0.649061
    outer loop
      vertex 191.9 60.4021 107.298
      vertex 195.9 60.5753 107.501
      vertex 191.9 60.5753 107.501
    endloop
  endfacet
  facet normal 0 -0.760736 0.649061
    outer loop
      vertex 195.9 60.5753 107.501
      vertex 191.9 60.4021 107.298
      vertex 195.9 60.4021 107.298
    endloop
  endfacet
  facet normal 0 -0.852148 0.523301
    outer loop
      vertex 191.9 60.5753 107.501
      vertex 195.9 60.7147 107.728
      vertex 191.9 60.7147 107.728
    endloop
  endfacet
  facet normal 0 -0.852148 0.523301
    outer loop
      vertex 195.9 60.7147 107.728
      vertex 191.9 60.5753 107.501
      vertex 195.9 60.5753 107.501
    endloop
  endfacet
  facet normal 0 -0.852148 -0.523301
    outer loop
      vertex 191.9 60.7147 109.272
      vertex 195.9 60.5753 109.499
      vertex 191.9 60.5753 109.499
    endloop
  endfacet
  facet normal 0 -0.852148 -0.523301
    outer loop
      vertex 195.9 60.5753 109.499
      vertex 191.9 60.7147 109.272
      vertex 195.9 60.7147 109.272
    endloop
  endfacet
  facet normal 0 0.760736 0.649061
    outer loop
      vertex 195.9 57.9979 107.298
      vertex 191.9 57.8247 107.501
      vertex 195.9 57.8247 107.501
    endloop
  endfacet
  facet normal 0 0.760736 0.649061
    outer loop
      vertex 191.9 57.8247 107.501
      vertex 195.9 57.9979 107.298
      vertex 191.9 57.9979 107.298
    endloop
  endfacet
  facet normal 0 -0.760736 -0.649061
    outer loop
      vertex 191.9 60.5753 109.499
      vertex 195.9 60.4021 109.702
      vertex 191.9 60.4021 109.702
    endloop
  endfacet
  facet normal 0 -0.760736 -0.649061
    outer loop
      vertex 195.9 60.4021 109.702
      vertex 191.9 60.5753 109.499
      vertex 195.9 60.5753 109.499
    endloop
  endfacet
  facet normal 0 0.0787319 -0.996896
    outer loop
      vertex 191.9 58.9341 110.179
      vertex 195.9 59.2 110.2
      vertex 195.9 58.9341 110.179
    endloop
  endfacet
  facet normal 0 0.0787319 -0.996896
    outer loop
      vertex 195.9 59.2 110.2
      vertex 191.9 58.9341 110.179
      vertex 191.9 59.2 110.2
    endloop
  endfacet
  facet normal 0 -0.924158 -0.38201
    outer loop
      vertex 191.9 60.8168 109.025
      vertex 195.9 60.7147 109.272
      vertex 191.9 60.7147 109.272
    endloop
  endfacet
  facet normal 0 -0.924158 -0.38201
    outer loop
      vertex 195.9 60.7147 109.272
      vertex 191.9 60.8168 109.025
      vertex 195.9 60.8168 109.025
    endloop
  endfacet
  facet normal 0 0.232465 -0.972605
    outer loop
      vertex 191.9 58.6747 110.117
      vertex 195.9 58.9341 110.179
      vertex 195.9 58.6747 110.117
    endloop
  endfacet
  facet normal 0 0.232465 -0.972605
    outer loop
      vertex 195.9 58.9341 110.179
      vertex 191.9 58.6747 110.117
      vertex 191.9 58.9341 110.179
    endloop
  endfacet
  facet normal 0 0.972268 -0.23387
    outer loop
      vertex 195.9 57.5209 108.766
      vertex 191.9 57.5832 109.025
      vertex 195.9 57.5832 109.025
    endloop
  endfacet
  facet normal 0 0.972268 -0.23387
    outer loop
      vertex 191.9 57.5832 109.025
      vertex 195.9 57.5209 108.766
      vertex 191.9 57.5209 108.766
    endloop
  endfacet
  facet normal -0 0.648813 0.760948
    outer loop
      vertex 191.9 58.2008 107.125
      vertex 195.9 57.9979 107.298
      vertex 195.9 58.2008 107.125
    endloop
  endfacet
  facet normal 0 0.648813 0.760948
    outer loop
      vertex 195.9 57.9979 107.298
      vertex 191.9 58.2008 107.125
      vertex 191.9 57.9979 107.298
    endloop
  endfacet
  facet normal -0 0.382352 0.924017
    outer loop
      vertex 191.9 58.6747 106.883
      vertex 195.9 58.4282 106.985
      vertex 195.9 58.6747 106.883
    endloop
  endfacet
  facet normal 0 0.382352 0.924017
    outer loop
      vertex 195.9 58.4282 106.985
      vertex 191.9 58.6747 106.883
      vertex 191.9 58.4282 106.985
    endloop
  endfacet
  facet normal 0 0.996927 0.07833
    outer loop
      vertex 195.9 57.5209 108.234
      vertex 191.9 57.5 108.5
      vertex 195.9 57.5 108.5
    endloop
  endfacet
  facet normal 0 0.996927 0.07833
    outer loop
      vertex 191.9 57.5 108.5
      vertex 195.9 57.5209 108.234
      vertex 191.9 57.5209 108.234
    endloop
  endfacet
  facet normal 0 0.382352 -0.924017
    outer loop
      vertex 191.9 58.4282 110.015
      vertex 195.9 58.6747 110.117
      vertex 195.9 58.4282 110.015
    endloop
  endfacet
  facet normal 0 0.382352 -0.924017
    outer loop
      vertex 195.9 58.6747 110.117
      vertex 191.9 58.4282 110.015
      vertex 191.9 58.6747 110.117
    endloop
  endfacet
  facet normal 0 0.852148 -0.523301
    outer loop
      vertex 195.9 57.6853 109.272
      vertex 191.9 57.8247 109.499
      vertex 195.9 57.8247 109.499
    endloop
  endfacet
  facet normal 0 0.852148 -0.523301
    outer loop
      vertex 191.9 57.8247 109.499
      vertex 195.9 57.6853 109.272
      vertex 191.9 57.6853 109.272
    endloop
  endfacet
  facet normal 0 -0.232465 -0.972605
    outer loop
      vertex 191.9 59.4659 110.179
      vertex 195.9 59.7253 110.117
      vertex 195.9 59.4659 110.179
    endloop
  endfacet
  facet normal -0 -0.232465 -0.972605
    outer loop
      vertex 195.9 59.7253 110.117
      vertex 191.9 59.4659 110.179
      vertex 191.9 59.7253 110.117
    endloop
  endfacet
  facet normal 0 -0.648813 -0.760948
    outer loop
      vertex 191.9 60.1992 109.875
      vertex 195.9 60.4021 109.702
      vertex 195.9 60.1992 109.875
    endloop
  endfacet
  facet normal -0 -0.648813 -0.760948
    outer loop
      vertex 195.9 60.4021 109.702
      vertex 191.9 60.1992 109.875
      vertex 191.9 60.4021 109.702
    endloop
  endfacet
  facet normal 0 0.852148 0.523301
    outer loop
      vertex 195.9 57.8247 107.501
      vertex 191.9 57.6853 107.728
      vertex 195.9 57.6853 107.728
    endloop
  endfacet
  facet normal 0 0.852148 0.523301
    outer loop
      vertex 191.9 57.6853 107.728
      vertex 195.9 57.8247 107.501
      vertex 191.9 57.8247 107.501
    endloop
  endfacet
  facet normal 0 0.924158 -0.38201
    outer loop
      vertex 195.9 57.5832 109.025
      vertex 191.9 57.6853 109.272
      vertex 195.9 57.6853 109.272
    endloop
  endfacet
  facet normal 0 0.924158 -0.38201
    outer loop
      vertex 191.9 57.6853 109.272
      vertex 195.9 57.5832 109.025
      vertex 191.9 57.5832 109.025
    endloop
  endfacet
  facet normal 0 -0.522306 -0.852758
    outer loop
      vertex 195.9 60.6074 111.262
      vertex 197.9 61.0221 111.008
      vertex 197.9 60.6074 111.262
    endloop
  endfacet
  facet normal -0 -0.522306 -0.852758
    outer loop
      vertex 197.9 61.0221 111.008
      vertex 195.9 60.6074 111.262
      vertex 195.9 61.0221 111.008
    endloop
  endfacet
  facet normal 0 -0.382424 0.923987
    outer loop
      vertex 195.9 60.6074 105.738
      vertex 197.9 60.158 105.552
      vertex 197.9 60.6074 105.738
    endloop
  endfacet
  facet normal 0 -0.382424 0.923987
    outer loop
      vertex 197.9 60.158 105.552
      vertex 195.9 60.6074 105.738
      vertex 195.9 60.158 105.552
    endloop
  endfacet
  facet normal 0 -0.996913 -0.0785197
    outer loop
      vertex 195.9 62.3 108.5
      vertex 197.9 62.2618 108.985
      vertex 195.9 62.2618 108.985
    endloop
  endfacet
  facet normal 0 -0.996913 -0.0785197
    outer loop
      vertex 197.9 62.2618 108.985
      vertex 195.9 62.3 108.5
      vertex 197.9 62.3 108.5
    endloop
  endfacet
  facet normal 0 -0.996913 0.0785197
    outer loop
      vertex 195.9 62.2618 108.015
      vertex 197.9 62.3 108.5
      vertex 195.9 62.3 108.5
    endloop
  endfacet
  facet normal 0 -0.996913 0.0785197
    outer loop
      vertex 197.9 62.3 108.5
      vertex 195.9 62.2618 108.015
      vertex 197.9 62.2618 108.015
    endloop
  endfacet
  facet normal 0 0.852834 0.522181
    outer loop
      vertex 197.9 56.692 106.678
      vertex 195.9 56.4379 107.093
      vertex 197.9 56.4379 107.093
    endloop
  endfacet
  facet normal 0 0.852834 0.522181
    outer loop
      vertex 195.9 56.4379 107.093
      vertex 197.9 56.692 106.678
      vertex 195.9 56.692 106.678
    endloop
  endfacet
  facet normal 0 0.382424 -0.923987
    outer loop
      vertex 195.9 57.7926 111.262
      vertex 197.9 58.242 111.448
      vertex 197.9 57.7926 111.262
    endloop
  endfacet
  facet normal 0 0.382424 -0.923987
    outer loop
      vertex 197.9 58.242 111.448
      vertex 195.9 57.7926 111.262
      vertex 195.9 58.242 111.448
    endloop
  endfacet
  facet normal 0 -0.0781271 0.996943
    outer loop
      vertex 195.9 59.6849 105.438
      vertex 197.9 59.2 105.4
      vertex 197.9 59.6849 105.438
    endloop
  endfacet
  facet normal 0 -0.0781271 0.996943
    outer loop
      vertex 197.9 59.2 105.4
      vertex 195.9 59.6849 105.438
      vertex 195.9 59.2 105.4
    endloop
  endfacet
  facet normal 0 -0.382424 -0.923987
    outer loop
      vertex 195.9 60.158 111.448
      vertex 197.9 60.6074 111.262
      vertex 197.9 60.158 111.448
    endloop
  endfacet
  facet normal -0 -0.382424 -0.923987
    outer loop
      vertex 197.9 60.6074 111.262
      vertex 195.9 60.158 111.448
      vertex 195.9 60.6074 111.262
    endloop
  endfacet
  facet normal -0 0.522306 0.852758
    outer loop
      vertex 195.9 57.7926 105.738
      vertex 197.9 57.3779 105.992
      vertex 197.9 57.7926 105.738
    endloop
  endfacet
  facet normal 0 0.522306 0.852758
    outer loop
      vertex 197.9 57.3779 105.992
      vertex 195.9 57.7926 105.738
      vertex 195.9 57.3779 105.992
    endloop
  endfacet
  facet normal -0 0.234259 0.972174
    outer loop
      vertex 195.9 58.7151 105.438
      vertex 197.9 58.242 105.552
      vertex 197.9 58.7151 105.438
    endloop
  endfacet
  facet normal 0 0.234259 0.972174
    outer loop
      vertex 197.9 58.242 105.552
      vertex 195.9 58.7151 105.438
      vertex 195.9 58.242 105.552
    endloop
  endfacet
  facet normal 0 0.760416 -0.649436
    outer loop
      vertex 197.9 56.692 110.322
      vertex 195.9 57.008 110.692
      vertex 197.9 57.008 110.692
    endloop
  endfacet
  facet normal 0 0.760416 -0.649436
    outer loop
      vertex 195.9 57.008 110.692
      vertex 197.9 56.692 110.322
      vertex 195.9 56.692 110.322
    endloop
  endfacet
  facet normal 0 -0.760416 -0.649436
    outer loop
      vertex 195.9 61.708 110.322
      vertex 197.9 61.392 110.692
      vertex 195.9 61.392 110.692
    endloop
  endfacet
  facet normal 0 -0.760416 -0.649436
    outer loop
      vertex 197.9 61.392 110.692
      vertex 195.9 61.708 110.322
      vertex 197.9 61.708 110.322
    endloop
  endfacet
  facet normal 1 0 0
    outer loop
      vertex 195.9 60.9 108.5
      vertex 195.9 62.3 108.5
      vertex 195.9 62.2618 108.985
    endloop
  endfacet
  facet normal 1 0 0
    outer loop
      vertex 195.9 60.8791 108.766
      vertex 195.9 62.2618 108.985
      vertex 195.9 62.1483 109.458
    endloop
  endfacet
  facet normal 1 0 0
    outer loop
      vertex 195.9 62.3 108.5
      vertex 195.9 60.9 108.5
      vertex 195.9 62.2618 108.015
    endloop
  endfacet
  facet normal 1 0 0
    outer loop
      vertex 195.9 60.8168 109.025
      vertex 195.9 62.1483 109.458
      vertex 195.9 61.9621 109.907
    endloop
  endfacet
  facet normal 1 -0 0
    outer loop
      vertex 195.9 60.8791 108.234
      vertex 195.9 62.2618 108.015
      vertex 195.9 60.9 108.5
    endloop
  endfacet
  facet normal 1 0 0
    outer loop
      vertex 195.9 60.7147 109.272
      vertex 195.9 61.9621 109.907
      vertex 195.9 61.708 110.322
    endloop
  endfacet
  facet normal 1 0 0
    outer loop
      vertex 195.9 62.2618 108.015
      vertex 195.9 60.8791 108.234
      vertex 195.9 62.1483 107.542
    endloop
  endfacet
  facet normal 1 0 0
    outer loop
      vertex 195.9 60.5753 109.499
      vertex 195.9 61.708 110.322
      vertex 195.9 61.392 110.692
    endloop
  endfacet
  facet normal 1 -0 0
    outer loop
      vertex 195.9 60.8168 107.975
      vertex 195.9 62.1483 107.542
      vertex 195.9 60.8791 108.234
    endloop
  endfacet
  facet normal 1 0 0
    outer loop
      vertex 195.9 60.4021 109.702
      vertex 195.9 61.392 110.692
      vertex 195.9 61.0221 111.008
    endloop
  endfacet
  facet normal 1 0 0
    outer loop
      vertex 195.9 62.1483 107.542
      vertex 195.9 60.8168 107.975
      vertex 195.9 61.9621 107.093
    endloop
  endfacet
  facet normal 1 -0 0
    outer loop
      vertex 195.9 60.7147 107.728
      vertex 195.9 61.9621 107.093
      vertex 195.9 60.8168 107.975
    endloop
  endfacet
  facet normal 1 0 0
    outer loop
      vertex 195.9 62.2618 108.985
      vertex 195.9 60.8791 108.766
      vertex 195.9 60.9 108.5
    endloop
  endfacet
  facet normal 1 0 0
    outer loop
      vertex 195.9 62.1483 109.458
      vertex 195.9 60.8168 109.025
      vertex 195.9 60.8791 108.766
    endloop
  endfacet
  facet normal 1 0 0
    outer loop
      vertex 195.9 61.9621 109.907
      vertex 195.9 60.7147 109.272
      vertex 195.9 60.8168 109.025
    endloop
  endfacet
  facet normal 1 0 0
    outer loop
      vertex 195.9 60.1992 109.875
      vertex 195.9 61.0221 111.008
      vertex 195.9 60.6074 111.262
    endloop
  endfacet
  facet normal 1 0 0
    outer loop
      vertex 195.9 61.708 110.322
      vertex 195.9 60.5753 109.499
      vertex 195.9 60.7147 109.272
    endloop
  endfacet
  facet normal 1 0 0
    outer loop
      vertex 195.9 61.392 110.692
      vertex 195.9 60.4021 109.702
      vertex 195.9 60.5753 109.499
    endloop
  endfacet
  facet normal 1 0 0
    outer loop
      vertex 195.9 61.0221 111.008
      vertex 195.9 60.1992 109.875
      vertex 195.9 60.4021 109.702
    endloop
  endfacet
  facet normal 1 0 0
    outer loop
      vertex 195.9 59.9718 110.015
      vertex 195.9 60.6074 111.262
      vertex 195.9 60.158 111.448
    endloop
  endfacet
  facet normal 1 0 0
    outer loop
      vertex 195.9 60.6074 111.262
      vertex 195.9 59.9718 110.015
      vertex 195.9 60.1992 109.875
    endloop
  endfacet
  facet normal 1 0 0
    outer loop
      vertex 195.9 60.158 111.448
      vertex 195.9 59.7253 110.117
      vertex 195.9 59.9718 110.015
    endloop
  endfacet
  facet normal 1 0 0
    outer loop
      vertex 195.9 59.6849 111.562
      vertex 195.9 59.7253 110.117
      vertex 195.9 60.158 111.448
    endloop
  endfacet
  facet normal 1 0 0
    outer loop
      vertex 195.9 59.6849 111.562
      vertex 195.9 59.4659 110.179
      vertex 195.9 59.7253 110.117
    endloop
  endfacet
  facet normal 1 0 0
    outer loop
      vertex 195.9 59.2 111.6
      vertex 195.9 59.4659 110.179
      vertex 195.9 59.6849 111.562
    endloop
  endfacet
  facet normal 1 0 0
    outer loop
      vertex 195.9 59.2 111.6
      vertex 195.9 59.2 110.2
      vertex 195.9 59.4659 110.179
    endloop
  endfacet
  facet normal 1 0 0
    outer loop
      vertex 195.9 59.2 111.6
      vertex 195.9 58.9341 110.179
      vertex 195.9 59.2 110.2
    endloop
  endfacet
  facet normal 1 -0 0
    outer loop
      vertex 195.9 58.7151 111.562
      vertex 195.9 58.9341 110.179
      vertex 195.9 59.2 111.6
    endloop
  endfacet
  facet normal 1 0 0
    outer loop
      vertex 195.9 58.7151 111.562
      vertex 195.9 58.6747 110.117
      vertex 195.9 58.9341 110.179
    endloop
  endfacet
  facet normal 1 -0 0
    outer loop
      vertex 195.9 58.242 111.448
      vertex 195.9 58.6747 110.117
      vertex 195.9 58.7151 111.562
    endloop
  endfacet
  facet normal 1 0 0
    outer loop
      vertex 195.9 58.6747 110.117
      vertex 195.9 58.242 111.448
      vertex 195.9 58.4282 110.015
    endloop
  endfacet
  facet normal 1 -0 0
    outer loop
      vertex 195.9 57.7926 111.262
      vertex 195.9 58.4282 110.015
      vertex 195.9 58.242 111.448
    endloop
  endfacet
  facet normal 1 0 0
    outer loop
      vertex 195.9 58.4282 110.015
      vertex 195.9 57.7926 111.262
      vertex 195.9 58.2008 109.875
    endloop
  endfacet
  facet normal 1 -0 0
    outer loop
      vertex 195.9 57.3779 111.008
      vertex 195.9 58.2008 109.875
      vertex 195.9 57.7926 111.262
    endloop
  endfacet
  facet normal 1 0 0
    outer loop
      vertex 195.9 58.2008 109.875
      vertex 195.9 57.3779 111.008
      vertex 195.9 57.9979 109.702
    endloop
  endfacet
  facet normal 1 -0 0
    outer loop
      vertex 195.9 57.008 110.692
      vertex 195.9 57.9979 109.702
      vertex 195.9 57.3779 111.008
    endloop
  endfacet
  facet normal 1 0 0
    outer loop
      vertex 195.9 57.9979 109.702
      vertex 195.9 57.008 110.692
      vertex 195.9 57.8247 109.499
    endloop
  endfacet
  facet normal 1 -0 0
    outer loop
      vertex 195.9 56.692 110.322
      vertex 195.9 57.8247 109.499
      vertex 195.9 57.008 110.692
    endloop
  endfacet
  facet normal 1 -0 0
    outer loop
      vertex 195.9 56.4379 109.907
      vertex 195.9 57.6853 109.272
      vertex 195.9 56.692 110.322
    endloop
  endfacet
  facet normal 1 0 0
    outer loop
      vertex 195.9 57.8247 109.499
      vertex 195.9 56.692 110.322
      vertex 195.9 57.6853 109.272
    endloop
  endfacet
  facet normal 1 0 0
    outer loop
      vertex 195.9 61.9621 107.093
      vertex 195.9 60.7147 107.728
      vertex 195.9 61.708 106.678
    endloop
  endfacet
  facet normal 1 -0 0
    outer loop
      vertex 195.9 60.5753 107.501
      vertex 195.9 61.708 106.678
      vertex 195.9 60.7147 107.728
    endloop
  endfacet
  facet normal 1 0 0
    outer loop
      vertex 195.9 61.708 106.678
      vertex 195.9 60.5753 107.501
      vertex 195.9 61.392 106.308
    endloop
  endfacet
  facet normal 1 -0 0
    outer loop
      vertex 195.9 60.4021 107.298
      vertex 195.9 61.392 106.308
      vertex 195.9 60.5753 107.501
    endloop
  endfacet
  facet normal 1 0 0
    outer loop
      vertex 195.9 61.392 106.308
      vertex 195.9 60.4021 107.298
      vertex 195.9 61.0221 105.992
    endloop
  endfacet
  facet normal 1 -0 0
    outer loop
      vertex 195.9 60.1992 107.125
      vertex 195.9 61.0221 105.992
      vertex 195.9 60.4021 107.298
    endloop
  endfacet
  facet normal 1 0 0
    outer loop
      vertex 195.9 61.0221 105.992
      vertex 195.9 60.1992 107.125
      vertex 195.9 60.6074 105.738
    endloop
  endfacet
  facet normal 1 -0 0
    outer loop
      vertex 195.9 59.9718 106.985
      vertex 195.9 60.6074 105.738
      vertex 195.9 60.1992 107.125
    endloop
  endfacet
  facet normal 1 0 0
    outer loop
      vertex 195.9 60.6074 105.738
      vertex 195.9 59.9718 106.985
      vertex 195.9 60.158 105.552
    endloop
  endfacet
  facet normal 1 -0 0
    outer loop
      vertex 195.9 59.7253 106.883
      vertex 195.9 60.158 105.552
      vertex 195.9 59.9718 106.985
    endloop
  endfacet
  facet normal 1 0 0
    outer loop
      vertex 195.9 59.7253 106.883
      vertex 195.9 59.6849 105.438
      vertex 195.9 60.158 105.552
    endloop
  endfacet
  facet normal 1 -0 0
    outer loop
      vertex 195.9 59.4659 106.821
      vertex 195.9 59.6849 105.438
      vertex 195.9 59.7253 106.883
    endloop
  endfacet
  facet normal 1 -0 0
    outer loop
      vertex 195.9 59.2 106.8
      vertex 195.9 59.6849 105.438
      vertex 195.9 59.4659 106.821
    endloop
  endfacet
  facet normal 1 0 0
    outer loop
      vertex 195.9 59.2 106.8
      vertex 195.9 59.2 105.4
      vertex 195.9 59.6849 105.438
    endloop
  endfacet
  facet normal 1 0 0
    outer loop
      vertex 195.9 58.9341 106.821
      vertex 195.9 59.2 105.4
      vertex 195.9 59.2 106.8
    endloop
  endfacet
  facet normal 1 0 0
    outer loop
      vertex 195.9 58.9341 106.821
      vertex 195.9 58.7151 105.438
      vertex 195.9 59.2 105.4
    endloop
  endfacet
  facet normal 1 0 0
    outer loop
      vertex 195.9 58.6747 106.883
      vertex 195.9 58.7151 105.438
      vertex 195.9 58.9341 106.821
    endloop
  endfacet
  facet normal 1 0 0
    outer loop
      vertex 195.9 58.242 105.552
      vertex 195.9 58.6747 106.883
      vertex 195.9 58.4282 106.985
    endloop
  endfacet
  facet normal 1 0 0
    outer loop
      vertex 195.9 58.6747 106.883
      vertex 195.9 58.242 105.552
      vertex 195.9 58.7151 105.438
    endloop
  endfacet
  facet normal 1 0 0
    outer loop
      vertex 195.9 57.7926 105.738
      vertex 195.9 58.4282 106.985
      vertex 195.9 58.2008 107.125
    endloop
  endfacet
  facet normal 1 0 0
    outer loop
      vertex 195.9 57.3779 105.992
      vertex 195.9 58.2008 107.125
      vertex 195.9 57.9979 107.298
    endloop
  endfacet
  facet normal 1 0 0
    outer loop
      vertex 195.9 57.008 106.308
      vertex 195.9 57.9979 107.298
      vertex 195.9 57.8247 107.501
    endloop
  endfacet
  facet normal 1 0 0
    outer loop
      vertex 195.9 58.4282 106.985
      vertex 195.9 57.7926 105.738
      vertex 195.9 58.242 105.552
    endloop
  endfacet
  facet normal 1 0 0
    outer loop
      vertex 195.9 56.692 106.678
      vertex 195.9 57.8247 107.501
      vertex 195.9 57.6853 107.728
    endloop
  endfacet
  facet normal 1 0 0
    outer loop
      vertex 195.9 56.4379 107.093
      vertex 195.9 57.6853 107.728
      vertex 195.9 57.5832 107.975
    endloop
  endfacet
  facet normal 1 0 0
    outer loop
      vertex 195.9 56.2517 107.542
      vertex 195.9 57.5832 107.975
      vertex 195.9 57.5209 108.234
    endloop
  endfacet
  facet normal 1 0 0
    outer loop
      vertex 195.9 58.2008 107.125
      vertex 195.9 57.3779 105.992
      vertex 195.9 57.7926 105.738
    endloop
  endfacet
  facet normal 1 0 0
    outer loop
      vertex 195.9 56.1382 108.015
      vertex 195.9 57.5209 108.234
      vertex 195.9 57.5 108.5
    endloop
  endfacet
  facet normal 1 0 0
    outer loop
      vertex 195.9 57.6853 109.272
      vertex 195.9 56.4379 109.907
      vertex 195.9 57.5832 109.025
    endloop
  endfacet
  facet normal 1 -0 0
    outer loop
      vertex 195.9 56.2517 109.458
      vertex 195.9 57.5832 109.025
      vertex 195.9 56.4379 109.907
    endloop
  endfacet
  facet normal 1 0 0
    outer loop
      vertex 195.9 57.9979 107.298
      vertex 195.9 57.008 106.308
      vertex 195.9 57.3779 105.992
    endloop
  endfacet
  facet normal 1 0 0
    outer loop
      vertex 195.9 57.5832 109.025
      vertex 195.9 56.2517 109.458
      vertex 195.9 57.5209 108.766
    endloop
  endfacet
  facet normal 1 0 0
    outer loop
      vertex 195.9 57.8247 107.501
      vertex 195.9 56.692 106.678
      vertex 195.9 57.008 106.308
    endloop
  endfacet
  facet normal 1 -0 0
    outer loop
      vertex 195.9 56.1382 108.985
      vertex 195.9 57.5209 108.766
      vertex 195.9 56.2517 109.458
    endloop
  endfacet
  facet normal 1 0 0
    outer loop
      vertex 195.9 57.6853 107.728
      vertex 195.9 56.4379 107.093
      vertex 195.9 56.692 106.678
    endloop
  endfacet
  facet normal 1 0 0
    outer loop
      vertex 195.9 57.5209 108.766
      vertex 195.9 56.1382 108.985
      vertex 195.9 57.5 108.5
    endloop
  endfacet
  facet normal 1 0 0
    outer loop
      vertex 195.9 57.5832 107.975
      vertex 195.9 56.2517 107.542
      vertex 195.9 56.4379 107.093
    endloop
  endfacet
  facet normal 1 0 0
    outer loop
      vertex 195.9 56.1 108.5
      vertex 195.9 57.5 108.5
      vertex 195.9 56.1382 108.985
    endloop
  endfacet
  facet normal 1 0 0
    outer loop
      vertex 195.9 57.5209 108.234
      vertex 195.9 56.1382 108.015
      vertex 195.9 56.2517 107.542
    endloop
  endfacet
  facet normal 1 0 0
    outer loop
      vertex 195.9 57.5 108.5
      vertex 195.9 56.1 108.5
      vertex 195.9 56.1382 108.015
    endloop
  endfacet
  facet normal 0 0.996913 0.0785197
    outer loop
      vertex 197.9 56.1382 108.015
      vertex 195.9 56.1 108.5
      vertex 197.9 56.1 108.5
    endloop
  endfacet
  facet normal 0 0.996913 0.0785197
    outer loop
      vertex 195.9 56.1 108.5
      vertex 197.9 56.1382 108.015
      vertex 195.9 56.1382 108.015
    endloop
  endfacet
  facet normal 0 0.972397 0.233334
    outer loop
      vertex 197.9 56.2517 107.542
      vertex 195.9 56.1382 108.015
      vertex 197.9 56.1382 108.015
    endloop
  endfacet
  facet normal 0 0.972397 0.233334
    outer loop
      vertex 195.9 56.1382 108.015
      vertex 197.9 56.2517 107.542
      vertex 195.9 56.2517 107.542
    endloop
  endfacet
  facet normal 0 -0.649538 -0.760329
    outer loop
      vertex 195.9 61.0221 111.008
      vertex 197.9 61.392 110.692
      vertex 197.9 61.0221 111.008
    endloop
  endfacet
  facet normal -0 -0.649538 -0.760329
    outer loop
      vertex 197.9 61.392 110.692
      vertex 195.9 61.0221 111.008
      vertex 195.9 61.392 110.692
    endloop
  endfacet
  facet normal 0 -0.972397 -0.233334
    outer loop
      vertex 195.9 62.2618 108.985
      vertex 197.9 62.1483 109.458
      vertex 195.9 62.1483 109.458
    endloop
  endfacet
  facet normal 0 -0.972397 -0.233334
    outer loop
      vertex 197.9 62.1483 109.458
      vertex 195.9 62.2618 108.985
      vertex 197.9 62.2618 108.985
    endloop
  endfacet
  facet normal 0 -0.234259 0.972174
    outer loop
      vertex 195.9 60.158 105.552
      vertex 197.9 59.6849 105.438
      vertex 197.9 60.158 105.552
    endloop
  endfacet
  facet normal 0 -0.234259 0.972174
    outer loop
      vertex 197.9 59.6849 105.438
      vertex 195.9 60.158 105.552
      vertex 195.9 59.6849 105.438
    endloop
  endfacet
  facet normal 0 -0.852834 -0.522181
    outer loop
      vertex 195.9 61.9621 109.907
      vertex 197.9 61.708 110.322
      vertex 195.9 61.708 110.322
    endloop
  endfacet
  facet normal 0 -0.852834 -0.522181
    outer loop
      vertex 197.9 61.708 110.322
      vertex 195.9 61.9621 109.907
      vertex 197.9 61.9621 109.907
    endloop
  endfacet
  facet normal -0 0.649538 0.760329
    outer loop
      vertex 195.9 57.3779 105.992
      vertex 197.9 57.008 106.308
      vertex 197.9 57.3779 105.992
    endloop
  endfacet
  facet normal 0 0.649538 0.760329
    outer loop
      vertex 197.9 57.008 106.308
      vertex 195.9 57.3779 105.992
      vertex 195.9 57.008 106.308
    endloop
  endfacet
  facet normal 0 0.0781271 -0.996943
    outer loop
      vertex 195.9 58.7151 111.562
      vertex 197.9 59.2 111.6
      vertex 197.9 58.7151 111.562
    endloop
  endfacet
  facet normal 0 0.0781271 -0.996943
    outer loop
      vertex 197.9 59.2 111.6
      vertex 195.9 58.7151 111.562
      vertex 195.9 59.2 111.6
    endloop
  endfacet
  facet normal 0 -0.234259 -0.972174
    outer loop
      vertex 195.9 59.6849 111.562
      vertex 197.9 60.158 111.448
      vertex 197.9 59.6849 111.562
    endloop
  endfacet
  facet normal -0 -0.234259 -0.972174
    outer loop
      vertex 197.9 60.158 111.448
      vertex 195.9 59.6849 111.562
      vertex 195.9 60.158 111.448
    endloop
  endfacet
  facet normal 0 0.234259 -0.972174
    outer loop
      vertex 195.9 58.242 111.448
      vertex 197.9 58.7151 111.562
      vertex 197.9 58.242 111.448
    endloop
  endfacet
  facet normal 0 0.234259 -0.972174
    outer loop
      vertex 197.9 58.7151 111.562
      vertex 195.9 58.242 111.448
      vertex 195.9 58.7151 111.562
    endloop
  endfacet
  facet normal 0 -0.923721 -0.383066
    outer loop
      vertex 195.9 62.1483 109.458
      vertex 197.9 61.9621 109.907
      vertex 195.9 61.9621 109.907
    endloop
  endfacet
  facet normal 0 -0.923721 -0.383066
    outer loop
      vertex 197.9 61.9621 109.907
      vertex 195.9 62.1483 109.458
      vertex 197.9 62.1483 109.458
    endloop
  endfacet
  facet normal 0 -0.923721 0.383066
    outer loop
      vertex 195.9 61.9621 107.093
      vertex 197.9 62.1483 107.542
      vertex 195.9 62.1483 107.542
    endloop
  endfacet
  facet normal 0 -0.923721 0.383066
    outer loop
      vertex 197.9 62.1483 107.542
      vertex 195.9 61.9621 107.093
      vertex 197.9 61.9621 107.093
    endloop
  endfacet
  facet normal 0 -0.760416 0.649436
    outer loop
      vertex 195.9 61.392 106.308
      vertex 197.9 61.708 106.678
      vertex 195.9 61.708 106.678
    endloop
  endfacet
  facet normal 0 -0.760416 0.649436
    outer loop
      vertex 197.9 61.708 106.678
      vertex 195.9 61.392 106.308
      vertex 197.9 61.392 106.308
    endloop
  endfacet
  facet normal 0 -0.852834 0.522181
    outer loop
      vertex 195.9 61.708 106.678
      vertex 197.9 61.9621 107.093
      vertex 195.9 61.9621 107.093
    endloop
  endfacet
  facet normal 0 -0.852834 0.522181
    outer loop
      vertex 197.9 61.9621 107.093
      vertex 195.9 61.708 106.678
      vertex 197.9 61.708 106.678
    endloop
  endfacet
  facet normal 0 0.760416 0.649436
    outer loop
      vertex 197.9 57.008 106.308
      vertex 195.9 56.692 106.678
      vertex 197.9 56.692 106.678
    endloop
  endfacet
  facet normal 0 0.760416 0.649436
    outer loop
      vertex 195.9 56.692 106.678
      vertex 197.9 57.008 106.308
      vertex 195.9 57.008 106.308
    endloop
  endfacet
  facet normal 0 0.996913 -0.0785197
    outer loop
      vertex 197.9 56.1 108.5
      vertex 195.9 56.1382 108.985
      vertex 197.9 56.1382 108.985
    endloop
  endfacet
  facet normal 0 0.996913 -0.0785197
    outer loop
      vertex 195.9 56.1382 108.985
      vertex 197.9 56.1 108.5
      vertex 195.9 56.1 108.5
    endloop
  endfacet
  facet normal 0 -0.522306 0.852758
    outer loop
      vertex 195.9 61.0221 105.992
      vertex 197.9 60.6074 105.738
      vertex 197.9 61.0221 105.992
    endloop
  endfacet
  facet normal 0 -0.522306 0.852758
    outer loop
      vertex 197.9 60.6074 105.738
      vertex 195.9 61.0221 105.992
      vertex 195.9 60.6074 105.738
    endloop
  endfacet
  facet normal 0 0.649538 -0.760329
    outer loop
      vertex 195.9 57.008 110.692
      vertex 197.9 57.3779 111.008
      vertex 197.9 57.008 110.692
    endloop
  endfacet
  facet normal 0 0.649538 -0.760329
    outer loop
      vertex 197.9 57.3779 111.008
      vertex 195.9 57.008 110.692
      vertex 195.9 57.3779 111.008
    endloop
  endfacet
  facet normal -0 0.0781271 0.996943
    outer loop
      vertex 195.9 59.2 105.4
      vertex 197.9 58.7151 105.438
      vertex 197.9 59.2 105.4
    endloop
  endfacet
  facet normal 0 0.0781271 0.996943
    outer loop
      vertex 197.9 58.7151 105.438
      vertex 195.9 59.2 105.4
      vertex 195.9 58.7151 105.438
    endloop
  endfacet
  facet normal 0 0.923721 0.383066
    outer loop
      vertex 197.9 56.4379 107.093
      vertex 195.9 56.2517 107.542
      vertex 197.9 56.2517 107.542
    endloop
  endfacet
  facet normal 0 0.923721 0.383066
    outer loop
      vertex 195.9 56.2517 107.542
      vertex 197.9 56.4379 107.093
      vertex 195.9 56.4379 107.093
    endloop
  endfacet
  facet normal 0 -0.649538 0.760329
    outer loop
      vertex 195.9 61.392 106.308
      vertex 197.9 61.0221 105.992
      vertex 197.9 61.392 106.308
    endloop
  endfacet
  facet normal 0 -0.649538 0.760329
    outer loop
      vertex 197.9 61.0221 105.992
      vertex 195.9 61.392 106.308
      vertex 195.9 61.0221 105.992
    endloop
  endfacet
  facet normal 0 0.923721 -0.383066
    outer loop
      vertex 197.9 56.2517 109.458
      vertex 195.9 56.4379 109.907
      vertex 197.9 56.4379 109.907
    endloop
  endfacet
  facet normal 0 0.923721 -0.383066
    outer loop
      vertex 195.9 56.4379 109.907
      vertex 197.9 56.2517 109.458
      vertex 195.9 56.2517 109.458
    endloop
  endfacet
  facet normal 0 0.972397 -0.233334
    outer loop
      vertex 197.9 56.1382 108.985
      vertex 195.9 56.2517 109.458
      vertex 197.9 56.2517 109.458
    endloop
  endfacet
  facet normal 0 0.972397 -0.233334
    outer loop
      vertex 195.9 56.2517 109.458
      vertex 197.9 56.1382 108.985
      vertex 195.9 56.1382 108.985
    endloop
  endfacet
  facet normal 0 -0.972397 0.233334
    outer loop
      vertex 195.9 62.1483 107.542
      vertex 197.9 62.2618 108.015
      vertex 195.9 62.2618 108.015
    endloop
  endfacet
  facet normal 0 -0.972397 0.233334
    outer loop
      vertex 197.9 62.2618 108.015
      vertex 195.9 62.1483 107.542
      vertex 197.9 62.1483 107.542
    endloop
  endfacet
  facet normal 0 -0.0781271 -0.996943
    outer loop
      vertex 195.9 59.2 111.6
      vertex 197.9 59.6849 111.562
      vertex 197.9 59.2 111.6
    endloop
  endfacet
  facet normal -0 -0.0781271 -0.996943
    outer loop
      vertex 197.9 59.6849 111.562
      vertex 195.9 59.2 111.6
      vertex 195.9 59.6849 111.562
    endloop
  endfacet
  facet normal -0 0.382424 0.923987
    outer loop
      vertex 195.9 58.242 105.552
      vertex 197.9 57.7926 105.738
      vertex 197.9 58.242 105.552
    endloop
  endfacet
  facet normal 0 0.382424 0.923987
    outer loop
      vertex 197.9 57.7926 105.738
      vertex 195.9 58.242 105.552
      vertex 195.9 57.7926 105.738
    endloop
  endfacet
  facet normal 0 0.522306 -0.852758
    outer loop
      vertex 195.9 57.3779 111.008
      vertex 197.9 57.7926 111.262
      vertex 197.9 57.3779 111.008
    endloop
  endfacet
  facet normal 0 0.522306 -0.852758
    outer loop
      vertex 197.9 57.7926 111.262
      vertex 195.9 57.3779 111.008
      vertex 195.9 57.7926 111.262
    endloop
  endfacet
  facet normal 0 0.852834 -0.522181
    outer loop
      vertex 197.9 56.4379 109.907
      vertex 195.9 56.692 110.322
      vertex 197.9 56.692 110.322
    endloop
  endfacet
  facet normal 0 0.852834 -0.522181
    outer loop
      vertex 195.9 56.692 110.322
      vertex 197.9 56.4379 109.907
      vertex 195.9 56.4379 109.907
    endloop
  endfacet
endsolid OpenSCAD_Model
