solid OpenSCAD_Model
  facet normal 1 0 0
    outer loop
      vertex 191.9 -1 39
      vertex 191.9 1.04468 37
      vertex 191.9 1.04468 38.5654
    endloop
  endfacet
  facet normal 1 0 0
    outer loop
      vertex 191.9 1.04468 37
      vertex 191.9 0.710651 20.1896
      vertex 191.9 1.02352 20.165
    endloop
  endfacet
  facet normal 1 0 0
    outer loop
      vertex 191.9 1.04468 37
      vertex 191.9 0.397782 20.165
      vertex 191.9 0.710651 20.1896
    endloop
  endfacet
  facet normal 1 0 0
    outer loop
      vertex 191.9 1.04468 37
      vertex 191.9 0.092617 20.0917
      vertex 191.9 0.397782 20.165
    endloop
  endfacet
  facet normal 1 0 -0
    outer loop
      vertex 191.9 -0.464918 19.8076
      vertex 191.9 1.04468 37
      vertex 191.9 -1 39
    endloop
  endfacet
  facet normal 1 0 0
    outer loop
      vertex 191.9 1.04468 37
      vertex 191.9 -0.197329 19.9716
      vertex 191.9 0.092617 20.0917
    endloop
  endfacet
  facet normal 1 0 0
    outer loop
      vertex 191.9 1.04468 37
      vertex 191.9 -0.464918 19.8076
      vertex 191.9 -0.197329 19.9716
    endloop
  endfacet
  facet normal 1 0 0
    outer loop
      vertex 191.9 -0.464918 19.8076
      vertex 191.9 -1 39
      vertex 191.9 -0.703561 19.6038
    endloop
  endfacet
  facet normal 1 0 0
    outer loop
      vertex 191.9 -0.703561 19.6038
      vertex 191.9 -1 39
      vertex 191.9 -0.907382 19.3651
    endloop
  endfacet
  facet normal 1 0 0
    outer loop
      vertex 191.9 -1 39
      vertex 191.9 -1.07136 19.0976
      vertex 191.9 -0.907382 19.3651
    endloop
  endfacet
  facet normal 1 0 0
    outer loop
      vertex 191.9 -1 39
      vertex 191.9 -1.19146 18.8076
      vertex 191.9 -1.07136 19.0976
    endloop
  endfacet
  facet normal 1 0 0
    outer loop
      vertex 191.9 -1 39
      vertex 191.9 -1.26472 18.5024
      vertex 191.9 -1.19146 18.8076
    endloop
  endfacet
  facet normal 1 0 0
    outer loop
      vertex 191.9 -9.31647 -0.125904
      vertex 191.9 -1.26472 18.5024
      vertex 191.9 -1 39
    endloop
  endfacet
  facet normal 1 0 0
    outer loop
      vertex 191.9 -1.26472 18.5024
      vertex 191.9 -9.31647 -0.125904
      vertex 191.9 -1.28935 18.1896
    endloop
  endfacet
  facet normal 1 0 0
    outer loop
      vertex 191.9 -1.28935 18.1896
      vertex 191.9 -9.31647 -0.125904
      vertex 191.9 -3.44758 -1.37337
    endloop
  endfacet
  facet normal 1 0 0
    outer loop
      vertex 191.9 6.28654 25.1831
      vertex 191.9 2.12486 19.6038
      vertex 191.9 2.32869 19.3651
    endloop
  endfacet
  facet normal 1 0 0
    outer loop
      vertex 191.9 6.28654 25.1831
      vertex 191.9 1.88622 19.8076
      vertex 191.9 2.12486 19.6038
    endloop
  endfacet
  facet normal 1 0 0
    outer loop
      vertex 191.9 2.37395 26.0148
      vertex 191.9 1.61863 19.9716
      vertex 191.9 1.88622 19.8076
    endloop
  endfacet
  facet normal 1 0 0
    outer loop
      vertex 191.9 2.37395 26.0148
      vertex 191.9 1.32869 20.0917
      vertex 191.9 1.61863 19.9716
    endloop
  endfacet
  facet normal 1 -0 0
    outer loop
      vertex 191.9 1.04468 37
      vertex 191.9 2.37395 26.0148
      vertex 191.9 4.70893 37
    endloop
  endfacet
  facet normal 1 0 0
    outer loop
      vertex 191.9 1.02352 20.165
      vertex 191.9 2.37395 26.0148
      vertex 191.9 1.04468 37
    endloop
  endfacet
  facet normal 1 0 0
    outer loop
      vertex 191.9 2.37395 26.0148
      vertex 191.9 1.02352 20.165
      vertex 191.9 1.32869 20.0917
    endloop
  endfacet
  facet normal 1 0 0
    outer loop
      vertex 191.9 2.68603 17.8767
      vertex 191.9 6.28654 25.1831
      vertex 191.9 2.71065 18.1896
    endloop
  endfacet
  facet normal 1 0 0
    outer loop
      vertex 191.9 6.28654 25.1831
      vertex 191.9 2.68603 18.5024
      vertex 191.9 2.71065 18.1896
    endloop
  endfacet
  facet normal 1 0 0
    outer loop
      vertex 191.9 6.28654 25.1831
      vertex 191.9 2.61276 18.8076
      vertex 191.9 2.68603 18.5024
    endloop
  endfacet
  facet normal 1 0 0
    outer loop
      vertex 191.9 6.28654 25.1831
      vertex 191.9 2.49266 19.0976
      vertex 191.9 2.61276 18.8076
    endloop
  endfacet
  facet normal 1 0 0
    outer loop
      vertex 191.9 1.88622 19.8076
      vertex 191.9 6.28654 25.1831
      vertex 191.9 2.37395 26.0148
    endloop
  endfacet
  facet normal 1 0 0
    outer loop
      vertex 191.9 6.28654 25.1831
      vertex 191.9 2.32869 19.3651
      vertex 191.9 2.49266 19.0976
    endloop
  endfacet
  facet normal 1 0 0
    outer loop
      vertex 191.9 6.28654 25.1831
      vertex 191.9 2.68603 17.8767
      vertex 191.9 2.95995 9.53275
    endloop
  endfacet
  facet normal 1 -0 0
    outer loop
      vertex 191.9 2.61276 17.5715
      vertex 191.9 2.95995 9.53275
      vertex 191.9 2.68603 17.8767
    endloop
  endfacet
  facet normal 1 -0 0
    outer loop
      vertex 191.9 2.49266 17.2816
      vertex 191.9 2.95995 9.53275
      vertex 191.9 2.61276 17.5715
    endloop
  endfacet
  facet normal 1 -0 0
    outer loop
      vertex 191.9 2.32869 17.014
      vertex 191.9 2.95995 9.53275
      vertex 191.9 2.49266 17.2816
    endloop
  endfacet
  facet normal 1 -0 0
    outer loop
      vertex 191.9 2.12486 16.7754
      vertex 191.9 2.95995 9.53275
      vertex 191.9 2.32869 17.014
    endloop
  endfacet
  facet normal 1 -0 0
    outer loop
      vertex 191.9 1.88622 16.5715
      vertex 191.9 2.95995 9.53275
      vertex 191.9 2.12486 16.7754
    endloop
  endfacet
  facet normal 1 -0 0
    outer loop
      vertex 191.9 1.61863 16.4076
      vertex 191.9 2.95995 9.53275
      vertex 191.9 1.88622 16.5715
    endloop
  endfacet
  facet normal 1 -0 0
    outer loop
      vertex 191.9 1.32869 16.2875
      vertex 191.9 2.95995 9.53275
      vertex 191.9 1.61863 16.4076
    endloop
  endfacet
  facet normal 1 -0 0
    outer loop
      vertex 191.9 1.02352 16.2142
      vertex 191.9 2.95995 9.53275
      vertex 191.9 1.32869 16.2875
    endloop
  endfacet
  facet normal 1 0 0
    outer loop
      vertex 191.9 -0.952642 10.3644
      vertex 191.9 1.02352 16.2142
      vertex 191.9 0.710651 16.1896
    endloop
  endfacet
  facet normal 1 0 0
    outer loop
      vertex 191.9 -0.952642 10.3644
      vertex 191.9 0.710651 16.1896
      vertex 191.9 0.397782 16.2142
    endloop
  endfacet
  facet normal 1 0 0
    outer loop
      vertex 191.9 -0.952642 10.3644
      vertex 191.9 0.397782 16.2142
      vertex 191.9 0.092617 16.2875
    endloop
  endfacet
  facet normal 1 0 0
    outer loop
      vertex 191.9 -0.952642 10.3644
      vertex 191.9 0.092617 16.2875
      vertex 191.9 -0.197329 16.4076
    endloop
  endfacet
  facet normal 1 0 0
    outer loop
      vertex 191.9 -0.952642 10.3644
      vertex 191.9 -0.197329 16.4076
      vertex 191.9 -0.464918 16.5715
    endloop
  endfacet
  facet normal 1 0 0
    outer loop
      vertex 191.9 -0.952642 10.3644
      vertex 191.9 -0.464918 16.5715
      vertex 191.9 -0.703561 16.7754
    endloop
  endfacet
  facet normal 1 0 0
    outer loop
      vertex 191.9 -0.952642 10.3644
      vertex 191.9 -0.703561 16.7754
      vertex 191.9 -0.907382 17.014
    endloop
  endfacet
  facet normal 1 0 0
    outer loop
      vertex 191.9 1.02352 16.2142
      vertex 191.9 -0.952642 10.3644
      vertex 191.9 2.95995 9.53275
    endloop
  endfacet
  facet normal 1 0 0
    outer loop
      vertex 191.9 -1.07136 17.2816
      vertex 191.9 -0.952642 10.3644
      vertex 191.9 -0.907382 17.014
    endloop
  endfacet
  facet normal 1 0 0
    outer loop
      vertex 191.9 -1.19146 17.5715
      vertex 191.9 -0.952642 10.3644
      vertex 191.9 -1.07136 17.2816
    endloop
  endfacet
  facet normal 1 0 0
    outer loop
      vertex 191.9 -1.26472 17.8767
      vertex 191.9 -0.952642 10.3644
      vertex 191.9 -1.19146 17.5715
    endloop
  endfacet
  facet normal 1 0 0
    outer loop
      vertex 191.9 -3.44758 -1.37337
      vertex 191.9 -1.26472 17.8767
      vertex 191.9 -1.28935 18.1896
    endloop
  endfacet
  facet normal 1 0 0
    outer loop
      vertex 191.9 -1.26472 17.8767
      vertex 191.9 -3.44758 -1.37337
      vertex 191.9 -0.952642 10.3644
    endloop
  endfacet
  facet normal 0 0.978148 -0.207912
    outer loop
      vertex 182.091 -2.19922 4.49972
      vertex 183.9 -0.952642 10.3644
      vertex 191.9 -0.952642 10.3644
    endloop
  endfacet
  facet normal -4.78376e-06 0.978148 -0.207908
    outer loop
      vertex 183.9 -0.952642 10.3644
      vertex 180.475 -1.80596 6.34986
      vertex 180.035 -1.76803 6.52832
    endloop
  endfacet
  facet normal -4.38127e-06 0.978148 -0.207908
    outer loop
      vertex 183.9 -0.952642 10.3644
      vertex 180.91 -1.86136 6.08921
      vertex 180.475 -1.80596 6.34986
    endloop
  endfacet
  facet normal -2.89898e-06 0.978148 -0.207909
    outer loop
      vertex 183.9 -0.952642 10.3644
      vertex 181.298 -1.93022 5.76524
      vertex 180.91 -1.86136 6.08921
    endloop
  endfacet
  facet normal 5.99673e-06 0.978147 -0.207914
    outer loop
      vertex 183.9 -0.952642 10.3644
      vertex 181.629 -2.01085 5.38592
      vertex 181.298 -1.93022 5.76524
    endloop
  endfacet
  facet normal 7.14616e-06 0.978147 -0.207915
    outer loop
      vertex 183.9 -0.952642 10.3644
      vertex 181.896 -2.10126 4.96059
      vertex 181.629 -2.01085 5.38592
    endloop
  endfacet
  facet normal -3.14126e-06 0.978148 -0.207911
    outer loop
      vertex 183.9 -0.952642 10.3644
      vertex 182.091 -2.19922 4.49972
      vertex 181.896 -2.10126 4.96059
    endloop
  endfacet
  facet normal -7.44204e-07 0.978148 -0.207911
    outer loop
      vertex 191.9 -0.952642 10.3644
      vertex 182.21 -2.30232 4.01467
      vertex 182.091 -2.19922 4.49972
    endloop
  endfacet
  facet normal -2.34532e-07 0.978148 -0.207912
    outer loop
      vertex 191.9 -3.44758 -1.37337
      vertex 182.21 -2.30232 4.01467
      vertex 191.9 -0.952642 10.3644
    endloop
  endfacet
  facet normal 7.10176e-06 0.97815 -0.207899
    outer loop
      vertex 182.21 -2.30232 4.01467
      vertex 191.9 -3.44758 -1.37337
      vertex 182.25 -2.40802 3.51736
    endloop
  endfacet
  facet normal -5.06844e-06 0.978145 -0.207922
    outer loop
      vertex 182.25 -2.40802 3.51736
      vertex 191.9 -3.44758 -1.37337
      vertex 182.21 -2.51373 3.02006
    endloop
  endfacet
  facet normal 2.45241e-07 0.978148 -0.207911
    outer loop
      vertex 182.21 -2.51373 3.02006
      vertex 191.9 -3.44758 -1.37337
      vertex 182.091 -2.61683 2.53501
    endloop
  endfacet
  facet normal 5.27271e-07 0.978148 -0.20791
    outer loop
      vertex 182.091 -2.61683 2.53501
      vertex 191.9 -3.44758 -1.37337
      vertex 181.896 -2.71479 2.07414
    endloop
  endfacet
  facet normal -2.23174e-06 0.978146 -0.207918
    outer loop
      vertex 181.896 -2.71479 2.07414
      vertex 191.9 -3.44758 -1.37337
      vertex 181.629 -2.8052 1.64881
    endloop
  endfacet
  facet normal 0 0.978148 -0.207911
    outer loop
      vertex 72.8 -3.03176 0.582921
      vertex -0.5 -3.44758 -1.37337
      vertex 70.8 -3.03176 0.582921
    endloop
  endfacet
  facet normal -1.03868e-06 0.978147 -0.207917
    outer loop
      vertex 179.508 -3.07542 0.377523
      vertex 191.9 -3.44758 -1.37337
      vertex 179 -3.08374 0.338384
    endloop
  endfacet
  facet normal -5.64256e-06 0.97814 -0.207948
    outer loop
      vertex 180.004 -3.05066 0.493975
      vertex 191.9 -3.44758 -1.37337
      vertex 179.508 -3.07542 0.377523
    endloop
  endfacet
  facet normal 3.92778e-06 0.978152 -0.20789
    outer loop
      vertex 180.475 -3.01009 0.684872
      vertex 191.9 -3.44758 -1.37337
      vertex 180.004 -3.05066 0.493975
    endloop
  endfacet
  facet normal 6.40642e-07 0.978149 -0.207907
    outer loop
      vertex 180.91 -2.95469 0.945516
      vertex 191.9 -3.44758 -1.37337
      vertex 180.475 -3.01009 0.684872
    endloop
  endfacet
  facet normal -3.97687e-06 0.978144 -0.207928
    outer loop
      vertex 181.298 -2.88582 1.26949
      vertex 191.9 -3.44758 -1.37337
      vertex 180.91 -2.95469 0.945516
    endloop
  endfacet
  facet normal 3.88157e-06 0.978151 -0.207898
    outer loop
      vertex 181.629 -2.8052 1.64881
      vertex 191.9 -3.44758 -1.37337
      vertex 181.298 -2.88582 1.26949
    endloop
  endfacet
  facet normal 0 0.978147 -0.207914
    outer loop
      vertex 180.035 3.93328 33.3509
      vertex 137.928 4.70893 37
      vertex 191.9 4.70893 37
    endloop
  endfacet
  facet normal 4.26613e-06 0.978157 -0.207867
    outer loop
      vertex 137.928 4.70893 37
      vertex 180.035 3.93328 33.3509
      vertex 137.928 4.6792 36.8601
    endloop
  endfacet
  facet normal 1.62866e-07 0.978147 -0.207914
    outer loop
      vertex 137.91 3.93503 33.3591
      vertex 137.928 4.6792 36.8601
      vertex 180.035 3.93328 33.3509
    endloop
  endfacet
  facet normal 0.000371901 0.978143 -0.207934
    outer loop
      vertex 137.928 4.6792 36.8601
      vertex 137.791 4.03813 33.8442
      vertex 137.734 4.06668 33.9784
    endloop
  endfacet
  facet normal -0.000100648 0.978147 -0.207914
    outer loop
      vertex 137.928 4.6792 36.8601
      vertex 137.91 3.93503 33.3591
      vertex 137.791 4.03813 33.8442
    endloop
  endfacet
  facet normal 0 0.978148 -0.207912
    outer loop
      vertex 183.9 2.37395 26.0148
      vertex 191.9 4.70893 37
      vertex 191.9 2.37395 26.0148
    endloop
  endfacet
  facet normal -9.17372e-07 0.978148 -0.207911
    outer loop
      vertex 191.9 4.70893 37
      vertex 183.9 2.37395 26.0148
      vertex 180.035 3.93328 33.3509
    endloop
  endfacet
  facet normal -1.21791e-06 0.978148 -0.207911
    outer loop
      vertex 180.035 -1.76803 6.52832
      vertex 183.9 2.37395 26.0148
      vertex 183.9 -0.952642 10.3644
    endloop
  endfacet
  facet normal -1.19469e-06 0.978148 -0.207912
    outer loop
      vertex 183.9 2.37395 26.0148
      vertex 180.035 -1.76803 6.52832
      vertex 180.035 3.93328 33.3509
    endloop
  endfacet
  facet normal 0 0.977977 -0.208715
    outer loop
      vertex 137.91 3.93503 33.3591
      vertex 180.035 3.93328 33.3509
      vertex 137.911 3.93328 33.3509
    endloop
  endfacet
  facet normal 0 0.978161 -0.207848
    outer loop
      vertex 177.996 -3.05066 0.493975
      vertex 135.7 -3.03176 0.582921
      vertex 177.776 -3.03176 0.582921
    endloop
  endfacet
  facet normal -2.72552e-07 0.978135 -0.207972
    outer loop
      vertex 178.492 -3.07542 0.377523
      vertex 135.7 -3.03176 0.582921
      vertex 177.996 -3.05066 0.493975
    endloop
  endfacet
  facet normal 3.91478e-06 0.978154 -0.207881
    outer loop
      vertex 191.9 -3.44758 -1.37337
      vertex 178.492 -3.07542 0.377523
      vertex 179 -3.08374 0.338384
    endloop
  endfacet
  facet normal 4.15911e-08 0.978148 -0.207909
    outer loop
      vertex 178.492 -3.07542 0.377523
      vertex 191.9 -3.44758 -1.37337
      vertex 135.7 -3.03176 0.582921
    endloop
  endfacet
  facet normal 0 0.978148 -0.207911
    outer loop
      vertex 135.7 -3.03176 0.582921
      vertex 191.9 -3.44758 -1.37337
      vertex 133.7 -3.03176 0.582921
    endloop
  endfacet
  facet normal 0 0.978161 -0.207848
    outer loop
      vertex 70.8 -3.03176 0.582921
      vertex 7.0043 -3.05066 0.493975
      vertex 7.22384 -3.03176 0.582921
    endloop
  endfacet
  facet normal 0 0.978148 -0.207911
    outer loop
      vertex 133.7 -3.03176 0.582921
      vertex 191.9 -3.44758 -1.37337
      vertex 72.8 -3.03176 0.582921
    endloop
  endfacet
  facet normal 1.80151e-07 0.978135 -0.207972
    outer loop
      vertex 70.8 -3.03176 0.582921
      vertex 6.50841 -3.07542 0.377523
      vertex 7.0043 -3.05066 0.493975
    endloop
  endfacet
  facet normal 0 0.978148 -0.207911
    outer loop
      vertex -0.5 -3.44758 -1.37337
      vertex 72.8 -3.03176 0.582921
      vertex 191.9 -3.44758 -1.37337
    endloop
  endfacet
  facet normal 4.16177e-08 0.978144 -0.20793
    outer loop
      vertex 70.8 -3.03176 0.582921
      vertex 6 -3.08374 0.338384
      vertex 6.50841 -3.07542 0.377523
    endloop
  endfacet
  facet normal 0 0.978148 -0.207912
    outer loop
      vertex 135.7 -3.03176 0.582921
      vertex 133.7 1.5423 22.1022
      vertex 135.7 1.5423 22.1022
    endloop
  endfacet
  facet normal 0 0.978148 -0.207912
    outer loop
      vertex 133.7 1.5423 22.1022
      vertex 135.7 -3.03176 0.582921
      vertex 133.7 -3.03176 0.582921
    endloop
  endfacet
  facet normal 0 0.978148 -0.207912
    outer loop
      vertex 72.8 -3.03176 0.582921
      vertex 70.8 1.5423 22.1022
      vertex 72.8 1.5423 22.1022
    endloop
  endfacet
  facet normal 0 0.978148 -0.207912
    outer loop
      vertex 70.8 1.5423 22.1022
      vertex 72.8 -3.03176 0.582921
      vertex 70.8 -3.03176 0.582921
    endloop
  endfacet
  facet normal 0.00106265 0.978147 -0.207912
    outer loop
      vertex 4.99569 -1.76538 6.54075
      vertex 5 -0.952642 10.3644
      vertex 5 -1.76517 6.54176
    endloop
  endfacet
  facet normal -1.09509e-05 0.978148 -0.207911
    outer loop
      vertex 4.52453 -1.80596 6.34986
      vertex 5 -0.952642 10.3644
      vertex 4.99569 -1.76538 6.54075
    endloop
  endfacet
  facet normal 7.12974e-06 0.978147 -0.207913
    outer loop
      vertex 4.0897 -1.86136 6.08921
      vertex 5 -0.952642 10.3644
      vertex 4.52453 -1.80596 6.34986
    endloop
  endfacet
  facet normal 0 0.978148 -0.207911
    outer loop
      vertex 5 -0.952642 10.3644
      vertex 4.0897 -1.86136 6.08921
      vertex -0.5 -0.952642 10.3644
    endloop
  endfacet
  facet normal 2.42203e-06 0.978148 -0.207909
    outer loop
      vertex 3.7019 -1.93022 5.76524
      vertex -0.5 -0.952642 10.3644
      vertex 4.0897 -1.86136 6.08921
    endloop
  endfacet
  facet normal -4.82737e-06 0.978147 -0.207915
    outer loop
      vertex 3.37069 -2.01085 5.38592
      vertex -0.5 -0.952642 10.3644
      vertex 3.7019 -1.93022 5.76524
    endloop
  endfacet
  facet normal -5.5171e-06 0.978147 -0.207916
    outer loop
      vertex 3.10423 -2.10126 4.96059
      vertex -0.5 -0.952642 10.3644
      vertex 3.37069 -2.01085 5.38592
    endloop
  endfacet
  facet normal 2.28719e-06 0.978148 -0.207911
    outer loop
      vertex 2.90907 -2.19922 4.49972
      vertex -0.5 -0.952642 10.3644
      vertex 3.10423 -2.10126 4.96059
    endloop
  endfacet
  facet normal 1.72641e-06 0.978148 -0.207911
    outer loop
      vertex 2.79001 -2.30232 4.01467
      vertex -0.5 -0.952642 10.3644
      vertex 2.90907 -2.19922 4.49972
    endloop
  endfacet
  facet normal -2.30134e-05 0.978151 -0.207898
    outer loop
      vertex -0.5 -3.44758 -1.37337
      vertex 2.79001 -2.30232 4.01467
      vertex 2.75 -2.40802 3.51736
    endloop
  endfacet
  facet normal 1.39713e-05 0.978146 -0.207921
    outer loop
      vertex -0.5 -3.44758 -1.37337
      vertex 2.75 -2.40802 3.51736
      vertex 2.79001 -2.51373 3.02006
    endloop
  endfacet
  facet normal -6.04504e-07 0.978148 -0.207911
    outer loop
      vertex -0.5 -3.44758 -1.37337
      vertex 2.79001 -2.51373 3.02006
      vertex 2.90907 -2.61683 2.53501
    endloop
  endfacet
  facet normal -1.19349e-06 0.978148 -0.20791
    outer loop
      vertex -0.5 -3.44758 -1.37337
      vertex 2.90907 -2.61683 2.53501
      vertex 3.10423 -2.71479 2.07414
    endloop
  endfacet
  facet normal 6.90761e-07 0.978148 -0.207912
    outer loop
      vertex 2.79001 -2.30232 4.01467
      vertex -0.5 -3.44758 -1.37337
      vertex -0.5 -0.952642 10.3644
    endloop
  endfacet
  facet normal 4.71133e-06 0.978147 -0.207916
    outer loop
      vertex 3.37069 -2.8052 1.64881
      vertex -0.5 -3.44758 -1.37337
      vertex 3.10423 -2.71479 2.07414
    endloop
  endfacet
  facet normal -7.69699e-06 0.97815 -0.207901
    outer loop
      vertex 3.7019 -2.88582 1.26949
      vertex -0.5 -3.44758 -1.37337
      vertex 3.37069 -2.8052 1.64881
    endloop
  endfacet
  facet normal 7.4334e-06 0.978145 -0.207924
    outer loop
      vertex 4.0897 -2.95469 0.945516
      vertex -0.5 -3.44758 -1.37337
      vertex 3.7019 -2.88582 1.26949
    endloop
  endfacet
  facet normal -1.12552e-06 0.978148 -0.207908
    outer loop
      vertex 4.52453 -3.01009 0.684872
      vertex -0.5 -3.44758 -1.37337
      vertex 4.0897 -2.95469 0.945516
    endloop
  endfacet
  facet normal -6.41506e-06 0.978151 -0.207895
    outer loop
      vertex 4.99569 -3.05066 0.493975
      vertex -0.5 -3.44758 -1.37337
      vertex 4.52453 -3.01009 0.684872
    endloop
  endfacet
  facet normal 8.3288e-06 0.978142 -0.207937
    outer loop
      vertex 5.49159 -3.07542 0.377523
      vertex -0.5 -3.44758 -1.37337
      vertex 4.99569 -3.05066 0.493975
    endloop
  endfacet
  facet normal 1.26937e-06 0.978147 -0.207914
    outer loop
      vertex 6 -3.08374 0.338384
      vertex -0.5 -3.44758 -1.37337
      vertex 5.49159 -3.07542 0.377523
    endloop
  endfacet
  facet normal -4.14301e-08 0.978148 -0.207909
    outer loop
      vertex 70.8 -3.03176 0.582921
      vertex -0.5 -3.44758 -1.37337
      vertex 6 -3.08374 0.338384
    endloop
  endfacet
  facet normal 0 0.978147 -0.207914
    outer loop
      vertex 5 3.93328 33.3509
      vertex 20.805 4.70893 37
      vertex 20.805 3.93328 33.3509
    endloop
  endfacet
  facet normal 0 0.978147 -0.207914
    outer loop
      vertex 20.805 4.70893 37
      vertex 5 3.93328 33.3509
      vertex -0.5 4.70893 37
    endloop
  endfacet
  facet normal 0 0.978148 -0.207911
    outer loop
      vertex -0.5 2.37395 26.0148
      vertex 5 3.93328 33.3509
      vertex 5 2.37395 26.0148
    endloop
  endfacet
  facet normal 1.53577e-06 0.978148 -0.207912
    outer loop
      vertex 5 3.93328 33.3509
      vertex -0.5 2.37395 26.0148
      vertex -0.5 4.70893 37
    endloop
  endfacet
  facet normal 0 0.978157 -0.207867
    outer loop
      vertex 68.5724 4.6792 36.8601
      vertex 47.805 4.70893 37
      vertex 68.5724 4.70893 37
    endloop
  endfacet
  facet normal -0.000373162 0.978143 -0.207934
    outer loop
      vertex 68.7091 4.03813 33.8442
      vertex 68.5724 4.6792 36.8601
      vertex 68.7659 4.06668 33.9784
    endloop
  endfacet
  facet normal 0.000100611 0.978147 -0.207914
    outer loop
      vertex 68.59 3.93503 33.3591
      vertex 68.5724 4.6792 36.8601
      vertex 68.7091 4.03813 33.8442
    endloop
  endfacet
  facet normal -3.3008e-07 0.978147 -0.207914
    outer loop
      vertex 47.805 3.93328 33.3509
      vertex 68.5724 4.6792 36.8601
      vertex 68.59 3.93503 33.3591
    endloop
  endfacet
  facet normal 0 0.977977 -0.208715
    outer loop
      vertex 47.805 3.93328 33.3509
      vertex 68.59 3.93503 33.3591
      vertex 68.5893 3.93328 33.3509
    endloop
  endfacet
  facet normal -3.31615e-07 0.978147 -0.207914
    outer loop
      vertex 68.5724 4.6792 36.8601
      vertex 47.805 3.93328 33.3509
      vertex 47.805 4.70893 37
    endloop
  endfacet
  facet normal 0 0.978157 -0.207867
    outer loop
      vertex 131.472 4.6792 36.8601
      vertex 75.0276 4.70893 37
      vertex 131.472 4.70893 37
    endloop
  endfacet
  facet normal 0 0.978157 -0.207867
    outer loop
      vertex 131.472 4.6792 36.8601
      vertex 75.0276 4.6792 36.8601
      vertex 75.0276 4.70893 37
    endloop
  endfacet
  facet normal -0.000371901 0.978143 -0.207934
    outer loop
      vertex 131.609 4.03813 33.8442
      vertex 131.472 4.6792 36.8601
      vertex 131.666 4.06668 33.9784
    endloop
  endfacet
  facet normal 0.000100648 0.978147 -0.207914
    outer loop
      vertex 131.49 3.93503 33.3591
      vertex 131.472 4.6792 36.8601
      vertex 131.609 4.03813 33.8442
    endloop
  endfacet
  facet normal -0.00658299 0.978119 -0.207942
    outer loop
      vertex 131.489 3.93328 33.3509
      vertex 131.472 4.6792 36.8601
      vertex 131.49 3.93503 33.3591
    endloop
  endfacet
  facet normal 0.000373162 0.978143 -0.207934
    outer loop
      vertex 75.0276 4.6792 36.8601
      vertex 74.8909 4.03813 33.8442
      vertex 74.8341 4.06668 33.9784
    endloop
  endfacet
  facet normal 0 0.978147 -0.207916
    outer loop
      vertex 131.472 4.6792 36.8601
      vertex 131.489 3.93328 33.3509
      vertex 75.0276 4.6792 36.8601
    endloop
  endfacet
  facet normal -0.000100611 0.978147 -0.207914
    outer loop
      vertex 75.0276 4.6792 36.8601
      vertex 75.01 3.93503 33.3591
      vertex 74.8909 4.03813 33.8442
    endloop
  endfacet
  facet normal 0 0.978147 -0.207916
    outer loop
      vertex 75.0107 3.93328 33.3509
      vertex 75.0276 4.6792 36.8601
      vertex 131.489 3.93328 33.3509
    endloop
  endfacet
  facet normal 0.00925547 0.978096 -0.20795
    outer loop
      vertex 75.0276 4.6792 36.8601
      vertex 75.0107 3.93328 33.3509
      vertex 75.01 3.93503 33.3591
    endloop
  endfacet
  facet normal 0 -0.978148 0.207912
    outer loop
      vertex 182.035 -9.31647 -0.125904
      vertex 191.9 -1 39
      vertex 182.035 -1 39
    endloop
  endfacet
  facet normal 0 -0.978148 0.207912
    outer loop
      vertex 191.9 -1 39
      vertex 182.035 -9.31647 -0.125904
      vertex 191.9 -9.31647 -0.125904
    endloop
  endfacet
  facet normal 0 -0.978148 0.207912
    outer loop
      vertex -0.5 -9.31647 -0.125904
      vertex 3 -1 39
      vertex -0.5 -1 39
    endloop
  endfacet
  facet normal 0 -0.978148 0.207912
    outer loop
      vertex 3 -1 39
      vertex -0.5 -9.31647 -0.125904
      vertex 3 -9.31647 -0.125904
    endloop
  endfacet
  facet normal -1 0 0
    outer loop
      vertex -0.5 6.28654 25.1831
      vertex -0.5 2.68603 17.8767
      vertex -0.5 2.71065 18.1896
    endloop
  endfacet
  facet normal -1 0 0
    outer loop
      vertex -0.5 2.95995 9.53275
      vertex -0.5 2.61276 17.5715
      vertex -0.5 2.68603 17.8767
    endloop
  endfacet
  facet normal -1 0 0
    outer loop
      vertex -0.5 2.95995 9.53275
      vertex -0.5 2.49266 17.2816
      vertex -0.5 2.61276 17.5715
    endloop
  endfacet
  facet normal -1 0 0
    outer loop
      vertex -0.5 2.95995 9.53275
      vertex -0.5 2.32869 17.014
      vertex -0.5 2.49266 17.2816
    endloop
  endfacet
  facet normal -1 0 0
    outer loop
      vertex -0.5 2.95995 9.53275
      vertex -0.5 2.12486 16.7754
      vertex -0.5 2.32869 17.014
    endloop
  endfacet
  facet normal -1 0 0
    outer loop
      vertex -0.5 2.95995 9.53275
      vertex -0.5 1.88622 16.5715
      vertex -0.5 2.12486 16.7754
    endloop
  endfacet
  facet normal -1 0 0
    outer loop
      vertex -0.5 2.95995 9.53275
      vertex -0.5 1.61863 16.4076
      vertex -0.5 1.88622 16.5715
    endloop
  endfacet
  facet normal -1 0 0
    outer loop
      vertex -0.5 2.95995 9.53275
      vertex -0.5 1.32869 16.2875
      vertex -0.5 1.61863 16.4076
    endloop
  endfacet
  facet normal -1 0 0
    outer loop
      vertex -0.5 2.95995 9.53275
      vertex -0.5 1.02352 16.2142
      vertex -0.5 1.32869 16.2875
    endloop
  endfacet
  facet normal -1 0 0
    outer loop
      vertex -0.5 -0.952642 10.3644
      vertex -0.5 1.02352 16.2142
      vertex -0.5 2.95995 9.53275
    endloop
  endfacet
  facet normal -1 0 0
    outer loop
      vertex -0.5 1.02352 16.2142
      vertex -0.5 -0.952642 10.3644
      vertex -0.5 0.710651 16.1896
    endloop
  endfacet
  facet normal -1 -0 0
    outer loop
      vertex -0.5 0.710651 16.1896
      vertex -0.5 -0.952642 10.3644
      vertex -0.5 0.397782 16.2142
    endloop
  endfacet
  facet normal -1 -0 0
    outer loop
      vertex -0.5 0.397782 16.2142
      vertex -0.5 -0.952642 10.3644
      vertex -0.5 0.092617 16.2875
    endloop
  endfacet
  facet normal -1 -0 0
    outer loop
      vertex -0.5 0.092617 16.2875
      vertex -0.5 -0.952642 10.3644
      vertex -0.5 -0.197329 16.4076
    endloop
  endfacet
  facet normal -1 -0 0
    outer loop
      vertex -0.5 -0.197329 16.4076
      vertex -0.5 -0.952642 10.3644
      vertex -0.5 -0.464918 16.5715
    endloop
  endfacet
  facet normal -1 -0 0
    outer loop
      vertex -0.5 -0.464918 16.5715
      vertex -0.5 -0.952642 10.3644
      vertex -0.5 -0.703561 16.7754
    endloop
  endfacet
  facet normal -1 -0 0
    outer loop
      vertex -0.5 -0.703561 16.7754
      vertex -0.5 -0.952642 10.3644
      vertex -0.5 -0.907382 17.014
    endloop
  endfacet
  facet normal -1 0 0
    outer loop
      vertex -0.5 -0.952642 10.3644
      vertex -0.5 -1.07136 17.2816
      vertex -0.5 -0.907382 17.014
    endloop
  endfacet
  facet normal -1 0 0
    outer loop
      vertex -0.5 -0.952642 10.3644
      vertex -0.5 -1.19146 17.5715
      vertex -0.5 -1.07136 17.2816
    endloop
  endfacet
  facet normal -1 0 0
    outer loop
      vertex -0.5 -9.31647 -0.125904
      vertex -0.5 -1.19146 17.5715
      vertex -0.5 -0.952642 10.3644
    endloop
  endfacet
  facet normal -1 -0 0
    outer loop
      vertex -0.5 -1.19146 17.5715
      vertex -0.5 -9.31647 -0.125904
      vertex -0.5 -1.26472 17.8767
    endloop
  endfacet
  facet normal -1 0 0
    outer loop
      vertex -0.5 -9.31647 -0.125904
      vertex -0.5 -0.952642 10.3644
      vertex -0.5 -3.44758 -1.37337
    endloop
  endfacet
  facet normal -1 0 0
    outer loop
      vertex -0.5 2.68603 17.8767
      vertex -0.5 6.28654 25.1831
      vertex -0.5 2.95995 9.53275
    endloop
  endfacet
  facet normal -1 0 0
    outer loop
      vertex -0.5 2.68603 18.5024
      vertex -0.5 6.28654 25.1831
      vertex -0.5 2.71065 18.1896
    endloop
  endfacet
  facet normal -1 0 0
    outer loop
      vertex -0.5 2.61276 18.8076
      vertex -0.5 6.28654 25.1831
      vertex -0.5 2.68603 18.5024
    endloop
  endfacet
  facet normal -1 0 0
    outer loop
      vertex -0.5 2.49266 19.0976
      vertex -0.5 6.28654 25.1831
      vertex -0.5 2.61276 18.8076
    endloop
  endfacet
  facet normal -1 0 0
    outer loop
      vertex -0.5 2.32869 19.3651
      vertex -0.5 6.28654 25.1831
      vertex -0.5 2.49266 19.0976
    endloop
  endfacet
  facet normal -1 0 0
    outer loop
      vertex -0.5 2.12486 19.6038
      vertex -0.5 6.28654 25.1831
      vertex -0.5 2.32869 19.3651
    endloop
  endfacet
  facet normal -1 0 0
    outer loop
      vertex -0.5 1.88622 19.8076
      vertex -0.5 6.28654 25.1831
      vertex -0.5 2.12486 19.6038
    endloop
  endfacet
  facet normal -1 -0 0
    outer loop
      vertex -0.5 6.28654 25.1831
      vertex -0.5 1.88622 19.8076
      vertex -0.5 2.37395 26.0148
    endloop
  endfacet
  facet normal -1 0 0
    outer loop
      vertex -0.5 1.61863 19.9716
      vertex -0.5 2.37395 26.0148
      vertex -0.5 1.88622 19.8076
    endloop
  endfacet
  facet normal -1 0 0
    outer loop
      vertex -0.5 1.32869 20.0917
      vertex -0.5 2.37395 26.0148
      vertex -0.5 1.61863 19.9716
    endloop
  endfacet
  facet normal -1 0 0
    outer loop
      vertex -0.5 2.37395 26.0148
      vertex -0.5 1.04468 37
      vertex -0.5 4.70893 37
    endloop
  endfacet
  facet normal -1 0 0
    outer loop
      vertex -0.5 1.02352 20.165
      vertex -0.5 2.37395 26.0148
      vertex -0.5 1.32869 20.0917
    endloop
  endfacet
  facet normal -1 0 0
    outer loop
      vertex -0.5 0.710651 20.1896
      vertex -0.5 2.37395 26.0148
      vertex -0.5 1.02352 20.165
    endloop
  endfacet
  facet normal -1 0 0
    outer loop
      vertex -0.5 0.397782 20.165
      vertex -0.5 2.37395 26.0148
      vertex -0.5 0.710651 20.1896
    endloop
  endfacet
  facet normal -1 0 0
    outer loop
      vertex -0.5 0.092617 20.0917
      vertex -0.5 2.37395 26.0148
      vertex -0.5 0.397782 20.165
    endloop
  endfacet
  facet normal -1 0 0
    outer loop
      vertex -0.5 -0.197329 19.9716
      vertex -0.5 2.37395 26.0148
      vertex -0.5 0.092617 20.0917
    endloop
  endfacet
  facet normal -1 0 0
    outer loop
      vertex -0.5 -0.464918 19.8076
      vertex -0.5 2.37395 26.0148
      vertex -0.5 -0.197329 19.9716
    endloop
  endfacet
  facet normal -1 0 0
    outer loop
      vertex -0.5 -0.703561 19.6038
      vertex -0.5 2.37395 26.0148
      vertex -0.5 -0.464918 19.8076
    endloop
  endfacet
  facet normal -1 0 0
    outer loop
      vertex -0.5 2.37395 26.0148
      vertex -0.5 -1 39
      vertex -0.5 1.04468 37
    endloop
  endfacet
  facet normal -1 -0 0
    outer loop
      vertex -0.5 2.37395 26.0148
      vertex -0.5 -0.703561 19.6038
      vertex -0.5 -1 39
    endloop
  endfacet
  facet normal -1 0 0
    outer loop
      vertex -0.5 -1 39
      vertex -0.5 -0.703561 19.6038
      vertex -0.5 -0.907382 19.3651
    endloop
  endfacet
  facet normal -1 0 0
    outer loop
      vertex -0.5 1.04468 37
      vertex -0.5 -1 39
      vertex -0.5 1.04468 38.5654
    endloop
  endfacet
  facet normal -1 0 0
    outer loop
      vertex -0.5 -1.07136 19.0976
      vertex -0.5 -1 39
      vertex -0.5 -0.907382 19.3651
    endloop
  endfacet
  facet normal -1 0 0
    outer loop
      vertex -0.5 -1.19146 18.8076
      vertex -0.5 -1 39
      vertex -0.5 -1.07136 19.0976
    endloop
  endfacet
  facet normal -1 0 0
    outer loop
      vertex -0.5 -1.26472 18.5024
      vertex -0.5 -1 39
      vertex -0.5 -1.19146 18.8076
    endloop
  endfacet
  facet normal -1 0 0
    outer loop
      vertex -0.5 -9.31647 -0.125904
      vertex -0.5 -1.26472 18.5024
      vertex -0.5 -1.28935 18.1896
    endloop
  endfacet
  facet normal -1 -0 0
    outer loop
      vertex -0.5 -1.26472 17.8767
      vertex -0.5 -9.31647 -0.125904
      vertex -0.5 -1.28935 18.1896
    endloop
  endfacet
  facet normal -1 -0 0
    outer loop
      vertex -0.5 -1.26472 18.5024
      vertex -0.5 -9.31647 -0.125904
      vertex -0.5 -1 39
    endloop
  endfacet
  facet normal -0 -0.207911 -0.978148
    outer loop
      vertex 3 -9.31647 -0.125904
      vertex -0.5 -9.31647 -0.125904
      vertex 3 -7.36017 -0.541727
    endloop
  endfacet
  facet normal 0 -0.207911 -0.978148
    outer loop
      vertex 182.035 -7.36017 -0.541727
      vertex 191.9 -9.31647 -0.125904
      vertex 182.035 -9.31647 -0.125904
    endloop
  endfacet
  facet normal 2.89013e-08 -0.207911 -0.978148
    outer loop
      vertex 191.9 -9.31647 -0.125904
      vertex 182.035 -7.36017 -0.541727
      vertex 191.9 -3.44758 -1.37337
    endloop
  endfacet
  facet normal 0 -0.207911 -0.978148
    outer loop
      vertex 135.7 -7.36017 -0.541727
      vertex 191.9 -3.44758 -1.37337
      vertex 182.035 -7.36017 -0.541727
    endloop
  endfacet
  facet normal 0 -0.207911 -0.978148
    outer loop
      vertex 133.7 -7.36017 -0.541727
      vertex 191.9 -3.44758 -1.37337
      vertex 135.7 -7.36017 -0.541727
    endloop
  endfacet
  facet normal 0 -0.207911 -0.978148
    outer loop
      vertex 72.8 -7.36017 -0.541727
      vertex 191.9 -3.44758 -1.37337
      vertex 133.7 -7.36017 -0.541727
    endloop
  endfacet
  facet normal 0 -0.207911 -0.978148
    outer loop
      vertex -0.5 -3.44758 -1.37337
      vertex 72.8 -7.36017 -0.541727
      vertex 70.8 -7.36017 -0.541727
    endloop
  endfacet
  facet normal 0 -0.207911 -0.978148
    outer loop
      vertex -0.5 -3.44758 -1.37337
      vertex 70.8 -7.36017 -0.541727
      vertex 3 -7.36017 -0.541727
    endloop
  endfacet
  facet normal 0 -0.207911 -0.978148
    outer loop
      vertex 72.8 -7.36017 -0.541727
      vertex -0.5 -3.44758 -1.37337
      vertex 191.9 -3.44758 -1.37337
    endloop
  endfacet
  facet normal -8.14604e-08 -0.207911 -0.978148
    outer loop
      vertex -0.5 -3.44758 -1.37337
      vertex 3 -7.36017 -0.541727
      vertex -0.5 -9.31647 -0.125904
    endloop
  endfacet
  facet normal 0 0.208051 0.978118
    outer loop
      vertex 20.805 1.04468 38.5654
      vertex 3 0.956295 38.5842
      vertex 20.805 0.956295 38.5842
    endloop
  endfacet
  facet normal -0 0.208051 0.978118
    outer loop
      vertex -0.5 1.04468 38.5654
      vertex 3 0.956295 38.5842
      vertex 20.805 1.04468 38.5654
    endloop
  endfacet
  facet normal -3.80837e-06 0.207907 0.978149
    outer loop
      vertex -0.5 -1 39
      vertex 3 0.956295 38.5842
      vertex -0.5 1.04468 38.5654
    endloop
  endfacet
  facet normal 0 0.207901 0.97815
    outer loop
      vertex 3 0.956295 38.5842
      vertex -0.5 -1 39
      vertex 3 -1 39
    endloop
  endfacet
  facet normal 1.35117e-06 0.207907 0.978149
    outer loop
      vertex 191.9 1.04468 38.5654
      vertex 182.035 0.956295 38.5842
      vertex 191.9 -1 39
    endloop
  endfacet
  facet normal -0 0.208051 0.978118
    outer loop
      vertex 135.727 1.04468 38.5654
      vertex 182.035 0.956295 38.5842
      vertex 191.9 1.04468 38.5654
    endloop
  endfacet
  facet normal 0.571421 -0 0.820657
    outer loop
      vertex 135.7 0.956295 38.5842
      vertex 135.727 1.04468 38.5654
      vertex 135.7 0.956305 38.5842
    endloop
  endfacet
  facet normal 0 0.208051 0.978118
    outer loop
      vertex 135.727 1.04468 38.5654
      vertex 135.7 0.956295 38.5842
      vertex 182.035 0.956295 38.5842
    endloop
  endfacet
  facet normal -0 0 1
    outer loop
      vertex 133.7 0.956305 38.5842
      vertex 135.7 0.956295 38.5842
      vertex 135.7 0.956305 38.5842
    endloop
  endfacet
  facet normal 0 0 1
    outer loop
      vertex 133.7 0.956305 38.5842
      vertex 133.7 0.956295 38.5842
      vertex 135.7 0.956295 38.5842
    endloop
  endfacet
  facet normal -0.571421 0 0.820657
    outer loop
      vertex 133.673 1.04468 38.5654
      vertex 133.7 0.956295 38.5842
      vertex 133.7 0.956305 38.5842
    endloop
  endfacet
  facet normal -0 0.208051 0.978118
    outer loop
      vertex 72.8267 1.04468 38.5654
      vertex 133.7 0.956295 38.5842
      vertex 133.673 1.04468 38.5654
    endloop
  endfacet
  facet normal 0.575721 -0 0.817646
    outer loop
      vertex 72.8 0.956295 38.5842
      vertex 72.8267 1.04468 38.5654
      vertex 72.8 0.956305 38.5842
    endloop
  endfacet
  facet normal 0 0.208051 0.978118
    outer loop
      vertex 72.8267 1.04468 38.5654
      vertex 72.8 0.956295 38.5842
      vertex 133.7 0.956295 38.5842
    endloop
  endfacet
  facet normal 0 0 1
    outer loop
      vertex 72.8 0.956305 38.5842
      vertex 70.8 0.956295 38.5842
      vertex 72.8 0.956295 38.5842
    endloop
  endfacet
  facet normal -0 0 1
    outer loop
      vertex 70.8 0.956305 38.5842
      vertex 70.8 0.956295 38.5842
      vertex 72.8 0.956305 38.5842
    endloop
  endfacet
  facet normal 0 0.208051 0.978118
    outer loop
      vertex 47.805 0.956295 38.5842
      vertex 70.7733 1.04468 38.5654
      vertex 47.805 1.04468 38.5654
    endloop
  endfacet
  facet normal -9.04866e-08 0.208074 0.978113
    outer loop
      vertex 70.7733 1.04468 38.5654
      vertex 47.805 0.956295 38.5842
      vertex 70.8 0.956305 38.5842
    endloop
  endfacet
  facet normal 0 0 1
    outer loop
      vertex 70.8 0.956305 38.5842
      vertex 47.805 0.956295 38.5842
      vertex 70.8 0.956295 38.5842
    endloop
  endfacet
  facet normal 0 0.207901 0.97815
    outer loop
      vertex 191.9 -1 39
      vertex 182.035 0.956295 38.5842
      vertex 182.035 -1 39
    endloop
  endfacet
  facet normal -1 0 0
    outer loop
      vertex 182.035 -6.08373 5.46345
      vertex 182.035 -1 39
      vertex 182.035 0.956295 38.5842
    endloop
  endfacet
  facet normal -1 0 0
    outer loop
      vertex 182.035 -9.31647 -0.125904
      vertex 182.035 -6.08373 5.46345
      vertex 182.035 -6.5575 3.23457
    endloop
  endfacet
  facet normal -1 0 0
    outer loop
      vertex 182.035 -9.31647 -0.125904
      vertex 182.035 -6.5575 3.23457
      vertex 182.035 -7.36017 -0.541727
    endloop
  endfacet
  facet normal -1 -0 0
    outer loop
      vertex 182.035 -6.08373 5.46345
      vertex 182.035 -9.31647 -0.125904
      vertex 182.035 -1 39
    endloop
  endfacet
  facet normal -1.10981e-06 -0.978148 0.207911
    outer loop
      vertex 5.49159 -6.98801 1.20917
      vertex 3 -7.36017 -0.541727
      vertex 6 -6.99633 1.17003
    endloop
  endfacet
  facet normal -1.19714e-05 -0.978145 0.207926
    outer loop
      vertex 4.99569 -6.96325 1.32562
      vertex 3 -7.36017 -0.541727
      vertex 5.49159 -6.98801 1.20917
    endloop
  endfacet
  facet normal 1.06754e-05 -0.97815 0.207902
    outer loop
      vertex 4.52453 -6.92268 1.51652
      vertex 3 -7.36017 -0.541727
      vertex 4.99569 -6.96325 1.32562
    endloop
  endfacet
  facet normal 3.85858e-07 -0.978148 0.20791
    outer loop
      vertex 4.0897 -6.86728 1.77716
      vertex 3 -7.36017 -0.541727
      vertex 4.52453 -6.92268 1.51652
    endloop
  endfacet
  facet normal 2.35456e-06 -0.978148 0.207909
    outer loop
      vertex 3.7019 -6.79842 2.10113
      vertex 3 -7.36017 -0.541727
      vertex 4.0897 -6.86728 1.77716
    endloop
  endfacet
  facet normal -9.03951e-06 -0.978148 0.207912
    outer loop
      vertex 3.37069 -6.71779 2.48045
      vertex 3 -7.36017 -0.541727
      vertex 3.7019 -6.79842 2.10113
    endloop
  endfacet
  facet normal -1.17192e-05 -0.978148 0.207912
    outer loop
      vertex 3.10423 -6.62738 2.90578
      vertex 3 -7.36017 -0.541727
      vertex 3.37069 -6.71779 2.48045
    endloop
  endfacet
  facet normal -1.17778e-05 -0.978148 0.207912
    outer loop
      vertex 3 -7.36017 -0.541727
      vertex 3.10423 -6.62738 2.90578
      vertex 3 -6.57506 3.15192
    endloop
  endfacet
  facet normal -0.000239636 -0.978043 0.208405
    outer loop
      vertex 3 -7.36017 -0.541727
      vertex 7.22384 -6.94435 1.41457
      vertex 7.0043 -6.96325 1.32562
    endloop
  endfacet
  facet normal 3.01678e-05 -0.97816 0.207851
    outer loop
      vertex 3 -7.36017 -0.541727
      vertex 7.0043 -6.96325 1.32562
      vertex 6.50841 -6.98801 1.20917
    endloop
  endfacet
  facet normal 1.456e-06 -0.978149 0.207906
    outer loop
      vertex 3 -7.36017 -0.541727
      vertex 6.50841 -6.98801 1.20917
      vertex 6 -6.99633 1.17003
    endloop
  endfacet
  facet normal 0 -0.978148 0.20791
    outer loop
      vertex 7.22384 -6.94435 1.41457
      vertex 3 -7.36017 -0.541727
      vertex 70.8 -7.36017 -0.541727
    endloop
  endfacet
  facet normal 0 -0.978148 0.20791
    outer loop
      vertex 7.22384 -6.94435 1.41457
      vertex 70.8 -7.36017 -0.541727
      vertex 70.8 -6.94435 1.41457
    endloop
  endfacet
  facet normal 0 -0.978148 0.20791
    outer loop
      vertex 135.7 -7.36017 -0.541727
      vertex 177.776 -6.94435 1.41457
      vertex 135.7 -6.94435 1.41457
    endloop
  endfacet
  facet normal 3.08838e-06 -0.978161 0.207846
    outer loop
      vertex 177.776 -6.94435 1.41457
      vertex 135.7 -7.36017 -0.541727
      vertex 177.996 -6.96325 1.32562
    endloop
  endfacet
  facet normal 0 -0.978147 0.207913
    outer loop
      vertex 182.035 -7.36017 -0.541727
      vertex 177.996 -6.96325 1.32562
      vertex 135.7 -7.36017 -0.541727
    endloop
  endfacet
  facet normal -3.04216e-05 -0.978161 0.20785
    outer loop
      vertex 177.996 -6.96325 1.32562
      vertex 182.035 -7.36017 -0.541727
      vertex 178.492 -6.98801 1.20917
    endloop
  endfacet
  facet normal -4.14343e-05 -0.978148 0.20791
    outer loop
      vertex 181.896 -6.62738 2.90578
      vertex 182.035 -7.36017 -0.541727
      vertex 182.035 -6.5575 3.23457
    endloop
  endfacet
  facet normal 1.152e-05 -0.978148 0.207912
    outer loop
      vertex 181.629 -6.71779 2.48045
      vertex 182.035 -7.36017 -0.541727
      vertex 181.896 -6.62738 2.90578
    endloop
  endfacet
  facet normal 8.93959e-06 -0.978148 0.207912
    outer loop
      vertex 181.298 -6.79842 2.10113
      vertex 182.035 -7.36017 -0.541727
      vertex 181.629 -6.71779 2.48045
    endloop
  endfacet
  facet normal -2.3324e-06 -0.978148 0.207909
    outer loop
      vertex 180.91 -6.86728 1.77716
      vertex 182.035 -7.36017 -0.541727
      vertex 181.298 -6.79842 2.10113
    endloop
  endfacet
  facet normal -3.83014e-07 -0.978148 0.20791
    outer loop
      vertex 180.475 -6.92268 1.51652
      vertex 182.035 -7.36017 -0.541727
      vertex 180.91 -6.86728 1.77716
    endloop
  endfacet
  facet normal -1.06212e-05 -0.97815 0.207902
    outer loop
      vertex 180.004 -6.96325 1.32562
      vertex 182.035 -7.36017 -0.541727
      vertex 180.475 -6.92268 1.51652
    endloop
  endfacet
  facet normal 1.19271e-05 -0.978145 0.207926
    outer loop
      vertex 179.508 -6.98801 1.20917
      vertex 182.035 -7.36017 -0.541727
      vertex 180.004 -6.96325 1.32562
    endloop
  endfacet
  facet normal 1.10906e-06 -0.978148 0.207911
    outer loop
      vertex 179 -6.99633 1.17003
      vertex 182.035 -7.36017 -0.541727
      vertex 179.508 -6.98801 1.20917
    endloop
  endfacet
  facet normal -1.46001e-06 -0.978149 0.207906
    outer loop
      vertex 178.492 -6.98801 1.20917
      vertex 182.035 -7.36017 -0.541727
      vertex 179 -6.99633 1.17003
    endloop
  endfacet
  facet normal 0 -0.978148 0.20791
    outer loop
      vertex 3 0.956295 38.5842
      vertex 5 0.0206926 34.1825
      vertex 20.805 0.956295 38.5842
    endloop
  endfacet
  facet normal 3.56482e-06 -0.978148 0.207912
    outer loop
      vertex 3 -1.53865 26.8464
      vertex 5 0.0206926 34.1825
      vertex 3 0.956295 38.5842
    endloop
  endfacet
  facet normal 0 -0.978147 0.207913
    outer loop
      vertex 5 0.0206926 34.1825
      vertex 3 -1.53865 26.8464
      vertex 5 -1.53865 26.8464
    endloop
  endfacet
  facet normal 0 -0.978148 0.20791
    outer loop
      vertex 20.805 0.956295 38.5842
      vertex 5 0.0206926 34.1825
      vertex 20.805 0.0206926 34.1825
    endloop
  endfacet
  facet normal -0.000599289 -0.978149 0.207905
    outer loop
      vertex 135.704 0.559378 36.7168
      vertex 135.7 0.956295 38.5842
      vertex 135.7 0.559593 36.7178
    endloop
  endfacet
  facet normal -1.85995e-07 -0.978149 0.207906
    outer loop
      vertex 136.175 0.518802 36.5259
      vertex 135.7 0.956295 38.5842
      vertex 135.704 0.559378 36.7168
    endloop
  endfacet
  facet normal -2.94884e-05 -0.97815 0.2079
    outer loop
      vertex 136.61 0.4634 36.2653
      vertex 135.7 0.956295 38.5842
      vertex 136.175 0.518802 36.5259
    endloop
  endfacet
  facet normal 2.2458e-05 -0.978146 0.207919
    outer loop
      vertex 136.998 0.394538 35.9413
      vertex 135.7 0.956295 38.5842
      vertex 136.61 0.4634 36.2653
    endloop
  endfacet
  facet normal -3.75135e-05 -0.978152 0.207891
    outer loop
      vertex 137.329 0.313911 35.562
      vertex 135.7 0.956295 38.5842
      vertex 136.998 0.394538 35.9413
    endloop
  endfacet
  facet normal 0 -0.978148 0.20791
    outer loop
      vertex 135.7 0.956295 38.5842
      vertex 137.329 0.313911 35.562
      vertex 182.035 0.956295 38.5842
    endloop
  endfacet
  facet normal -1.09164e-06 -0.978145 0.207926
    outer loop
      vertex 137.596 0.223504 35.1367
      vertex 182.035 0.956295 38.5842
      vertex 137.329 0.313911 35.562
    endloop
  endfacet
  facet normal -1.18255e-07 -0.978151 0.207897
    outer loop
      vertex 180.035 0.0206926 34.1825
      vertex 137.596 0.223504 35.1367
      vertex 137.791 0.125544 34.6758
    endloop
  endfacet
  facet normal -1.43618e-07 -0.978151 0.207895
    outer loop
      vertex 180.035 0.0206926 34.1825
      vertex 137.791 0.125544 34.6758
      vertex 137.91 0.0224416 34.1907
    endloop
  endfacet
  facet normal 0 -0.978001 0.2086
    outer loop
      vertex 180.035 0.0206926 34.1825
      vertex 137.91 0.0224416 34.1907
      vertex 137.911 0.0206926 34.1825
    endloop
  endfacet
  facet normal 1.91111e-07 -0.978148 0.20791
    outer loop
      vertex 137.596 0.223504 35.1367
      vertex 180.035 0.0206926 34.1825
      vertex 182.035 0.956295 38.5842
    endloop
  endfacet
  facet normal 6.40702e-06 -0.978148 0.207912
    outer loop
      vertex 180.475 -5.71855 7.1815
      vertex 180.035 0.0206926 34.1825
      vertex 180.035 -5.68062 7.35996
    endloop
  endfacet
  facet normal 1.74855e-06 -0.978148 0.207912
    outer loop
      vertex 180.91 -5.77395 6.92086
      vertex 180.035 0.0206926 34.1825
      vertex 180.475 -5.71855 7.1815
    endloop
  endfacet
  facet normal 5.11523e-06 -0.978148 0.207912
    outer loop
      vertex 181.298 -5.84281 6.59689
      vertex 180.035 0.0206926 34.1825
      vertex 180.91 -5.77395 6.92086
    endloop
  endfacet
  facet normal -9.48872e-06 -0.978148 0.207911
    outer loop
      vertex 181.629 -5.92344 6.21757
      vertex 180.035 0.0206926 34.1825
      vertex 181.298 -5.84281 6.59689
    endloop
  endfacet
  facet normal -1.31698e-05 -0.978148 0.207911
    outer loop
      vertex 181.896 -6.01385 5.79224
      vertex 180.035 0.0206926 34.1825
      vertex 181.629 -5.92344 6.21757
    endloop
  endfacet
  facet normal -3.77531e-06 -0.978148 0.207912
    outer loop
      vertex 180.035 0.0206926 34.1825
      vertex 181.896 -6.01385 5.79224
      vertex 182.035 0.956295 38.5842
    endloop
  endfacet
  facet normal 4.50024e-05 -0.978148 0.207911
    outer loop
      vertex 182.035 0.956295 38.5842
      vertex 181.896 -6.01385 5.79224
      vertex 182.035 -6.08373 5.46345
    endloop
  endfacet
  facet normal 0 -0.978148 0.20791
    outer loop
      vertex 69.1707 0.313911 35.562
      vertex 70.8 0.956295 38.5842
      vertex 47.805 0.956295 38.5842
    endloop
  endfacet
  facet normal 0.000557478 -0.978149 0.207905
    outer loop
      vertex 70.8 0.956295 38.5842
      vertex 70.7957 0.559378 36.7168
      vertex 70.8 0.559593 36.7178
    endloop
  endfacet
  facet normal 1.85928e-07 -0.978149 0.207906
    outer loop
      vertex 70.8 0.956295 38.5842
      vertex 70.3245 0.518802 36.5259
      vertex 70.7957 0.559378 36.7168
    endloop
  endfacet
  facet normal 2.95092e-05 -0.97815 0.2079
    outer loop
      vertex 70.8 0.956295 38.5842
      vertex 69.8897 0.4634 36.2653
      vertex 70.3245 0.518802 36.5259
    endloop
  endfacet
  facet normal -2.24788e-05 -0.978146 0.207919
    outer loop
      vertex 70.8 0.956295 38.5842
      vertex 69.5019 0.394538 35.9413
      vertex 69.8897 0.4634 36.2653
    endloop
  endfacet
  facet normal 3.74654e-05 -0.978152 0.207891
    outer loop
      vertex 70.8 0.956295 38.5842
      vertex 69.1707 0.313911 35.562
      vertex 69.5019 0.394538 35.9413
    endloop
  endfacet
  facet normal 2.18724e-06 -0.978145 0.207925
    outer loop
      vertex 47.805 0.956295 38.5842
      vertex 68.9042 0.223504 35.1367
      vertex 69.1707 0.313911 35.562
    endloop
  endfacet
  facet normal -2.47161e-06 -0.978151 0.207898
    outer loop
      vertex 47.805 0.956295 38.5842
      vertex 68.7091 0.125544 34.6758
      vertex 68.9042 0.223504 35.1367
    endloop
  endfacet
  facet normal -2.94107e-06 -0.978151 0.207895
    outer loop
      vertex 47.805 0.956295 38.5842
      vertex 68.59 0.0224416 34.1907
      vertex 68.7091 0.125544 34.6758
    endloop
  endfacet
  facet normal 2.8475e-07 -0.978148 0.20791
    outer loop
      vertex 47.805 0.0206926 34.1825
      vertex 68.59 0.0224416 34.1907
      vertex 47.805 0.956295 38.5842
    endloop
  endfacet
  facet normal 0 -0.978001 0.2086
    outer loop
      vertex 68.59 0.0224416 34.1907
      vertex 47.805 0.0206926 34.1825
      vertex 68.5893 0.0206926 34.1825
    endloop
  endfacet
  facet normal -0.000557478 -0.978149 0.207905
    outer loop
      vertex 72.8043 0.559378 36.7168
      vertex 72.8 0.956295 38.5842
      vertex 72.8 0.559593 36.7178
    endloop
  endfacet
  facet normal -1.85928e-07 -0.978149 0.207906
    outer loop
      vertex 73.2755 0.518802 36.5259
      vertex 72.8 0.956295 38.5842
      vertex 72.8043 0.559378 36.7168
    endloop
  endfacet
  facet normal -2.95092e-05 -0.97815 0.2079
    outer loop
      vertex 73.7103 0.4634 36.2653
      vertex 72.8 0.956295 38.5842
      vertex 73.2755 0.518802 36.5259
    endloop
  endfacet
  facet normal 0.000599289 -0.978149 0.207905
    outer loop
      vertex 133.7 0.956295 38.5842
      vertex 133.696 0.559378 36.7168
      vertex 133.7 0.559593 36.7178
    endloop
  endfacet
  facet normal 2.24788e-05 -0.978146 0.207919
    outer loop
      vertex 74.0981 0.394538 35.9413
      vertex 72.8 0.956295 38.5842
      vertex 73.7103 0.4634 36.2653
    endloop
  endfacet
  facet normal 1.85995e-07 -0.978149 0.207906
    outer loop
      vertex 133.7 0.956295 38.5842
      vertex 133.225 0.518802 36.5259
      vertex 133.696 0.559378 36.7168
    endloop
  endfacet
  facet normal -3.74654e-05 -0.978152 0.207891
    outer loop
      vertex 74.4293 0.313911 35.562
      vertex 72.8 0.956295 38.5842
      vertex 74.0981 0.394538 35.9413
    endloop
  endfacet
  facet normal 2.94884e-05 -0.97815 0.2079
    outer loop
      vertex 133.7 0.956295 38.5842
      vertex 132.79 0.4634 36.2653
      vertex 133.225 0.518802 36.5259
    endloop
  endfacet
  facet normal 0 -0.978148 0.20791
    outer loop
      vertex 72.8 0.956295 38.5842
      vertex 74.4293 0.313911 35.562
      vertex 133.7 0.956295 38.5842
    endloop
  endfacet
  facet normal -2.2458e-05 -0.978146 0.207919
    outer loop
      vertex 133.7 0.956295 38.5842
      vertex 132.402 0.394538 35.9413
      vertex 132.79 0.4634 36.2653
    endloop
  endfacet
  facet normal 0 -0.978148 0.20791
    outer loop
      vertex 132.071 0.313911 35.562
      vertex 133.7 0.956295 38.5842
      vertex 74.4293 0.313911 35.562
    endloop
  endfacet
  facet normal 3.75135e-05 -0.978152 0.207891
    outer loop
      vertex 133.7 0.956295 38.5842
      vertex 132.071 0.313911 35.562
      vertex 132.402 0.394538 35.9413
    endloop
  endfacet
  facet normal 0 -0.978144 0.207926
    outer loop
      vertex 74.6958 0.223504 35.1367
      vertex 132.071 0.313911 35.562
      vertex 74.4293 0.313911 35.562
    endloop
  endfacet
  facet normal 0 -0.978144 0.207926
    outer loop
      vertex 74.6958 0.223504 35.1367
      vertex 131.804 0.223504 35.1367
      vertex 132.071 0.313911 35.562
    endloop
  endfacet
  facet normal 0 -0.978151 0.207897
    outer loop
      vertex 74.8909 0.125544 34.6758
      vertex 131.804 0.223504 35.1367
      vertex 74.6958 0.223504 35.1367
    endloop
  endfacet
  facet normal 0 -0.978151 0.207897
    outer loop
      vertex 74.8909 0.125544 34.6758
      vertex 131.609 0.125544 34.6758
      vertex 131.804 0.223504 35.1367
    endloop
  endfacet
  facet normal 0 -0.978151 0.207895
    outer loop
      vertex 75.01 0.0224416 34.1907
      vertex 131.609 0.125544 34.6758
      vertex 74.8909 0.125544 34.6758
    endloop
  endfacet
  facet normal 0 -0.978151 0.207895
    outer loop
      vertex 75.01 0.0224416 34.1907
      vertex 131.49 0.0224416 34.1907
      vertex 131.609 0.125544 34.6758
    endloop
  endfacet
  facet normal 0 -0.978001 0.2086
    outer loop
      vertex 75.0107 0.0206926 34.1825
      vertex 131.49 0.0224416 34.1907
      vertex 75.01 0.0224416 34.1907
    endloop
  endfacet
  facet normal 0 -0.978001 0.2086
    outer loop
      vertex 131.49 0.0224416 34.1907
      vertex 75.0107 0.0206926 34.1825
      vertex 131.489 0.0206926 34.1825
    endloop
  endfacet
  facet normal -1.63305e-06 -0.978148 0.20791
    outer loop
      vertex 70.8 0.214741 35.0954
      vertex 70.7957 0.559378 36.7168
      vertex 70.3245 0.518802 36.5259
    endloop
  endfacet
  facet normal 1.87059e-05 -0.978146 0.207917
    outer loop
      vertex 70.8 0.214741 35.0954
      vertex 70.3245 0.518802 36.5259
      vertex 69.8897 0.4634 36.2653
    endloop
  endfacet
  facet normal -7.14722e-06 -0.97815 0.207902
    outer loop
      vertex 70.5626 0.174014 34.9038
      vertex 69.8897 0.4634 36.2653
      vertex 69.5019 0.394538 35.9413
    endloop
  endfacet
  facet normal 3.75374e-06 -0.978146 0.207919
    outer loop
      vertex 70.3842 0.1306 34.6996
      vertex 69.5019 0.394538 35.9413
      vertex 69.1707 0.313911 35.562
    endloop
  endfacet
  facet normal 5.41544e-06 -0.978145 0.207923
    outer loop
      vertex 70.2407 0.0819193 34.4706
      vertex 69.1707 0.313911 35.562
      vertex 68.9042 0.223504 35.1367
    endloop
  endfacet
  facet normal -3.27193e-05 -0.978152 0.20789
    outer loop
      vertex 69.8897 0.4634 36.2653
      vertex 70.5626 0.174014 34.9038
      vertex 70.7714 0.211094 35.0783
    endloop
  endfacet
  facet normal 0.000555791 -0.978147 0.207912
    outer loop
      vertex 70.7957 0.559378 36.7168
      vertex 70.8 0.214741 35.0954
      vertex 70.8 0.559593 36.7178
    endloop
  endfacet
  facet normal 0.000290415 -0.978103 0.208119
    outer loop
      vertex 69.8897 0.4634 36.2653
      vertex 70.7714 0.211094 35.0783
      vertex 70.8 0.214741 35.0954
    endloop
  endfacet
  facet normal 2.6845e-05 -0.978143 0.207935
    outer loop
      vertex 69.5019 0.394538 35.9413
      vertex 70.3842 0.1306 34.6996
      vertex 70.5626 0.174014 34.9038
    endloop
  endfacet
  facet normal -4.14286e-06 -0.97815 0.207899
    outer loop
      vertex 70.1357 0.0291712 34.2224
      vertex 68.9042 0.223504 35.1367
      vertex 68.7091 0.125544 34.6758
    endloop
  endfacet
  facet normal 9.78198e-06 -0.978144 0.207927
    outer loop
      vertex 69.1707 0.313911 35.562
      vertex 70.2407 0.0819193 34.4706
      vertex 70.3842 0.1306 34.6996
    endloop
  endfacet
  facet normal -1.41566e-05 -0.978153 0.207886
    outer loop
      vertex 68.9042 0.223504 35.1367
      vertex 70.1357 0.0291712 34.2224
      vertex 70.2407 0.0819193 34.4706
    endloop
  endfacet
  facet normal -5.86868e-06 -0.978151 0.207896
    outer loop
      vertex 70.0715 -0.0263452 33.9612
      vertex 68.7091 0.125544 34.6758
      vertex 68.59 0.0224416 34.1907
    endloop
  endfacet
  facet normal 0.000106766 -0.978003 0.208592
    outer loop
      vertex 70.0715 -0.0263452 33.9612
      vertex 68.59 0.0224416 34.1907
      vertex 68.5893 0.0206926 34.1825
    endloop
  endfacet
  facet normal -3.50515e-06 -0.97815 0.2079
    outer loop
      vertex 68.7091 0.125544 34.6758
      vertex 70.0715 -0.0263452 33.9612
      vertex 70.1357 0.0291712 34.2224
    endloop
  endfacet
  facet normal 0 -0.97815 0.207901
    outer loop
      vertex 70.05 -0.0832633 33.6934
      vertex 68.5893 0.0206926 34.1825
      vertex 68.55 -0.0832633 33.6934
    endloop
  endfacet
  facet normal -1.81976e-06 -0.978151 0.207896
    outer loop
      vertex 68.5893 0.0206926 34.1825
      vertex 70.05 -0.0832633 33.6934
      vertex 70.0715 -0.0263452 33.9612
    endloop
  endfacet
  facet normal 0 -0.978135 0.207969
    outer loop
      vertex 68.55 -0.0832633 33.6934
      vertex 70.0715 -0.140181 33.4257
      vertex 70.05 -0.0832633 33.6934
    endloop
  endfacet
  facet normal -1.05219e-05 -0.978148 0.207911
    outer loop
      vertex 68.59 -0.188968 33.1961
      vertex 70.0715 -0.140181 33.4257
      vertex 68.55 -0.0832633 33.6934
    endloop
  endfacet
  facet normal -1.38015e-05 -0.978143 0.207932
    outer loop
      vertex 68.7091 -0.29207 32.7111
      vertex 70.0715 -0.140181 33.4257
      vertex 68.59 -0.188968 33.1961
    endloop
  endfacet
  facet normal 2.334e-06 -0.97815 0.207902
    outer loop
      vertex 70.0715 -0.140181 33.4257
      vertex 68.7091 -0.29207 32.7111
      vertex 70.1357 -0.195698 33.1645
    endloop
  endfacet
  facet normal 3.65939e-06 -0.97815 0.207898
    outer loop
      vertex 68.9042 -0.39003 32.2502
      vertex 70.1357 -0.195698 33.1645
      vertex 68.7091 -0.29207 32.7111
    endloop
  endfacet
  facet normal 1.38957e-05 -0.978153 0.207885
    outer loop
      vertex 70.1357 -0.195698 33.1645
      vertex 68.9042 -0.39003 32.2502
      vertex 70.2407 -0.248446 32.9163
    endloop
  endfacet
  facet normal -5.80583e-06 -0.978145 0.207923
    outer loop
      vertex 69.1707 -0.480437 31.8249
      vertex 70.2407 -0.248446 32.9163
      vertex 68.9042 -0.39003 32.2502
    endloop
  endfacet
  facet normal -8.31182e-06 -0.978145 0.207925
    outer loop
      vertex 70.2407 -0.248446 32.9163
      vertex 69.1707 -0.480437 31.8249
      vertex 70.3842 -0.297126 32.6873
    endloop
  endfacet
  facet normal -3.75374e-06 -0.978146 0.207919
    outer loop
      vertex 69.5019 -0.561064 31.4456
      vertex 70.3842 -0.297126 32.6873
      vertex 69.1707 -0.480437 31.8249
    endloop
  endfacet
  facet normal 3.43956e-05 -0.978152 0.207893
    outer loop
      vertex 70.3842 -0.297126 32.6873
      vertex 69.5019 -0.561064 31.4456
      vertex 70.5626 -0.340541 32.483
    endloop
  endfacet
  facet normal 1.43919e-05 -0.978147 0.207913
    outer loop
      vertex 69.8897 -0.629927 31.1216
      vertex 70.5626 -0.340541 32.483
      vertex 69.5019 -0.561064 31.4456
    endloop
  endfacet
  facet normal -2.54079e-05 -0.978143 0.207932
    outer loop
      vertex 70.5626 -0.340541 32.483
      vertex 69.8897 -0.629927 31.1216
      vertex 70.7714 -0.37762 32.3086
    endloop
  endfacet
  facet normal -3.98315e-05 -0.978146 0.207917
    outer loop
      vertex 70.7714 -0.37762 32.3086
      vertex 70.3245 -0.685328 30.8609
      vertex 71.0055 -0.407452 32.1683
    endloop
  endfacet
  facet normal 2.02561e-05 -0.97815 0.207899
    outer loop
      vertex 70.3245 -0.685328 30.8609
      vertex 70.7714 -0.37762 32.3086
      vertex 69.8897 -0.629927 31.1216
    endloop
  endfacet
  facet normal -0.000555791 -0.978147 0.207912
    outer loop
      vertex 72.8 0.214741 35.0954
      vertex 72.8043 0.559378 36.7168
      vertex 72.8 0.559593 36.7178
    endloop
  endfacet
  facet normal 1.63305e-06 -0.978148 0.20791
    outer loop
      vertex 72.8043 0.559378 36.7168
      vertex 72.8 0.214741 35.0954
      vertex 73.2755 0.518802 36.5259
    endloop
  endfacet
  facet normal -1.87059e-05 -0.978146 0.207917
    outer loop
      vertex 73.2755 0.518802 36.5259
      vertex 72.8 0.214741 35.0954
      vertex 73.7103 0.4634 36.2653
    endloop
  endfacet
  facet normal -0.000290415 -0.978103 0.208119
    outer loop
      vertex 72.8286 0.211094 35.0783
      vertex 73.7103 0.4634 36.2653
      vertex 72.8 0.214741 35.0954
    endloop
  endfacet
  facet normal 7.14722e-06 -0.97815 0.207902
    outer loop
      vertex 73.7103 0.4634 36.2653
      vertex 73.0374 0.174014 34.9038
      vertex 74.0981 0.394538 35.9413
    endloop
  endfacet
  facet normal 3.27193e-05 -0.978152 0.20789
    outer loop
      vertex 73.0374 0.174014 34.9038
      vertex 73.7103 0.4634 36.2653
      vertex 72.8286 0.211094 35.0783
    endloop
  endfacet
  facet normal -2.6845e-05 -0.978143 0.207935
    outer loop
      vertex 73.2158 0.1306 34.6996
      vertex 74.0981 0.394538 35.9413
      vertex 73.0374 0.174014 34.9038
    endloop
  endfacet
  facet normal -3.75374e-06 -0.978146 0.207919
    outer loop
      vertex 74.0981 0.394538 35.9413
      vertex 73.2158 0.1306 34.6996
      vertex 74.4293 0.313911 35.562
    endloop
  endfacet
  facet normal -9.78198e-06 -0.978144 0.207927
    outer loop
      vertex 73.3593 0.0819193 34.4706
      vertex 74.4293 0.313911 35.562
      vertex 73.2158 0.1306 34.6996
    endloop
  endfacet
  facet normal -5.41544e-06 -0.978145 0.207923
    outer loop
      vertex 74.4293 0.313911 35.562
      vertex 73.3593 0.0819193 34.4706
      vertex 74.6958 0.223504 35.1367
    endloop
  endfacet
  facet normal 1.41566e-05 -0.978153 0.207886
    outer loop
      vertex 73.4643 0.0291712 34.2224
      vertex 74.6958 0.223504 35.1367
      vertex 73.3593 0.0819193 34.4706
    endloop
  endfacet
  facet normal 4.14286e-06 -0.97815 0.207899
    outer loop
      vertex 74.6958 0.223504 35.1367
      vertex 73.4643 0.0291712 34.2224
      vertex 74.8909 0.125544 34.6758
    endloop
  endfacet
  facet normal 3.50515e-06 -0.97815 0.2079
    outer loop
      vertex 73.5285 -0.0263452 33.9612
      vertex 74.8909 0.125544 34.6758
      vertex 73.4643 0.0291712 34.2224
    endloop
  endfacet
  facet normal 5.86868e-06 -0.978151 0.207896
    outer loop
      vertex 74.8909 0.125544 34.6758
      vertex 73.5285 -0.0263452 33.9612
      vertex 75.01 0.0224416 34.1907
    endloop
  endfacet
  facet normal -0.000106766 -0.978003 0.208592
    outer loop
      vertex 75.01 0.0224416 34.1907
      vertex 73.5285 -0.0263452 33.9612
      vertex 75.0107 0.0206926 34.1825
    endloop
  endfacet
  facet normal 1.81976e-06 -0.978151 0.207896
    outer loop
      vertex 73.55 -0.0832633 33.6934
      vertex 75.0107 0.0206926 34.1825
      vertex 73.5285 -0.0263452 33.9612
    endloop
  endfacet
  facet normal 0 -0.97815 0.207901
    outer loop
      vertex 73.55 -0.0832633 33.6934
      vertex 75.05 -0.0832633 33.6934
      vertex 75.0107 0.0206926 34.1825
    endloop
  endfacet
  facet normal 0 -0.978135 0.207969
    outer loop
      vertex 73.5285 -0.140181 33.4257
      vertex 75.05 -0.0832633 33.6934
      vertex 73.55 -0.0832633 33.6934
    endloop
  endfacet
  facet normal 1.05219e-05 -0.978148 0.207911
    outer loop
      vertex 73.5285 -0.140181 33.4257
      vertex 75.01 -0.188968 33.1961
      vertex 75.05 -0.0832633 33.6934
    endloop
  endfacet
  facet normal -2.334e-06 -0.97815 0.207902
    outer loop
      vertex 74.8909 -0.29207 32.7111
      vertex 73.5285 -0.140181 33.4257
      vertex 73.4643 -0.195698 33.1645
    endloop
  endfacet
  facet normal -1.38957e-05 -0.978153 0.207885
    outer loop
      vertex 74.6958 -0.39003 32.2502
      vertex 73.4643 -0.195698 33.1645
      vertex 73.3593 -0.248446 32.9163
    endloop
  endfacet
  facet normal 1.38015e-05 -0.978143 0.207932
    outer loop
      vertex 73.5285 -0.140181 33.4257
      vertex 74.8909 -0.29207 32.7111
      vertex 75.01 -0.188968 33.1961
    endloop
  endfacet
  facet normal 8.31182e-06 -0.978145 0.207925
    outer loop
      vertex 74.4293 -0.480437 31.8249
      vertex 73.3593 -0.248446 32.9163
      vertex 73.2158 -0.297126 32.6873
    endloop
  endfacet
  facet normal -3.43956e-05 -0.978152 0.207893
    outer loop
      vertex 74.0981 -0.561064 31.4456
      vertex 73.2158 -0.297126 32.6873
      vertex 73.0374 -0.340541 32.483
    endloop
  endfacet
  facet normal 2.54079e-05 -0.978143 0.207932
    outer loop
      vertex 73.7103 -0.629927 31.1216
      vertex 73.0374 -0.340541 32.483
      vertex 72.8286 -0.37762 32.3086
    endloop
  endfacet
  facet normal -3.65939e-06 -0.97815 0.207898
    outer loop
      vertex 73.4643 -0.195698 33.1645
      vertex 74.6958 -0.39003 32.2502
      vertex 74.8909 -0.29207 32.7111
    endloop
  endfacet
  facet normal 3.98315e-05 -0.978146 0.207917
    outer loop
      vertex 73.2755 -0.685328 30.8609
      vertex 72.8286 -0.37762 32.3086
      vertex 72.5945 -0.407452 32.1683
    endloop
  endfacet
  facet normal -1.23923e-06 -0.97815 0.207898
    outer loop
      vertex 72.8043 -0.725904 30.67
      vertex 72.5945 -0.407452 32.1683
      vertex 72.3408 -0.429301 32.0655
    endloop
  endfacet
  facet normal 5.02497e-06 -0.97815 0.207902
    outer loop
      vertex 72.8 -0.726119 30.669
      vertex 72.3408 -0.429301 32.0655
      vertex 72.0738 -0.442629 32.0028
    endloop
  endfacet
  facet normal 5.80583e-06 -0.978145 0.207923
    outer loop
      vertex 73.3593 -0.248446 32.9163
      vertex 74.4293 -0.480437 31.8249
      vertex 74.6958 -0.39003 32.2502
    endloop
  endfacet
  facet normal -1.59762e-05 -0.978152 0.207891
    outer loop
      vertex 72.8 -0.726119 30.669
      vertex 72.0738 -0.442629 32.0028
      vertex 71.8 -0.447109 31.9817
    endloop
  endfacet
  facet normal -3.32234e-06 -0.97815 0.207899
    outer loop
      vertex 70.7957 -0.725904 30.67
      vertex 71.0055 -0.407452 32.1683
      vertex 70.3245 -0.685328 30.8609
    endloop
  endfacet
  facet normal 1.23923e-06 -0.97815 0.207898
    outer loop
      vertex 71.0055 -0.407452 32.1683
      vertex 70.7957 -0.725904 30.67
      vertex 71.2592 -0.429301 32.0655
    endloop
  endfacet
  facet normal 3.75374e-06 -0.978146 0.207919
    outer loop
      vertex 73.2158 -0.297126 32.6873
      vertex 74.0981 -0.561064 31.4456
      vertex 74.4293 -0.480437 31.8249
    endloop
  endfacet
  facet normal -0.000518931 -0.978115 0.208063
    outer loop
      vertex 70.8 -0.726119 30.669
      vertex 71.2592 -0.429301 32.0655
      vertex 70.7957 -0.725904 30.67
    endloop
  endfacet
  facet normal -1.43919e-05 -0.978147 0.207913
    outer loop
      vertex 73.0374 -0.340541 32.483
      vertex 73.7103 -0.629927 31.1216
      vertex 74.0981 -0.561064 31.4456
    endloop
  endfacet
  facet normal -5.02497e-06 -0.97815 0.207902
    outer loop
      vertex 71.2592 -0.429301 32.0655
      vertex 70.8 -0.726119 30.669
      vertex 71.5262 -0.442629 32.0028
    endloop
  endfacet
  facet normal -2.02561e-05 -0.97815 0.207899
    outer loop
      vertex 72.8286 -0.37762 32.3086
      vertex 73.2755 -0.685328 30.8609
      vertex 73.7103 -0.629927 31.1216
    endloop
  endfacet
  facet normal 1.59762e-05 -0.978152 0.207891
    outer loop
      vertex 71.5262 -0.442629 32.0028
      vertex 70.8 -0.726119 30.669
      vertex 71.8 -0.447109 31.9817
    endloop
  endfacet
  facet normal 0 -0.97815 0.207902
    outer loop
      vertex 72.8 -0.726119 30.669
      vertex 71.8 -0.447109 31.9817
      vertex 70.8 -0.726119 30.669
    endloop
  endfacet
  facet normal 0.000518931 -0.978115 0.208063
    outer loop
      vertex 72.3408 -0.429301 32.0655
      vertex 72.8 -0.726119 30.669
      vertex 72.8043 -0.725904 30.67
    endloop
  endfacet
  facet normal 3.32234e-06 -0.97815 0.207899
    outer loop
      vertex 72.5945 -0.407452 32.1683
      vertex 72.8043 -0.725904 30.67
      vertex 73.2755 -0.685328 30.8609
    endloop
  endfacet
  facet normal 0 -0.978148 0.207912
    outer loop
      vertex 70.8 -6.94435 1.41457
      vertex 72.8 -0.726119 30.669
      vertex 70.8 -0.726119 30.669
    endloop
  endfacet
  facet normal 0 -0.978148 0.207912
    outer loop
      vertex 70.8 -6.94435 1.41457
      vertex 72.8 -6.94435 1.41457
      vertex 72.8 -0.726119 30.669
    endloop
  endfacet
  facet normal 0 -0.978148 0.20791
    outer loop
      vertex 70.8 -7.36017 -0.541727
      vertex 72.8 -6.94435 1.41457
      vertex 70.8 -6.94435 1.41457
    endloop
  endfacet
  facet normal 0 -0.978148 0.20791
    outer loop
      vertex 72.8 -6.94435 1.41457
      vertex 70.8 -7.36017 -0.541727
      vertex 72.8 -7.36017 -0.541727
    endloop
  endfacet
  facet normal 0 -0.978148 0.20791
    outer loop
      vertex 72.8 -7.36017 -0.541727
      vertex 133.7 -6.94435 1.41457
      vertex 72.8 -6.94435 1.41457
    endloop
  endfacet
  facet normal 0 -0.978148 0.20791
    outer loop
      vertex 133.7 -6.94435 1.41457
      vertex 72.8 -7.36017 -0.541727
      vertex 133.7 -7.36017 -0.541727
    endloop
  endfacet
  facet normal -1.63387e-06 -0.978148 0.20791
    outer loop
      vertex 133.7 0.214741 35.0954
      vertex 133.696 0.559378 36.7168
      vertex 133.225 0.518802 36.5259
    endloop
  endfacet
  facet normal 1.8702e-05 -0.978146 0.207917
    outer loop
      vertex 133.7 0.214741 35.0954
      vertex 133.225 0.518802 36.5259
      vertex 132.79 0.4634 36.2653
    endloop
  endfacet
  facet normal -7.1443e-06 -0.97815 0.207902
    outer loop
      vertex 133.463 0.174014 34.9038
      vertex 132.79 0.4634 36.2653
      vertex 132.402 0.394538 35.9413
    endloop
  endfacet
  facet normal 3.75556e-06 -0.978146 0.207919
    outer loop
      vertex 133.284 0.1306 34.6996
      vertex 132.402 0.394538 35.9413
      vertex 132.071 0.313911 35.562
    endloop
  endfacet
  facet normal 5.41148e-06 -0.978145 0.207923
    outer loop
      vertex 133.141 0.0819193 34.4706
      vertex 132.071 0.313911 35.562
      vertex 131.804 0.223504 35.1367
    endloop
  endfacet
  facet normal -3.28069e-05 -0.978152 0.207889
    outer loop
      vertex 132.79 0.4634 36.2653
      vertex 133.463 0.174014 34.9038
      vertex 133.671 0.211094 35.0783
    endloop
  endfacet
  facet normal 0.000597475 -0.978147 0.207912
    outer loop
      vertex 133.696 0.559378 36.7168
      vertex 133.7 0.214741 35.0954
      vertex 133.7 0.559593 36.7178
    endloop
  endfacet
  facet normal 0.000287699 -0.978104 0.208117
    outer loop
      vertex 132.79 0.4634 36.2653
      vertex 133.671 0.211094 35.0783
      vertex 133.7 0.214741 35.0954
    endloop
  endfacet
  facet normal 2.67994e-05 -0.978143 0.207935
    outer loop
      vertex 132.402 0.394538 35.9413
      vertex 133.284 0.1306 34.6996
      vertex 133.463 0.174014 34.9038
    endloop
  endfacet
  facet normal -4.14209e-06 -0.97815 0.207899
    outer loop
      vertex 133.036 0.0291712 34.2224
      vertex 131.804 0.223504 35.1367
      vertex 131.609 0.125544 34.6758
    endloop
  endfacet
  facet normal 9.79529e-06 -0.978144 0.207927
    outer loop
      vertex 132.071 0.313911 35.562
      vertex 133.141 0.0819193 34.4706
      vertex 133.284 0.1306 34.6996
    endloop
  endfacet
  facet normal -1.41522e-05 -0.978153 0.207886
    outer loop
      vertex 131.804 0.223504 35.1367
      vertex 133.036 0.0291712 34.2224
      vertex 133.141 0.0819193 34.4706
    endloop
  endfacet
  facet normal -5.86695e-06 -0.978151 0.207896
    outer loop
      vertex 132.972 -0.0263452 33.9612
      vertex 131.609 0.125544 34.6758
      vertex 131.49 0.0224416 34.1907
    endloop
  endfacet
  facet normal 0.000106137 -0.978004 0.208588
    outer loop
      vertex 132.972 -0.0263452 33.9612
      vertex 131.49 0.0224416 34.1907
      vertex 131.489 0.0206926 34.1825
    endloop
  endfacet
  facet normal -3.50503e-06 -0.97815 0.2079
    outer loop
      vertex 131.609 0.125544 34.6758
      vertex 132.972 -0.0263452 33.9612
      vertex 133.036 0.0291712 34.2224
    endloop
  endfacet
  facet normal 0 -0.97815 0.207901
    outer loop
      vertex 132.95 -0.0832633 33.6934
      vertex 131.489 0.0206926 34.1825
      vertex 131.45 -0.0832633 33.6934
    endloop
  endfacet
  facet normal -1.81829e-06 -0.978151 0.207896
    outer loop
      vertex 131.489 0.0206926 34.1825
      vertex 132.95 -0.0832633 33.6934
      vertex 132.972 -0.0263452 33.9612
    endloop
  endfacet
  facet normal 0 -0.978135 0.207969
    outer loop
      vertex 131.45 -0.0832633 33.6934
      vertex 132.972 -0.140181 33.4257
      vertex 132.95 -0.0832633 33.6934
    endloop
  endfacet
  facet normal -1.05184e-05 -0.978148 0.207911
    outer loop
      vertex 131.49 -0.188968 33.1961
      vertex 132.972 -0.140181 33.4257
      vertex 131.45 -0.0832633 33.6934
    endloop
  endfacet
  facet normal -1.37975e-05 -0.978143 0.207932
    outer loop
      vertex 131.609 -0.29207 32.7111
      vertex 132.972 -0.140181 33.4257
      vertex 131.49 -0.188968 33.1961
    endloop
  endfacet
  facet normal 2.33392e-06 -0.97815 0.207902
    outer loop
      vertex 132.972 -0.140181 33.4257
      vertex 131.609 -0.29207 32.7111
      vertex 133.036 -0.195698 33.1645
    endloop
  endfacet
  facet normal 3.6587e-06 -0.97815 0.207898
    outer loop
      vertex 131.804 -0.39003 32.2502
      vertex 133.036 -0.195698 33.1645
      vertex 131.609 -0.29207 32.7111
    endloop
  endfacet
  facet normal 1.38914e-05 -0.978153 0.207885
    outer loop
      vertex 133.036 -0.195698 33.1645
      vertex 131.804 -0.39003 32.2502
      vertex 133.141 -0.248446 32.9163
    endloop
  endfacet
  facet normal -5.80159e-06 -0.978145 0.207923
    outer loop
      vertex 132.071 -0.480437 31.8249
      vertex 133.141 -0.248446 32.9163
      vertex 131.804 -0.39003 32.2502
    endloop
  endfacet
  facet normal -8.32313e-06 -0.978145 0.207925
    outer loop
      vertex 133.141 -0.248446 32.9163
      vertex 132.071 -0.480437 31.8249
      vertex 133.284 -0.297126 32.6873
    endloop
  endfacet
  facet normal -3.75556e-06 -0.978146 0.207919
    outer loop
      vertex 132.402 -0.561064 31.4456
      vertex 133.284 -0.297126 32.6873
      vertex 132.071 -0.480437 31.8249
    endloop
  endfacet
  facet normal 3.43372e-05 -0.978152 0.207893
    outer loop
      vertex 133.284 -0.297126 32.6873
      vertex 132.402 -0.561064 31.4456
      vertex 133.463 -0.340541 32.483
    endloop
  endfacet
  facet normal 1.4386e-05 -0.978147 0.207913
    outer loop
      vertex 132.79 -0.629927 31.1216
      vertex 133.463 -0.340541 32.483
      vertex 132.402 -0.561064 31.4456
    endloop
  endfacet
  facet normal -2.54759e-05 -0.978143 0.207932
    outer loop
      vertex 133.463 -0.340541 32.483
      vertex 132.79 -0.629927 31.1216
      vertex 133.671 -0.37762 32.3086
    endloop
  endfacet
  facet normal -3.97152e-05 -0.978147 0.207917
    outer loop
      vertex 133.671 -0.37762 32.3086
      vertex 133.225 -0.685328 30.8609
      vertex 133.906 -0.407452 32.1683
    endloop
  endfacet
  facet normal 2.02546e-05 -0.97815 0.207899
    outer loop
      vertex 133.225 -0.685328 30.8609
      vertex 133.671 -0.37762 32.3086
      vertex 132.79 -0.629927 31.1216
    endloop
  endfacet
  facet normal -0.000597475 -0.978147 0.207912
    outer loop
      vertex 135.7 0.214741 35.0954
      vertex 135.704 0.559378 36.7168
      vertex 135.7 0.559593 36.7178
    endloop
  endfacet
  facet normal 1.63387e-06 -0.978148 0.20791
    outer loop
      vertex 135.704 0.559378 36.7168
      vertex 135.7 0.214741 35.0954
      vertex 136.175 0.518802 36.5259
    endloop
  endfacet
  facet normal -1.8702e-05 -0.978146 0.207917
    outer loop
      vertex 136.175 0.518802 36.5259
      vertex 135.7 0.214741 35.0954
      vertex 136.61 0.4634 36.2653
    endloop
  endfacet
  facet normal -0.000287699 -0.978104 0.208117
    outer loop
      vertex 135.729 0.211094 35.0783
      vertex 136.61 0.4634 36.2653
      vertex 135.7 0.214741 35.0954
    endloop
  endfacet
  facet normal 7.1443e-06 -0.97815 0.207902
    outer loop
      vertex 136.61 0.4634 36.2653
      vertex 135.937 0.174014 34.9038
      vertex 136.998 0.394538 35.9413
    endloop
  endfacet
  facet normal 3.28069e-05 -0.978152 0.207889
    outer loop
      vertex 135.937 0.174014 34.9038
      vertex 136.61 0.4634 36.2653
      vertex 135.729 0.211094 35.0783
    endloop
  endfacet
  facet normal -2.67994e-05 -0.978143 0.207935
    outer loop
      vertex 136.116 0.1306 34.6996
      vertex 136.998 0.394538 35.9413
      vertex 135.937 0.174014 34.9038
    endloop
  endfacet
  facet normal -3.75556e-06 -0.978146 0.207919
    outer loop
      vertex 136.998 0.394538 35.9413
      vertex 136.116 0.1306 34.6996
      vertex 137.329 0.313911 35.562
    endloop
  endfacet
  facet normal -9.79529e-06 -0.978144 0.207927
    outer loop
      vertex 136.259 0.0819193 34.4706
      vertex 137.329 0.313911 35.562
      vertex 136.116 0.1306 34.6996
    endloop
  endfacet
  facet normal -5.41148e-06 -0.978145 0.207923
    outer loop
      vertex 137.329 0.313911 35.562
      vertex 136.259 0.0819193 34.4706
      vertex 137.596 0.223504 35.1367
    endloop
  endfacet
  facet normal 1.41522e-05 -0.978153 0.207886
    outer loop
      vertex 136.364 0.0291712 34.2224
      vertex 137.596 0.223504 35.1367
      vertex 136.259 0.0819193 34.4706
    endloop
  endfacet
  facet normal 4.14209e-06 -0.97815 0.207899
    outer loop
      vertex 137.596 0.223504 35.1367
      vertex 136.364 0.0291712 34.2224
      vertex 137.791 0.125544 34.6758
    endloop
  endfacet
  facet normal 3.50503e-06 -0.97815 0.2079
    outer loop
      vertex 136.428 -0.0263452 33.9612
      vertex 137.791 0.125544 34.6758
      vertex 136.364 0.0291712 34.2224
    endloop
  endfacet
  facet normal 5.86695e-06 -0.978151 0.207896
    outer loop
      vertex 137.791 0.125544 34.6758
      vertex 136.428 -0.0263452 33.9612
      vertex 137.91 0.0224416 34.1907
    endloop
  endfacet
  facet normal -0.000106137 -0.978004 0.208588
    outer loop
      vertex 137.91 0.0224416 34.1907
      vertex 136.428 -0.0263452 33.9612
      vertex 137.911 0.0206926 34.1825
    endloop
  endfacet
  facet normal 1.81829e-06 -0.978151 0.207896
    outer loop
      vertex 136.45 -0.0832633 33.6934
      vertex 137.911 0.0206926 34.1825
      vertex 136.428 -0.0263452 33.9612
    endloop
  endfacet
  facet normal 0 -0.97815 0.207901
    outer loop
      vertex 136.45 -0.0832633 33.6934
      vertex 137.95 -0.0832633 33.6934
      vertex 137.911 0.0206926 34.1825
    endloop
  endfacet
  facet normal 0 -0.978135 0.207969
    outer loop
      vertex 136.428 -0.140181 33.4257
      vertex 137.95 -0.0832633 33.6934
      vertex 136.45 -0.0832633 33.6934
    endloop
  endfacet
  facet normal 1.05184e-05 -0.978148 0.207911
    outer loop
      vertex 136.428 -0.140181 33.4257
      vertex 137.91 -0.188968 33.1961
      vertex 137.95 -0.0832633 33.6934
    endloop
  endfacet
  facet normal -2.33392e-06 -0.97815 0.207902
    outer loop
      vertex 137.791 -0.29207 32.7111
      vertex 136.428 -0.140181 33.4257
      vertex 136.364 -0.195698 33.1645
    endloop
  endfacet
  facet normal -1.38914e-05 -0.978153 0.207885
    outer loop
      vertex 137.596 -0.39003 32.2502
      vertex 136.364 -0.195698 33.1645
      vertex 136.259 -0.248446 32.9163
    endloop
  endfacet
  facet normal 1.37975e-05 -0.978143 0.207932
    outer loop
      vertex 136.428 -0.140181 33.4257
      vertex 137.791 -0.29207 32.7111
      vertex 137.91 -0.188968 33.1961
    endloop
  endfacet
  facet normal 8.32313e-06 -0.978145 0.207925
    outer loop
      vertex 137.329 -0.480437 31.8249
      vertex 136.259 -0.248446 32.9163
      vertex 136.116 -0.297126 32.6873
    endloop
  endfacet
  facet normal -3.43372e-05 -0.978152 0.207893
    outer loop
      vertex 136.998 -0.561064 31.4456
      vertex 136.116 -0.297126 32.6873
      vertex 135.937 -0.340541 32.483
    endloop
  endfacet
  facet normal 2.54759e-05 -0.978143 0.207932
    outer loop
      vertex 136.61 -0.629927 31.1216
      vertex 135.937 -0.340541 32.483
      vertex 135.729 -0.37762 32.3086
    endloop
  endfacet
  facet normal -3.6587e-06 -0.97815 0.207898
    outer loop
      vertex 136.364 -0.195698 33.1645
      vertex 137.596 -0.39003 32.2502
      vertex 137.791 -0.29207 32.7111
    endloop
  endfacet
  facet normal 3.97152e-05 -0.978147 0.207917
    outer loop
      vertex 136.175 -0.685328 30.8609
      vertex 135.729 -0.37762 32.3086
      vertex 135.494 -0.407452 32.1683
    endloop
  endfacet
  facet normal -1.24241e-06 -0.97815 0.207898
    outer loop
      vertex 135.704 -0.725904 30.67
      vertex 135.494 -0.407452 32.1683
      vertex 135.241 -0.429301 32.0655
    endloop
  endfacet
  facet normal 5.02512e-06 -0.97815 0.207902
    outer loop
      vertex 135.7 -0.726119 30.669
      vertex 135.241 -0.429301 32.0655
      vertex 134.974 -0.442629 32.0028
    endloop
  endfacet
  facet normal 5.80159e-06 -0.978145 0.207923
    outer loop
      vertex 136.259 -0.248446 32.9163
      vertex 137.329 -0.480437 31.8249
      vertex 137.596 -0.39003 32.2502
    endloop
  endfacet
  facet normal -1.59652e-05 -0.978152 0.207891
    outer loop
      vertex 135.7 -0.726119 30.669
      vertex 134.974 -0.442629 32.0028
      vertex 134.7 -0.447109 31.9817
    endloop
  endfacet
  facet normal -3.32351e-06 -0.97815 0.207899
    outer loop
      vertex 133.696 -0.725904 30.67
      vertex 133.906 -0.407452 32.1683
      vertex 133.225 -0.685328 30.8609
    endloop
  endfacet
  facet normal 1.24241e-06 -0.97815 0.207898
    outer loop
      vertex 133.906 -0.407452 32.1683
      vertex 133.696 -0.725904 30.67
      vertex 134.159 -0.429301 32.0655
    endloop
  endfacet
  facet normal 3.75556e-06 -0.978146 0.207919
    outer loop
      vertex 136.116 -0.297126 32.6873
      vertex 136.998 -0.561064 31.4456
      vertex 137.329 -0.480437 31.8249
    endloop
  endfacet
  facet normal -0.000554911 -0.978113 0.208075
    outer loop
      vertex 133.7 -0.726119 30.669
      vertex 134.159 -0.429301 32.0655
      vertex 133.696 -0.725904 30.67
    endloop
  endfacet
  facet normal -1.4386e-05 -0.978147 0.207913
    outer loop
      vertex 135.937 -0.340541 32.483
      vertex 136.61 -0.629927 31.1216
      vertex 136.998 -0.561064 31.4456
    endloop
  endfacet
  facet normal -5.02512e-06 -0.97815 0.207902
    outer loop
      vertex 134.159 -0.429301 32.0655
      vertex 133.7 -0.726119 30.669
      vertex 134.426 -0.442629 32.0028
    endloop
  endfacet
  facet normal -2.02546e-05 -0.97815 0.207899
    outer loop
      vertex 135.729 -0.37762 32.3086
      vertex 136.175 -0.685328 30.8609
      vertex 136.61 -0.629927 31.1216
    endloop
  endfacet
  facet normal 1.59652e-05 -0.978152 0.207891
    outer loop
      vertex 134.426 -0.442629 32.0028
      vertex 133.7 -0.726119 30.669
      vertex 134.7 -0.447109 31.9817
    endloop
  endfacet
  facet normal 0 -0.97815 0.207902
    outer loop
      vertex 135.7 -0.726119 30.669
      vertex 134.7 -0.447109 31.9817
      vertex 133.7 -0.726119 30.669
    endloop
  endfacet
  facet normal 0.000554911 -0.978113 0.208075
    outer loop
      vertex 135.241 -0.429301 32.0655
      vertex 135.7 -0.726119 30.669
      vertex 135.704 -0.725904 30.67
    endloop
  endfacet
  facet normal 3.32351e-06 -0.97815 0.207899
    outer loop
      vertex 135.494 -0.407452 32.1683
      vertex 135.704 -0.725904 30.67
      vertex 136.175 -0.685328 30.8609
    endloop
  endfacet
  facet normal 0 -0.978148 0.207912
    outer loop
      vertex 133.7 -6.94435 1.41457
      vertex 135.7 -0.726119 30.669
      vertex 133.7 -0.726119 30.669
    endloop
  endfacet
  facet normal 0 -0.978148 0.207912
    outer loop
      vertex 133.7 -6.94435 1.41457
      vertex 135.7 -6.94435 1.41457
      vertex 135.7 -0.726119 30.669
    endloop
  endfacet
  facet normal 0 -0.978148 0.20791
    outer loop
      vertex 133.7 -7.36017 -0.541727
      vertex 135.7 -6.94435 1.41457
      vertex 133.7 -6.94435 1.41457
    endloop
  endfacet
  facet normal 0 -0.978148 0.20791
    outer loop
      vertex 135.7 -6.94435 1.41457
      vertex 133.7 -7.36017 -0.541727
      vertex 135.7 -7.36017 -0.541727
    endloop
  endfacet
  facet normal 0 -0.978148 0.207911
    outer loop
      vertex 5 -4.86523 11.196
      vertex 5 -1.53865 26.8464
      vertex 3 -1.53865 26.8464
    endloop
  endfacet
  facet normal 0 -0.978148 0.207911
    outer loop
      vertex 5 -4.86523 11.196
      vertex 3 -1.53865 26.8464
      vertex 3 -4.86523 11.196
    endloop
  endfacet
  facet normal 0 -0.978148 0.207911
    outer loop
      vertex 5 -1.53865 26.8464
      vertex 5 -4.86523 11.196
      vertex 7.5 -1.53865 26.8464
    endloop
  endfacet
  facet normal 0 -0.978148 0.207911
    outer loop
      vertex 7.5 -1.53865 26.8464
      vertex 5 -4.86523 11.196
      vertex 7.5 -4.86523 11.196
    endloop
  endfacet
  facet normal 8.89834e-07 -0.978147 0.207913
    outer loop
      vertex 6 -5.95677 6.06077
      vertex 6 -5.6449 7.52799
      vertex 5.49159 -5.65322 7.48885
    endloop
  endfacet
  facet normal 4.29365e-06 -0.978147 0.207914
    outer loop
      vertex 5.45922 -5.97458 5.97699
      vertex 5.49159 -5.65322 7.48885
      vertex 5 -5.67776 7.37341
    endloop
  endfacet
  facet normal -0.000986908 -0.978213 0.207602
    outer loop
      vertex 5.45922 -5.97458 5.97699
      vertex 5 -5.67776 7.37341
      vertex 4.99569 -5.67797 7.3724
    endloop
  endfacet
  facet normal -8.89834e-07 -0.978147 0.207913
    outer loop
      vertex 6 -5.6449 7.52799
      vertex 6 -5.95677 6.06077
      vertex 6.50841 -5.65322 7.48885
    endloop
  endfacet
  facet normal 3.85778e-06 -0.978146 0.207917
    outer loop
      vertex 5.20552 -5.99643 5.8742
      vertex 4.99569 -5.67797 7.3724
      vertex 4.52453 -5.71855 7.1815
    endloop
  endfacet
  facet normal -4.87024e-06 -0.978147 0.207915
    outer loop
      vertex 6.27376 -5.96125 6.0397
      vertex 6.50841 -5.65322 7.48885
      vertex 6 -5.95677 6.06077
    endloop
  endfacet
  facet normal -2.26117e-06 -0.978147 0.207913
    outer loop
      vertex 4.97138 -6.02626 5.73385
      vertex 4.52453 -5.71855 7.1815
      vertex 4.0897 -5.77395 6.92086
    endloop
  endfacet
  facet normal -1.4811e-06 -0.978147 0.207914
    outer loop
      vertex 6.54078 -5.97458 5.97699
      vertex 6.50841 -5.65322 7.48885
      vertex 6.27376 -5.96125 6.0397
    endloop
  endfacet
  facet normal -5.54836e-06 -0.978147 0.207912
    outer loop
      vertex 4.76256 -6.06334 5.55941
      vertex 4.0897 -5.77395 6.92086
      vertex 3.7019 -5.84281 6.59689
    endloop
  endfacet
  facet normal 5.03139e-06 -0.978147 0.207914
    outer loop
      vertex 6.50841 -5.65322 7.48885
      vertex 6.54078 -5.97458 5.97699
      vertex 7.0043 -5.67797 7.3724
    endloop
  endfacet
  facet normal 3.89328e-06 -0.978147 0.207916
    outer loop
      vertex 4.58422 -6.10675 5.35516
      vertex 3.7019 -5.84281 6.59689
      vertex 3.37069 -5.92344 6.21757
    endloop
  endfacet
  facet normal -2.84097e-06 -0.978146 0.207917
    outer loop
      vertex 6.79448 -5.99643 5.8742
      vertex 7.0043 -5.67797 7.3724
      vertex 6.54078 -5.97458 5.97699
    endloop
  endfacet
  facet normal -3.85771e-06 -0.978146 0.207917
    outer loop
      vertex 7.0043 -5.67797 7.3724
      vertex 6.79448 -5.99643 5.8742
      vertex 7.47547 -5.71855 7.1815
    endloop
  endfacet
  facet normal 4.87024e-06 -0.978147 0.207915
    outer loop
      vertex 5.49159 -5.65322 7.48885
      vertex 5.72624 -5.96125 6.0397
      vertex 6 -5.95677 6.06077
    endloop
  endfacet
  facet normal 1.4811e-06 -0.978147 0.207914
    outer loop
      vertex 5.49159 -5.65322 7.48885
      vertex 5.45922 -5.97458 5.97699
      vertex 5.72624 -5.96125 6.0397
    endloop
  endfacet
  facet normal 2.84096e-06 -0.978146 0.207917
    outer loop
      vertex 4.99569 -5.67797 7.3724
      vertex 5.20552 -5.99643 5.8742
      vertex 5.45922 -5.97458 5.97699
    endloop
  endfacet
  facet normal 6.27276e-06 -0.978147 0.207915
    outer loop
      vertex 4.44074 -6.15543 5.12613
      vertex 3.37069 -5.92344 6.21757
      vertex 3.10423 -6.01385 5.79224
    endloop
  endfacet
  facet normal -9.00786e-06 -0.978148 0.207911
    outer loop
      vertex 4.52453 -5.71855 7.1815
      vertex 4.97138 -6.02626 5.73385
      vertex 5.20552 -5.99643 5.8742
    endloop
  endfacet
  facet normal 3.34692e-06 -0.978147 0.207917
    outer loop
      vertex 4.0897 -5.77395 6.92086
      vertex 4.76256 -6.06334 5.55941
      vertex 4.97138 -6.02626 5.73385
    endloop
  endfacet
  facet normal -7.04991e-06 -0.978152 0.20789
    outer loop
      vertex 4.44074 -6.15543 5.12613
      vertex 3.10423 -6.01385 5.79224
      vertex 3 -6.06616 5.54611
    endloop
  endfacet
  facet normal -1.52098e-05 -0.978149 0.207903
    outer loop
      vertex 3.7019 -5.84281 6.59689
      vertex 4.58422 -6.10675 5.35516
      vertex 4.76256 -6.06334 5.55941
    endloop
  endfacet
  facet normal -3.33742e-06 -0.978149 0.207906
    outer loop
      vertex 3.37069 -5.92344 6.21757
      vertex 4.44074 -6.15543 5.12613
      vertex 4.58422 -6.10675 5.35516
    endloop
  endfacet
  facet normal 1.70902e-06 -0.978146 0.207918
    outer loop
      vertex 3 -6.06616 5.54611
      vertex 4.33565 -6.20818 4.87797
      vertex 4.44074 -6.15543 5.12613
    endloop
  endfacet
  facet normal 5.86668e-06 -0.978144 0.207926
    outer loop
      vertex 3 -6.06616 5.54611
      vertex 4.27154 -6.2637 4.61679
      vertex 4.33565 -6.20818 4.87797
    endloop
  endfacet
  facet normal -2.62099e-05 -0.978153 0.207884
    outer loop
      vertex 3 -6.06616 5.54611
      vertex 4.25 -6.32061 4.34901
      vertex 4.27154 -6.2637 4.61679
    endloop
  endfacet
  facet normal 8.31646e-07 -0.978148 0.207911
    outer loop
      vertex 3 -6.57506 3.15192
      vertex 4.25 -6.32061 4.34901
      vertex 3 -6.06616 5.54611
    endloop
  endfacet
  facet normal -4.7259e-06 -0.978146 0.207917
    outer loop
      vertex 4.25 -6.32061 4.34901
      vertex 3 -6.57506 3.15192
      vertex 4.27154 -6.37753 4.08123
    endloop
  endfacet
  facet normal -1.10027e-05 -0.978145 0.207925
    outer loop
      vertex 4.27154 -6.37753 4.08123
      vertex 3 -6.57506 3.15192
      vertex 4.33565 -6.43305 3.82005
    endloop
  endfacet
  facet normal -6.46767e-06 -0.978147 0.207916
    outer loop
      vertex 4.33565 -6.43305 3.82005
      vertex 3 -6.57506 3.15192
      vertex 4.44074 -6.4858 3.57189
    endloop
  endfacet
  facet normal -5.82866e-06 -0.978147 0.207914
    outer loop
      vertex 3.10423 -6.62738 2.90578
      vertex 4.44074 -6.4858 3.57189
      vertex 3 -6.57506 3.15192
    endloop
  endfacet
  facet normal -6.27276e-06 -0.978147 0.207915
    outer loop
      vertex 3.37069 -6.71779 2.48045
      vertex 4.44074 -6.4858 3.57189
      vertex 3.10423 -6.62738 2.90578
    endloop
  endfacet
  facet normal 3.33742e-06 -0.978149 0.207906
    outer loop
      vertex 4.44074 -6.4858 3.57189
      vertex 3.37069 -6.71779 2.48045
      vertex 4.58422 -6.53448 3.34286
    endloop
  endfacet
  facet normal -3.89328e-06 -0.978147 0.207916
    outer loop
      vertex 3.7019 -6.79842 2.10113
      vertex 4.58422 -6.53448 3.34286
      vertex 3.37069 -6.71779 2.48045
    endloop
  endfacet
  facet normal 8.7824e-06 -0.978149 0.207907
    outer loop
      vertex 4.58422 -6.53448 3.34286
      vertex 3.7019 -6.79842 2.10113
      vertex 4.76256 -6.57789 3.13862
    endloop
  endfacet
  facet normal 4.6454e-06 -0.978148 0.207911
    outer loop
      vertex 4.0897 -6.86728 1.77716
      vertex 4.76256 -6.57789 3.13862
      vertex 3.7019 -6.79842 2.10113
    endloop
  endfacet
  facet normal 2.79724e-06 -0.978147 0.207912
    outer loop
      vertex 4.76256 -6.57789 3.13862
      vertex 4.0897 -6.86728 1.77716
      vertex 4.97138 -6.61497 2.96417
    endloop
  endfacet
  facet normal 9.00786e-06 -0.978148 0.207911
    outer loop
      vertex 4.97138 -6.61497 2.96417
      vertex 4.52453 -6.92268 1.51652
      vertex 5.20552 -6.6448 2.82382
    endloop
  endfacet
  facet normal 2.26117e-06 -0.978147 0.207913
    outer loop
      vertex 4.52453 -6.92268 1.51652
      vertex 4.97138 -6.61497 2.96417
      vertex 4.0897 -6.86728 1.77716
    endloop
  endfacet
  facet normal 9.00786e-06 -0.978148 0.207911
    outer loop
      vertex 7.02862 -6.02626 5.73385
      vertex 7.47547 -5.71855 7.1815
      vertex 6.79448 -5.99643 5.8742
    endloop
  endfacet
  facet normal 2.26117e-06 -0.978147 0.207913
    outer loop
      vertex 7.47547 -5.71855 7.1815
      vertex 7.02862 -6.02626 5.73385
      vertex 7.9103 -5.77395 6.92086
    endloop
  endfacet
  facet normal -3.34692e-06 -0.978147 0.207917
    outer loop
      vertex 7.23744 -6.06334 5.55941
      vertex 7.9103 -5.77395 6.92086
      vertex 7.02862 -6.02626 5.73385
    endloop
  endfacet
  facet normal 5.54836e-06 -0.978147 0.207912
    outer loop
      vertex 7.9103 -5.77395 6.92086
      vertex 7.23744 -6.06334 5.55941
      vertex 8.2981 -5.84281 6.59689
    endloop
  endfacet
  facet normal 1.52098e-05 -0.978149 0.207903
    outer loop
      vertex 7.41578 -6.10675 5.35516
      vertex 8.2981 -5.84281 6.59689
      vertex 7.23744 -6.06334 5.55941
    endloop
  endfacet
  facet normal -3.89335e-06 -0.978147 0.207916
    outer loop
      vertex 8.2981 -5.84281 6.59689
      vertex 7.41578 -6.10675 5.35516
      vertex 8.6293 -5.92344 6.21757
    endloop
  endfacet
  facet normal 3.33744e-06 -0.978149 0.207906
    outer loop
      vertex 7.55926 -6.15543 5.12613
      vertex 8.6293 -5.92344 6.21757
      vertex 7.41578 -6.10675 5.35516
    endloop
  endfacet
  facet normal -6.2727e-06 -0.978147 0.207915
    outer loop
      vertex 8.6293 -5.92344 6.21757
      vertex 7.55926 -6.15543 5.12613
      vertex 8.89577 -6.01385 5.79224
    endloop
  endfacet
  facet normal -6.84218e-06 -0.978147 0.207916
    outer loop
      vertex 7.66435 -6.20818 4.87797
      vertex 8.89577 -6.01385 5.79224
      vertex 7.55926 -6.15543 5.12613
    endloop
  endfacet
  facet normal -1.34025e-06 -0.978148 0.207909
    outer loop
      vertex 8.89577 -6.01385 5.79224
      vertex 7.66435 -6.20818 4.87797
      vertex 9.09093 -6.11181 5.33137
    endloop
  endfacet
  facet normal -6.94394e-06 -0.978145 0.207926
    outer loop
      vertex 7.72845 -6.2637 4.61679
      vertex 9.09093 -6.11181 5.33137
      vertex 7.66435 -6.20818 4.87797
    endloop
  endfacet
  facet normal 3.3639e-06 -0.978149 0.207907
    outer loop
      vertex 9.09093 -6.11181 5.33137
      vertex 7.72845 -6.2637 4.61679
      vertex 9.20999 -6.21491 4.84631
    endloop
  endfacet
  facet normal 7.3129e-06 -0.978154 0.207883
    outer loop
      vertex 7.75 -6.32061 4.34901
      vertex 9.20999 -6.21491 4.84631
      vertex 7.72845 -6.2637 4.61679
    endloop
  endfacet
  facet normal 0 -0.978149 0.207903
    outer loop
      vertex 7.75 -6.32061 4.34901
      vertex 9.25 -6.32061 4.34901
      vertex 9.20999 -6.21491 4.84631
    endloop
  endfacet
  facet normal 0 -0.978146 0.207917
    outer loop
      vertex 7.72845 -6.37753 4.08123
      vertex 9.25 -6.32061 4.34901
      vertex 7.75 -6.32061 4.34901
    endloop
  endfacet
  facet normal -9.28117e-07 -0.978145 0.207922
    outer loop
      vertex 7.72845 -6.37753 4.08123
      vertex 9.20999 -6.42632 3.85171
      vertex 9.25 -6.32061 4.34901
    endloop
  endfacet
  facet normal 6.94394e-06 -0.978145 0.207926
    outer loop
      vertex 9.09093 -6.52942 3.36665
      vertex 7.72845 -6.37753 4.08123
      vertex 7.66435 -6.43305 3.82005
    endloop
  endfacet
  facet normal 6.84218e-06 -0.978147 0.207916
    outer loop
      vertex 8.89577 -6.62738 2.90578
      vertex 7.66435 -6.43305 3.82005
      vertex 7.55926 -6.4858 3.57189
    endloop
  endfacet
  facet normal -3.3639e-06 -0.978149 0.207907
    outer loop
      vertex 7.72845 -6.37753 4.08123
      vertex 9.09093 -6.52942 3.36665
      vertex 9.20999 -6.42632 3.85171
    endloop
  endfacet
  facet normal -3.33744e-06 -0.978149 0.207906
    outer loop
      vertex 8.6293 -6.71779 2.48045
      vertex 7.55926 -6.4858 3.57189
      vertex 7.41578 -6.53448 3.34286
    endloop
  endfacet
  facet normal -8.7824e-06 -0.978149 0.207907
    outer loop
      vertex 8.2981 -6.79842 2.10113
      vertex 7.41578 -6.53448 3.34286
      vertex 7.23744 -6.57789 3.13862
    endloop
  endfacet
  facet normal -2.79724e-06 -0.978147 0.207912
    outer loop
      vertex 7.9103 -6.86728 1.77716
      vertex 7.23744 -6.57789 3.13862
      vertex 7.02862 -6.61497 2.96417
    endloop
  endfacet
  facet normal 1.34025e-06 -0.978148 0.207909
    outer loop
      vertex 7.66435 -6.43305 3.82005
      vertex 8.89577 -6.62738 2.90578
      vertex 9.09093 -6.52942 3.36665
    endloop
  endfacet
  facet normal -9.00786e-06 -0.978148 0.207911
    outer loop
      vertex 7.47547 -6.92268 1.51652
      vertex 7.02862 -6.61497 2.96417
      vertex 6.79448 -6.6448 2.82382
    endloop
  endfacet
  facet normal 3.33143e-06 -0.978147 0.207916
    outer loop
      vertex 7.22384 -6.94435 1.41457
      vertex 6.79448 -6.6448 2.82382
      vertex 6.54078 -6.66665 2.72103
    endloop
  endfacet
  facet normal 9.30691e-06 -0.978147 0.207914
    outer loop
      vertex 6.50841 -6.98801 1.20917
      vertex 6.54078 -6.66665 2.72103
      vertex 6.27376 -6.67998 2.65833
    endloop
  endfacet
  facet normal 6.2727e-06 -0.978147 0.207915
    outer loop
      vertex 7.55926 -6.4858 3.57189
      vertex 8.6293 -6.71779 2.48045
      vertex 8.89577 -6.62738 2.90578
    endloop
  endfacet
  facet normal -2.5219e-06 -0.978147 0.207912
    outer loop
      vertex 6.50841 -6.98801 1.20917
      vertex 6.27376 -6.67998 2.65833
      vertex 6 -6.68446 2.63725
    endloop
  endfacet
  facet normal 1.32846e-05 -0.978148 0.207909
    outer loop
      vertex 4.99569 -6.96325 1.32562
      vertex 5.20552 -6.6448 2.82382
      vertex 4.52453 -6.92268 1.51652
    endloop
  endfacet
  facet normal -5.34416e-06 -0.978148 0.207911
    outer loop
      vertex 5.20552 -6.6448 2.82382
      vertex 4.99569 -6.96325 1.32562
      vertex 5.45922 -6.66665 2.72103
    endloop
  endfacet
  facet normal -1.65732e-06 -0.978147 0.207914
    outer loop
      vertex 6.79448 -6.6448 2.82382
      vertex 7.22384 -6.94435 1.41457
      vertex 7.47547 -6.92268 1.51652
    endloop
  endfacet
  facet normal -1.47931e-05 -0.978147 0.207914
    outer loop
      vertex 5.49159 -6.98801 1.20917
      vertex 5.45922 -6.66665 2.72103
      vertex 4.99569 -6.96325 1.32562
    endloop
  endfacet
  facet normal 3.89335e-06 -0.978147 0.207916
    outer loop
      vertex 7.41578 -6.53448 3.34286
      vertex 8.2981 -6.79842 2.10113
      vertex 8.6293 -6.71779 2.48045
    endloop
  endfacet
  facet normal -9.30691e-06 -0.978147 0.207914
    outer loop
      vertex 5.45922 -6.66665 2.72103
      vertex 5.49159 -6.98801 1.20917
      vertex 5.72624 -6.67998 2.65833
    endloop
  endfacet
  facet normal -4.6454e-06 -0.978148 0.207911
    outer loop
      vertex 7.23744 -6.57789 3.13862
      vertex 7.9103 -6.86728 1.77716
      vertex 8.2981 -6.79842 2.10113
    endloop
  endfacet
  facet normal -2.26117e-06 -0.978147 0.207913
    outer loop
      vertex 7.02862 -6.61497 2.96417
      vertex 7.47547 -6.92268 1.51652
      vertex 7.9103 -6.86728 1.77716
    endloop
  endfacet
  facet normal 2.5219e-06 -0.978147 0.207912
    outer loop
      vertex 5.72624 -6.67998 2.65833
      vertex 5.49159 -6.98801 1.20917
      vertex 6 -6.68446 2.63725
    endloop
  endfacet
  facet normal -8.89834e-07 -0.978147 0.207913
    outer loop
      vertex 6 -6.99633 1.17003
      vertex 6 -6.68446 2.63725
      vertex 5.49159 -6.98801 1.20917
    endloop
  endfacet
  facet normal 1.47934e-05 -0.978147 0.207914
    outer loop
      vertex 6.54078 -6.66665 2.72103
      vertex 6.50841 -6.98801 1.20917
      vertex 7.0043 -6.96325 1.32562
    endloop
  endfacet
  facet normal -2.6231e-05 -0.97815 0.207901
    outer loop
      vertex 6.54078 -6.66665 2.72103
      vertex 7.0043 -6.96325 1.32562
      vertex 7.22384 -6.94435 1.41457
    endloop
  endfacet
  facet normal 8.89834e-07 -0.978147 0.207913
    outer loop
      vertex 6 -6.68446 2.63725
      vertex 6 -6.99633 1.17003
      vertex 6.50841 -6.98801 1.20917
    endloop
  endfacet
  facet normal 0 -0.978147 0.207914
    outer loop
      vertex 4.99569 -5.67797 7.3724
      vertex 5 -4.86523 11.196
      vertex 3 -4.86523 11.196
    endloop
  endfacet
  facet normal -0.0010634 -0.978146 0.207915
    outer loop
      vertex 5 -4.86523 11.196
      vertex 4.99569 -5.67797 7.3724
      vertex 5 -5.67776 7.37341
    endloop
  endfacet
  facet normal 4.31235e-06 -0.978147 0.207916
    outer loop
      vertex 3 -4.86523 11.196
      vertex 4.52453 -5.71855 7.1815
      vertex 4.99569 -5.67797 7.3724
    endloop
  endfacet
  facet normal -2.74998e-06 -0.978147 0.207913
    outer loop
      vertex 3 -4.86523 11.196
      vertex 4.0897 -5.77395 6.92086
      vertex 4.52453 -5.71855 7.1815
    endloop
  endfacet
  facet normal -5.77764e-06 -0.978147 0.207913
    outer loop
      vertex 3 -4.86523 11.196
      vertex 3.7019 -5.84281 6.59689
      vertex 4.0897 -5.77395 6.92086
    endloop
  endfacet
  facet normal 5.7905e-06 -0.978147 0.207914
    outer loop
      vertex 3 -4.86523 11.196
      vertex 3.37069 -5.92344 6.21757
      vertex 3.7019 -5.84281 6.59689
    endloop
  endfacet
  facet normal 7.51099e-06 -0.978147 0.207914
    outer loop
      vertex 3 -4.86523 11.196
      vertex 3.10423 -6.01385 5.79224
      vertex 3.37069 -5.92344 6.21757
    endloop
  endfacet
  facet normal -6.50367e-05 -0.978147 0.207913
    outer loop
      vertex 3.10423 -6.01385 5.79224
      vertex 3 -4.86523 11.196
      vertex 3 -6.06616 5.54611
    endloop
  endfacet
  facet normal 8.90552e-07 -0.978147 0.207913
    outer loop
      vertex 179 -5.95677 6.06077
      vertex 179 -5.6449 7.52799
      vertex 178.492 -5.65322 7.48885
    endloop
  endfacet
  facet normal -5.03076e-06 -0.978147 0.207914
    outer loop
      vertex 178.459 -5.97458 5.97699
      vertex 178.492 -5.65322 7.48885
      vertex 177.996 -5.67797 7.3724
    endloop
  endfacet
  facet normal -8.90552e-07 -0.978147 0.207913
    outer loop
      vertex 179 -5.6449 7.52799
      vertex 179 -5.95677 6.06077
      vertex 179.508 -5.65322 7.48885
    endloop
  endfacet
  facet normal -4.86619e-06 -0.978147 0.207915
    outer loop
      vertex 179.274 -5.96125 6.0397
      vertex 179.508 -5.65322 7.48885
      vertex 179 -5.95677 6.06077
    endloop
  endfacet
  facet normal 3.85885e-06 -0.978146 0.207917
    outer loop
      vertex 178.206 -5.99643 5.8742
      vertex 177.996 -5.67797 7.3724
      vertex 177.525 -5.71855 7.1815
    endloop
  endfacet
  facet normal -1.48136e-06 -0.978147 0.207914
    outer loop
      vertex 179.541 -5.97458 5.97699
      vertex 179.508 -5.65322 7.48885
      vertex 179.274 -5.96125 6.0397
    endloop
  endfacet
  facet normal -2.2611e-06 -0.978147 0.207913
    outer loop
      vertex 177.971 -6.02626 5.73385
      vertex 177.525 -5.71855 7.1815
      vertex 177.09 -5.77395 6.92086
    endloop
  endfacet
  facet normal 5.03076e-06 -0.978147 0.207914
    outer loop
      vertex 179.508 -5.65322 7.48885
      vertex 179.541 -5.97458 5.97699
      vertex 180.004 -5.67797 7.3724
    endloop
  endfacet
  facet normal -5.546e-06 -0.978147 0.207912
    outer loop
      vertex 177.763 -6.06334 5.55941
      vertex 177.09 -5.77395 6.92086
      vertex 176.702 -5.84281 6.59689
    endloop
  endfacet
  facet normal -0.000159801 -0.978136 0.207967
    outer loop
      vertex 180.004 -5.67797 7.3724
      vertex 179.541 -5.97458 5.97699
      vertex 180.035 -5.68062 7.35996
    endloop
  endfacet
  facet normal 3.89528e-06 -0.978147 0.207916
    outer loop
      vertex 177.584 -6.10675 5.35516
      vertex 176.702 -5.84281 6.59689
      vertex 176.371 -5.92344 6.21757
    endloop
  endfacet
  facet normal -4.26272e-06 -0.978147 0.207914
    outer loop
      vertex 179.794 -5.99643 5.8742
      vertex 180.035 -5.68062 7.35996
      vertex 179.541 -5.97458 5.97699
    endloop
  endfacet
  facet normal 6.4239e-06 -0.978148 0.207912
    outer loop
      vertex 180.035 -5.68062 7.35996
      vertex 179.794 -5.99643 5.8742
      vertex 180.475 -5.71855 7.1815
    endloop
  endfacet
  facet normal 4.86619e-06 -0.978147 0.207915
    outer loop
      vertex 178.492 -5.65322 7.48885
      vertex 178.726 -5.96125 6.0397
      vertex 179 -5.95677 6.06077
    endloop
  endfacet
  facet normal 1.48136e-06 -0.978147 0.207914
    outer loop
      vertex 178.492 -5.65322 7.48885
      vertex 178.459 -5.97458 5.97699
      vertex 178.726 -5.96125 6.0397
    endloop
  endfacet
  facet normal 2.84827e-06 -0.978146 0.207917
    outer loop
      vertex 177.996 -5.67797 7.3724
      vertex 178.206 -5.99643 5.8742
      vertex 178.459 -5.97458 5.97699
    endloop
  endfacet
  facet normal 6.26799e-06 -0.978147 0.207915
    outer loop
      vertex 177.441 -6.15543 5.12613
      vertex 176.371 -5.92344 6.21757
      vertex 176.104 -6.01385 5.79224
    endloop
  endfacet
  facet normal -8.98268e-06 -0.978148 0.207911
    outer loop
      vertex 177.525 -5.71855 7.1815
      vertex 177.971 -6.02626 5.73385
      vertex 178.206 -5.99643 5.8742
    endloop
  endfacet
  facet normal 3.35605e-06 -0.978147 0.207917
    outer loop
      vertex 177.09 -5.77395 6.92086
      vertex 177.763 -6.06334 5.55941
      vertex 177.971 -6.02626 5.73385
    endloop
  endfacet
  facet normal -1.51813e-05 -0.978149 0.207903
    outer loop
      vertex 176.702 -5.84281 6.59689
      vertex 177.584 -6.10675 5.35516
      vertex 177.763 -6.06334 5.55941
    endloop
  endfacet
  facet normal 1.34003e-06 -0.978148 0.207909
    outer loop
      vertex 177.336 -6.20818 4.87797
      vertex 176.104 -6.01385 5.79224
      vertex 175.909 -6.11181 5.33137
    endloop
  endfacet
  facet normal -3.34187e-06 -0.978149 0.207906
    outer loop
      vertex 176.371 -5.92344 6.21757
      vertex 177.441 -6.15543 5.12613
      vertex 177.584 -6.10675 5.35516
    endloop
  endfacet
  facet normal 6.84113e-06 -0.978147 0.207916
    outer loop
      vertex 176.104 -6.01385 5.79224
      vertex 177.336 -6.20818 4.87797
      vertex 177.441 -6.15543 5.12613
    endloop
  endfacet
  facet normal -3.36296e-06 -0.978149 0.207907
    outer loop
      vertex 177.272 -6.2637 4.61679
      vertex 175.909 -6.11181 5.33137
      vertex 175.79 -6.21491 4.84631
    endloop
  endfacet
  facet normal 6.94282e-06 -0.978145 0.207926
    outer loop
      vertex 175.909 -6.11181 5.33137
      vertex 177.272 -6.2637 4.61679
      vertex 177.336 -6.20818 4.87797
    endloop
  endfacet
  facet normal -3.93656e-06 -0.978149 0.207904
    outer loop
      vertex 175.75 -6.32061 4.34901
      vertex 177.272 -6.2637 4.61679
      vertex 175.79 -6.21491 4.84631
    endloop
  endfacet
  facet normal 0 -0.978154 0.207882
    outer loop
      vertex 175.75 -6.32061 4.34901
      vertex 177.25 -6.32061 4.34901
      vertex 177.272 -6.2637 4.61679
    endloop
  endfacet
  facet normal 0 -0.978146 0.207917
    outer loop
      vertex 175.75 -6.32061 4.34901
      vertex 177.272 -6.37753 4.08123
      vertex 177.25 -6.32061 4.34901
    endloop
  endfacet
  facet normal 9.27835e-07 -0.978145 0.207922
    outer loop
      vertex 175.79 -6.42632 3.85171
      vertex 177.272 -6.37753 4.08123
      vertex 175.75 -6.32061 4.34901
    endloop
  endfacet
  facet normal 3.36296e-06 -0.978149 0.207907
    outer loop
      vertex 175.909 -6.52942 3.36665
      vertex 177.272 -6.37753 4.08123
      vertex 175.79 -6.42632 3.85171
    endloop
  endfacet
  facet normal -6.94282e-06 -0.978145 0.207926
    outer loop
      vertex 177.272 -6.37753 4.08123
      vertex 175.909 -6.52942 3.36665
      vertex 177.336 -6.43305 3.82005
    endloop
  endfacet
  facet normal -1.34003e-06 -0.978148 0.207909
    outer loop
      vertex 176.104 -6.62738 2.90578
      vertex 177.336 -6.43305 3.82005
      vertex 175.909 -6.52942 3.36665
    endloop
  endfacet
  facet normal -6.84113e-06 -0.978147 0.207916
    outer loop
      vertex 177.336 -6.43305 3.82005
      vertex 176.104 -6.62738 2.90578
      vertex 177.441 -6.4858 3.57189
    endloop
  endfacet
  facet normal -6.26799e-06 -0.978147 0.207915
    outer loop
      vertex 176.371 -6.71779 2.48045
      vertex 177.441 -6.4858 3.57189
      vertex 176.104 -6.62738 2.90578
    endloop
  endfacet
  facet normal 3.34187e-06 -0.978149 0.207906
    outer loop
      vertex 177.441 -6.4858 3.57189
      vertex 176.371 -6.71779 2.48045
      vertex 177.584 -6.53448 3.34286
    endloop
  endfacet
  facet normal -3.89528e-06 -0.978147 0.207916
    outer loop
      vertex 176.702 -6.79842 2.10113
      vertex 177.584 -6.53448 3.34286
      vertex 176.371 -6.71779 2.48045
    endloop
  endfacet
  facet normal 8.76594e-06 -0.978149 0.207907
    outer loop
      vertex 177.584 -6.53448 3.34286
      vertex 176.702 -6.79842 2.10113
      vertex 177.763 -6.57789 3.13862
    endloop
  endfacet
  facet normal 4.64342e-06 -0.978148 0.207911
    outer loop
      vertex 177.09 -6.86728 1.77716
      vertex 177.763 -6.57789 3.13862
      vertex 176.702 -6.79842 2.10113
    endloop
  endfacet
  facet normal 2.80487e-06 -0.978147 0.207912
    outer loop
      vertex 177.763 -6.57789 3.13862
      vertex 177.09 -6.86728 1.77716
      vertex 177.971 -6.61497 2.96417
    endloop
  endfacet
  facet normal 8.98268e-06 -0.978148 0.207911
    outer loop
      vertex 177.971 -6.61497 2.96417
      vertex 177.525 -6.92268 1.51652
      vertex 178.206 -6.6448 2.82382
    endloop
  endfacet
  facet normal 2.2611e-06 -0.978147 0.207913
    outer loop
      vertex 177.525 -6.92268 1.51652
      vertex 177.971 -6.61497 2.96417
      vertex 177.09 -6.86728 1.77716
    endloop
  endfacet
  facet normal 8.98268e-06 -0.978148 0.207911
    outer loop
      vertex 180.029 -6.02626 5.73385
      vertex 180.475 -5.71855 7.1815
      vertex 179.794 -5.99643 5.8742
    endloop
  endfacet
  facet normal 2.2611e-06 -0.978147 0.207913
    outer loop
      vertex 180.475 -5.71855 7.1815
      vertex 180.029 -6.02626 5.73385
      vertex 180.91 -5.77395 6.92086
    endloop
  endfacet
  facet normal -3.35605e-06 -0.978147 0.207917
    outer loop
      vertex 180.237 -6.06334 5.55941
      vertex 180.91 -5.77395 6.92086
      vertex 180.029 -6.02626 5.73385
    endloop
  endfacet
  facet normal 5.546e-06 -0.978147 0.207912
    outer loop
      vertex 180.91 -5.77395 6.92086
      vertex 180.237 -6.06334 5.55941
      vertex 181.298 -5.84281 6.59689
    endloop
  endfacet
  facet normal 1.51813e-05 -0.978149 0.207903
    outer loop
      vertex 180.416 -6.10675 5.35516
      vertex 181.298 -5.84281 6.59689
      vertex 180.237 -6.06334 5.55941
    endloop
  endfacet
  facet normal -3.89528e-06 -0.978147 0.207916
    outer loop
      vertex 181.298 -5.84281 6.59689
      vertex 180.416 -6.10675 5.35516
      vertex 181.629 -5.92344 6.21757
    endloop
  endfacet
  facet normal 3.34187e-06 -0.978149 0.207906
    outer loop
      vertex 180.559 -6.15543 5.12613
      vertex 181.629 -5.92344 6.21757
      vertex 180.416 -6.10675 5.35516
    endloop
  endfacet
  facet normal -6.26799e-06 -0.978147 0.207915
    outer loop
      vertex 181.629 -5.92344 6.21757
      vertex 180.559 -6.15543 5.12613
      vertex 181.896 -6.01385 5.79224
    endloop
  endfacet
  facet normal 4.26674e-06 -0.978151 0.207895
    outer loop
      vertex 181.896 -6.01385 5.79224
      vertex 180.559 -6.15543 5.12613
      vertex 182.035 -6.08373 5.46345
    endloop
  endfacet
  facet normal -1.35873e-06 -0.978146 0.207919
    outer loop
      vertex 180.664 -6.20818 4.87797
      vertex 182.035 -6.08373 5.46345
      vertex 180.559 -6.15543 5.12613
    endloop
  endfacet
  facet normal -4.9423e-06 -0.978144 0.207927
    outer loop
      vertex 180.728 -6.2637 4.61679
      vertex 182.035 -6.08373 5.46345
      vertex 180.664 -6.20818 4.87797
    endloop
  endfacet
  facet normal 2.3739e-05 -0.978153 0.207884
    outer loop
      vertex 180.75 -6.32061 4.34901
      vertex 182.035 -6.08373 5.46345
      vertex 180.728 -6.2637 4.61679
    endloop
  endfacet
  facet normal -1.27212e-06 -0.978146 0.207917
    outer loop
      vertex 182.035 -6.5575 3.23457
      vertex 180.75 -6.32061 4.34901
      vertex 180.728 -6.37753 4.08123
    endloop
  endfacet
  facet normal 4.9423e-06 -0.978144 0.207927
    outer loop
      vertex 182.035 -6.5575 3.23457
      vertex 180.728 -6.37753 4.08123
      vertex 180.664 -6.43305 3.82005
    endloop
  endfacet
  facet normal 1.35873e-06 -0.978146 0.207919
    outer loop
      vertex 182.035 -6.5575 3.23457
      vertex 180.664 -6.43305 3.82005
      vertex 180.559 -6.4858 3.57189
    endloop
  endfacet
  facet normal -3.34187e-06 -0.978149 0.207906
    outer loop
      vertex 181.629 -6.71779 2.48045
      vertex 180.559 -6.4858 3.57189
      vertex 180.416 -6.53448 3.34286
    endloop
  endfacet
  facet normal -3.80602e-06 -0.978147 0.207915
    outer loop
      vertex 180.75 -6.32061 4.34901
      vertex 182.035 -6.5575 3.23457
      vertex 182.035 -6.08373 5.46345
    endloop
  endfacet
  facet normal -8.76594e-06 -0.978149 0.207907
    outer loop
      vertex 181.298 -6.79842 2.10113
      vertex 180.416 -6.53448 3.34286
      vertex 180.237 -6.57789 3.13862
    endloop
  endfacet
  facet normal -2.80487e-06 -0.978147 0.207912
    outer loop
      vertex 180.91 -6.86728 1.77716
      vertex 180.237 -6.57789 3.13862
      vertex 180.029 -6.61497 2.96417
    endloop
  endfacet
  facet normal -4.26674e-06 -0.978151 0.207895
    outer loop
      vertex 180.559 -6.4858 3.57189
      vertex 181.896 -6.62738 2.90578
      vertex 182.035 -6.5575 3.23457
    endloop
  endfacet
  facet normal -8.98268e-06 -0.978148 0.207911
    outer loop
      vertex 180.475 -6.92268 1.51652
      vertex 180.029 -6.61497 2.96417
      vertex 179.794 -6.6448 2.82382
    endloop
  endfacet
  facet normal 5.35792e-06 -0.978148 0.207911
    outer loop
      vertex 180.004 -6.96325 1.32562
      vertex 179.794 -6.6448 2.82382
      vertex 179.541 -6.66665 2.72103
    endloop
  endfacet
  facet normal 9.30853e-06 -0.978147 0.207914
    outer loop
      vertex 179.508 -6.98801 1.20917
      vertex 179.541 -6.66665 2.72103
      vertex 179.274 -6.67998 2.65833
    endloop
  endfacet
  facet normal 6.26799e-06 -0.978147 0.207915
    outer loop
      vertex 180.559 -6.4858 3.57189
      vertex 181.629 -6.71779 2.48045
      vertex 181.896 -6.62738 2.90578
    endloop
  endfacet
  facet normal -2.51981e-06 -0.978147 0.207912
    outer loop
      vertex 179.508 -6.98801 1.20917
      vertex 179.274 -6.67998 2.65833
      vertex 179 -6.68446 2.63725
    endloop
  endfacet
  facet normal 1.66075e-06 -0.978147 0.207914
    outer loop
      vertex 177.776 -6.94435 1.41457
      vertex 178.206 -6.6448 2.82382
      vertex 177.525 -6.92268 1.51652
    endloop
  endfacet
  facet normal -3.33908e-06 -0.978147 0.207916
    outer loop
      vertex 178.206 -6.6448 2.82382
      vertex 177.776 -6.94435 1.41457
      vertex 178.459 -6.66665 2.72103
    endloop
  endfacet
  facet normal -9.30853e-06 -0.978147 0.207914
    outer loop
      vertex 178.459 -6.66665 2.72103
      vertex 178.492 -6.98801 1.20917
      vertex 178.726 -6.67998 2.65833
    endloop
  endfacet
  facet normal 2.61861e-05 -0.97815 0.207901
    outer loop
      vertex 177.996 -6.96325 1.32562
      vertex 178.459 -6.66665 2.72103
      vertex 177.776 -6.94435 1.41457
    endloop
  endfacet
  facet normal 3.89528e-06 -0.978147 0.207916
    outer loop
      vertex 180.416 -6.53448 3.34286
      vertex 181.298 -6.79842 2.10113
      vertex 181.629 -6.71779 2.48045
    endloop
  endfacet
  facet normal -1.47915e-05 -0.978147 0.207914
    outer loop
      vertex 178.492 -6.98801 1.20917
      vertex 178.459 -6.66665 2.72103
      vertex 177.996 -6.96325 1.32562
    endloop
  endfacet
  facet normal -4.64342e-06 -0.978148 0.207911
    outer loop
      vertex 180.237 -6.57789 3.13862
      vertex 180.91 -6.86728 1.77716
      vertex 181.298 -6.79842 2.10113
    endloop
  endfacet
  facet normal -2.2611e-06 -0.978147 0.207913
    outer loop
      vertex 180.029 -6.61497 2.96417
      vertex 180.475 -6.92268 1.51652
      vertex 180.91 -6.86728 1.77716
    endloop
  endfacet
  facet normal 2.51981e-06 -0.978147 0.207912
    outer loop
      vertex 178.726 -6.67998 2.65833
      vertex 178.492 -6.98801 1.20917
      vertex 179 -6.68446 2.63725
    endloop
  endfacet
  facet normal -1.32883e-05 -0.978148 0.207909
    outer loop
      vertex 179.794 -6.6448 2.82382
      vertex 180.004 -6.96325 1.32562
      vertex 180.475 -6.92268 1.51652
    endloop
  endfacet
  facet normal -8.90552e-07 -0.978147 0.207913
    outer loop
      vertex 179 -6.99633 1.17003
      vertex 179 -6.68446 2.63725
      vertex 178.492 -6.98801 1.20917
    endloop
  endfacet
  facet normal 1.47915e-05 -0.978147 0.207914
    outer loop
      vertex 179.541 -6.66665 2.72103
      vertex 179.508 -6.98801 1.20917
      vertex 180.004 -6.96325 1.32562
    endloop
  endfacet
  facet normal 8.90552e-07 -0.978147 0.207913
    outer loop
      vertex 179 -6.68446 2.63725
      vertex 179 -6.99633 1.17003
      vertex 179.508 -6.98801 1.20917
    endloop
  endfacet
  facet normal 1 0 0
    outer loop
      vertex 3 -1 39
      vertex 3 -1.53865 26.8464
      vertex 3 0.956295 38.5842
    endloop
  endfacet
  facet normal 1 0 0
    outer loop
      vertex 3 -1 39
      vertex 3 -4.86523 11.196
      vertex 3 -1.53865 26.8464
    endloop
  endfacet
  facet normal 1 0 0
    outer loop
      vertex 3 -9.31647 -0.125904
      vertex 3 -4.86523 11.196
      vertex 3 -1 39
    endloop
  endfacet
  facet normal 1 0 0
    outer loop
      vertex 3 -4.86523 11.196
      vertex 3 -9.31647 -0.125904
      vertex 3 -6.06616 5.54611
    endloop
  endfacet
  facet normal 1 0 0
    outer loop
      vertex 3 -6.06616 5.54611
      vertex 3 -9.31647 -0.125904
      vertex 3 -6.57506 3.15192
    endloop
  endfacet
  facet normal 1 0 0
    outer loop
      vertex 3 -6.57506 3.15192
      vertex 3 -9.31647 -0.125904
      vertex 3 -7.36017 -0.541727
    endloop
  endfacet
  facet normal -1 0 0
    outer loop
      vertex 180.035 -1.76803 6.52832
      vertex 180.035 0.0206926 34.1825
      vertex 180.035 3.93328 33.3509
    endloop
  endfacet
  facet normal -1 0 0
    outer loop
      vertex 180.035 0.0206926 34.1825
      vertex 180.035 -1.76803 6.52832
      vertex 180.035 -5.68062 7.35996
    endloop
  endfacet
  facet normal 1 0 0
    outer loop
      vertex 5 0.0206926 34.1825
      vertex 5 2.37395 26.0148
      vertex 5 3.93328 33.3509
    endloop
  endfacet
  facet normal 1 0 0
    outer loop
      vertex 5 2.37395 26.0148
      vertex 5 0.0206926 34.1825
      vertex 5 -1.53865 26.8464
    endloop
  endfacet
  facet normal 1 0 0
    outer loop
      vertex 5 -4.86523 11.196
      vertex 5 -1.76517 6.54176
      vertex 5 -0.952642 10.3644
    endloop
  endfacet
  facet normal 1 0 0
    outer loop
      vertex 5 -1.76517 6.54176
      vertex 5 -4.86523 11.196
      vertex 5 -5.67776 7.37341
    endloop
  endfacet
  facet normal -0 0.207912 0.978147
    outer loop
      vertex 7.22384 -3.03176 0.582921
      vertex 70.8 -6.94435 1.41457
      vertex 70.8 -3.03176 0.582921
    endloop
  endfacet
  facet normal 0 0.207912 0.978147
    outer loop
      vertex 70.8 -6.94435 1.41457
      vertex 7.22384 -3.03176 0.582921
      vertex 7.22384 -6.94435 1.41457
    endloop
  endfacet
  facet normal -0 0.207912 0.978147
    outer loop
      vertex 72.8 -3.03176 0.582921
      vertex 133.7 -6.94435 1.41457
      vertex 133.7 -3.03176 0.582921
    endloop
  endfacet
  facet normal 0 0.207912 0.978147
    outer loop
      vertex 133.7 -6.94435 1.41457
      vertex 72.8 -3.03176 0.582921
      vertex 72.8 -6.94435 1.41457
    endloop
  endfacet
  facet normal -0 0.207912 0.978147
    outer loop
      vertex 135.7 -3.03176 0.582921
      vertex 177.776 -6.94435 1.41457
      vertex 177.776 -3.03176 0.582921
    endloop
  endfacet
  facet normal 0 0.207912 0.978147
    outer loop
      vertex 177.776 -6.94435 1.41457
      vertex 135.7 -3.03176 0.582921
      vertex 135.7 -6.94435 1.41457
    endloop
  endfacet
  facet normal 0 -0.207901 -0.97815
    outer loop
      vertex 5 0.0206926 34.1825
      vertex 20.805 3.93328 33.3509
      vertex 20.805 0.0206926 34.1825
    endloop
  endfacet
  facet normal -0 -0.207901 -0.97815
    outer loop
      vertex 20.805 3.93328 33.3509
      vertex 5 0.0206926 34.1825
      vertex 5 3.93328 33.3509
    endloop
  endfacet
  facet normal 0 -0.207901 -0.97815
    outer loop
      vertex 137.911 0.0206926 34.1825
      vertex 180.035 3.93328 33.3509
      vertex 180.035 0.0206926 34.1825
    endloop
  endfacet
  facet normal -0 -0.207901 -0.97815
    outer loop
      vertex 180.035 3.93328 33.3509
      vertex 137.911 0.0206926 34.1825
      vertex 137.911 3.93328 33.3509
    endloop
  endfacet
  facet normal 0 -0.207901 -0.97815
    outer loop
      vertex 47.805 0.0206926 34.1825
      vertex 68.5893 3.93328 33.3509
      vertex 68.5893 0.0206926 34.1825
    endloop
  endfacet
  facet normal -0 -0.207901 -0.97815
    outer loop
      vertex 68.5893 3.93328 33.3509
      vertex 47.805 0.0206926 34.1825
      vertex 47.805 3.93328 33.3509
    endloop
  endfacet
  facet normal 0 -0.207901 -0.97815
    outer loop
      vertex 75.0107 0.0206926 34.1825
      vertex 131.489 3.93328 33.3509
      vertex 131.489 0.0206926 34.1825
    endloop
  endfacet
  facet normal -0 -0.207901 -0.97815
    outer loop
      vertex 131.489 3.93328 33.3509
      vertex 75.0107 0.0206926 34.1825
      vertex 75.0107 3.93328 33.3509
    endloop
  endfacet
  facet normal -1 0 0
    outer loop
      vertex 47.805 3.93328 33.3509
      vertex 47.805 1.04468 37
      vertex 47.805 4.70893 37
    endloop
  endfacet
  facet normal -1 0 0
    outer loop
      vertex 47.805 1.04468 37
      vertex 47.805 0.956295 38.5842
      vertex 47.805 1.04468 38.5654
    endloop
  endfacet
  facet normal -1 -0 0
    outer loop
      vertex 47.805 1.04468 37
      vertex 47.805 0.0206926 34.1825
      vertex 47.805 0.956295 38.5842
    endloop
  endfacet
  facet normal -1 0 0
    outer loop
      vertex 47.805 0.0206926 34.1825
      vertex 47.805 1.04468 37
      vertex 47.805 3.93328 33.3509
    endloop
  endfacet
  facet normal 1 0 0
    outer loop
      vertex 20.805 1.04468 38.5654
      vertex 20.805 0.956295 38.5842
      vertex 20.805 1.04468 37
    endloop
  endfacet
  facet normal 1 -0 0
    outer loop
      vertex 20.805 1.04468 37
      vertex 20.805 3.93328 33.3509
      vertex 20.805 4.70893 37
    endloop
  endfacet
  facet normal 1 0 0
    outer loop
      vertex 20.805 1.04468 37
      vertex 20.805 0.0206926 34.1825
      vertex 20.805 3.93328 33.3509
    endloop
  endfacet
  facet normal 1 0 0
    outer loop
      vertex 20.805 0.0206926 34.1825
      vertex 20.805 1.04468 37
      vertex 20.805 0.956295 38.5842
    endloop
  endfacet
  facet normal 1 0 0
    outer loop
      vertex 72.8 -2.37029 22.9338
      vertex 72.8 -6.94435 1.41457
      vertex 72.8 -3.03176 0.582921
    endloop
  endfacet
  facet normal -1 0 0
    outer loop
      vertex 72.8 -6.94435 1.41457
      vertex 72.8 -2.37029 22.9338
      vertex 72.8 -0.726119 30.669
    endloop
  endfacet
  facet normal 1 0 0
    outer loop
      vertex 72.8 -3.03176 0.582921
      vertex 72.8 1.5423 22.1022
      vertex 72.8 -2.37029 22.9338
    endloop
  endfacet
  facet normal -1 -0 0
    outer loop
      vertex 70.8 1.5423 22.1022
      vertex 70.8 -3.03176 0.582921
      vertex 70.8 -2.37029 22.9338
    endloop
  endfacet
  facet normal 1 -0 0
    outer loop
      vertex 70.8 -2.37029 22.9338
      vertex 70.8 -6.94435 1.41457
      vertex 70.8 -0.726119 30.669
    endloop
  endfacet
  facet normal -1 0 0
    outer loop
      vertex 70.8 -6.94435 1.41457
      vertex 70.8 -2.37029 22.9338
      vertex 70.8 -3.03176 0.582921
    endloop
  endfacet
  facet normal 1 0 0
    outer loop
      vertex 135.7 -2.37029 22.9338
      vertex 135.7 -6.94435 1.41457
      vertex 135.7 -3.03176 0.582921
    endloop
  endfacet
  facet normal -1 0 0
    outer loop
      vertex 135.7 -6.94435 1.41457
      vertex 135.7 -2.37029 22.9338
      vertex 135.7 -0.726119 30.669
    endloop
  endfacet
  facet normal 1 0 0
    outer loop
      vertex 135.7 -3.03176 0.582921
      vertex 135.7 1.5423 22.1022
      vertex 135.7 -2.37029 22.9338
    endloop
  endfacet
  facet normal -1 -0 0
    outer loop
      vertex 133.7 1.5423 22.1022
      vertex 133.7 -3.03176 0.582921
      vertex 133.7 -2.37029 22.9338
    endloop
  endfacet
  facet normal 1 -0 0
    outer loop
      vertex 133.7 -2.37029 22.9338
      vertex 133.7 -6.94435 1.41457
      vertex 133.7 -0.726119 30.669
    endloop
  endfacet
  facet normal -1 0 0
    outer loop
      vertex 133.7 -6.94435 1.41457
      vertex 133.7 -2.37029 22.9338
      vertex 133.7 -3.03176 0.582921
    endloop
  endfacet
  facet normal 0.97234 -0.0485622 -0.228466
    outer loop
      vertex 75.01 -0.188968 33.1961
      vertex 74.8909 4.24662 31.7464
      vertex 75.01 4.62338 32.1732
    endloop
  endfacet
  facet normal 0.972343 -0.0485577 -0.228453
    outer loop
      vertex 74.8909 4.24662 31.7464
      vertex 75.01 -0.188968 33.1961
      vertex 74.8909 -0.29207 32.7111
    endloop
  endfacet
  facet normal 0.99692 -0.0163053 -0.0767138
    outer loop
      vertex 75.05 -0.0832633 33.6934
      vertex 75.01 4.62338 32.1732
      vertex 75.05 4.75 32.6661
    endloop
  endfacet
  facet normal 0.996919 -0.0163075 -0.0767203
    outer loop
      vertex 75.01 4.62338 32.1732
      vertex 75.05 -0.0832633 33.6934
      vertex 75.01 -0.188968 33.1961
    endloop
  endfacet
  facet normal 0.923946 -0.0795289 -0.374165
    outer loop
      vertex 74.8909 -0.29207 32.7111
      vertex 74.6958 3.62902 31.3959
      vertex 74.8909 4.24662 31.7464
    endloop
  endfacet
  facet normal 0.923932 -0.0795403 -0.374197
    outer loop
      vertex 74.6958 3.62902 31.3959
      vertex 74.8909 -0.29207 32.7111
      vertex 74.6958 -0.39003 32.2502
    endloop
  endfacet
  facet normal 0.996533 0.017296 0.0813787
    outer loop
      vertex 75.0107 3.93328 33.3509
      vertex 75.01 4.62338 33.2128
      vertex 75.01 3.93503 33.3591
    endloop
  endfacet
  facet normal 0.996917 0.0163664 0.0767313
    outer loop
      vertex 75.01 4.62338 33.2128
      vertex 75.0107 3.93328 33.3509
      vertex 75.05 4.75 32.6661
    endloop
  endfacet
  facet normal 0.996926 0.0162899 0.0766423
    outer loop
      vertex 75.05 -0.0832633 33.6934
      vertex 75.0107 3.93328 33.3509
      vertex 75.0107 0.0206926 34.1825
    endloop
  endfacet
  facet normal 0.996926 0.0162898 0.0766404
    outer loop
      vertex 75.0107 3.93328 33.3509
      vertex 75.05 -0.0832633 33.6934
      vertex 75.05 4.75 32.6661
    endloop
  endfacet
  facet normal 0.852608 -0.108647 -0.511131
    outer loop
      vertex 74.6958 -0.39003 32.2502
      vertex 74.4293 2.78577 31.1306
      vertex 74.6958 3.62902 31.3959
    endloop
  endfacet
  facet normal 0.852594 -0.108656 -0.511152
    outer loop
      vertex 74.4293 2.78577 31.1306
      vertex 74.6958 -0.39003 32.2502
      vertex 74.4293 -0.480437 31.8249
    endloop
  endfacet
  facet normal -0.649476 -0.158116 -0.743761
    outer loop
      vertex 69.5019 -0.561064 31.4456
      vertex 69.8897 0.968922 30.7817
      vertex 69.8897 -0.629927 31.1216
    endloop
  endfacet
  facet normal -0.649488 -0.158109 -0.743752
    outer loop
      vertex 69.8897 0.968922 30.7817
      vertex 69.5019 -0.561064 31.4456
      vertex 69.5171 1.68947 30.9539
    endloop
  endfacet
  facet normal -0.651271 -0.157772 -0.742263
    outer loop
      vertex 69.5171 1.68947 30.9539
      vertex 69.5019 -0.561064 31.4456
      vertex 69.5019 1.73763 30.957
    endloop
  endfacet
  facet normal -0.97234 -0.0485625 -0.228467
    outer loop
      vertex 68.7091 4.24662 31.7464
      vertex 68.59 -0.188968 33.1961
      vertex 68.59 4.62337 32.1732
    endloop
  endfacet
  facet normal -0.972343 -0.0485577 -0.228453
    outer loop
      vertex 68.59 -0.188968 33.1961
      vertex 68.7091 4.24662 31.7464
      vertex 68.7091 -0.29207 32.7111
    endloop
  endfacet
  facet normal 0.972354 0.0486382 0.228392
    outer loop
      vertex 75.01 3.93503 33.3591
      vertex 74.8909 4.24662 33.7998
      vertex 74.8909 4.03813 33.8442
    endloop
  endfacet
  facet normal 0.972344 0.0485538 0.228449
    outer loop
      vertex 74.8909 4.24662 33.7998
      vertex 75.01 3.93503 33.3591
      vertex 75.01 4.62338 33.2128
    endloop
  endfacet
  facet normal -0.923946 -0.0795289 -0.374165
    outer loop
      vertex 68.9042 3.62902 31.3959
      vertex 68.7091 -0.29207 32.7111
      vertex 68.7091 4.24662 31.7464
    endloop
  endfacet
  facet normal -0.923932 -0.0795403 -0.374197
    outer loop
      vertex 68.7091 -0.29207 32.7111
      vertex 68.9042 3.62902 31.3959
      vertex 68.9042 -0.39003 32.2502
    endloop
  endfacet
  facet normal 0.923954 0.0796711 0.374113
    outer loop
      vertex 74.8909 4.24662 33.7998
      vertex 74.8341 4.06668 33.9784
      vertex 74.8909 4.03813 33.8442
    endloop
  endfacet
  facet normal -0.99692 -0.0163053 -0.0767134
    outer loop
      vertex 68.59 4.62337 32.1732
      vertex 68.55 -0.0832633 33.6934
      vertex 68.55 4.75 32.6661
    endloop
  endfacet
  facet normal -0.996919 -0.0163075 -0.0767203
    outer loop
      vertex 68.55 -0.0832633 33.6934
      vertex 68.59 4.62337 32.1732
      vertex 68.59 -0.188968 33.1961
    endloop
  endfacet
  facet normal 0.382662 -0.191246 -0.903878
    outer loop
      vertex 72.8043 -0.718342 30.6684
      vertex 73.2755 -0.685328 30.8609
      vertex 72.8043 -0.725904 30.67
    endloop
  endfacet
  facet normal 0.38265 -0.192079 -0.903706
    outer loop
      vertex 73.2755 -0.685328 30.8609
      vertex 72.8043 -0.718342 30.6684
      vertex 73.2755 0.149784 30.6834
    endloop
  endfacet
  facet normal -0.522607 -0.177252 -0.833945
    outer loop
      vertex 69.8897 -0.629927 31.1216
      vertex 70.3245 0.149782 30.6834
      vertex 70.3245 -0.685328 30.8609
    endloop
  endfacet
  facet normal -0.522556 -0.177294 -0.833968
    outer loop
      vertex 70.3245 0.149782 30.6834
      vertex 69.8897 -0.629927 31.1216
      vertex 69.8897 0.968922 30.7817
    endloop
  endfacet
  facet normal 0.522607 -0.177252 -0.833945
    outer loop
      vertex 73.2755 0.149784 30.6834
      vertex 73.7103 -0.629927 31.1216
      vertex 73.2755 -0.685328 30.8609
    endloop
  endfacet
  facet normal 0.522555 -0.177294 -0.833968
    outer loop
      vertex 73.7103 -0.629927 31.1216
      vertex 73.2755 0.149784 30.6834
      vertex 73.7103 0.968922 30.7817
    endloop
  endfacet
  facet normal -0.852609 -0.108647 -0.511129
    outer loop
      vertex 69.1707 2.78576 31.1306
      vertex 68.9042 -0.39003 32.2502
      vertex 68.9042 3.62902 31.3959
    endloop
  endfacet
  facet normal -0.852594 -0.108656 -0.511152
    outer loop
      vertex 68.9042 -0.39003 32.2502
      vertex 69.1707 2.78576 31.1306
      vertex 69.1707 -0.480437 31.8249
    endloop
  endfacet
  facet normal 0.760369 -0.135046 -0.635297
    outer loop
      vertex 74.4293 -0.480437 31.8249
      vertex 74.0981 1.73763 30.957
      vertex 74.4293 2.78577 31.1306
    endloop
  endfacet
  facet normal 0.760397 -0.135029 -0.635266
    outer loop
      vertex 74.0981 1.73763 30.957
      vertex 74.4293 -0.480437 31.8249
      vertex 74.0981 -0.561064 31.4456
    endloop
  endfacet
  facet normal -0.231414 -0.201408 -0.951778
    outer loop
      vertex 70.8 -0.726119 30.669
      vertex 70.7957 -0.725904 30.67
      vertex 70.7957 -0.718343 30.6684
    endloop
  endfacet
  facet normal 0.651271 -0.157772 -0.742263
    outer loop
      vertex 74.0981 -0.561064 31.4456
      vertex 74.0829 1.68947 30.9539
      vertex 74.0981 1.73763 30.957
    endloop
  endfacet
  facet normal 0.649476 -0.158116 -0.743761
    outer loop
      vertex 73.7103 0.968922 30.7817
      vertex 74.0981 -0.561064 31.4456
      vertex 73.7103 -0.629927 31.1216
    endloop
  endfacet
  facet normal 0.649488 -0.158109 -0.743752
    outer loop
      vertex 74.0981 -0.561064 31.4456
      vertex 73.7103 0.968922 30.7817
      vertex 74.0829 1.68947 30.9539
    endloop
  endfacet
  facet normal -0.382662 -0.19127 -0.903873
    outer loop
      vertex 70.3245 -0.685328 30.8609
      vertex 70.7957 -0.718343 30.6684
      vertex 70.7957 -0.725904 30.67
    endloop
  endfacet
  facet normal -0.38265 -0.19208 -0.903706
    outer loop
      vertex 70.7957 -0.718343 30.6684
      vertex 70.3245 -0.685328 30.8609
      vertex 70.3245 0.149782 30.6834
    endloop
  endfacet
  facet normal -0.996917 0.0163667 0.0767317
    outer loop
      vertex 68.5893 3.93328 33.3509
      vertex 68.59 4.62337 33.2128
      vertex 68.55 4.75 32.6661
    endloop
  endfacet
  facet normal -0.996533 0.0172962 0.0813786
    outer loop
      vertex 68.59 4.62337 33.2128
      vertex 68.5893 3.93328 33.3509
      vertex 68.59 3.93503 33.3591
    endloop
  endfacet
  facet normal -0.996926 0.0162898 0.0766404
    outer loop
      vertex 68.55 -0.0832633 33.6934
      vertex 68.5893 3.93328 33.3509
      vertex 68.55 4.75 32.6661
    endloop
  endfacet
  facet normal -0.996926 0.0162899 0.0766423
    outer loop
      vertex 68.5893 3.93328 33.3509
      vertex 68.55 -0.0832633 33.6934
      vertex 68.5893 0.0206926 34.1825
    endloop
  endfacet
  facet normal -0.923954 0.0796711 0.374113
    outer loop
      vertex 68.7091 4.24662 33.7998
      vertex 68.7091 4.03813 33.8442
      vertex 68.7659 4.06668 33.9784
    endloop
  endfacet
  facet normal -0.972345 0.0485545 0.228448
    outer loop
      vertex 68.59 3.93503 33.3591
      vertex 68.7091 4.24662 33.7998
      vertex 68.59 4.62337 33.2128
    endloop
  endfacet
  facet normal -0.972354 0.0486382 0.228392
    outer loop
      vertex 68.7091 4.24662 33.7998
      vertex 68.59 3.93503 33.3591
      vertex 68.7091 4.03813 33.8442
    endloop
  endfacet
  facet normal 0.231414 -0.201382 -0.951784
    outer loop
      vertex 72.8043 -0.725904 30.67
      vertex 72.8 -0.726119 30.669
      vertex 72.8043 -0.718342 30.6684
    endloop
  endfacet
  facet normal -0.760368 -0.135046 -0.635298
    outer loop
      vertex 69.5019 1.73763 30.957
      vertex 69.1707 -0.480437 31.8249
      vertex 69.1707 2.78576 31.1306
    endloop
  endfacet
  facet normal -0.760397 -0.135029 -0.635266
    outer loop
      vertex 69.1707 -0.480437 31.8249
      vertex 69.5019 1.73763 30.957
      vertex 69.5019 -0.561064 31.4456
    endloop
  endfacet
  facet normal -0.996902 0.0168206 0.0768354
    outer loop
      vertex 131.489 3.93328 33.3509
      vertex 131.49 4.62338 33.2128
      vertex 131.45 4.75 32.6661
    endloop
  endfacet
  facet normal -0.992963 0.02462 0.115839
    outer loop
      vertex 131.49 4.62338 33.2128
      vertex 131.489 3.93328 33.3509
      vertex 131.49 3.93503 33.3591
    endloop
  endfacet
  facet normal -0.996972 0.0161662 0.0760589
    outer loop
      vertex 131.45 -0.0832633 33.6934
      vertex 131.489 3.93328 33.3509
      vertex 131.45 4.75 32.6661
    endloop
  endfacet
  facet normal -0.996972 0.0161663 0.0760608
    outer loop
      vertex 131.489 3.93328 33.3509
      vertex 131.45 -0.0832633 33.6934
      vertex 131.489 0.0206926 34.1825
    endloop
  endfacet
  facet normal 0.972384 -0.0485239 -0.228286
    outer loop
      vertex 137.91 -0.188968 33.1961
      vertex 137.791 4.24662 31.7464
      vertex 137.91 4.62337 32.1732
    endloop
  endfacet
  facet normal 0.972388 -0.0485192 -0.228272
    outer loop
      vertex 137.791 4.24662 31.7464
      vertex 137.91 -0.188968 33.1961
      vertex 137.791 -0.29207 32.7111
    endloop
  endfacet
  facet normal 0.99692 -0.0163053 -0.0767134
    outer loop
      vertex 137.95 -0.0832633 33.6934
      vertex 137.91 4.62337 32.1732
      vertex 137.95 4.75 32.6661
    endloop
  endfacet
  facet normal 0.996919 -0.0163075 -0.0767203
    outer loop
      vertex 137.91 4.62337 32.1732
      vertex 137.95 -0.0832633 33.6934
      vertex 137.91 -0.188968 33.1961
    endloop
  endfacet
  facet normal 0.924015 -0.0794941 -0.374001
    outer loop
      vertex 137.791 -0.29207 32.7111
      vertex 137.596 3.62902 31.3959
      vertex 137.791 4.24662 31.7464
    endloop
  endfacet
  facet normal 0.924001 -0.0795055 -0.374033
    outer loop
      vertex 137.596 3.62902 31.3959
      vertex 137.791 -0.29207 32.7111
      vertex 137.596 -0.39003 32.2502
    endloop
  endfacet
  facet normal 0.382801 -0.191259 -0.903816
    outer loop
      vertex 135.704 -0.718343 30.6684
      vertex 136.175 -0.685328 30.8609
      vertex 135.704 -0.725904 30.67
    endloop
  endfacet
  facet normal 0.382789 -0.192068 -0.90365
    outer loop
      vertex 136.175 -0.685328 30.8609
      vertex 135.704 -0.718343 30.6684
      vertex 136.175 0.149782 30.6834
    endloop
  endfacet
  facet normal -0.923478 0.0799104 0.375237
    outer loop
      vertex 131.609 4.24662 33.7998
      vertex 131.609 4.03813 33.8442
      vertex 131.666 4.06668 33.9784
    endloop
  endfacet
  facet normal -0.382801 -0.191234 -0.903821
    outer loop
      vertex 133.225 -0.685328 30.8609
      vertex 133.696 -0.718342 30.6684
      vertex 133.696 -0.725904 30.67
    endloop
  endfacet
  facet normal -0.382789 -0.192067 -0.90365
    outer loop
      vertex 133.696 -0.718342 30.6684
      vertex 133.225 -0.685328 30.8609
      vertex 133.225 0.149784 30.6834
    endloop
  endfacet
  facet normal -0.924015 -0.0794941 -0.374001
    outer loop
      vertex 131.804 3.62902 31.3959
      vertex 131.609 -0.29207 32.7111
      vertex 131.609 4.24662 31.7464
    endloop
  endfacet
  facet normal -0.924001 -0.0795055 -0.374033
    outer loop
      vertex 131.609 -0.29207 32.7111
      vertex 131.804 3.62902 31.3959
      vertex 131.804 -0.39003 32.2502
    endloop
  endfacet
  facet normal -0.649282 -0.158151 -0.743922
    outer loop
      vertex 132.402 -0.561064 31.4456
      vertex 132.79 0.968922 30.7817
      vertex 132.79 -0.629927 31.1216
    endloop
  endfacet
  facet normal -0.649148 -0.158229 -0.744023
    outer loop
      vertex 132.79 0.968922 30.7817
      vertex 132.402 -0.561064 31.4456
      vertex 132.417 1.68947 30.9539
    endloop
  endfacet
  facet normal -0.656229 -0.156881 -0.738073
    outer loop
      vertex 132.417 1.68947 30.9539
      vertex 132.402 -0.561064 31.4456
      vertex 132.402 1.73763 30.957
    endloop
  endfacet
  facet normal 0.923478 0.0799104 0.375237
    outer loop
      vertex 137.791 4.24662 33.7998
      vertex 137.734 4.06668 33.9784
      vertex 137.791 4.03813 33.8442
    endloop
  endfacet
  facet normal -0.760562 -0.134998 -0.635075
    outer loop
      vertex 132.402 1.73763 30.957
      vertex 132.071 -0.480437 31.8249
      vertex 132.071 2.78577 31.1306
    endloop
  endfacet
  facet normal -0.760591 -0.134982 -0.635044
    outer loop
      vertex 132.071 -0.480437 31.8249
      vertex 132.402 1.73763 30.957
      vertex 132.402 -0.561064 31.4456
    endloop
  endfacet
  facet normal 0.24774 -0.200574 -0.947837
    outer loop
      vertex 135.704 -0.725904 30.67
      vertex 135.7 -0.726119 30.669
      vertex 135.704 -0.718343 30.6684
    endloop
  endfacet
  facet normal -0.99692 -0.0163053 -0.0767138
    outer loop
      vertex 131.49 4.62338 32.1732
      vertex 131.45 -0.0832633 33.6934
      vertex 131.45 4.75 32.6661
    endloop
  endfacet
  facet normal -0.996919 -0.0163075 -0.0767203
    outer loop
      vertex 131.45 -0.0832633 33.6934
      vertex 131.49 4.62338 32.1732
      vertex 131.49 -0.188968 33.1961
    endloop
  endfacet
  facet normal 0.656229 -0.156881 -0.738073
    outer loop
      vertex 136.998 -0.561064 31.4456
      vertex 136.983 1.68947 30.9539
      vertex 136.998 1.73763 30.957
    endloop
  endfacet
  facet normal 0.649282 -0.158151 -0.743922
    outer loop
      vertex 136.61 0.968922 30.7817
      vertex 136.998 -0.561064 31.4456
      vertex 136.61 -0.629927 31.1216
    endloop
  endfacet
  facet normal 0.649148 -0.158229 -0.744023
    outer loop
      vertex 136.998 -0.561064 31.4456
      vertex 136.61 0.968922 30.7817
      vertex 136.983 1.68947 30.9539
    endloop
  endfacet
  facet normal 0.992963 0.0246204 0.115839
    outer loop
      vertex 137.911 3.93328 33.3509
      vertex 137.91 4.62337 33.2128
      vertex 137.91 3.93503 33.3591
    endloop
  endfacet
  facet normal 0.996902 0.0168209 0.0768357
    outer loop
      vertex 137.91 4.62337 33.2128
      vertex 137.911 3.93328 33.3509
      vertex 137.95 4.75 32.6661
    endloop
  endfacet
  facet normal 0.996972 0.0161663 0.0760608
    outer loop
      vertex 137.95 -0.0832633 33.6934
      vertex 137.911 3.93328 33.3509
      vertex 137.911 0.0206926 34.1825
    endloop
  endfacet
  facet normal 0.996972 0.0161662 0.0760589
    outer loop
      vertex 137.911 3.93328 33.3509
      vertex 137.95 -0.0832633 33.6934
      vertex 137.95 4.75 32.6661
    endloop
  endfacet
  facet normal 0.522432 -0.177275 -0.83405
    outer loop
      vertex 136.175 0.149782 30.6834
      vertex 136.61 -0.629927 31.1216
      vertex 136.175 -0.685328 30.8609
    endloop
  endfacet
  facet normal 0.522381 -0.177316 -0.834073
    outer loop
      vertex 136.61 -0.629927 31.1216
      vertex 136.175 0.149782 30.6834
      vertex 136.61 0.968922 30.7817
    endloop
  endfacet
  facet normal 0.852172 -0.108795 -0.511826
    outer loop
      vertex 137.596 -0.39003 32.2502
      vertex 137.329 2.78576 31.1306
      vertex 137.596 3.62902 31.3959
    endloop
  endfacet
  facet normal 0.852157 -0.108804 -0.511849
    outer loop
      vertex 137.329 2.78576 31.1306
      vertex 137.596 -0.39003 32.2502
      vertex 137.329 -0.480437 31.8249
    endloop
  endfacet
  facet normal -0.24774 -0.200549 -0.947842
    outer loop
      vertex 133.7 -0.726119 30.669
      vertex 133.696 -0.725904 30.67
      vertex 133.696 -0.718342 30.6684
    endloop
  endfacet
  facet normal 0.972398 0.0485996 0.22821
    outer loop
      vertex 137.91 3.93503 33.3591
      vertex 137.791 4.24662 33.7998
      vertex 137.791 4.03813 33.8442
    endloop
  endfacet
  facet normal 0.972389 0.0485159 0.228267
    outer loop
      vertex 137.791 4.24662 33.7998
      vertex 137.91 3.93503 33.3591
      vertex 137.91 4.62337 33.2128
    endloop
  endfacet
  facet normal 0.760561 -0.134999 -0.635076
    outer loop
      vertex 137.329 -0.480437 31.8249
      vertex 136.998 1.73763 30.957
      vertex 137.329 2.78576 31.1306
    endloop
  endfacet
  facet normal 0.760591 -0.134982 -0.635044
    outer loop
      vertex 136.998 1.73763 30.957
      vertex 137.329 -0.480437 31.8249
      vertex 136.998 -0.561064 31.4456
    endloop
  endfacet
  facet normal -0.972389 0.0485153 0.228267
    outer loop
      vertex 131.49 3.93503 33.3591
      vertex 131.609 4.24662 33.7998
      vertex 131.49 4.62338 33.2128
    endloop
  endfacet
  facet normal -0.972398 0.0485996 0.22821
    outer loop
      vertex 131.609 4.24662 33.7998
      vertex 131.49 3.93503 33.3591
      vertex 131.609 4.03813 33.8442
    endloop
  endfacet
  facet normal -0.522432 -0.177274 -0.83405
    outer loop
      vertex 132.79 -0.629927 31.1216
      vertex 133.225 0.149784 30.6834
      vertex 133.225 -0.685328 30.8609
    endloop
  endfacet
  facet normal -0.522381 -0.177316 -0.834073
    outer loop
      vertex 133.225 0.149784 30.6834
      vertex 132.79 -0.629927 31.1216
      vertex 132.79 0.968922 30.7817
    endloop
  endfacet
  facet normal -0.972384 -0.0485236 -0.228285
    outer loop
      vertex 131.609 4.24662 31.7464
      vertex 131.49 -0.188968 33.1961
      vertex 131.49 4.62338 32.1732
    endloop
  endfacet
  facet normal -0.972388 -0.0485192 -0.228272
    outer loop
      vertex 131.49 -0.188968 33.1961
      vertex 131.609 4.24662 31.7464
      vertex 131.609 -0.29207 32.7111
    endloop
  endfacet
  facet normal -0.852171 -0.108795 -0.511828
    outer loop
      vertex 132.071 2.78577 31.1306
      vertex 131.804 -0.39003 32.2502
      vertex 131.804 3.62902 31.3959
    endloop
  endfacet
  facet normal -0.852157 -0.108804 -0.511849
    outer loop
      vertex 131.804 -0.39003 32.2502
      vertex 132.071 2.78577 31.1306
      vertex 132.071 -0.480437 31.8249
    endloop
  endfacet
  facet normal 0.233444 0.202167 0.951122
    outer loop
      vertex 6.50841 -5.65322 7.48885
      vertex 7.0043 0.190913 6.12493
      vertex 6.50841 0.215666 6.24138
    endloop
  endfacet
  facet normal 0.233442 0.202167 0.951122
    outer loop
      vertex 7.0043 0.190913 6.12493
      vertex 6.50841 -5.65322 7.48885
      vertex 7.0043 -5.67797 7.3724
    endloop
  endfacet
  facet normal 0.972367 -0.0485382 -0.228355
    outer loop
      vertex 9.20999 -6.42632 3.85171
      vertex 9.09093 -0.660535 2.11918
      vertex 9.20999 -0.557433 2.60424
    endloop
  endfacet
  facet normal 0.972367 -0.0485383 -0.228355
    outer loop
      vertex 9.09093 -0.660535 2.11918
      vertex 9.20999 -6.42632 3.85171
      vertex 9.09093 -6.52942 3.36665
    endloop
  endfacet
  facet normal 0.996918 -0.0163115 -0.0767393
    outer loop
      vertex 9.25 -6.32061 4.34901
      vertex 9.20999 -0.557433 2.60424
      vertex 9.25 -0.451728 3.10154
    endloop
  endfacet
  facet normal 0.996918 -0.0163114 -0.0767392
    outer loop
      vertex 9.20999 -0.557433 2.60424
      vertex 9.25 -6.32061 4.34901
      vertex 9.20999 -6.42632 3.85171
    endloop
  endfacet
  facet normal 0.923882 -0.0795632 -0.374315
    outer loop
      vertex 9.09093 -6.52942 3.36665
      vertex 8.89577 -0.758496 1.65831
      vertex 9.09093 -0.660535 2.11918
    endloop
  endfacet
  facet normal 0.923882 -0.0795632 -0.374315
    outer loop
      vertex 8.89577 -0.758496 1.65831
      vertex 9.09093 -6.52942 3.36665
      vertex 8.89577 -6.62738 2.90578
    endloop
  endfacet
  facet normal -0.996918 -0.0163114 -0.0767394
    outer loop
      vertex 2.79001 -0.557433 2.60424
      vertex 2.75 -2.40802 3.51736
      vertex 2.75 -0.451728 3.10154
    endloop
  endfacet
  facet normal -0.996918 -0.0163113 -0.0767392
    outer loop
      vertex 2.75 -2.40802 3.51736
      vertex 2.79001 -0.557433 2.60424
      vertex 2.79001 -2.51373 3.02006
    endloop
  endfacet
  facet normal -0.923882 0.0795624 0.374316
    outer loop
      vertex 2.90907 -0.242921 4.0839
      vertex 3.10423 -2.10126 4.96059
      vertex 3.10423 -0.144961 4.54477
    endloop
  endfacet
  facet normal -0.923882 0.0795624 0.374316
    outer loop
      vertex 3.10423 -2.10126 4.96059
      vertex 2.90907 -0.242921 4.0839
      vertex 2.90907 -2.19922 4.49972
    endloop
  endfacet
  facet normal -0.522497 0.177277 0.834008
    outer loop
      vertex 4.0897 0.0949351 5.67339
      vertex 4.52453 -1.80596 6.34986
      vertex 4.52453 0.150336 5.93403
    endloop
  endfacet
  facet normal -0.52251 0.177271 0.834001
    outer loop
      vertex 4.52453 -1.80596 6.34986
      vertex 4.0897 0.0949351 5.67339
      vertex 4.0897 -1.86136 6.08921
    endloop
  endfacet
  facet normal -0.852645 -0.108634 -0.511073
    outer loop
      vertex 3.37069 -0.848902 1.23298
      vertex 3.10423 -2.71479 2.07414
      vertex 3.10423 -0.758496 1.65831
    endloop
  endfacet
  facet normal -0.852645 -0.108633 -0.511072
    outer loop
      vertex 3.10423 -2.71479 2.07414
      vertex 3.37069 -0.848902 1.23298
      vertex 3.37069 -2.8052 1.64881
    endloop
  endfacet
  facet normal -0.38269 0.192083 0.903688
    outer loop
      vertex 4.52453 0.150336 5.93403
      vertex 4.99569 -1.76538 6.54075
      vertex 4.99569 0.190913 6.12493
    endloop
  endfacet
  facet normal -0.382675 0.192089 0.903693
    outer loop
      vertex 4.99569 -1.76538 6.54075
      vertex 4.52453 0.150336 5.93403
      vertex 4.52453 -1.80596 6.34986
    endloop
  endfacet
  facet normal 0.38268 -0.192086 -0.903692
    outer loop
      vertex 7.22384 -3.03176 0.582921
      vertex 7.47547 -6.92268 1.51652
      vertex 7.22384 -6.94435 1.41457
    endloop
  endfacet
  facet normal 0.382688 -0.192085 -0.903689
    outer loop
      vertex 7.47547 -6.92268 1.51652
      vertex 7.22384 -3.03176 0.582921
      vertex 7.47547 -1.05379 0.269049
    endloop
  endfacet
  facet normal 0.382667 -0.192087 -0.903697
    outer loop
      vertex 7.0043 -1.09437 0.0781519
      vertex 7.22384 -3.03176 0.582921
      vertex 7.0043 -3.05066 0.493975
    endloop
  endfacet
  facet normal 0.382679 -0.192084 -0.903692
    outer loop
      vertex 7.22384 -3.03176 0.582921
      vertex 7.0043 -1.09437 0.0781519
      vertex 7.47547 -1.05379 0.269049
    endloop
  endfacet
  facet normal -0.649449 -0.158097 -0.743789
    outer loop
      vertex 3.7019 -2.88582 1.26949
      vertex 4.0897 -0.998392 0.529692
      vertex 4.0897 -2.95469 0.945516
    endloop
  endfacet
  facet normal -0.649444 -0.1581 -0.743793
    outer loop
      vertex 4.0897 -0.998392 0.529692
      vertex 3.7019 -2.88582 1.26949
      vertex 3.7019 -0.92953 0.853663
    endloop
  endfacet
  facet normal 0.382683 0.192085 0.903691
    outer loop
      vertex 7.0043 -5.67797 7.3724
      vertex 7.47547 0.150336 5.93403
      vertex 7.0043 0.190913 6.12493
    endloop
  endfacet
  facet normal 0.382684 0.192085 0.90369
    outer loop
      vertex 7.47547 0.150336 5.93403
      vertex 7.0043 -5.67797 7.3724
      vertex 7.47547 -5.71855 7.1815
    endloop
  endfacet
  facet normal -0.760401 -0.135031 -0.635261
    outer loop
      vertex 3.7019 -0.92953 0.853663
      vertex 3.37069 -2.8052 1.64881
      vertex 3.37069 -0.848902 1.23298
    endloop
  endfacet
  facet normal -0.760402 -0.13503 -0.63526
    outer loop
      vertex 3.37069 -2.8052 1.64881
      vertex 3.7019 -0.92953 0.853663
      vertex 3.7019 -2.88582 1.26949
    endloop
  endfacet
  facet normal 0.760413 0.135026 0.635248
    outer loop
      vertex 8.2981 -5.84281 6.59689
      vertex 8.6293 -0.0545542 4.9701
      vertex 8.2981 0.026073 5.34942
    endloop
  endfacet
  facet normal 0.760414 0.135026 0.635247
    outer loop
      vertex 8.6293 -0.0545542 4.9701
      vertex 8.2981 -5.84281 6.59689
      vertex 8.6293 -5.92344 6.21757
    endloop
  endfacet
  facet normal -0.0784607 -0.20727 -0.975132
    outer loop
      vertex 5.49159 -3.07542 0.377523
      vertex 6 -1.12744 -0.0774393
      vertex 6 -3.08374 0.338384
    endloop
  endfacet
  facet normal -0.0784607 -0.20727 -0.975132
    outer loop
      vertex 6 -1.12744 -0.0774393
      vertex 5.49159 -3.07542 0.377523
      vertex 5.49159 -1.11912 -0.0383003
    endloop
  endfacet
  facet normal -0.382683 -0.192086 -0.903691
    outer loop
      vertex 4.52453 -3.01009 0.684872
      vertex 4.99569 -1.09437 0.0781519
      vertex 4.99569 -3.05066 0.493975
    endloop
  endfacet
  facet normal -0.382686 -0.192084 -0.90369
    outer loop
      vertex 4.99569 -1.09437 0.0781519
      vertex 4.52453 -3.01009 0.684872
      vertex 4.52453 -1.05379 0.269049
    endloop
  endfacet
  facet normal -0.233446 -0.202167 -0.951121
    outer loop
      vertex 4.99569 -3.05066 0.493975
      vertex 5.49159 -1.11912 -0.0383003
      vertex 5.49159 -3.07542 0.377523
    endloop
  endfacet
  facet normal -0.233442 -0.202168 -0.951122
    outer loop
      vertex 5.49159 -1.11912 -0.0383003
      vertex 4.99569 -3.05066 0.493975
      vertex 4.99569 -1.09437 0.0781519
    endloop
  endfacet
  facet normal -0.0784622 0.207271 0.975132
    outer loop
      vertex 5.49159 0.215666 6.24138
      vertex 6 -5.6449 7.52799
      vertex 6 0.223985 6.28052
    endloop
  endfacet
  facet normal -0.0784626 0.207271 0.975132
    outer loop
      vertex 6 -5.6449 7.52799
      vertex 5.49159 0.215666 6.24138
      vertex 5.49159 -5.65322 7.48885
    endloop
  endfacet
  facet normal 0.923882 0.0795632 0.374315
    outer loop
      vertex 8.89577 -6.01385 5.79224
      vertex 9.09093 -0.242921 4.0839
      vertex 8.89577 -0.144961 4.54477
    endloop
  endfacet
  facet normal 0.923882 0.0795632 0.374315
    outer loop
      vertex 9.09093 -0.242921 4.0839
      vertex 8.89577 -6.01385 5.79224
      vertex 9.09093 -6.11181 5.33137
    endloop
  endfacet
  facet normal 0.996918 0.0163114 0.0767393
    outer loop
      vertex 9.20999 -6.21491 4.84631
      vertex 9.25 -0.451728 3.10154
      vertex 9.20999 -0.346023 3.59884
    endloop
  endfacet
  facet normal 0.996918 0.0163115 0.0767395
    outer loop
      vertex 9.25 -0.451728 3.10154
      vertex 9.20999 -6.21491 4.84631
      vertex 9.25 -6.32061 4.34901
    endloop
  endfacet
  facet normal -0.923882 -0.0795644 -0.374315
    outer loop
      vertex 3.10423 -0.758496 1.65831
      vertex 2.90907 -2.61683 2.53501
      vertex 2.90907 -0.660535 2.11918
    endloop
  endfacet
  facet normal -0.923882 -0.0795645 -0.374315
    outer loop
      vertex 2.90907 -2.61683 2.53501
      vertex 3.10423 -0.758496 1.65831
      vertex 3.10423 -2.71479 2.07414
    endloop
  endfacet
  facet normal -0.522502 -0.177273 -0.834006
    outer loop
      vertex 4.0897 -2.95469 0.945516
      vertex 4.52453 -1.05379 0.269049
      vertex 4.52453 -3.01009 0.684872
    endloop
  endfacet
  facet normal -0.5225 -0.177274 -0.834007
    outer loop
      vertex 4.52453 -1.05379 0.269049
      vertex 4.0897 -2.95469 0.945516
      vertex 4.0897 -0.998392 0.529692
    endloop
  endfacet
  facet normal -0.972367 0.0485378 0.228355
    outer loop
      vertex 2.79001 -0.346023 3.59884
      vertex 2.90907 -2.19922 4.49972
      vertex 2.90907 -0.242921 4.0839
    endloop
  endfacet
  facet normal -0.972366 0.0485399 0.228359
    outer loop
      vertex 2.90907 -2.19922 4.49972
      vertex 2.79001 -0.346023 3.59884
      vertex 2.79001 -2.30232 4.01467
    endloop
  endfacet
  facet normal 0.852636 0.108635 0.511087
    outer loop
      vertex 8.6293 -5.92344 6.21757
      vertex 8.89577 -0.144961 4.54477
      vertex 8.6293 -0.0545542 4.9701
    endloop
  endfacet
  facet normal 0.852637 0.108635 0.511086
    outer loop
      vertex 8.89577 -0.144961 4.54477
      vertex 8.6293 -5.92344 6.21757
      vertex 8.89577 -6.01385 5.79224
    endloop
  endfacet
  facet normal 0.649443 0.158098 0.743794
    outer loop
      vertex 7.9103 -5.77395 6.92086
      vertex 8.2981 0.026073 5.34942
      vertex 7.9103 0.0949351 5.67339
    endloop
  endfacet
  facet normal 0.649442 0.158098 0.743794
    outer loop
      vertex 8.2981 0.026073 5.34942
      vertex 7.9103 -5.77395 6.92086
      vertex 8.2981 -5.84281 6.59689
    endloop
  endfacet
  facet normal 0.760411 -0.135027 -0.63525
    outer loop
      vertex 8.6293 -6.71779 2.48045
      vertex 8.2981 -0.92953 0.853663
      vertex 8.6293 -0.848902 1.23298
    endloop
  endfacet
  facet normal 0.760414 -0.135026 -0.635247
    outer loop
      vertex 8.2981 -0.92953 0.853663
      vertex 8.6293 -6.71779 2.48045
      vertex 8.2981 -6.79842 2.10113
    endloop
  endfacet
  facet normal 0.0784622 0.207271 0.975132
    outer loop
      vertex 6 -5.6449 7.52799
      vertex 6.50841 0.215666 6.24138
      vertex 6 0.223985 6.28052
    endloop
  endfacet
  facet normal 0.0784626 0.207271 0.975132
    outer loop
      vertex 6.50841 0.215666 6.24138
      vertex 6 -5.6449 7.52799
      vertex 6.50841 -5.65322 7.48885
    endloop
  endfacet
  facet normal -0.972367 -0.0485378 -0.228355
    outer loop
      vertex 2.90907 -0.660535 2.11918
      vertex 2.79001 -2.51373 3.02006
      vertex 2.79001 -0.557433 2.60424
    endloop
  endfacet
  facet normal -0.972366 -0.0485399 -0.228359
    outer loop
      vertex 2.79001 -2.51373 3.02006
      vertex 2.90907 -0.660535 2.11918
      vertex 2.90907 -2.61683 2.53501
    endloop
  endfacet
  facet normal 0.649442 -0.158098 -0.743794
    outer loop
      vertex 7.9103 -0.998392 0.529692
      vertex 8.2981 -6.79842 2.10113
      vertex 7.9103 -6.86728 1.77716
    endloop
  endfacet
  facet normal 0.649444 -0.158098 -0.743793
    outer loop
      vertex 8.2981 -6.79842 2.10113
      vertex 7.9103 -0.998392 0.529692
      vertex 8.2981 -0.92953 0.853663
    endloop
  endfacet
  facet normal 0.522496 -0.177274 -0.834009
    outer loop
      vertex 7.47547 -1.05379 0.269049
      vertex 7.9103 -6.86728 1.77716
      vertex 7.47547 -6.92268 1.51652
    endloop
  endfacet
  facet normal 0.5225 -0.177273 -0.834007
    outer loop
      vertex 7.9103 -6.86728 1.77716
      vertex 7.47547 -1.05379 0.269049
      vertex 7.9103 -0.998392 0.529692
    endloop
  endfacet
  facet normal 0.972367 0.0485382 0.228355
    outer loop
      vertex 9.09093 -6.11181 5.33137
      vertex 9.20999 -0.346023 3.59884
      vertex 9.09093 -0.242921 4.0839
    endloop
  endfacet
  facet normal 0.972367 0.0485383 0.228355
    outer loop
      vertex 9.20999 -0.346023 3.59884
      vertex 9.09093 -6.11181 5.33137
      vertex 9.20999 -6.21491 4.84631
    endloop
  endfacet
  facet normal 0.852636 -0.108635 -0.511087
    outer loop
      vertex 8.89577 -6.62738 2.90578
      vertex 8.6293 -0.848902 1.23298
      vertex 8.89577 -0.758496 1.65831
    endloop
  endfacet
  facet normal 0.852637 -0.108635 -0.511086
    outer loop
      vertex 8.6293 -0.848902 1.23298
      vertex 8.89577 -6.62738 2.90578
      vertex 8.6293 -6.71779 2.48045
    endloop
  endfacet
  facet normal -0.760404 0.135028 0.635259
    outer loop
      vertex 3.37069 -0.0545542 4.9701
      vertex 3.7019 -1.93022 5.76524
      vertex 3.7019 0.026073 5.34942
    endloop
  endfacet
  facet normal -0.760404 0.135027 0.635258
    outer loop
      vertex 3.7019 -1.93022 5.76524
      vertex 3.37069 -0.0545542 4.9701
      vertex 3.37069 -2.01085 5.38592
    endloop
  endfacet
  facet normal -0.649443 0.158097 0.743794
    outer loop
      vertex 3.7019 0.026073 5.34942
      vertex 4.0897 -1.86136 6.08921
      vertex 4.0897 0.0949351 5.67339
    endloop
  endfacet
  facet normal -0.649442 0.158097 0.743794
    outer loop
      vertex 4.0897 -1.86136 6.08921
      vertex 3.7019 0.026073 5.34942
      vertex 3.7019 -1.93022 5.76524
    endloop
  endfacet
  facet normal -0.23345 0.202167 0.95112
    outer loop
      vertex 5.49159 0.215666 6.24138
      vertex 5 -1.76517 6.54176
      vertex 5.49159 -5.65322 7.48885
    endloop
  endfacet
  facet normal -0.233439 0.202165 0.951123
    outer loop
      vertex 4.99569 0.190913 6.12493
      vertex 5 -1.76517 6.54176
      vertex 5.49159 0.215666 6.24138
    endloop
  endfacet
  facet normal -0.232773 0.202199 0.951279
    outer loop
      vertex 5 -1.76517 6.54176
      vertex 4.99569 0.190913 6.12493
      vertex 4.99569 -1.76538 6.54075
    endloop
  endfacet
  facet normal -0.233444 0.202168 0.951121
    outer loop
      vertex 5.49159 -5.65322 7.48885
      vertex 5 -1.76517 6.54176
      vertex 5 -5.67776 7.37341
    endloop
  endfacet
  facet normal 0.23345 -0.202166 -0.95112
    outer loop
      vertex 6.50841 -1.11912 -0.0383003
      vertex 7.0043 -3.05066 0.493975
      vertex 6.50841 -3.07542 0.377523
    endloop
  endfacet
  facet normal 0.233446 -0.202167 -0.951121
    outer loop
      vertex 7.0043 -3.05066 0.493975
      vertex 6.50841 -1.11912 -0.0383003
      vertex 7.0043 -1.09437 0.0781519
    endloop
  endfacet
  facet normal 0 0.97815 -0.207901
    outer loop
      vertex 6.50841 0.215666 6.24138
      vertex 5.49159 0.215666 6.24138
      vertex 6 0.223985 6.28052
    endloop
  endfacet
  facet normal 0 0.978146 -0.207918
    outer loop
      vertex 7.0043 0.190913 6.12493
      vertex 5.49159 0.215666 6.24138
      vertex 6.50841 0.215666 6.24138
    endloop
  endfacet
  facet normal 0 0.978146 -0.207918
    outer loop
      vertex 7.0043 0.190913 6.12493
      vertex 4.99569 0.190913 6.12493
      vertex 5.49159 0.215666 6.24138
    endloop
  endfacet
  facet normal 0 0.978148 -0.207911
    outer loop
      vertex 7.47547 0.150336 5.93403
      vertex 4.99569 0.190913 6.12493
      vertex 7.0043 0.190913 6.12493
    endloop
  endfacet
  facet normal 0 0.978148 -0.207911
    outer loop
      vertex 7.47547 0.150336 5.93403
      vertex 4.52453 0.150336 5.93403
      vertex 4.99569 0.190913 6.12493
    endloop
  endfacet
  facet normal 0 0.978147 -0.207912
    outer loop
      vertex 7.9103 0.0949351 5.67339
      vertex 4.52453 0.150336 5.93403
      vertex 7.47547 0.150336 5.93403
    endloop
  endfacet
  facet normal 0 0.978147 -0.207912
    outer loop
      vertex 7.9103 0.0949351 5.67339
      vertex 4.0897 0.0949351 5.67339
      vertex 4.52453 0.150336 5.93403
    endloop
  endfacet
  facet normal 0 0.978148 -0.207912
    outer loop
      vertex 8.2981 0.026073 5.34942
      vertex 4.0897 0.0949351 5.67339
      vertex 7.9103 0.0949351 5.67339
    endloop
  endfacet
  facet normal 0 0.978148 -0.207912
    outer loop
      vertex 8.2981 0.026073 5.34942
      vertex 3.7019 0.026073 5.34942
      vertex 4.0897 0.0949351 5.67339
    endloop
  endfacet
  facet normal 0 0.978147 -0.207912
    outer loop
      vertex 8.6293 -0.0545542 4.9701
      vertex 3.7019 0.026073 5.34942
      vertex 8.2981 0.026073 5.34942
    endloop
  endfacet
  facet normal 0 0.978147 -0.207912
    outer loop
      vertex 8.6293 -0.0545542 4.9701
      vertex 3.37069 -0.0545542 4.9701
      vertex 3.7019 0.026073 5.34942
    endloop
  endfacet
  facet normal 0 0.978148 -0.207912
    outer loop
      vertex 8.89577 -0.144961 4.54477
      vertex 3.37069 -0.0545542 4.9701
      vertex 8.6293 -0.0545542 4.9701
    endloop
  endfacet
  facet normal 0 0.978148 -0.207912
    outer loop
      vertex 8.89577 -0.144961 4.54477
      vertex 3.10423 -0.144961 4.54477
      vertex 3.37069 -0.0545542 4.9701
    endloop
  endfacet
  facet normal 0 0.978148 -0.20791
    outer loop
      vertex 9.09093 -0.242921 4.0839
      vertex 3.10423 -0.144961 4.54477
      vertex 8.89577 -0.144961 4.54477
    endloop
  endfacet
  facet normal 0 0.978148 -0.20791
    outer loop
      vertex 9.09093 -0.242921 4.0839
      vertex 2.90907 -0.242921 4.0839
      vertex 3.10423 -0.144961 4.54477
    endloop
  endfacet
  facet normal 0 0.978148 -0.20791
    outer loop
      vertex 9.20999 -0.346023 3.59884
      vertex 2.90907 -0.242921 4.0839
      vertex 9.09093 -0.242921 4.0839
    endloop
  endfacet
  facet normal 0 0.978148 -0.20791
    outer loop
      vertex 9.20999 -0.346023 3.59884
      vertex 2.79001 -0.346023 3.59884
      vertex 2.90907 -0.242921 4.0839
    endloop
  endfacet
  facet normal 0 0.978147 -0.207913
    outer loop
      vertex 9.25 -0.451728 3.10154
      vertex 2.79001 -0.346023 3.59884
      vertex 9.20999 -0.346023 3.59884
    endloop
  endfacet
  facet normal 0 0.978147 -0.207913
    outer loop
      vertex 9.25 -0.451728 3.10154
      vertex 2.75 -0.451728 3.10154
      vertex 2.79001 -0.346023 3.59884
    endloop
  endfacet
  facet normal 0 0.978147 -0.207913
    outer loop
      vertex 9.20999 -0.557433 2.60424
      vertex 2.75 -0.451728 3.10154
      vertex 9.25 -0.451728 3.10154
    endloop
  endfacet
  facet normal 0 0.978147 -0.207913
    outer loop
      vertex 9.20999 -0.557433 2.60424
      vertex 2.79001 -0.557433 2.60424
      vertex 2.75 -0.451728 3.10154
    endloop
  endfacet
  facet normal 0 0.978148 -0.20791
    outer loop
      vertex 9.09093 -0.660535 2.11918
      vertex 2.79001 -0.557433 2.60424
      vertex 9.20999 -0.557433 2.60424
    endloop
  endfacet
  facet normal 0 0.978148 -0.20791
    outer loop
      vertex 9.09093 -0.660535 2.11918
      vertex 2.90907 -0.660535 2.11918
      vertex 2.79001 -0.557433 2.60424
    endloop
  endfacet
  facet normal 0 0.978148 -0.207912
    outer loop
      vertex 8.89577 -0.758496 1.65831
      vertex 2.90907 -0.660535 2.11918
      vertex 9.09093 -0.660535 2.11918
    endloop
  endfacet
  facet normal 0 0.978148 -0.207912
    outer loop
      vertex 8.89577 -0.758496 1.65831
      vertex 3.10423 -0.758496 1.65831
      vertex 2.90907 -0.660535 2.11918
    endloop
  endfacet
  facet normal 0 0.978148 -0.20791
    outer loop
      vertex 8.6293 -0.848902 1.23298
      vertex 3.10423 -0.758496 1.65831
      vertex 8.89577 -0.758496 1.65831
    endloop
  endfacet
  facet normal 0 0.978148 -0.20791
    outer loop
      vertex 8.6293 -0.848902 1.23298
      vertex 3.37069 -0.848902 1.23298
      vertex 3.10423 -0.758496 1.65831
    endloop
  endfacet
  facet normal 0 0.978147 -0.207916
    outer loop
      vertex 8.2981 -0.92953 0.853663
      vertex 3.37069 -0.848902 1.23298
      vertex 8.6293 -0.848902 1.23298
    endloop
  endfacet
  facet normal 0 0.978147 -0.207916
    outer loop
      vertex 8.2981 -0.92953 0.853663
      vertex 3.7019 -0.92953 0.853663
      vertex 3.37069 -0.848902 1.23298
    endloop
  endfacet
  facet normal 0 0.978148 -0.207911
    outer loop
      vertex 7.9103 -0.998392 0.529692
      vertex 3.7019 -0.92953 0.853663
      vertex 8.2981 -0.92953 0.853663
    endloop
  endfacet
  facet normal 0 0.978148 -0.207911
    outer loop
      vertex 7.9103 -0.998392 0.529692
      vertex 4.0897 -0.998392 0.529692
      vertex 3.7019 -0.92953 0.853663
    endloop
  endfacet
  facet normal 0 0.97815 -0.2079
    outer loop
      vertex 7.47547 -1.05379 0.269049
      vertex 4.0897 -0.998392 0.529692
      vertex 7.9103 -0.998392 0.529692
    endloop
  endfacet
  facet normal 0 0.97815 -0.2079
    outer loop
      vertex 7.47547 -1.05379 0.269049
      vertex 4.52453 -1.05379 0.269049
      vertex 4.0897 -0.998392 0.529692
    endloop
  endfacet
  facet normal 0 0.978144 -0.207929
    outer loop
      vertex 7.0043 -1.09437 0.0781519
      vertex 4.52453 -1.05379 0.269049
      vertex 7.47547 -1.05379 0.269049
    endloop
  endfacet
  facet normal 0 0.978144 -0.207929
    outer loop
      vertex 7.0043 -1.09437 0.0781519
      vertex 4.99569 -1.09437 0.0781519
      vertex 4.52453 -1.05379 0.269049
    endloop
  endfacet
  facet normal 0 0.978152 -0.20789
    outer loop
      vertex 6.50841 -1.11912 -0.0383003
      vertex 4.99569 -1.09437 0.0781519
      vertex 7.0043 -1.09437 0.0781519
    endloop
  endfacet
  facet normal 0 0.978152 -0.20789
    outer loop
      vertex 6.50841 -1.11912 -0.0383003
      vertex 5.49159 -1.11912 -0.0383003
      vertex 4.99569 -1.09437 0.0781519
    endloop
  endfacet
  facet normal 0 0.978144 -0.20793
    outer loop
      vertex 5.49159 -1.11912 -0.0383003
      vertex 6.50841 -1.11912 -0.0383003
      vertex 6 -1.12744 -0.0774393
    endloop
  endfacet
  facet normal 0.0784607 -0.20727 -0.975132
    outer loop
      vertex 6 -1.12744 -0.0774393
      vertex 6.50841 -3.07542 0.377523
      vertex 6 -3.08374 0.338384
    endloop
  endfacet
  facet normal 0.0784607 -0.20727 -0.975132
    outer loop
      vertex 6.50841 -3.07542 0.377523
      vertex 6 -1.12744 -0.0774393
      vertex 6.50841 -1.11912 -0.0383003
    endloop
  endfacet
  facet normal 0.522497 0.177274 0.834009
    outer loop
      vertex 7.47547 -5.71855 7.1815
      vertex 7.9103 0.0949351 5.67339
      vertex 7.47547 0.150336 5.93403
    endloop
  endfacet
  facet normal 0.522496 0.177274 0.834009
    outer loop
      vertex 7.9103 0.0949351 5.67339
      vertex 7.47547 -5.71855 7.1815
      vertex 7.9103 -5.77395 6.92086
    endloop
  endfacet
  facet normal -0.996918 0.0163117 0.0767393
    outer loop
      vertex 2.75 -0.451728 3.10154
      vertex 2.79001 -2.30232 4.01467
      vertex 2.79001 -0.346023 3.59884
    endloop
  endfacet
  facet normal -0.996918 0.0163111 0.0767381
    outer loop
      vertex 2.79001 -2.30232 4.01467
      vertex 2.75 -0.451728 3.10154
      vertex 2.75 -2.40802 3.51736
    endloop
  endfacet
  facet normal -0.852645 0.108631 0.511073
    outer loop
      vertex 3.10423 -0.144961 4.54477
      vertex 3.37069 -2.01085 5.38592
      vertex 3.37069 -0.0545542 4.9701
    endloop
  endfacet
  facet normal -0.852645 0.108631 0.511073
    outer loop
      vertex 3.37069 -2.01085 5.38592
      vertex 3.10423 -0.144961 4.54477
      vertex 3.10423 -2.10126 4.96059
    endloop
  endfacet
  facet normal 0.233395 0.20217 0.951133
    outer loop
      vertex 179.508 -5.65322 7.48885
      vertex 180.004 0.190913 6.12493
      vertex 179.508 0.215666 6.24138
    endloop
  endfacet
  facet normal 0.233394 0.20217 0.951133
    outer loop
      vertex 180.004 0.190913 6.12493
      vertex 179.508 -5.65322 7.48885
      vertex 180.004 -5.67797 7.3724
    endloop
  endfacet
  facet normal 0.972394 -0.0485147 -0.228246
    outer loop
      vertex 182.21 -2.51373 3.02006
      vertex 182.091 -0.660535 2.11918
      vertex 182.21 -0.557433 2.60424
    endloop
  endfacet
  facet normal 0.972393 -0.0485168 -0.22825
    outer loop
      vertex 182.091 -0.660535 2.11918
      vertex 182.21 -2.51373 3.02006
      vertex 182.091 -2.61683 2.53501
    endloop
  endfacet
  facet normal 0.996919 -0.0163073 -0.0767203
    outer loop
      vertex 182.25 -2.40802 3.51736
      vertex 182.21 -0.557433 2.60424
      vertex 182.25 -0.451728 3.10154
    endloop
  endfacet
  facet normal 0.996919 -0.0163072 -0.0767202
    outer loop
      vertex 182.21 -0.557433 2.60424
      vertex 182.25 -2.40802 3.51736
      vertex 182.21 -2.51373 3.02006
    endloop
  endfacet
  facet normal 0.923993 -0.0795087 -0.374053
    outer loop
      vertex 182.091 -2.61683 2.53501
      vertex 181.896 -0.758496 1.65831
      vertex 182.091 -0.660535 2.11918
    endloop
  endfacet
  facet normal 0.923993 -0.0795088 -0.374053
    outer loop
      vertex 181.896 -0.758496 1.65831
      vertex 182.091 -2.61683 2.53501
      vertex 181.896 -2.71479 2.07414
    endloop
  endfacet
  facet normal -0.996919 -0.0163074 -0.0767203
    outer loop
      vertex 175.79 -0.557433 2.60424
      vertex 175.75 -6.32061 4.34901
      vertex 175.75 -0.451728 3.10154
    endloop
  endfacet
  facet normal -0.996919 -0.0163074 -0.0767201
    outer loop
      vertex 175.75 -6.32061 4.34901
      vertex 175.79 -0.557433 2.60424
      vertex 175.79 -6.42632 3.85171
    endloop
  endfacet
  facet normal -0.923993 0.0795075 0.374053
    outer loop
      vertex 175.909 -0.242921 4.0839
      vertex 176.104 -6.01385 5.79224
      vertex 176.104 -0.144961 4.54477
    endloop
  endfacet
  facet normal -0.923993 0.0795075 0.374053
    outer loop
      vertex 176.104 -6.01385 5.79224
      vertex 175.909 -0.242921 4.0839
      vertex 175.909 -6.11181 5.33137
    endloop
  endfacet
  facet normal -0.522348 0.177293 0.834098
    outer loop
      vertex 177.09 0.0949351 5.67339
      vertex 177.525 -5.71855 7.1815
      vertex 177.525 0.150336 5.93403
    endloop
  endfacet
  facet normal -0.522348 0.177293 0.834098
    outer loop
      vertex 177.525 -5.71855 7.1815
      vertex 177.09 0.0949351 5.67339
      vertex 177.09 -5.77395 6.92086
    endloop
  endfacet
  facet normal -0.852173 -0.108792 -0.511826
    outer loop
      vertex 176.371 -0.848902 1.23298
      vertex 176.104 -6.62738 2.90578
      vertex 176.104 -0.758496 1.65831
    endloop
  endfacet
  facet normal -0.852174 -0.108792 -0.511825
    outer loop
      vertex 176.104 -6.62738 2.90578
      vertex 176.371 -0.848902 1.23298
      vertex 176.371 -6.71779 2.48045
    endloop
  endfacet
  facet normal -0.382801 0.192075 0.903643
    outer loop
      vertex 177.525 0.150336 5.93403
      vertex 177.996 -5.67797 7.3724
      vertex 177.996 0.190913 6.12493
    endloop
  endfacet
  facet normal -0.382802 0.192075 0.903642
    outer loop
      vertex 177.996 -5.67797 7.3724
      vertex 177.525 0.150336 5.93403
      vertex 177.525 -5.71855 7.1815
    endloop
  endfacet
  facet normal 0.382794 -0.192076 -0.903646
    outer loop
      vertex 180.004 -1.09437 0.0781519
      vertex 180.475 -3.01009 0.684872
      vertex 180.004 -3.05066 0.493975
    endloop
  endfacet
  facet normal 0.382797 -0.192075 -0.903645
    outer loop
      vertex 180.475 -3.01009 0.684872
      vertex 180.004 -1.09437 0.0781519
      vertex 180.475 -1.05379 0.269049
    endloop
  endfacet
  facet normal -0.649249 -0.158132 -0.743956
    outer loop
      vertex 176.702 -6.79842 2.10113
      vertex 177.09 -0.998392 0.529692
      vertex 177.09 -6.86728 1.77716
    endloop
  endfacet
  facet normal -0.64925 -0.158132 -0.743955
    outer loop
      vertex 177.09 -0.998392 0.529692
      vertex 176.702 -6.79842 2.10113
      vertex 176.702 -0.92953 0.853663
    endloop
  endfacet
  facet normal 0.383028 0.192059 0.90355
    outer loop
      vertex 180.475 0.150336 5.93403
      vertex 180.035 -1.76803 6.52832
      vertex 180.475 -1.80596 6.34986
    endloop
  endfacet
  facet normal 0.382801 0.192135 0.90363
    outer loop
      vertex 180.004 0.190913 6.12493
      vertex 180.035 -1.76803 6.52832
      vertex 180.475 0.150336 5.93403
    endloop
  endfacet
  facet normal 0.379413 0.192366 0.905009
    outer loop
      vertex 180.004 -5.67797 7.3724
      vertex 180.035 -1.76803 6.52832
      vertex 180.004 0.190913 6.12493
    endloop
  endfacet
  facet normal 0.379586 0.192349 0.90494
    outer loop
      vertex 180.035 -1.76803 6.52832
      vertex 180.004 -5.67797 7.3724
      vertex 180.035 -5.68062 7.35996
    endloop
  endfacet
  facet normal -0.760605 -0.134979 -0.635028
    outer loop
      vertex 176.702 -0.92953 0.853663
      vertex 176.371 -6.71779 2.48045
      vertex 176.371 -0.848902 1.23298
    endloop
  endfacet
  facet normal -0.760608 -0.134978 -0.635025
    outer loop
      vertex 176.371 -6.71779 2.48045
      vertex 176.702 -0.92953 0.853663
      vertex 176.702 -6.79842 2.10113
    endloop
  endfacet
  facet normal 0.760607 0.134978 0.635026
    outer loop
      vertex 181.298 -1.93022 5.76524
      vertex 181.629 -0.0545542 4.9701
      vertex 181.298 0.026073 5.34942
    endloop
  endfacet
  facet normal 0.760608 0.134978 0.635025
    outer loop
      vertex 181.629 -0.0545542 4.9701
      vertex 181.298 -1.93022 5.76524
      vertex 181.629 -2.01085 5.38592
    endloop
  endfacet
  facet normal -0.0785236 -0.207269 -0.975127
    outer loop
      vertex 178.492 -3.07542 0.377523
      vertex 179 -1.12744 -0.0774393
      vertex 179 -3.08374 0.338384
    endloop
  endfacet
  facet normal -0.0785236 -0.207269 -0.975127
    outer loop
      vertex 179 -1.12744 -0.0774393
      vertex 178.492 -3.07542 0.377523
      vertex 178.492 -1.11912 -0.0383003
    endloop
  endfacet
  facet normal -0.3835 -0.192015 -0.903359
    outer loop
      vertex 177.776 -6.94435 1.41457
      vertex 177.525 -6.92268 1.51652
      vertex 177.776 -3.03176 0.582921
    endloop
  endfacet
  facet normal -0.381984 -0.192146 -0.903974
    outer loop
      vertex 177.776 -3.03176 0.582921
      vertex 177.996 -1.09437 0.0781519
      vertex 177.996 -3.05066 0.493975
    endloop
  endfacet
  facet normal -0.382797 -0.191973 -0.903666
    outer loop
      vertex 177.776 -3.03176 0.582921
      vertex 177.525 -1.05379 0.269049
      vertex 177.996 -1.09437 0.0781519
    endloop
  endfacet
  facet normal -0.383507 -0.192014 -0.903356
    outer loop
      vertex 177.525 -1.05379 0.269049
      vertex 177.776 -3.03176 0.582921
      vertex 177.525 -6.92268 1.51652
    endloop
  endfacet
  facet normal -0.233401 -0.202169 -0.951132
    outer loop
      vertex 177.996 -3.05066 0.493975
      vertex 178.492 -1.11912 -0.0383003
      vertex 178.492 -3.07542 0.377523
    endloop
  endfacet
  facet normal -0.233398 -0.20217 -0.951132
    outer loop
      vertex 178.492 -1.11912 -0.0383003
      vertex 177.996 -3.05066 0.493975
      vertex 177.996 -1.09437 0.0781519
    endloop
  endfacet
  facet normal -0.0785251 0.20727 0.975127
    outer loop
      vertex 178.492 0.215666 6.24138
      vertex 179 -5.6449 7.52799
      vertex 179 0.223985 6.28052
    endloop
  endfacet
  facet normal -0.0785255 0.20727 0.975127
    outer loop
      vertex 179 -5.6449 7.52799
      vertex 178.492 0.215666 6.24138
      vertex 178.492 -5.65322 7.48885
    endloop
  endfacet
  facet normal 0.923993 0.0795068 0.374054
    outer loop
      vertex 181.896 -2.10126 4.96059
      vertex 182.091 -0.242921 4.0839
      vertex 181.896 -0.144961 4.54477
    endloop
  endfacet
  facet normal 0.923993 0.0795068 0.374054
    outer loop
      vertex 182.091 -0.242921 4.0839
      vertex 181.896 -2.10126 4.96059
      vertex 182.091 -2.19922 4.49972
    endloop
  endfacet
  facet normal 0.996919 0.0163076 0.0767202
    outer loop
      vertex 182.21 -2.30232 4.01467
      vertex 182.25 -0.451728 3.10154
      vertex 182.21 -0.346023 3.59884
    endloop
  endfacet
  facet normal 0.996919 0.016307 0.076719
    outer loop
      vertex 182.25 -0.451728 3.10154
      vertex 182.21 -2.30232 4.01467
      vertex 182.25 -2.40802 3.51736
    endloop
  endfacet
  facet normal -0.923993 -0.0795075 -0.374053
    outer loop
      vertex 176.104 -0.758496 1.65831
      vertex 175.909 -6.52942 3.36665
      vertex 175.909 -0.660535 2.11918
    endloop
  endfacet
  facet normal -0.923993 -0.0795075 -0.374053
    outer loop
      vertex 175.909 -6.52942 3.36665
      vertex 176.104 -0.758496 1.65831
      vertex 176.104 -6.62738 2.90578
    endloop
  endfacet
  facet normal -0.522348 -0.177293 -0.834098
    outer loop
      vertex 177.09 -6.86728 1.77716
      vertex 177.525 -1.05379 0.269049
      vertex 177.525 -6.92268 1.51652
    endloop
  endfacet
  facet normal -0.522352 -0.177292 -0.834096
    outer loop
      vertex 177.525 -1.05379 0.269049
      vertex 177.09 -6.86728 1.77716
      vertex 177.09 -0.998392 0.529692
    endloop
  endfacet
  facet normal -0.972394 0.0485151 0.228246
    outer loop
      vertex 175.79 -0.346023 3.59884
      vertex 175.909 -6.11181 5.33137
      vertex 175.909 -0.242921 4.0839
    endloop
  endfacet
  facet normal -0.972394 0.0485152 0.228246
    outer loop
      vertex 175.909 -6.11181 5.33137
      vertex 175.79 -0.346023 3.59884
      vertex 175.79 -6.21491 4.84631
    endloop
  endfacet
  facet normal 0.852173 0.108791 0.511826
    outer loop
      vertex 181.629 -2.01085 5.38592
      vertex 181.896 -0.144961 4.54477
      vertex 181.629 -0.0545542 4.9701
    endloop
  endfacet
  facet normal 0.852174 0.108791 0.511825
    outer loop
      vertex 181.896 -0.144961 4.54477
      vertex 181.629 -2.01085 5.38592
      vertex 181.896 -2.10126 4.96059
    endloop
  endfacet
  facet normal 0.649249 0.158131 0.743956
    outer loop
      vertex 180.91 -1.86136 6.08921
      vertex 181.298 0.026073 5.34942
      vertex 180.91 0.0949351 5.67339
    endloop
  endfacet
  facet normal 0.649249 0.158132 0.743956
    outer loop
      vertex 181.298 0.026073 5.34942
      vertex 180.91 -1.86136 6.08921
      vertex 181.298 -1.93022 5.76524
    endloop
  endfacet
  facet normal 0.760605 -0.134981 -0.635028
    outer loop
      vertex 181.629 -2.8052 1.64881
      vertex 181.298 -0.92953 0.853663
      vertex 181.629 -0.848902 1.23298
    endloop
  endfacet
  facet normal 0.760606 -0.134981 -0.635027
    outer loop
      vertex 181.298 -0.92953 0.853663
      vertex 181.629 -2.8052 1.64881
      vertex 181.298 -2.88582 1.26949
    endloop
  endfacet
  facet normal 0.0785251 0.20727 0.975127
    outer loop
      vertex 179 -5.6449 7.52799
      vertex 179.508 0.215666 6.24138
      vertex 179 0.223985 6.28052
    endloop
  endfacet
  facet normal 0.0785255 0.20727 0.975127
    outer loop
      vertex 179.508 0.215666 6.24138
      vertex 179 -5.6449 7.52799
      vertex 179.508 -5.65322 7.48885
    endloop
  endfacet
  facet normal -0.972394 -0.0485151 -0.228246
    outer loop
      vertex 175.909 -0.660535 2.11918
      vertex 175.79 -6.42632 3.85171
      vertex 175.79 -0.557433 2.60424
    endloop
  endfacet
  facet normal -0.972394 -0.0485152 -0.228246
    outer loop
      vertex 175.79 -6.42632 3.85171
      vertex 175.909 -0.660535 2.11918
      vertex 175.909 -6.52942 3.36665
    endloop
  endfacet
  facet normal 0.649255 -0.158132 -0.74395
    outer loop
      vertex 180.91 -0.998392 0.529692
      vertex 181.298 -2.88582 1.26949
      vertex 180.91 -2.95469 0.945516
    endloop
  endfacet
  facet normal 0.64925 -0.158134 -0.743954
    outer loop
      vertex 181.298 -2.88582 1.26949
      vertex 180.91 -0.998392 0.529692
      vertex 181.298 -0.92953 0.853663
    endloop
  endfacet
  facet normal 0.522354 -0.177292 -0.834095
    outer loop
      vertex 180.475 -1.05379 0.269049
      vertex 180.91 -2.95469 0.945516
      vertex 180.475 -3.01009 0.684872
    endloop
  endfacet
  facet normal 0.522352 -0.177293 -0.834096
    outer loop
      vertex 180.91 -2.95469 0.945516
      vertex 180.475 -1.05379 0.269049
      vertex 180.91 -0.998392 0.529692
    endloop
  endfacet
  facet normal 0.972394 0.0485147 0.228246
    outer loop
      vertex 182.091 -2.19922 4.49972
      vertex 182.21 -0.346023 3.59884
      vertex 182.091 -0.242921 4.0839
    endloop
  endfacet
  facet normal 0.972393 0.0485168 0.22825
    outer loop
      vertex 182.21 -0.346023 3.59884
      vertex 182.091 -2.19922 4.49972
      vertex 182.21 -2.30232 4.01467
    endloop
  endfacet
  facet normal 0.852173 -0.108794 -0.511825
    outer loop
      vertex 181.896 -2.71479 2.07414
      vertex 181.629 -0.848902 1.23298
      vertex 181.896 -0.758496 1.65831
    endloop
  endfacet
  facet normal 0.852174 -0.108793 -0.511825
    outer loop
      vertex 181.629 -0.848902 1.23298
      vertex 181.896 -2.71479 2.07414
      vertex 181.629 -2.8052 1.64881
    endloop
  endfacet
  facet normal -0.760607 0.134979 0.635026
    outer loop
      vertex 176.371 -0.0545542 4.9701
      vertex 176.702 -5.84281 6.59689
      vertex 176.702 0.026073 5.34942
    endloop
  endfacet
  facet normal -0.760608 0.134979 0.635025
    outer loop
      vertex 176.702 -5.84281 6.59689
      vertex 176.371 -0.0545542 4.9701
      vertex 176.371 -5.92344 6.21757
    endloop
  endfacet
  facet normal -0.649249 0.158133 0.743956
    outer loop
      vertex 176.702 0.026073 5.34942
      vertex 177.09 -5.77395 6.92086
      vertex 177.09 0.0949351 5.67339
    endloop
  endfacet
  facet normal -0.649249 0.158133 0.743956
    outer loop
      vertex 177.09 -5.77395 6.92086
      vertex 176.702 0.026073 5.34942
      vertex 176.702 -5.84281 6.59689
    endloop
  endfacet
  facet normal -0.233395 0.20217 0.951133
    outer loop
      vertex 177.996 0.190913 6.12493
      vertex 178.492 -5.65322 7.48885
      vertex 178.492 0.215666 6.24138
    endloop
  endfacet
  facet normal -0.233394 0.20217 0.951133
    outer loop
      vertex 178.492 -5.65322 7.48885
      vertex 177.996 0.190913 6.12493
      vertex 177.996 -5.67797 7.3724
    endloop
  endfacet
  facet normal 0.233401 -0.202169 -0.951132
    outer loop
      vertex 179.508 -1.11912 -0.0383003
      vertex 180.004 -3.05066 0.493975
      vertex 179.508 -3.07542 0.377523
    endloop
  endfacet
  facet normal 0.233398 -0.20217 -0.951132
    outer loop
      vertex 180.004 -3.05066 0.493975
      vertex 179.508 -1.11912 -0.0383003
      vertex 180.004 -1.09437 0.0781519
    endloop
  endfacet
  facet normal 0 0.97815 -0.207901
    outer loop
      vertex 179.508 0.215666 6.24138
      vertex 178.492 0.215666 6.24138
      vertex 179 0.223985 6.28052
    endloop
  endfacet
  facet normal 0 0.978146 -0.207918
    outer loop
      vertex 180.004 0.190913 6.12493
      vertex 178.492 0.215666 6.24138
      vertex 179.508 0.215666 6.24138
    endloop
  endfacet
  facet normal 0 0.978146 -0.207918
    outer loop
      vertex 180.004 0.190913 6.12493
      vertex 177.996 0.190913 6.12493
      vertex 178.492 0.215666 6.24138
    endloop
  endfacet
  facet normal 0 0.978148 -0.207911
    outer loop
      vertex 180.475 0.150336 5.93403
      vertex 177.996 0.190913 6.12493
      vertex 180.004 0.190913 6.12493
    endloop
  endfacet
  facet normal 0 0.978148 -0.207911
    outer loop
      vertex 180.475 0.150336 5.93403
      vertex 177.525 0.150336 5.93403
      vertex 177.996 0.190913 6.12493
    endloop
  endfacet
  facet normal 0 0.978147 -0.207912
    outer loop
      vertex 180.91 0.0949351 5.67339
      vertex 177.525 0.150336 5.93403
      vertex 180.475 0.150336 5.93403
    endloop
  endfacet
  facet normal 0 0.978147 -0.207912
    outer loop
      vertex 180.91 0.0949351 5.67339
      vertex 177.09 0.0949351 5.67339
      vertex 177.525 0.150336 5.93403
    endloop
  endfacet
  facet normal 0 0.978148 -0.207912
    outer loop
      vertex 181.298 0.026073 5.34942
      vertex 177.09 0.0949351 5.67339
      vertex 180.91 0.0949351 5.67339
    endloop
  endfacet
  facet normal 0 0.978148 -0.207912
    outer loop
      vertex 181.298 0.026073 5.34942
      vertex 176.702 0.026073 5.34942
      vertex 177.09 0.0949351 5.67339
    endloop
  endfacet
  facet normal 0 0.978147 -0.207912
    outer loop
      vertex 181.629 -0.0545542 4.9701
      vertex 176.702 0.026073 5.34942
      vertex 181.298 0.026073 5.34942
    endloop
  endfacet
  facet normal 0 0.978147 -0.207912
    outer loop
      vertex 181.629 -0.0545542 4.9701
      vertex 176.371 -0.0545542 4.9701
      vertex 176.702 0.026073 5.34942
    endloop
  endfacet
  facet normal 0 0.978148 -0.207912
    outer loop
      vertex 181.896 -0.144961 4.54477
      vertex 176.371 -0.0545542 4.9701
      vertex 181.629 -0.0545542 4.9701
    endloop
  endfacet
  facet normal 0 0.978148 -0.207912
    outer loop
      vertex 181.896 -0.144961 4.54477
      vertex 176.104 -0.144961 4.54477
      vertex 176.371 -0.0545542 4.9701
    endloop
  endfacet
  facet normal 0 0.978148 -0.20791
    outer loop
      vertex 182.091 -0.242921 4.0839
      vertex 176.104 -0.144961 4.54477
      vertex 181.896 -0.144961 4.54477
    endloop
  endfacet
  facet normal 0 0.978148 -0.20791
    outer loop
      vertex 182.091 -0.242921 4.0839
      vertex 175.909 -0.242921 4.0839
      vertex 176.104 -0.144961 4.54477
    endloop
  endfacet
  facet normal 0 0.978148 -0.20791
    outer loop
      vertex 182.21 -0.346023 3.59884
      vertex 175.909 -0.242921 4.0839
      vertex 182.091 -0.242921 4.0839
    endloop
  endfacet
  facet normal 0 0.978148 -0.20791
    outer loop
      vertex 182.21 -0.346023 3.59884
      vertex 175.79 -0.346023 3.59884
      vertex 175.909 -0.242921 4.0839
    endloop
  endfacet
  facet normal 0 0.978147 -0.207913
    outer loop
      vertex 182.25 -0.451728 3.10154
      vertex 175.79 -0.346023 3.59884
      vertex 182.21 -0.346023 3.59884
    endloop
  endfacet
  facet normal 0 0.978147 -0.207913
    outer loop
      vertex 182.25 -0.451728 3.10154
      vertex 175.75 -0.451728 3.10154
      vertex 175.79 -0.346023 3.59884
    endloop
  endfacet
  facet normal 0 0.978147 -0.207913
    outer loop
      vertex 182.21 -0.557433 2.60424
      vertex 175.75 -0.451728 3.10154
      vertex 182.25 -0.451728 3.10154
    endloop
  endfacet
  facet normal 0 0.978147 -0.207913
    outer loop
      vertex 182.21 -0.557433 2.60424
      vertex 175.79 -0.557433 2.60424
      vertex 175.75 -0.451728 3.10154
    endloop
  endfacet
  facet normal 0 0.978148 -0.20791
    outer loop
      vertex 182.091 -0.660535 2.11918
      vertex 175.79 -0.557433 2.60424
      vertex 182.21 -0.557433 2.60424
    endloop
  endfacet
  facet normal 0 0.978148 -0.20791
    outer loop
      vertex 182.091 -0.660535 2.11918
      vertex 175.909 -0.660535 2.11918
      vertex 175.79 -0.557433 2.60424
    endloop
  endfacet
  facet normal 0 0.978148 -0.207912
    outer loop
      vertex 181.896 -0.758496 1.65831
      vertex 175.909 -0.660535 2.11918
      vertex 182.091 -0.660535 2.11918
    endloop
  endfacet
  facet normal 0 0.978148 -0.207912
    outer loop
      vertex 181.896 -0.758496 1.65831
      vertex 176.104 -0.758496 1.65831
      vertex 175.909 -0.660535 2.11918
    endloop
  endfacet
  facet normal 0 0.978148 -0.20791
    outer loop
      vertex 181.629 -0.848902 1.23298
      vertex 176.104 -0.758496 1.65831
      vertex 181.896 -0.758496 1.65831
    endloop
  endfacet
  facet normal 0 0.978148 -0.20791
    outer loop
      vertex 181.629 -0.848902 1.23298
      vertex 176.371 -0.848902 1.23298
      vertex 176.104 -0.758496 1.65831
    endloop
  endfacet
  facet normal 0 0.978147 -0.207916
    outer loop
      vertex 181.298 -0.92953 0.853663
      vertex 176.371 -0.848902 1.23298
      vertex 181.629 -0.848902 1.23298
    endloop
  endfacet
  facet normal 0 0.978147 -0.207916
    outer loop
      vertex 181.298 -0.92953 0.853663
      vertex 176.702 -0.92953 0.853663
      vertex 176.371 -0.848902 1.23298
    endloop
  endfacet
  facet normal 0 0.978148 -0.207911
    outer loop
      vertex 180.91 -0.998392 0.529692
      vertex 176.702 -0.92953 0.853663
      vertex 181.298 -0.92953 0.853663
    endloop
  endfacet
  facet normal 0 0.978148 -0.207911
    outer loop
      vertex 180.91 -0.998392 0.529692
      vertex 177.09 -0.998392 0.529692
      vertex 176.702 -0.92953 0.853663
    endloop
  endfacet
  facet normal 0 0.97815 -0.2079
    outer loop
      vertex 180.475 -1.05379 0.269049
      vertex 177.09 -0.998392 0.529692
      vertex 180.91 -0.998392 0.529692
    endloop
  endfacet
  facet normal 0 0.97815 -0.2079
    outer loop
      vertex 180.475 -1.05379 0.269049
      vertex 177.525 -1.05379 0.269049
      vertex 177.09 -0.998392 0.529692
    endloop
  endfacet
  facet normal 0 0.978144 -0.207929
    outer loop
      vertex 180.004 -1.09437 0.0781519
      vertex 177.525 -1.05379 0.269049
      vertex 180.475 -1.05379 0.269049
    endloop
  endfacet
  facet normal 0 0.978144 -0.207929
    outer loop
      vertex 180.004 -1.09437 0.0781519
      vertex 177.996 -1.09437 0.0781519
      vertex 177.525 -1.05379 0.269049
    endloop
  endfacet
  facet normal 0 0.978152 -0.20789
    outer loop
      vertex 179.508 -1.11912 -0.0383003
      vertex 177.996 -1.09437 0.0781519
      vertex 180.004 -1.09437 0.0781519
    endloop
  endfacet
  facet normal 0 0.978152 -0.20789
    outer loop
      vertex 179.508 -1.11912 -0.0383003
      vertex 178.492 -1.11912 -0.0383003
      vertex 177.996 -1.09437 0.0781519
    endloop
  endfacet
  facet normal 0 0.978144 -0.20793
    outer loop
      vertex 178.492 -1.11912 -0.0383003
      vertex 179.508 -1.11912 -0.0383003
      vertex 179 -1.12744 -0.0774393
    endloop
  endfacet
  facet normal 0.0785236 -0.207269 -0.975127
    outer loop
      vertex 179 -1.12744 -0.0774393
      vertex 179.508 -3.07542 0.377523
      vertex 179 -3.08374 0.338384
    endloop
  endfacet
  facet normal 0.0785236 -0.207269 -0.975127
    outer loop
      vertex 179.508 -3.07542 0.377523
      vertex 179 -1.12744 -0.0774393
      vertex 179.508 -1.11912 -0.0383003
    endloop
  endfacet
  facet normal 0.522348 0.177296 0.834097
    outer loop
      vertex 180.475 -1.80596 6.34986
      vertex 180.91 0.0949351 5.67339
      vertex 180.475 0.150336 5.93403
    endloop
  endfacet
  facet normal 0.522362 0.17729 0.83409
    outer loop
      vertex 180.91 0.0949351 5.67339
      vertex 180.475 -1.80596 6.34986
      vertex 180.91 -1.86136 6.08921
    endloop
  endfacet
  facet normal -0.996919 0.0163074 0.0767203
    outer loop
      vertex 175.75 -0.451728 3.10154
      vertex 175.79 -6.21491 4.84631
      vertex 175.79 -0.346023 3.59884
    endloop
  endfacet
  facet normal -0.996919 0.0163074 0.0767204
    outer loop
      vertex 175.79 -6.21491 4.84631
      vertex 175.75 -0.451728 3.10154
      vertex 175.75 -6.32061 4.34901
    endloop
  endfacet
  facet normal -0.852173 0.108792 0.511825
    outer loop
      vertex 176.104 -0.144961 4.54477
      vertex 176.371 -5.92344 6.21757
      vertex 176.371 -0.0545542 4.9701
    endloop
  endfacet
  facet normal -0.852174 0.108792 0.511825
    outer loop
      vertex 176.371 -5.92344 6.21757
      vertex 176.104 -0.144961 4.54477
      vertex 176.104 -6.01385 5.79224
    endloop
  endfacet
  facet normal 1 0 0
    outer loop
      vertex 7.5 -1.53865 26.8464
      vertex 7.5 2.95995 9.53275
      vertex 7.5 6.28654 25.1831
    endloop
  endfacet
  facet normal 1 0 0
    outer loop
      vertex 7.5 2.95995 9.53275
      vertex 7.5 -1.53865 26.8464
      vertex 7.5 -4.86523 11.196
    endloop
  endfacet
  facet normal 0 0.978148 -0.207912
    outer loop
      vertex 7.5 2.95995 9.53275
      vertex -0.5 6.28654 25.1831
      vertex 7.5 6.28654 25.1831
    endloop
  endfacet
  facet normal 0 0.978148 -0.207912
    outer loop
      vertex -0.5 6.28654 25.1831
      vertex 7.5 2.95995 9.53275
      vertex -0.5 2.95995 9.53275
    endloop
  endfacet
  facet normal 0 -0.207901 -0.97815
    outer loop
      vertex 5 -0.952642 10.3644
      vertex 7.5 -4.86523 11.196
      vertex 5 -4.86523 11.196
    endloop
  endfacet
  facet normal -9.61516e-06 -0.207907 -0.978149
    outer loop
      vertex 7.5 -4.86523 11.196
      vertex 5 -0.952642 10.3644
      vertex 7.5 2.95995 9.53275
    endloop
  endfacet
  facet normal 0 -0.207912 -0.978147
    outer loop
      vertex -0.5 2.95995 9.53275
      vertex 5 -0.952642 10.3644
      vertex -0.5 -0.952642 10.3644
    endloop
  endfacet
  facet normal 0 -0.207912 -0.978147
    outer loop
      vertex 5 -0.952642 10.3644
      vertex -0.5 2.95995 9.53275
      vertex 7.5 2.95995 9.53275
    endloop
  endfacet
  facet normal 1.99788e-05 0.207912 0.978147
    outer loop
      vertex 7.5 6.28654 25.1831
      vertex 5 2.37395 26.0148
      vertex 7.5 -1.53865 26.8464
    endloop
  endfacet
  facet normal -0 0.207924 0.978145
    outer loop
      vertex -0.5 6.28654 25.1831
      vertex 5 2.37395 26.0148
      vertex 7.5 6.28654 25.1831
    endloop
  endfacet
  facet normal 0 0.207924 0.978145
    outer loop
      vertex 5 2.37395 26.0148
      vertex -0.5 6.28654 25.1831
      vertex -0.5 2.37395 26.0148
    endloop
  endfacet
  facet normal 0 0.2079 0.97815
    outer loop
      vertex 7.5 -1.53865 26.8464
      vertex 5 2.37395 26.0148
      vertex 5 -1.53865 26.8464
    endloop
  endfacet
  facet normal 0 0.978148 -0.207912
    outer loop
      vertex 191.9 2.95995 9.53275
      vertex 183.9 6.28654 25.1831
      vertex 191.9 6.28654 25.1831
    endloop
  endfacet
  facet normal 0 0.978148 -0.207912
    outer loop
      vertex 183.9 6.28654 25.1831
      vertex 191.9 2.95995 9.53275
      vertex 183.9 2.95995 9.53275
    endloop
  endfacet
  facet normal -1 0 0
    outer loop
      vertex 183.9 2.95995 9.53275
      vertex 183.9 2.37395 26.0148
      vertex 183.9 6.28654 25.1831
    endloop
  endfacet
  facet normal -1 0 -0
    outer loop
      vertex 183.9 2.37395 26.0148
      vertex 183.9 2.95995 9.53275
      vertex 183.9 -0.952642 10.3644
    endloop
  endfacet
  facet normal 0 -0.207912 -0.978147
    outer loop
      vertex 183.9 -0.952642 10.3644
      vertex 191.9 2.95995 9.53275
      vertex 191.9 -0.952642 10.3644
    endloop
  endfacet
  facet normal -0 -0.207912 -0.978147
    outer loop
      vertex 191.9 2.95995 9.53275
      vertex 183.9 -0.952642 10.3644
      vertex 183.9 2.95995 9.53275
    endloop
  endfacet
  facet normal -0 0.207924 0.978145
    outer loop
      vertex 183.9 6.28654 25.1831
      vertex 191.9 2.37395 26.0148
      vertex 191.9 6.28654 25.1831
    endloop
  endfacet
  facet normal 0 0.207924 0.978145
    outer loop
      vertex 191.9 2.37395 26.0148
      vertex 183.9 6.28654 25.1831
      vertex 183.9 2.37395 26.0148
    endloop
  endfacet
  facet normal 0 1 -0
    outer loop
      vertex 75.05 11.25 29
      vertex 68.55 11.25 37
      vertex 75.05 11.25 37
    endloop
  endfacet
  facet normal 0 1 0
    outer loop
      vertex 68.55 11.25 37
      vertex 75.05 11.25 29
      vertex 68.55 11.25 29
    endloop
  endfacet
  facet normal -0.956905 -0.0603749 -0.284057
    outer loop
      vertex 70.8 -2.37029 22.9338
      vertex 68.55 4.75 29
      vertex 70.8 1.5423 22.1022
    endloop
  endfacet
  facet normal 0 0.57922 -0.815172
    outer loop
      vertex 70.8 1.5423 22.1022
      vertex 75.05 11.25 29
      vertex 72.8 1.5423 22.1022
    endloop
  endfacet
  facet normal 0 0.57922 -0.815172
    outer loop
      vertex 75.05 11.25 29
      vertex 70.8 1.5423 22.1022
      vertex 68.55 11.25 29
    endloop
  endfacet
  facet normal 1 0 0
    outer loop
      vertex 72.8 0.956295 38.5842
      vertex 72.8 0.214741 35.0954
      vertex 72.8 0.559593 36.7178
    endloop
  endfacet
  facet normal 0.873638 -0.475943 0.101174
    outer loop
      vertex 73.7103 0.968922 30.7817
      vertex 72.8 -2.37029 22.9338
      vertex 74.0829 1.68947 30.9539
    endloop
  endfacet
  facet normal 0.873672 -0.475885 0.101145
    outer loop
      vertex 73.2755 0.149784 30.6834
      vertex 72.8 -2.37029 22.9338
      vertex 73.7103 0.968922 30.7817
    endloop
  endfacet
  facet normal 0.87364 -0.475941 0.101165
    outer loop
      vertex 72.8043 -0.718342 30.6684
      vertex 72.8 -2.37029 22.9338
      vertex 73.2755 0.149784 30.6834
    endloop
  endfacet
  facet normal 0.873939 -0.475415 0.101053
    outer loop
      vertex 72.8 -2.37029 22.9338
      vertex 72.8043 -0.718342 30.6684
      vertex 72.8 -0.726119 30.669
    endloop
  endfacet
  facet normal 0.873402 -0.476362 0.101231
    outer loop
      vertex 75.0276 4.70893 37
      vertex 75.0276 4.6792 36.8601
      vertex 75.05 4.75 37
    endloop
  endfacet
  facet normal -1 0 0
    outer loop
      vertex 68.55 4.75 32.6661
      vertex 68.55 11.25 29
      vertex 68.55 4.75 29
    endloop
  endfacet
  facet normal -1 0 0
    outer loop
      vertex 68.55 11.25 29
      vertex 68.55 4.75 32.6661
      vertex 68.55 11.25 37
    endloop
  endfacet
  facet normal -1 -0 0
    outer loop
      vertex 68.55 11.25 37
      vertex 68.55 4.75 32.6661
      vertex 68.55 4.75 37
    endloop
  endfacet
  facet normal 0.953551 -0.301232 0
    outer loop
      vertex 75.01 4.62338 32.1732
      vertex 75.05 4.75 29
      vertex 75.05 4.75 32.6661
    endloop
  endfacet
  facet normal 0.953496 -0.301407 -7.6626e-06
    outer loop
      vertex 74.8909 4.24662 31.7464
      vertex 75.05 4.75 29
      vertex 75.01 4.62338 32.1732
    endloop
  endfacet
  facet normal 0.953548 -0.301241 2.5828e-05
    outer loop
      vertex 74.6958 3.62902 31.3959
      vertex 75.05 4.75 29
      vertex 74.8909 4.24662 31.7464
    endloop
  endfacet
  facet normal 0.953517 -0.301341 -2.5515e-05
    outer loop
      vertex 74.4293 2.78577 31.1306
      vertex 75.05 4.75 29
      vertex 74.6958 3.62902 31.3959
    endloop
  endfacet
  facet normal 0.953528 -0.301305 1.01948e-05
    outer loop
      vertex 74.0981 1.73763 30.957
      vertex 75.05 4.75 29
      vertex 74.4293 2.78577 31.1306
    endloop
  endfacet
  facet normal 0.953621 -0.30101 0.000510746
    outer loop
      vertex 74.0829 1.68947 30.9539
      vertex 75.05 4.75 29
      vertex 74.0981 1.73763 30.957
    endloop
  endfacet
  facet normal 0.953527 -0.301309 -4.69865e-06
    outer loop
      vertex 75.05 4.75 29
      vertex 74.0829 1.68947 30.9539
      vertex 72.8 -2.37029 22.9338
    endloop
  endfacet
  facet normal 0.95341 -0.301676 1.63255e-05
    outer loop
      vertex 75.01 4.62338 33.2128
      vertex 75.05 4.75 37
      vertex 75.0276 4.6792 36.8601
    endloop
  endfacet
  facet normal 0.953551 -0.301232 0
    outer loop
      vertex 75.05 4.75 37
      vertex 75.01 4.62338 33.2128
      vertex 75.05 4.75 32.6661
    endloop
  endfacet
  facet normal 0.953498 -0.301398 1.16473e-05
    outer loop
      vertex 75.0276 4.6792 36.8601
      vertex 74.8909 4.24662 33.7998
      vertex 75.01 4.62338 33.2128
    endloop
  endfacet
  facet normal 0.953606 -0.301057 -4.13894e-05
    outer loop
      vertex 74.8909 4.24662 33.7998
      vertex 75.0276 4.6792 36.8601
      vertex 74.8341 4.06668 33.9784
    endloop
  endfacet
  facet normal 0 -0.978148 0.20791
    outer loop
      vertex 70.8 0.956295 38.5842
      vertex 71.8 0.280582 35.4052
      vertex 72.8 0.956295 38.5842
    endloop
  endfacet
  facet normal -2.06306e-05 -0.978149 0.207904
    outer loop
      vertex 70.8 0.956295 38.5842
      vertex 71.5262 0.276103 35.3841
      vertex 71.8 0.280582 35.4052
    endloop
  endfacet
  facet normal 6.62399e-06 -0.978148 0.20791
    outer loop
      vertex 70.8 0.956295 38.5842
      vertex 71.2592 0.262774 35.3214
      vertex 71.5262 0.276103 35.3841
    endloop
  endfacet
  facet normal -9.28359e-06 -0.978148 0.207908
    outer loop
      vertex 70.8 0.956295 38.5842
      vertex 71.0055 0.240926 35.2186
      vertex 71.2592 0.262774 35.3214
    endloop
  endfacet
  facet normal -7.12831e-06 -0.978148 0.207908
    outer loop
      vertex 71.0055 0.240926 35.2186
      vertex 70.8 0.956295 38.5842
      vertex 70.8 0.214741 35.0954
    endloop
  endfacet
  facet normal 2.06306e-05 -0.978149 0.207904
    outer loop
      vertex 72.0738 0.276103 35.3841
      vertex 72.8 0.956295 38.5842
      vertex 71.8 0.280582 35.4052
    endloop
  endfacet
  facet normal -6.62399e-06 -0.978148 0.20791
    outer loop
      vertex 72.3408 0.262774 35.3214
      vertex 72.8 0.956295 38.5842
      vertex 72.0738 0.276103 35.3841
    endloop
  endfacet
  facet normal 9.28359e-06 -0.978148 0.207908
    outer loop
      vertex 72.5945 0.240926 35.2186
      vertex 72.8 0.956295 38.5842
      vertex 72.3408 0.262774 35.3214
    endloop
  endfacet
  facet normal 7.12831e-06 -0.978148 0.207908
    outer loop
      vertex 72.8 0.956295 38.5842
      vertex 72.5945 0.240926 35.2186
      vertex 72.8 0.214741 35.0954
    endloop
  endfacet
  facet normal -0.950701 0 -0.31011
    outer loop
      vertex 70.8 1.5423 22.1022
      vertex 68.55 4.75 29
      vertex 68.55 11.25 29
    endloop
  endfacet
  facet normal 1 0 0
    outer loop
      vertex 75.05 4.75 32.6661
      vertex 75.05 11.25 37
      vertex 75.05 4.75 37
    endloop
  endfacet
  facet normal 1 0 0
    outer loop
      vertex 75.05 11.25 37
      vertex 75.05 4.75 32.6661
      vertex 75.05 11.25 29
    endloop
  endfacet
  facet normal 1 0 0
    outer loop
      vertex 75.05 11.25 29
      vertex 75.05 4.75 32.6661
      vertex 75.05 4.75 29
    endloop
  endfacet
  facet normal 0.956905 -0.0603749 -0.284057
    outer loop
      vertex 75.05 4.75 29
      vertex 72.8 -2.37029 22.9338
      vertex 72.8 1.5423 22.1022
    endloop
  endfacet
  facet normal -0.574945 0.00035031 0.818192
    outer loop
      vertex 70.7807 1.04468 38.5706
      vertex 70.7733 1.04468 38.5654
      vertex 70.8 0.956305 38.5842
    endloop
  endfacet
  facet normal -1 -0 0
    outer loop
      vertex 70.8 0.559593 36.7178
      vertex 70.8 0.214741 35.0954
      vertex 70.8 0.956295 38.5842
    endloop
  endfacet
  facet normal -0.873402 -0.476362 0.101231
    outer loop
      vertex 68.5724 4.70893 37
      vertex 68.55 4.75 37
      vertex 68.5724 4.6792 36.8601
    endloop
  endfacet
  facet normal -0.873912 -0.475461 0.101063
    outer loop
      vertex 70.7957 -0.718343 30.6684
      vertex 70.8 -2.37029 22.9338
      vertex 70.8 -0.726119 30.669
    endloop
  endfacet
  facet normal -0.873639 -0.475941 0.101165
    outer loop
      vertex 70.3245 0.149782 30.6834
      vertex 70.8 -2.37029 22.9338
      vertex 70.7957 -0.718343 30.6684
    endloop
  endfacet
  facet normal -0.873673 -0.475884 0.101145
    outer loop
      vertex 69.8897 0.968922 30.7817
      vertex 70.8 -2.37029 22.9338
      vertex 70.3245 0.149782 30.6834
    endloop
  endfacet
  facet normal -0.873638 -0.475943 0.101174
    outer loop
      vertex 70.8 -2.37029 22.9338
      vertex 69.8897 0.968922 30.7817
      vertex 69.5171 1.68947 30.9539
    endloop
  endfacet
  facet normal -0.953558 -0.301211 0
    outer loop
      vertex 68.55 4.75 29
      vertex 68.59 4.62337 32.1732
      vertex 68.55 4.75 32.6661
    endloop
  endfacet
  facet normal -0.953494 -0.301413 -8.8768e-06
    outer loop
      vertex 68.55 4.75 29
      vertex 68.7091 4.24662 31.7464
      vertex 68.59 4.62337 32.1732
    endloop
  endfacet
  facet normal -0.953548 -0.301241 2.5828e-05
    outer loop
      vertex 68.55 4.75 29
      vertex 68.9042 3.62902 31.3959
      vertex 68.7091 4.24662 31.7464
    endloop
  endfacet
  facet normal -0.953517 -0.301338 -2.40576e-05
    outer loop
      vertex 68.55 4.75 29
      vertex 69.1707 2.78576 31.1306
      vertex 68.9042 3.62902 31.3959
    endloop
  endfacet
  facet normal -0.953527 -0.301307 6.66878e-06
    outer loop
      vertex 68.55 4.75 29
      vertex 69.5019 1.73763 30.957
      vertex 69.1707 2.78576 31.1306
    endloop
  endfacet
  facet normal -0.953621 -0.30101 0.000510746
    outer loop
      vertex 68.55 4.75 29
      vertex 69.5171 1.68947 30.9539
      vertex 69.5019 1.73763 30.957
    endloop
  endfacet
  facet normal -0.953527 -0.301309 -4.69865e-06
    outer loop
      vertex 69.5171 1.68947 30.9539
      vertex 68.55 4.75 29
      vertex 70.8 -2.37029 22.9338
    endloop
  endfacet
  facet normal -0.953558 -0.301211 0
    outer loop
      vertex 68.59 4.62337 33.2128
      vertex 68.55 4.75 37
      vertex 68.55 4.75 32.6661
    endloop
  endfacet
  facet normal -0.95341 -0.301678 1.71784e-05
    outer loop
      vertex 68.55 4.75 37
      vertex 68.59 4.62337 33.2128
      vertex 68.5724 4.6792 36.8601
    endloop
  endfacet
  facet normal -0.953496 -0.301404 1.2574e-05
    outer loop
      vertex 68.7091 4.24662 33.7998
      vertex 68.5724 4.6792 36.8601
      vertex 68.59 4.62337 33.2128
    endloop
  endfacet
  facet normal -0.953606 -0.301057 -4.13894e-05
    outer loop
      vertex 68.5724 4.6792 36.8601
      vertex 68.7091 4.24662 33.7998
      vertex 68.7659 4.06668 33.9784
    endloop
  endfacet
  facet normal 0.574945 0.00035031 0.818192
    outer loop
      vertex 72.8193 1.04468 38.5706
      vertex 72.8 0.956305 38.5842
      vertex 72.8267 1.04468 38.5654
    endloop
  endfacet
  facet normal 0 0.152099 0.988365
    outer loop
      vertex 72.8193 1.04468 38.5706
      vertex 70.8 0.956305 38.5842
      vertex 72.8 0.956305 38.5842
    endloop
  endfacet
  facet normal 0 0.152099 0.988365
    outer loop
      vertex 70.8 0.956305 38.5842
      vertex 72.8193 1.04468 38.5706
      vertex 70.7807 1.04468 38.5706
    endloop
  endfacet
  facet normal 0.950701 0 -0.31011
    outer loop
      vertex 75.05 4.75 29
      vertex 72.8 1.5423 22.1022
      vertex 75.05 11.25 29
    endloop
  endfacet
  facet normal 0 1 -0
    outer loop
      vertex 137.95 11.25 29
      vertex 131.45 11.25 37
      vertex 137.95 11.25 37
    endloop
  endfacet
  facet normal 0 1 0
    outer loop
      vertex 131.45 11.25 37
      vertex 137.95 11.25 29
      vertex 131.45 11.25 29
    endloop
  endfacet
  facet normal -0.956905 -0.0603749 -0.284057
    outer loop
      vertex 133.7 -2.37029 22.9338
      vertex 131.45 4.75 29
      vertex 133.7 1.5423 22.1022
    endloop
  endfacet
  facet normal 0 0.152099 0.988365
    outer loop
      vertex 135.719 1.04468 38.5706
      vertex 133.7 0.956305 38.5842
      vertex 135.7 0.956305 38.5842
    endloop
  endfacet
  facet normal 0 0.152099 0.988365
    outer loop
      vertex 133.7 0.956305 38.5842
      vertex 135.719 1.04468 38.5706
      vertex 133.681 1.04468 38.5706
    endloop
  endfacet
  facet normal 0 0.57922 -0.815172
    outer loop
      vertex 133.7 1.5423 22.1022
      vertex 137.95 11.25 29
      vertex 135.7 1.5423 22.1022
    endloop
  endfacet
  facet normal 0 0.57922 -0.815172
    outer loop
      vertex 137.95 11.25 29
      vertex 133.7 1.5423 22.1022
      vertex 131.45 11.25 29
    endloop
  endfacet
  facet normal 1 0 0
    outer loop
      vertex 135.7 0.956295 38.5842
      vertex 135.7 0.214741 35.0954
      vertex 135.7 0.559593 36.7178
    endloop
  endfacet
  facet normal 0.873386 -0.476354 0.101411
    outer loop
      vertex 136.61 0.968922 30.7817
      vertex 135.7 -2.37029 22.9338
      vertex 136.983 1.68947 30.9539
    endloop
  endfacet
  facet normal 0.873566 -0.476055 0.101263
    outer loop
      vertex 136.175 0.149782 30.6834
      vertex 135.7 -2.37029 22.9338
      vertex 136.61 0.968922 30.7817
    endloop
  endfacet
  facet normal 0.873724 -0.475786 0.101166
    outer loop
      vertex 135.704 -0.718343 30.6684
      vertex 135.7 -2.37029 22.9338
      vertex 136.175 0.149782 30.6834
    endloop
  endfacet
  facet normal 0.888157 -0.449499 0.0955441
    outer loop
      vertex 135.7 -2.37029 22.9338
      vertex 135.704 -0.718343 30.6684
      vertex 135.7 -0.726119 30.669
    endloop
  endfacet
  facet normal 0.877091 -0.469832 0.0998435
    outer loop
      vertex 137.928 4.70893 37
      vertex 137.928 4.6792 36.8601
      vertex 137.95 4.75 37
    endloop
  endfacet
  facet normal -1 0 0
    outer loop
      vertex 131.45 4.75 32.6661
      vertex 131.45 11.25 29
      vertex 131.45 4.75 29
    endloop
  endfacet
  facet normal -1 0 0
    outer loop
      vertex 131.45 11.25 29
      vertex 131.45 4.75 32.6661
      vertex 131.45 11.25 37
    endloop
  endfacet
  facet normal -1 -0 0
    outer loop
      vertex 131.45 11.25 37
      vertex 131.45 4.75 32.6661
      vertex 131.45 4.75 37
    endloop
  endfacet
  facet normal 0.953558 -0.301211 0
    outer loop
      vertex 137.91 4.62337 32.1732
      vertex 137.95 4.75 29
      vertex 137.95 4.75 32.6661
    endloop
  endfacet
  facet normal 0.953563 -0.301193 7.8602e-07
    outer loop
      vertex 137.791 4.24662 31.7464
      vertex 137.95 4.75 29
      vertex 137.91 4.62337 32.1732
    endloop
  endfacet
  facet normal 0.953593 -0.301097 2.00128e-05
    outer loop
      vertex 137.596 3.62902 31.3959
      vertex 137.95 4.75 29
      vertex 137.791 4.24662 31.7464
    endloop
  endfacet
  facet normal 0.953382 -0.301766 -0.000323977
    outer loop
      vertex 137.329 2.78576 31.1306
      vertex 137.95 4.75 29
      vertex 137.596 3.62902 31.3959
    endloop
  endfacet
  facet normal 0.953567 -0.301181 0.000268677
    outer loop
      vertex 136.998 1.73763 30.957
      vertex 137.95 4.75 29
      vertex 137.329 2.78576 31.1306
    endloop
  endfacet
  facet normal 0.954632 -0.297725 0.0061079
    outer loop
      vertex 136.983 1.68947 30.9539
      vertex 137.95 4.75 29
      vertex 136.998 1.73763 30.957
    endloop
  endfacet
  facet normal 0.953532 -0.301293 -2.56033e-05
    outer loop
      vertex 137.95 4.75 29
      vertex 136.983 1.68947 30.9539
      vertex 135.7 -2.37029 22.9338
    endloop
  endfacet
  facet normal 0.955057 -0.296421 -0.000175971
    outer loop
      vertex 137.91 4.62337 33.2128
      vertex 137.95 4.75 37
      vertex 137.928 4.6792 36.8601
    endloop
  endfacet
  facet normal 0.953558 -0.301211 0
    outer loop
      vertex 137.95 4.75 37
      vertex 137.91 4.62337 33.2128
      vertex 137.95 4.75 32.6661
    endloop
  endfacet
  facet normal 0.953522 -0.301324 -9.33465e-05
    outer loop
      vertex 137.928 4.6792 36.8601
      vertex 137.791 4.24662 33.7998
      vertex 137.91 4.62337 33.2128
    endloop
  endfacet
  facet normal 0.953316 -0.301976 8.01604e-06
    outer loop
      vertex 137.791 4.24662 33.7998
      vertex 137.928 4.6792 36.8601
      vertex 137.734 4.06668 33.9784
    endloop
  endfacet
  facet normal 0 -0.978148 0.20791
    outer loop
      vertex 133.7 0.956295 38.5842
      vertex 134.7 0.280582 35.4052
      vertex 135.7 0.956295 38.5842
    endloop
  endfacet
  facet normal -2.06159e-05 -0.978149 0.207904
    outer loop
      vertex 133.7 0.956295 38.5842
      vertex 134.426 0.276103 35.3841
      vertex 134.7 0.280582 35.4052
    endloop
  endfacet
  facet normal 6.62408e-06 -0.978148 0.20791
    outer loop
      vertex 133.7 0.956295 38.5842
      vertex 134.159 0.262774 35.3214
      vertex 134.426 0.276103 35.3841
    endloop
  endfacet
  facet normal -9.3081e-06 -0.978148 0.207908
    outer loop
      vertex 133.7 0.956295 38.5842
      vertex 133.906 0.240926 35.2186
      vertex 134.159 0.262774 35.3214
    endloop
  endfacet
  facet normal -7.11101e-06 -0.978148 0.207908
    outer loop
      vertex 133.906 0.240926 35.2186
      vertex 133.7 0.956295 38.5842
      vertex 133.7 0.214741 35.0954
    endloop
  endfacet
  facet normal 2.06159e-05 -0.978149 0.207904
    outer loop
      vertex 134.974 0.276103 35.3841
      vertex 135.7 0.956295 38.5842
      vertex 134.7 0.280582 35.4052
    endloop
  endfacet
  facet normal -6.62408e-06 -0.978148 0.20791
    outer loop
      vertex 135.241 0.262774 35.3214
      vertex 135.7 0.956295 38.5842
      vertex 134.974 0.276103 35.3841
    endloop
  endfacet
  facet normal 9.3081e-06 -0.978148 0.207908
    outer loop
      vertex 135.494 0.240926 35.2186
      vertex 135.7 0.956295 38.5842
      vertex 135.241 0.262774 35.3214
    endloop
  endfacet
  facet normal 7.11101e-06 -0.978148 0.207908
    outer loop
      vertex 135.7 0.956295 38.5842
      vertex 135.494 0.240926 35.2186
      vertex 135.7 0.214741 35.0954
    endloop
  endfacet
  facet normal -0.950701 0 -0.31011
    outer loop
      vertex 133.7 1.5423 22.1022
      vertex 131.45 4.75 29
      vertex 131.45 11.25 29
    endloop
  endfacet
  facet normal 0.956905 -0.0603749 -0.284057
    outer loop
      vertex 137.95 4.75 29
      vertex 135.7 -2.37029 22.9338
      vertex 135.7 1.5423 22.1022
    endloop
  endfacet
  facet normal -0.54495 0.0118583 0.838385
    outer loop
      vertex 133.681 1.04468 38.5706
      vertex 133.673 1.04468 38.5654
      vertex 133.7 0.956305 38.5842
    endloop
  endfacet
  facet normal -1 0 0
    outer loop
      vertex 133.7 0.956295 38.5842
      vertex 133.7 0.559593 36.7178
      vertex 133.7 0.214741 35.0954
    endloop
  endfacet
  facet normal -0.877091 -0.469832 0.0998435
    outer loop
      vertex 131.472 4.70893 37
      vertex 131.45 4.75 37
      vertex 131.472 4.6792 36.8601
    endloop
  endfacet
  facet normal -0.88818 -0.449454 0.0955345
    outer loop
      vertex 133.696 -0.718342 30.6684
      vertex 133.7 -2.37029 22.9338
      vertex 133.7 -0.726119 30.669
    endloop
  endfacet
  facet normal -0.873724 -0.475785 0.101166
    outer loop
      vertex 133.225 0.149784 30.6834
      vertex 133.7 -2.37029 22.9338
      vertex 133.696 -0.718342 30.6684
    endloop
  endfacet
  facet normal -0.873566 -0.476056 0.101264
    outer loop
      vertex 132.79 0.968922 30.7817
      vertex 133.7 -2.37029 22.9338
      vertex 133.225 0.149784 30.6834
    endloop
  endfacet
  facet normal -0.873386 -0.476354 0.101411
    outer loop
      vertex 133.7 -2.37029 22.9338
      vertex 132.79 0.968922 30.7817
      vertex 132.417 1.68947 30.9539
    endloop
  endfacet
  facet normal -0.953551 -0.301232 0
    outer loop
      vertex 131.45 4.75 29
      vertex 131.49 4.62338 32.1732
      vertex 131.45 4.75 32.6661
    endloop
  endfacet
  facet normal -0.953565 -0.301187 1.99935e-06
    outer loop
      vertex 131.45 4.75 29
      vertex 131.609 4.24662 31.7464
      vertex 131.49 4.62338 32.1732
    endloop
  endfacet
  facet normal -0.953593 -0.301097 2.00128e-05
    outer loop
      vertex 131.45 4.75 29
      vertex 131.804 3.62902 31.3959
      vertex 131.609 4.24662 31.7464
    endloop
  endfacet
  facet normal -0.953381 -0.301769 -0.000325437
    outer loop
      vertex 131.45 4.75 29
      vertex 132.071 2.78577 31.1306
      vertex 131.804 3.62902 31.3959
    endloop
  endfacet
  facet normal -0.953567 -0.301179 0.000272202
    outer loop
      vertex 131.45 4.75 29
      vertex 132.402 1.73763 30.957
      vertex 132.071 2.78577 31.1306
    endloop
  endfacet
  facet normal -0.954632 -0.297725 0.0061079
    outer loop
      vertex 131.45 4.75 29
      vertex 132.417 1.68947 30.9539
      vertex 132.402 1.73763 30.957
    endloop
  endfacet
  facet normal -0.953532 -0.301293 -2.56033e-05
    outer loop
      vertex 132.417 1.68947 30.9539
      vertex 131.45 4.75 29
      vertex 133.7 -2.37029 22.9338
    endloop
  endfacet
  facet normal -0.953551 -0.301232 0
    outer loop
      vertex 131.49 4.62338 33.2128
      vertex 131.45 4.75 37
      vertex 131.45 4.75 32.6661
    endloop
  endfacet
  facet normal -0.955058 -0.29642 -0.000176809
    outer loop
      vertex 131.45 4.75 37
      vertex 131.49 4.62338 33.2128
      vertex 131.472 4.6792 36.8601
    endloop
  endfacet
  facet normal -0.953524 -0.301318 -9.42732e-05
    outer loop
      vertex 131.609 4.24662 33.7998
      vertex 131.472 4.6792 36.8601
      vertex 131.49 4.62338 33.2128
    endloop
  endfacet
  facet normal -0.953316 -0.301976 8.01604e-06
    outer loop
      vertex 131.472 4.6792 36.8601
      vertex 131.609 4.24662 33.7998
      vertex 131.666 4.06668 33.9784
    endloop
  endfacet
  facet normal 0.54495 0.0118583 0.838385
    outer loop
      vertex 135.719 1.04468 38.5706
      vertex 135.7 0.956305 38.5842
      vertex 135.727 1.04468 38.5654
    endloop
  endfacet
  facet normal 0.950701 0 -0.31011
    outer loop
      vertex 137.95 4.75 29
      vertex 135.7 1.5423 22.1022
      vertex 137.95 11.25 29
    endloop
  endfacet
  facet normal 1 0 0
    outer loop
      vertex 137.95 4.75 32.6661
      vertex 137.95 11.25 37
      vertex 137.95 4.75 37
    endloop
  endfacet
  facet normal 1 0 0
    outer loop
      vertex 137.95 11.25 37
      vertex 137.95 4.75 32.6661
      vertex 137.95 11.25 29
    endloop
  endfacet
  facet normal 1 0 0
    outer loop
      vertex 137.95 11.25 29
      vertex 137.95 4.75 32.6661
      vertex 137.95 4.75 29
    endloop
  endfacet
  facet normal -0.76023 -0.135067 -0.635458
    outer loop
      vertex 73.2158 4.52248 33.7661
      vertex 73.0374 0.174014 34.9038
      vertex 73.0374 4.5659 33.9703
    endloop
  endfacet
  facet normal -0.760228 -0.135068 -0.63546
    outer loop
      vertex 73.0374 0.174014 34.9038
      vertex 73.2158 4.52248 33.7661
      vertex 73.2158 0.1306 34.6996
    endloop
  endfacet
  facet normal -0.852587 0.108649 0.511167
    outer loop
      vertex 73.2158 4.09476 31.7538
      vertex 73.3593 -0.248446 32.9163
      vertex 73.3593 4.14344 31.9828
    endloop
  endfacet
  facet normal -0.852587 0.108649 0.511167
    outer loop
      vertex 73.3593 -0.248446 32.9163
      vertex 73.2158 4.09476 31.7538
      vertex 73.2158 -0.297126 32.6873
    endloop
  endfacet
  facet normal 0.522563 -0.177253 -0.833972
    outer loop
      vertex 71.0055 0.240926 35.2186
      vertex 70.8 0.214741 35.0954
      vertex 70.7714 4.60298 34.1448
    endloop
  endfacet
  facet normal 0.521598 -0.177384 -0.834548
    outer loop
      vertex 70.7714 4.60298 34.1448
      vertex 70.8 0.214741 35.0954
      vertex 70.7714 0.211094 35.0783
    endloop
  endfacet
  facet normal 0.522444 -0.177276 -0.834041
    outer loop
      vertex 71.0055 0.240926 35.2186
      vertex 70.7714 4.60298 34.1448
      vertex 71.0055 4.63281 34.2851
    endloop
  endfacet
  facet normal -0.972275 0.0486218 0.228729
    outer loop
      vertex 73.4643 4.19619 32.231
      vertex 73.5285 -0.140181 33.4257
      vertex 73.5285 4.2517 32.4921
    endloop
  endfacet
  facet normal -0.972295 0.0485997 0.228649
    outer loop
      vertex 73.5285 -0.140181 33.4257
      vertex 73.4643 4.19619 32.231
      vertex 73.4643 -0.195698 33.1645
    endloop
  endfacet
  facet normal -0.382715 -0.192078 -0.903679
    outer loop
      vertex 72.3408 0.262774 35.3214
      vertex 72.5945 4.63281 34.2851
      vertex 72.5945 0.240926 35.2186
    endloop
  endfacet
  facet normal -0.382716 -0.192078 -0.903678
    outer loop
      vertex 72.5945 4.63281 34.2851
      vertex 72.3408 0.262774 35.3214
      vertex 72.3408 4.65466 34.3879
    endloop
  endfacet
  facet normal 0.522703 0.177244 0.833886
    outer loop
      vertex 70.7714 -0.37762 32.3086
      vertex 71.0055 3.98443 31.2347
      vertex 70.7714 4.01426 31.3751
    endloop
  endfacet
  facet normal 0.522445 0.177295 0.834037
    outer loop
      vertex 71.0055 3.98443 31.2347
      vertex 70.7714 -0.37762 32.3086
      vertex 71.0055 -0.407452 32.1683
    endloop
  endfacet
  facet normal -0.649377 0.158106 0.743849
    outer loop
      vertex 72.8286 4.01426 31.3751
      vertex 73.0374 -0.340541 32.483
      vertex 73.0374 4.05134 31.5495
    endloop
  endfacet
  facet normal -0.649377 0.158106 0.74385
    outer loop
      vertex 73.0374 -0.340541 32.483
      vertex 72.8286 4.01426 31.3751
      vertex 72.8286 -0.37762 32.3086
    endloop
  endfacet
  facet normal -0.852684 -0.108616 -0.511011
    outer loop
      vertex 73.3593 4.4738 33.537
      vertex 73.2158 0.1306 34.6996
      vertex 73.2158 4.52248 33.7661
    endloop
  endfacet
  facet normal -0.852587 -0.10866 -0.511164
    outer loop
      vertex 73.2158 0.1306 34.6996
      vertex 73.3593 4.4738 33.537
      vertex 73.3593 0.0819193 34.4706
    endloop
  endfacet
  facet normal 0.760381 0.135031 0.635286
    outer loop
      vertex 70.3842 -0.297126 32.6873
      vertex 70.5626 4.05134 31.5495
      vertex 70.3842 4.09476 31.7538
    endloop
  endfacet
  facet normal 0.760379 0.135031 0.635288
    outer loop
      vertex 70.5626 4.05134 31.5495
      vertex 70.3842 -0.297126 32.6873
      vertex 70.5626 -0.340541 32.483
    endloop
  endfacet
  facet normal -0.233446 -0.202162 -0.951122
    outer loop
      vertex 72.0738 0.276103 35.3841
      vertex 72.3408 4.65466 34.3879
      vertex 72.3408 0.262774 35.3214
    endloop
  endfacet
  facet normal -0.233446 -0.202162 -0.951122
    outer loop
      vertex 72.3408 4.65466 34.3879
      vertex 72.0738 0.276103 35.3841
      vertex 72.0738 4.66799 34.4506
    endloop
  endfacet
  facet normal 0.972295 -0.0486 -0.228651
    outer loop
      vertex 70.1357 0.0291712 34.2224
      vertex 70.0715 4.36554 33.0277
      vertex 70.1357 4.42105 33.2889
    endloop
  endfacet
  facet normal 0.972295 -0.0485997 -0.22865
    outer loop
      vertex 70.0715 4.36554 33.0277
      vertex 70.1357 0.0291712 34.2224
      vertex 70.0715 -0.0263452 33.9612
    endloop
  endfacet
  facet normal -0.996931 0.0162767 0.0765778
    outer loop
      vertex 73.5285 4.2517 32.4921
      vertex 73.55 -0.0832633 33.6934
      vertex 73.55 4.30862 32.7599
    endloop
  endfacet
  facet normal -0.996929 0.0162842 0.0766048
    outer loop
      vertex 73.55 -0.0832633 33.6934
      vertex 73.5285 4.2517 32.4921
      vertex 73.5285 -0.140181 33.4257
    endloop
  endfacet
  facet normal 0.923961 -0.0795296 -0.374126
    outer loop
      vertex 70.2407 0.0819193 34.4706
      vertex 70.1357 4.42105 33.2889
      vertex 70.2407 4.4738 33.537
    endloop
  endfacet
  facet normal 0.924013 -0.0794954 -0.374005
    outer loop
      vertex 70.1357 4.42105 33.2889
      vertex 70.2407 0.0819193 34.4706
      vertex 70.1357 0.0291712 34.2224
    endloop
  endfacet
  facet normal 0.233446 0.202183 0.951118
    outer loop
      vertex 71.2592 -0.429301 32.0655
      vertex 71.5262 3.94925 31.0692
      vertex 71.2592 3.96258 31.1319
    endloop
  endfacet
  facet normal 0.233445 0.202183 0.951118
    outer loop
      vertex 71.5262 3.94925 31.0692
      vertex 71.2592 -0.429301 32.0655
      vertex 71.5262 -0.442629 32.0028
    endloop
  endfacet
  facet normal -0.923961 -0.0795296 -0.374126
    outer loop
      vertex 73.4643 4.42105 33.2889
      vertex 73.3593 0.0819193 34.4706
      vertex 73.3593 4.4738 33.537
    endloop
  endfacet
  facet normal -0.924013 -0.0794954 -0.374005
    outer loop
      vertex 73.3593 0.0819193 34.4706
      vertex 73.4643 4.42105 33.2889
      vertex 73.4643 0.0291712 34.2224
    endloop
  endfacet
  facet normal 0.996931 0.0162767 0.0765778
    outer loop
      vertex 70.05 -0.0832633 33.6934
      vertex 70.0715 4.2517 32.4921
      vertex 70.05 4.30862 32.7599
    endloop
  endfacet
  facet normal 0.996929 0.0162842 0.0766048
    outer loop
      vertex 70.0715 4.2517 32.4921
      vertex 70.05 -0.0832633 33.6934
      vertex 70.0715 -0.140181 33.4257
    endloop
  endfacet
  facet normal -0.382716 0.192098 0.903674
    outer loop
      vertex 72.3408 3.96258 31.1319
      vertex 72.5945 -0.407452 32.1683
      vertex 72.5945 3.98443 31.2347
    endloop
  endfacet
  facet normal -0.382715 0.192098 0.903674
    outer loop
      vertex 72.5945 -0.407452 32.1683
      vertex 72.3408 3.96258 31.1319
      vertex 72.3408 -0.429301 32.0655
    endloop
  endfacet
  facet normal 0.76023 -0.135067 -0.635458
    outer loop
      vertex 70.5626 0.174014 34.9038
      vertex 70.3842 4.52248 33.7661
      vertex 70.5626 4.5659 33.9703
    endloop
  endfacet
  facet normal 0.760228 -0.135068 -0.63546
    outer loop
      vertex 70.3842 4.52248 33.7661
      vertex 70.5626 0.174014 34.9038
      vertex 70.3842 0.1306 34.6996
    endloop
  endfacet
  facet normal -0.0781841 0.207292 0.97515
    outer loop
      vertex 71.8 3.94477 31.0482
      vertex 72.0738 -0.442629 32.0028
      vertex 72.0738 3.94925 31.0692
    endloop
  endfacet
  facet normal -0.0785381 0.207265 0.975127
    outer loop
      vertex 72.0738 -0.442629 32.0028
      vertex 71.8 3.94477 31.0482
      vertex 71.8 -0.447109 31.9817
    endloop
  endfacet
  facet normal 0.0785373 -0.207264 -0.975127
    outer loop
      vertex 71.5262 4.66799 34.4506
      vertex 71.8 0.280582 35.4052
      vertex 71.5262 0.276103 35.3841
    endloop
  endfacet
  facet normal 0.0785306 -0.207265 -0.975128
    outer loop
      vertex 71.8 0.280582 35.4052
      vertex 71.5262 4.66799 34.4506
      vertex 71.8 4.67246 34.4717
    endloop
  endfacet
  facet normal -0.760381 0.135031 0.635286
    outer loop
      vertex 73.0374 4.05134 31.5495
      vertex 73.2158 -0.297126 32.6873
      vertex 73.2158 4.09476 31.7538
    endloop
  endfacet
  facet normal -0.760379 0.135031 0.635288
    outer loop
      vertex 73.2158 -0.297126 32.6873
      vertex 73.0374 4.05134 31.5495
      vertex 73.0374 -0.340541 32.483
    endloop
  endfacet
  facet normal 0.996931 -0.0162767 -0.0765778
    outer loop
      vertex 70.0715 -0.0263452 33.9612
      vertex 70.05 4.30862 32.7599
      vertex 70.0715 4.36554 33.0277
    endloop
  endfacet
  facet normal 0.996931 -0.0162767 -0.0765779
    outer loop
      vertex 70.05 4.30862 32.7599
      vertex 70.0715 -0.0263452 33.9612
      vertex 70.05 -0.0832633 33.6934
    endloop
  endfacet
  facet normal -0.522703 0.177244 0.833886
    outer loop
      vertex 72.5945 3.98443 31.2347
      vertex 72.8286 -0.37762 32.3086
      vertex 72.8286 4.01426 31.3751
    endloop
  endfacet
  facet normal -0.522445 0.177295 0.834037
    outer loop
      vertex 72.8286 -0.37762 32.3086
      vertex 72.5945 3.98443 31.2347
      vertex 72.5945 -0.407452 32.1683
    endloop
  endfacet
  facet normal 0.852684 -0.108616 -0.511011
    outer loop
      vertex 70.3842 0.1306 34.6996
      vertex 70.2407 4.4738 33.537
      vertex 70.3842 4.52248 33.7661
    endloop
  endfacet
  facet normal 0.852587 -0.10866 -0.511164
    outer loop
      vertex 70.2407 4.4738 33.537
      vertex 70.3842 0.1306 34.6996
      vertex 70.2407 0.0819193 34.4706
    endloop
  endfacet
  facet normal -0.924013 0.0794951 0.374005
    outer loop
      vertex 73.3593 4.14344 31.9828
      vertex 73.4643 -0.195698 33.1645
      vertex 73.4643 4.19619 32.231
    endloop
  endfacet
  facet normal -0.924013 0.0794953 0.374006
    outer loop
      vertex 73.4643 -0.195698 33.1645
      vertex 73.3593 4.14344 31.9828
      vertex 73.3593 -0.248446 32.9163
    endloop
  endfacet
  facet normal -0.649583 -0.158069 -0.743677
    outer loop
      vertex 72.8286 0.211094 35.0783
      vertex 73.0374 4.5659 33.9703
      vertex 73.0374 0.174014 34.9038
    endloop
  endfacet
  facet normal -0.649583 -0.158069 -0.743677
    outer loop
      vertex 73.0374 4.5659 33.9703
      vertex 72.8286 0.211094 35.0783
      vertex 72.8286 4.60298 34.1448
    endloop
  endfacet
  facet normal -0.521598 -0.177384 -0.834548
    outer loop
      vertex 72.8 0.214741 35.0954
      vertex 72.8286 4.60298 34.1448
      vertex 72.8286 0.211094 35.0783
    endloop
  endfacet
  facet normal -0.522563 -0.177253 -0.833972
    outer loop
      vertex 72.5945 0.240926 35.2186
      vertex 72.8286 4.60298 34.1448
      vertex 72.8 0.214741 35.0954
    endloop
  endfacet
  facet normal -0.522444 -0.177276 -0.834041
    outer loop
      vertex 72.8286 4.60298 34.1448
      vertex 72.5945 0.240926 35.2186
      vertex 72.5945 4.63281 34.2851
    endloop
  endfacet
  facet normal 0.924013 0.0794951 0.374005
    outer loop
      vertex 70.1357 -0.195698 33.1645
      vertex 70.2407 4.14344 31.9828
      vertex 70.1357 4.19619 32.231
    endloop
  endfacet
  facet normal 0.924013 0.0794953 0.374006
    outer loop
      vertex 70.2407 4.14344 31.9828
      vertex 70.1357 -0.195698 33.1645
      vertex 70.2407 -0.248446 32.9163
    endloop
  endfacet
  facet normal 0.382716 0.192098 0.903674
    outer loop
      vertex 71.0055 -0.407452 32.1683
      vertex 71.2592 3.96258 31.1319
      vertex 71.0055 3.98443 31.2347
    endloop
  endfacet
  facet normal 0.382715 0.192098 0.903674
    outer loop
      vertex 71.2592 3.96258 31.1319
      vertex 71.0055 -0.407452 32.1683
      vertex 71.2592 -0.429301 32.0655
    endloop
  endfacet
  facet normal 0.233446 -0.202162 -0.951122
    outer loop
      vertex 71.2592 4.65466 34.3879
      vertex 71.5262 0.276103 35.3841
      vertex 71.2592 0.262774 35.3214
    endloop
  endfacet
  facet normal 0.233446 -0.202162 -0.951122
    outer loop
      vertex 71.5262 0.276103 35.3841
      vertex 71.2592 4.65466 34.3879
      vertex 71.5262 4.66799 34.4506
    endloop
  endfacet
  facet normal 0.649583 -0.158069 -0.743677
    outer loop
      vertex 70.5626 4.5659 33.9703
      vertex 70.7714 0.211094 35.0783
      vertex 70.5626 0.174014 34.9038
    endloop
  endfacet
  facet normal 0.649583 -0.158069 -0.743677
    outer loop
      vertex 70.7714 0.211094 35.0783
      vertex 70.5626 4.5659 33.9703
      vertex 70.7714 4.60298 34.1448
    endloop
  endfacet
  facet normal -0.996931 -0.0162767 -0.0765778
    outer loop
      vertex 73.55 4.30862 32.7599
      vertex 73.5285 -0.0263452 33.9612
      vertex 73.5285 4.36554 33.0277
    endloop
  endfacet
  facet normal -0.996931 -0.0162767 -0.0765779
    outer loop
      vertex 73.5285 -0.0263452 33.9612
      vertex 73.55 4.30862 32.7599
      vertex 73.55 -0.0832633 33.6934
    endloop
  endfacet
  facet normal 0 -0.978288 0.207249
    outer loop
      vertex 71.5262 4.66799 34.4506
      vertex 72.0738 4.66799 34.4506
      vertex 71.8 4.67246 34.4717
    endloop
  endfacet
  facet normal 0 -0.978139 0.207952
    outer loop
      vertex 71.2592 4.65466 34.3879
      vertex 72.0738 4.66799 34.4506
      vertex 71.5262 4.66799 34.4506
    endloop
  endfacet
  facet normal 0 -0.978139 0.207952
    outer loop
      vertex 71.2592 4.65466 34.3879
      vertex 72.3408 4.65466 34.3879
      vertex 72.0738 4.66799 34.4506
    endloop
  endfacet
  facet normal 0 -0.978149 0.207904
    outer loop
      vertex 71.0055 4.63281 34.2851
      vertex 72.3408 4.65466 34.3879
      vertex 71.2592 4.65466 34.3879
    endloop
  endfacet
  facet normal 0 -0.978149 0.207904
    outer loop
      vertex 71.0055 4.63281 34.2851
      vertex 72.5945 4.63281 34.2851
      vertex 72.3408 4.65466 34.3879
    endloop
  endfacet
  facet normal 0 -0.978136 0.207967
    outer loop
      vertex 70.7714 4.60298 34.1448
      vertex 72.5945 4.63281 34.2851
      vertex 71.0055 4.63281 34.2851
    endloop
  endfacet
  facet normal 0 -0.978136 0.207967
    outer loop
      vertex 70.7714 4.60298 34.1448
      vertex 72.8286 4.60298 34.1448
      vertex 72.5945 4.63281 34.2851
    endloop
  endfacet
  facet normal 0 -0.97816 0.207852
    outer loop
      vertex 70.5626 4.5659 33.9703
      vertex 72.8286 4.60298 34.1448
      vertex 70.7714 4.60298 34.1448
    endloop
  endfacet
  facet normal 0 -0.97816 0.207852
    outer loop
      vertex 70.5626 4.5659 33.9703
      vertex 73.0374 4.5659 33.9703
      vertex 72.8286 4.60298 34.1448
    endloop
  endfacet
  facet normal 0 -0.978132 0.207985
    outer loop
      vertex 70.3842 4.52248 33.7661
      vertex 73.0374 4.5659 33.9703
      vertex 70.5626 4.5659 33.9703
    endloop
  endfacet
  facet normal 0 -0.978132 0.207985
    outer loop
      vertex 70.3842 4.52248 33.7661
      vertex 73.2158 4.52248 33.7661
      vertex 73.0374 4.5659 33.9703
    endloop
  endfacet
  facet normal 0 -0.978162 0.207843
    outer loop
      vertex 70.2407 4.4738 33.537
      vertex 73.2158 4.52248 33.7661
      vertex 70.3842 4.52248 33.7661
    endloop
  endfacet
  facet normal 0 -0.978162 0.207843
    outer loop
      vertex 70.2407 4.4738 33.537
      vertex 73.3593 4.4738 33.537
      vertex 73.2158 4.52248 33.7661
    endloop
  endfacet
  facet normal 0 -0.978136 0.207967
    outer loop
      vertex 70.1357 4.42105 33.2889
      vertex 73.3593 4.4738 33.537
      vertex 70.2407 4.4738 33.537
    endloop
  endfacet
  facet normal 0 -0.978136 0.207967
    outer loop
      vertex 70.1357 4.42105 33.2889
      vertex 73.4643 4.42105 33.2889
      vertex 73.3593 4.4738 33.537
    endloop
  endfacet
  facet normal 0 -0.978155 0.207877
    outer loop
      vertex 70.0715 4.36554 33.0277
      vertex 73.4643 4.42105 33.2889
      vertex 70.1357 4.42105 33.2889
    endloop
  endfacet
  facet normal 0 -0.978155 0.207877
    outer loop
      vertex 70.0715 4.36554 33.0277
      vertex 73.5285 4.36554 33.0277
      vertex 73.4643 4.42105 33.2889
    endloop
  endfacet
  facet normal 0 -0.97815 0.207902
    outer loop
      vertex 70.05 4.30862 32.7599
      vertex 73.5285 4.36554 33.0277
      vertex 70.0715 4.36554 33.0277
    endloop
  endfacet
  facet normal 0 -0.97815 0.207902
    outer loop
      vertex 70.05 4.30862 32.7599
      vertex 73.55 4.30862 32.7599
      vertex 73.5285 4.36554 33.0277
    endloop
  endfacet
  facet normal 0 -0.97815 0.207902
    outer loop
      vertex 70.0715 4.2517 32.4921
      vertex 73.55 4.30862 32.7599
      vertex 70.05 4.30862 32.7599
    endloop
  endfacet
  facet normal 0 -0.97815 0.207902
    outer loop
      vertex 70.0715 4.2517 32.4921
      vertex 73.5285 4.2517 32.4921
      vertex 73.55 4.30862 32.7599
    endloop
  endfacet
  facet normal 0 -0.978139 0.207953
    outer loop
      vertex 70.1357 4.19619 32.231
      vertex 73.5285 4.2517 32.4921
      vertex 70.0715 4.2517 32.4921
    endloop
  endfacet
  facet normal 0 -0.978139 0.207953
    outer loop
      vertex 70.1357 4.19619 32.231
      vertex 73.4643 4.19619 32.231
      vertex 73.5285 4.2517 32.4921
    endloop
  endfacet
  facet normal 0 -0.978153 0.207887
    outer loop
      vertex 70.2407 4.14344 31.9828
      vertex 73.4643 4.19619 32.231
      vertex 70.1357 4.19619 32.231
    endloop
  endfacet
  facet normal 0 -0.978153 0.207887
    outer loop
      vertex 70.2407 4.14344 31.9828
      vertex 73.3593 4.14344 31.9828
      vertex 73.4643 4.19619 32.231
    endloop
  endfacet
  facet normal 0 -0.978144 0.20793
    outer loop
      vertex 70.3842 4.09476 31.7538
      vertex 73.3593 4.14344 31.9828
      vertex 70.2407 4.14344 31.9828
    endloop
  endfacet
  facet normal 0 -0.978144 0.20793
    outer loop
      vertex 70.3842 4.09476 31.7538
      vertex 73.2158 4.09476 31.7538
      vertex 73.3593 4.14344 31.9828
    endloop
  endfacet
  facet normal 0 -0.978153 0.207887
    outer loop
      vertex 70.5626 4.05134 31.5495
      vertex 73.2158 4.09476 31.7538
      vertex 70.3842 4.09476 31.7538
    endloop
  endfacet
  facet normal 0 -0.978153 0.207887
    outer loop
      vertex 70.5626 4.05134 31.5495
      vertex 73.0374 4.05134 31.5495
      vertex 73.2158 4.09476 31.7538
    endloop
  endfacet
  facet normal 0 -0.978136 0.207966
    outer loop
      vertex 70.7714 4.01426 31.3751
      vertex 73.0374 4.05134 31.5495
      vertex 70.5626 4.05134 31.5495
    endloop
  endfacet
  facet normal 0 -0.978136 0.207966
    outer loop
      vertex 70.7714 4.01426 31.3751
      vertex 72.8286 4.01426 31.3751
      vertex 73.0374 4.05134 31.5495
    endloop
  endfacet
  facet normal 0 -0.978166 0.207825
    outer loop
      vertex 71.0055 3.98443 31.2347
      vertex 72.8286 4.01426 31.3751
      vertex 70.7714 4.01426 31.3751
    endloop
  endfacet
  facet normal 0 -0.978166 0.207825
    outer loop
      vertex 71.0055 3.98443 31.2347
      vertex 72.5945 3.98443 31.2347
      vertex 72.8286 4.01426 31.3751
    endloop
  endfacet
  facet normal 0 -0.978149 0.207904
    outer loop
      vertex 71.2592 3.96258 31.1319
      vertex 72.5945 3.98443 31.2347
      vertex 71.0055 3.98443 31.2347
    endloop
  endfacet
  facet normal 0 -0.978149 0.207904
    outer loop
      vertex 71.2592 3.96258 31.1319
      vertex 72.3408 3.96258 31.1319
      vertex 72.5945 3.98443 31.2347
    endloop
  endfacet
  facet normal 0 -0.978139 0.207952
    outer loop
      vertex 71.5262 3.94925 31.0692
      vertex 72.3408 3.96258 31.1319
      vertex 71.2592 3.96258 31.1319
    endloop
  endfacet
  facet normal 0 -0.978139 0.207952
    outer loop
      vertex 71.5262 3.94925 31.0692
      vertex 72.0738 3.94925 31.0692
      vertex 72.3408 3.96258 31.1319
    endloop
  endfacet
  facet normal 0 -0.977993 0.208638
    outer loop
      vertex 72.0738 3.94925 31.0692
      vertex 71.5262 3.94925 31.0692
      vertex 71.8 3.94477 31.0482
    endloop
  endfacet
  facet normal -0.972295 -0.0486 -0.228651
    outer loop
      vertex 73.5285 4.36554 33.0277
      vertex 73.4643 0.0291712 34.2224
      vertex 73.4643 4.42105 33.2889
    endloop
  endfacet
  facet normal -0.972295 -0.0485997 -0.22865
    outer loop
      vertex 73.4643 0.0291712 34.2224
      vertex 73.5285 4.36554 33.0277
      vertex 73.5285 -0.0263452 33.9612
    endloop
  endfacet
  facet normal -0.233446 0.202183 0.951118
    outer loop
      vertex 72.0738 3.94925 31.0692
      vertex 72.3408 -0.429301 32.0655
      vertex 72.3408 3.96258 31.1319
    endloop
  endfacet
  facet normal -0.233445 0.202183 0.951118
    outer loop
      vertex 72.3408 -0.429301 32.0655
      vertex 72.0738 3.94925 31.0692
      vertex 72.0738 -0.442629 32.0028
    endloop
  endfacet
  facet normal 0.0781841 0.207292 0.97515
    outer loop
      vertex 71.5262 -0.442629 32.0028
      vertex 71.8 3.94477 31.0482
      vertex 71.5262 3.94925 31.0692
    endloop
  endfacet
  facet normal 0.0785381 0.207265 0.975127
    outer loop
      vertex 71.8 3.94477 31.0482
      vertex 71.5262 -0.442629 32.0028
      vertex 71.8 -0.447109 31.9817
    endloop
  endfacet
  facet normal 0.649377 0.158106 0.743849
    outer loop
      vertex 70.5626 -0.340541 32.483
      vertex 70.7714 4.01426 31.3751
      vertex 70.5626 4.05134 31.5495
    endloop
  endfacet
  facet normal 0.649377 0.158106 0.74385
    outer loop
      vertex 70.7714 4.01426 31.3751
      vertex 70.5626 -0.340541 32.483
      vertex 70.7714 -0.37762 32.3086
    endloop
  endfacet
  facet normal 0.972275 0.0486218 0.228729
    outer loop
      vertex 70.0715 -0.140181 33.4257
      vertex 70.1357 4.19619 32.231
      vertex 70.0715 4.2517 32.4921
    endloop
  endfacet
  facet normal 0.972295 0.0485997 0.228649
    outer loop
      vertex 70.1357 4.19619 32.231
      vertex 70.0715 -0.140181 33.4257
      vertex 70.1357 -0.195698 33.1645
    endloop
  endfacet
  facet normal -0.0785373 -0.207264 -0.975127
    outer loop
      vertex 71.8 0.280582 35.4052
      vertex 72.0738 4.66799 34.4506
      vertex 72.0738 0.276103 35.3841
    endloop
  endfacet
  facet normal -0.0785306 -0.207265 -0.975128
    outer loop
      vertex 72.0738 4.66799 34.4506
      vertex 71.8 0.280582 35.4052
      vertex 71.8 4.67246 34.4717
    endloop
  endfacet
  facet normal 0.852587 0.108649 0.511167
    outer loop
      vertex 70.2407 -0.248446 32.9163
      vertex 70.3842 4.09476 31.7538
      vertex 70.2407 4.14344 31.9828
    endloop
  endfacet
  facet normal 0.852587 0.108649 0.511167
    outer loop
      vertex 70.3842 4.09476 31.7538
      vertex 70.2407 -0.248446 32.9163
      vertex 70.3842 -0.297126 32.6873
    endloop
  endfacet
  facet normal 0.382715 -0.192078 -0.903679
    outer loop
      vertex 71.0055 4.63281 34.2851
      vertex 71.2592 0.262774 35.3214
      vertex 71.0055 0.240926 35.2186
    endloop
  endfacet
  facet normal 0.382716 -0.192078 -0.903678
    outer loop
      vertex 71.2592 0.262774 35.3214
      vertex 71.0055 4.63281 34.2851
      vertex 71.2592 4.65466 34.3879
    endloop
  endfacet
  facet normal 0.972441 0.0484786 0.228055
    outer loop
      vertex 132.972 -0.140181 33.4257
      vertex 133.036 4.19619 32.231
      vertex 132.972 4.2517 32.4921
    endloop
  endfacet
  facet normal 0.97246 0.0484565 0.227976
    outer loop
      vertex 133.036 4.19619 32.231
      vertex 132.972 -0.140181 33.4257
      vertex 133.036 -0.195698 33.1645
    endloop
  endfacet
  facet normal -0.972441 0.0484786 0.228055
    outer loop
      vertex 136.364 4.19619 32.231
      vertex 136.428 -0.140181 33.4257
      vertex 136.428 4.2517 32.4921
    endloop
  endfacet
  facet normal -0.97246 0.0484565 0.227976
    outer loop
      vertex 136.428 -0.140181 33.4257
      vertex 136.364 4.19619 32.231
      vertex 136.364 -0.195698 33.1645
    endloop
  endfacet
  facet normal -0.383618 -0.192 -0.903312
    outer loop
      vertex 135.241 0.262774 35.3214
      vertex 135.494 4.63281 34.2851
      vertex 135.494 0.240926 35.2186
    endloop
  endfacet
  facet normal -0.383619 -0.192 -0.903312
    outer loop
      vertex 135.494 4.63281 34.2851
      vertex 135.241 0.262774 35.3214
      vertex 135.241 4.65466 34.3879
    endloop
  endfacet
  facet normal 0.759302 0.135293 0.636518
    outer loop
      vertex 133.284 -0.297126 32.6873
      vertex 133.463 4.05134 31.5495
      vertex 133.284 4.09476 31.7538
    endloop
  endfacet
  facet normal 0.759301 0.135293 0.63652
    outer loop
      vertex 133.463 4.05134 31.5495
      vertex 133.284 -0.297126 32.6873
      vertex 133.463 -0.340541 32.483
    endloop
  endfacet
  facet normal -0.651024 -0.157813 -0.742471
    outer loop
      vertex 135.729 0.211094 35.0783
      vertex 135.937 4.5659 33.9703
      vertex 135.937 0.174014 34.9038
    endloop
  endfacet
  facet normal -0.651024 -0.157813 -0.742471
    outer loop
      vertex 135.937 4.5659 33.9703
      vertex 135.729 0.211094 35.0783
      vertex 135.729 4.60298 34.1448
    endloop
  endfacet
  facet normal -0.996787 -0.0166528 -0.0783474
    outer loop
      vertex 136.45 4.30862 32.7599
      vertex 136.428 -0.0263452 33.9612
      vertex 136.428 4.36554 33.0277
    endloop
  endfacet
  facet normal -0.996787 -0.0166529 -0.0783475
    outer loop
      vertex 136.428 -0.0263452 33.9612
      vertex 136.45 4.30862 32.7599
      vertex 136.45 -0.0832633 33.6934
    endloop
  endfacet
  facet normal -0.97246 -0.0484568 -0.227977
    outer loop
      vertex 136.428 4.36554 33.0277
      vertex 136.364 0.0291712 34.2224
      vertex 136.364 4.42105 33.2889
    endloop
  endfacet
  facet normal -0.97246 -0.0484565 -0.227976
    outer loop
      vertex 136.364 0.0291712 34.2224
      vertex 136.428 4.36554 33.0277
      vertex 136.428 -0.0263452 33.9612
    endloop
  endfacet
  facet normal -0.233446 -0.202162 -0.951122
    outer loop
      vertex 134.974 0.276103 35.3841
      vertex 135.241 4.65466 34.3879
      vertex 135.241 0.262774 35.3214
    endloop
  endfacet
  facet normal -0.233446 -0.202162 -0.951122
    outer loop
      vertex 135.241 4.65466 34.3879
      vertex 134.974 0.276103 35.3841
      vertex 134.974 4.66799 34.4506
    endloop
  endfacet
  facet normal 0.233446 0.202183 0.951118
    outer loop
      vertex 134.159 -0.429301 32.0655
      vertex 134.426 3.94925 31.0692
      vertex 134.159 3.96258 31.1319
    endloop
  endfacet
  facet normal 0.233445 0.202183 0.951118
    outer loop
      vertex 134.426 3.94925 31.0692
      vertex 134.159 -0.429301 32.0655
      vertex 134.426 -0.442629 32.0028
    endloop
  endfacet
  facet normal 0.521246 0.177429 0.834758
    outer loop
      vertex 133.671 -0.37762 32.3086
      vertex 133.906 3.98443 31.2347
      vertex 133.671 4.01426 31.3751
    endloop
  endfacet
  facet normal 0.520988 0.17748 0.834908
    outer loop
      vertex 133.906 3.98443 31.2347
      vertex 133.671 -0.37762 32.3086
      vertex 133.906 -0.407452 32.1683
    endloop
  endfacet
  facet normal -0.996787 0.0166528 0.0783474
    outer loop
      vertex 136.428 4.2517 32.4921
      vertex 136.45 -0.0832633 33.6934
      vertex 136.45 4.30862 32.7599
    endloop
  endfacet
  facet normal -0.996785 0.0166605 0.078375
    outer loop
      vertex 136.45 -0.0832633 33.6934
      vertex 136.428 4.2517 32.4921
      vertex 136.428 -0.140181 33.4257
    endloop
  endfacet
  facet normal -0.516331 -0.178049 -0.837676
    outer loop
      vertex 135.7 0.214741 35.0954
      vertex 135.729 4.60298 34.1448
      vertex 135.729 0.211094 35.0783
    endloop
  endfacet
  facet normal -0.52164 -0.177333 -0.834533
    outer loop
      vertex 135.494 0.240926 35.2186
      vertex 135.729 4.60298 34.1448
      vertex 135.7 0.214741 35.0954
    endloop
  endfacet
  facet normal -0.520987 -0.177462 -0.834913
    outer loop
      vertex 135.729 4.60298 34.1448
      vertex 135.494 0.240926 35.2186
      vertex 135.494 4.63281 34.2851
    endloop
  endfacet
  facet normal -0.853495 -0.108341 -0.509715
    outer loop
      vertex 136.259 4.4738 33.537
      vertex 136.116 0.1306 34.6996
      vertex 136.116 4.52248 33.7661
    endloop
  endfacet
  facet normal -0.853398 -0.108385 -0.509867
    outer loop
      vertex 136.116 0.1306 34.6996
      vertex 136.259 4.4738 33.537
      vertex 136.259 0.0819193 34.4706
    endloop
  endfacet
  facet normal -0.924013 0.0794951 0.374005
    outer loop
      vertex 136.259 4.14344 31.9828
      vertex 136.364 -0.195698 33.1645
      vertex 136.364 4.19619 32.231
    endloop
  endfacet
  facet normal -0.924013 0.0794953 0.374006
    outer loop
      vertex 136.364 -0.195698 33.1645
      vertex 136.259 4.14344 31.9828
      vertex 136.259 -0.248446 32.9163
    endloop
  endfacet
  facet normal -0.233446 0.202183 0.951118
    outer loop
      vertex 134.974 3.94925 31.0692
      vertex 135.241 -0.429301 32.0655
      vertex 135.241 3.96258 31.1319
    endloop
  endfacet
  facet normal -0.233445 0.202183 0.951118
    outer loop
      vertex 135.241 -0.429301 32.0655
      vertex 134.974 3.94925 31.0692
      vertex 134.974 -0.442629 32.0028
    endloop
  endfacet
  facet normal -0.0781274 0.207293 0.975154
    outer loop
      vertex 134.7 3.94477 31.0482
      vertex 134.974 -0.442629 32.0028
      vertex 134.974 3.94925 31.0692
    endloop
  endfacet
  facet normal -0.0784811 0.207266 0.975132
    outer loop
      vertex 134.974 -0.442629 32.0028
      vertex 134.7 3.94477 31.0482
      vertex 134.7 -0.447109 31.9817
    endloop
  endfacet
  facet normal 0.650818 0.15785 0.742644
    outer loop
      vertex 133.463 -0.340541 32.483
      vertex 133.671 4.01426 31.3751
      vertex 133.463 4.05134 31.5495
    endloop
  endfacet
  facet normal 0.650817 0.15785 0.742644
    outer loop
      vertex 133.671 4.01426 31.3751
      vertex 133.463 -0.340541 32.483
      vertex 133.671 -0.37762 32.3086
    endloop
  endfacet
  facet normal 0.383619 0.19202 0.903308
    outer loop
      vertex 133.906 -0.407452 32.1683
      vertex 134.159 3.96258 31.1319
      vertex 133.906 3.98443 31.2347
    endloop
  endfacet
  facet normal 0.383619 0.19202 0.903308
    outer loop
      vertex 134.159 3.96258 31.1319
      vertex 133.906 -0.407452 32.1683
      vertex 134.159 -0.429301 32.0655
    endloop
  endfacet
  facet normal 0.233446 -0.202162 -0.951122
    outer loop
      vertex 134.159 4.65466 34.3879
      vertex 134.426 0.276103 35.3841
      vertex 134.159 0.262774 35.3214
    endloop
  endfacet
  facet normal 0.233446 -0.202162 -0.951122
    outer loop
      vertex 134.426 0.276103 35.3841
      vertex 134.159 4.65466 34.3879
      vertex 134.426 4.66799 34.4506
    endloop
  endfacet
  facet normal -0.650818 0.15785 0.742644
    outer loop
      vertex 135.729 4.01426 31.3751
      vertex 135.937 -0.340541 32.483
      vertex 135.937 4.05134 31.5495
    endloop
  endfacet
  facet normal -0.650817 0.15785 0.742644
    outer loop
      vertex 135.937 -0.340541 32.483
      vertex 135.729 4.01426 31.3751
      vertex 135.729 -0.37762 32.3086
    endloop
  endfacet
  facet normal -0.759302 0.135293 0.636518
    outer loop
      vertex 135.937 4.05134 31.5495
      vertex 136.116 -0.297126 32.6873
      vertex 136.116 4.09476 31.7538
    endloop
  endfacet
  facet normal -0.759301 0.135293 0.63652
    outer loop
      vertex 136.116 -0.297126 32.6873
      vertex 135.937 4.05134 31.5495
      vertex 135.937 -0.340541 32.483
    endloop
  endfacet
  facet normal 0.996787 -0.0166528 -0.0783474
    outer loop
      vertex 132.972 -0.0263452 33.9612
      vertex 132.95 4.30862 32.7599
      vertex 132.972 4.36554 33.0277
    endloop
  endfacet
  facet normal 0.996787 -0.0166529 -0.0783475
    outer loop
      vertex 132.95 4.30862 32.7599
      vertex 132.972 -0.0263452 33.9612
      vertex 132.95 -0.0832633 33.6934
    endloop
  endfacet
  facet normal -0.853398 0.108373 0.50987
    outer loop
      vertex 136.116 4.09476 31.7538
      vertex 136.259 -0.248446 32.9163
      vertex 136.259 4.14344 31.9828
    endloop
  endfacet
  facet normal -0.853398 0.108373 0.50987
    outer loop
      vertex 136.259 -0.248446 32.9163
      vertex 136.116 4.09476 31.7538
      vertex 136.116 -0.297126 32.6873
    endloop
  endfacet
  facet normal -0.383619 0.19202 0.903308
    outer loop
      vertex 135.241 3.96258 31.1319
      vertex 135.494 -0.407452 32.1683
      vertex 135.494 3.98443 31.2347
    endloop
  endfacet
  facet normal -0.383619 0.19202 0.903308
    outer loop
      vertex 135.494 -0.407452 32.1683
      vertex 135.241 3.96258 31.1319
      vertex 135.241 -0.429301 32.0655
    endloop
  endfacet
  facet normal 0.0784804 -0.207265 -0.975132
    outer loop
      vertex 134.426 4.66799 34.4506
      vertex 134.7 0.280582 35.4052
      vertex 134.426 0.276103 35.3841
    endloop
  endfacet
  facet normal 0.0784736 -0.207266 -0.975132
    outer loop
      vertex 134.7 0.280582 35.4052
      vertex 134.426 4.66799 34.4506
      vertex 134.7 4.67246 34.4717
    endloop
  endfacet
  facet normal -0.521246 0.177429 0.834758
    outer loop
      vertex 135.494 3.98443 31.2347
      vertex 135.729 -0.37762 32.3086
      vertex 135.729 4.01426 31.3751
    endloop
  endfacet
  facet normal -0.520988 0.17748 0.834908
    outer loop
      vertex 135.729 -0.37762 32.3086
      vertex 135.494 3.98443 31.2347
      vertex 135.494 -0.407452 32.1683
    endloop
  endfacet
  facet normal 0.853495 -0.108341 -0.509715
    outer loop
      vertex 133.284 0.1306 34.6996
      vertex 133.141 4.4738 33.537
      vertex 133.284 4.52248 33.7661
    endloop
  endfacet
  facet normal 0.853398 -0.108385 -0.509867
    outer loop
      vertex 133.141 4.4738 33.537
      vertex 133.284 0.1306 34.6996
      vertex 133.141 0.0819193 34.4706
    endloop
  endfacet
  facet normal -0.923961 -0.0795296 -0.374126
    outer loop
      vertex 136.364 4.42105 33.2889
      vertex 136.259 0.0819193 34.4706
      vertex 136.259 4.4738 33.537
    endloop
  endfacet
  facet normal -0.924013 -0.0794954 -0.374005
    outer loop
      vertex 136.259 0.0819193 34.4706
      vertex 136.364 4.42105 33.2889
      vertex 136.364 0.0291712 34.2224
    endloop
  endfacet
  facet normal 0.923961 -0.0795296 -0.374126
    outer loop
      vertex 133.141 0.0819193 34.4706
      vertex 133.036 4.42105 33.2889
      vertex 133.141 4.4738 33.537
    endloop
  endfacet
  facet normal 0.924013 -0.0794954 -0.374005
    outer loop
      vertex 133.036 4.42105 33.2889
      vertex 133.141 0.0819193 34.4706
      vertex 133.036 0.0291712 34.2224
    endloop
  endfacet
  facet normal 0.853398 0.108373 0.50987
    outer loop
      vertex 133.141 -0.248446 32.9163
      vertex 133.284 4.09476 31.7538
      vertex 133.141 4.14344 31.9828
    endloop
  endfacet
  facet normal 0.853398 0.108373 0.50987
    outer loop
      vertex 133.284 4.09476 31.7538
      vertex 133.141 -0.248446 32.9163
      vertex 133.284 -0.297126 32.6873
    endloop
  endfacet
  facet normal 0.0781274 0.207293 0.975154
    outer loop
      vertex 134.426 -0.442629 32.0028
      vertex 134.7 3.94477 31.0482
      vertex 134.426 3.94925 31.0692
    endloop
  endfacet
  facet normal 0.0784811 0.207266 0.975132
    outer loop
      vertex 134.7 3.94477 31.0482
      vertex 134.426 -0.442629 32.0028
      vertex 134.7 -0.447109 31.9817
    endloop
  endfacet
  facet normal -0.759152 -0.135329 -0.63669
    outer loop
      vertex 136.116 4.52248 33.7661
      vertex 135.937 0.174014 34.9038
      vertex 135.937 4.5659 33.9703
    endloop
  endfacet
  facet normal -0.75915 -0.13533 -0.636693
    outer loop
      vertex 135.937 0.174014 34.9038
      vertex 136.116 4.52248 33.7661
      vertex 136.116 0.1306 34.6996
    endloop
  endfacet
  facet normal 0.759152 -0.135329 -0.63669
    outer loop
      vertex 133.463 0.174014 34.9038
      vertex 133.284 4.52248 33.7661
      vertex 133.463 4.5659 33.9703
    endloop
  endfacet
  facet normal 0.75915 -0.13533 -0.636693
    outer loop
      vertex 133.284 4.52248 33.7661
      vertex 133.463 0.174014 34.9038
      vertex 133.284 0.1306 34.6996
    endloop
  endfacet
  facet normal 0.651024 -0.157813 -0.742471
    outer loop
      vertex 133.463 4.5659 33.9703
      vertex 133.671 0.211094 35.0783
      vertex 133.463 0.174014 34.9038
    endloop
  endfacet
  facet normal 0.651024 -0.157813 -0.742471
    outer loop
      vertex 133.671 0.211094 35.0783
      vertex 133.463 4.5659 33.9703
      vertex 133.671 4.60298 34.1448
    endloop
  endfacet
  facet normal 0.97246 -0.0484568 -0.227977
    outer loop
      vertex 133.036 0.0291712 34.2224
      vertex 132.972 4.36554 33.0277
      vertex 133.036 4.42105 33.2889
    endloop
  endfacet
  facet normal 0.97246 -0.0484565 -0.227976
    outer loop
      vertex 132.972 4.36554 33.0277
      vertex 133.036 0.0291712 34.2224
      vertex 132.972 -0.0263452 33.9612
    endloop
  endfacet
  facet normal 0.996787 0.0166528 0.0783474
    outer loop
      vertex 132.95 -0.0832633 33.6934
      vertex 132.972 4.2517 32.4921
      vertex 132.95 4.30862 32.7599
    endloop
  endfacet
  facet normal 0.996785 0.0166605 0.078375
    outer loop
      vertex 132.972 4.2517 32.4921
      vertex 132.95 -0.0832633 33.6934
      vertex 132.972 -0.140181 33.4257
    endloop
  endfacet
  facet normal 0.52164 -0.177333 -0.834533
    outer loop
      vertex 133.671 4.60298 34.1448
      vertex 133.906 0.240926 35.2186
      vertex 133.7 0.214741 35.0954
    endloop
  endfacet
  facet normal 0.516331 -0.178049 -0.837676
    outer loop
      vertex 133.671 4.60298 34.1448
      vertex 133.7 0.214741 35.0954
      vertex 133.671 0.211094 35.0783
    endloop
  endfacet
  facet normal 0.520987 -0.177462 -0.834913
    outer loop
      vertex 133.906 0.240926 35.2186
      vertex 133.671 4.60298 34.1448
      vertex 133.906 4.63281 34.2851
    endloop
  endfacet
  facet normal -0.0784804 -0.207265 -0.975132
    outer loop
      vertex 134.7 0.280582 35.4052
      vertex 134.974 4.66799 34.4506
      vertex 134.974 0.276103 35.3841
    endloop
  endfacet
  facet normal -0.0784736 -0.207266 -0.975132
    outer loop
      vertex 134.974 4.66799 34.4506
      vertex 134.7 0.280582 35.4052
      vertex 134.7 4.67246 34.4717
    endloop
  endfacet
  facet normal 0 -0.978288 0.207249
    outer loop
      vertex 134.426 4.66799 34.4506
      vertex 134.974 4.66799 34.4506
      vertex 134.7 4.67246 34.4717
    endloop
  endfacet
  facet normal 0 -0.978139 0.207952
    outer loop
      vertex 134.159 4.65466 34.3879
      vertex 134.974 4.66799 34.4506
      vertex 134.426 4.66799 34.4506
    endloop
  endfacet
  facet normal 0 -0.978139 0.207952
    outer loop
      vertex 134.159 4.65466 34.3879
      vertex 135.241 4.65466 34.3879
      vertex 134.974 4.66799 34.4506
    endloop
  endfacet
  facet normal 0 -0.978149 0.207904
    outer loop
      vertex 133.906 4.63281 34.2851
      vertex 135.241 4.65466 34.3879
      vertex 134.159 4.65466 34.3879
    endloop
  endfacet
  facet normal 0 -0.978149 0.207904
    outer loop
      vertex 133.906 4.63281 34.2851
      vertex 135.494 4.63281 34.2851
      vertex 135.241 4.65466 34.3879
    endloop
  endfacet
  facet normal 0 -0.978136 0.207967
    outer loop
      vertex 133.671 4.60298 34.1448
      vertex 135.494 4.63281 34.2851
      vertex 133.906 4.63281 34.2851
    endloop
  endfacet
  facet normal 0 -0.978136 0.207967
    outer loop
      vertex 133.671 4.60298 34.1448
      vertex 135.729 4.60298 34.1448
      vertex 135.494 4.63281 34.2851
    endloop
  endfacet
  facet normal 0 -0.97816 0.207852
    outer loop
      vertex 133.463 4.5659 33.9703
      vertex 135.729 4.60298 34.1448
      vertex 133.671 4.60298 34.1448
    endloop
  endfacet
  facet normal 0 -0.97816 0.207852
    outer loop
      vertex 133.463 4.5659 33.9703
      vertex 135.937 4.5659 33.9703
      vertex 135.729 4.60298 34.1448
    endloop
  endfacet
  facet normal 0 -0.978132 0.207985
    outer loop
      vertex 133.284 4.52248 33.7661
      vertex 135.937 4.5659 33.9703
      vertex 133.463 4.5659 33.9703
    endloop
  endfacet
  facet normal 0 -0.978132 0.207985
    outer loop
      vertex 133.284 4.52248 33.7661
      vertex 136.116 4.52248 33.7661
      vertex 135.937 4.5659 33.9703
    endloop
  endfacet
  facet normal 0 -0.978162 0.207843
    outer loop
      vertex 133.141 4.4738 33.537
      vertex 136.116 4.52248 33.7661
      vertex 133.284 4.52248 33.7661
    endloop
  endfacet
  facet normal 0 -0.978162 0.207843
    outer loop
      vertex 133.141 4.4738 33.537
      vertex 136.259 4.4738 33.537
      vertex 136.116 4.52248 33.7661
    endloop
  endfacet
  facet normal 0 -0.978136 0.207967
    outer loop
      vertex 133.036 4.42105 33.2889
      vertex 136.259 4.4738 33.537
      vertex 133.141 4.4738 33.537
    endloop
  endfacet
  facet normal 0 -0.978136 0.207967
    outer loop
      vertex 133.036 4.42105 33.2889
      vertex 136.364 4.42105 33.2889
      vertex 136.259 4.4738 33.537
    endloop
  endfacet
  facet normal 0 -0.978155 0.207877
    outer loop
      vertex 132.972 4.36554 33.0277
      vertex 136.364 4.42105 33.2889
      vertex 133.036 4.42105 33.2889
    endloop
  endfacet
  facet normal 0 -0.978155 0.207877
    outer loop
      vertex 132.972 4.36554 33.0277
      vertex 136.428 4.36554 33.0277
      vertex 136.364 4.42105 33.2889
    endloop
  endfacet
  facet normal 0 -0.97815 0.207902
    outer loop
      vertex 132.95 4.30862 32.7599
      vertex 136.428 4.36554 33.0277
      vertex 132.972 4.36554 33.0277
    endloop
  endfacet
  facet normal 0 -0.97815 0.207902
    outer loop
      vertex 132.95 4.30862 32.7599
      vertex 136.45 4.30862 32.7599
      vertex 136.428 4.36554 33.0277
    endloop
  endfacet
  facet normal 0 -0.97815 0.207902
    outer loop
      vertex 132.972 4.2517 32.4921
      vertex 136.45 4.30862 32.7599
      vertex 132.95 4.30862 32.7599
    endloop
  endfacet
  facet normal 0 -0.97815 0.207902
    outer loop
      vertex 132.972 4.2517 32.4921
      vertex 136.428 4.2517 32.4921
      vertex 136.45 4.30862 32.7599
    endloop
  endfacet
  facet normal 0 -0.978139 0.207953
    outer loop
      vertex 133.036 4.19619 32.231
      vertex 136.428 4.2517 32.4921
      vertex 132.972 4.2517 32.4921
    endloop
  endfacet
  facet normal 0 -0.978139 0.207953
    outer loop
      vertex 133.036 4.19619 32.231
      vertex 136.364 4.19619 32.231
      vertex 136.428 4.2517 32.4921
    endloop
  endfacet
  facet normal 0 -0.978153 0.207887
    outer loop
      vertex 133.141 4.14344 31.9828
      vertex 136.364 4.19619 32.231
      vertex 133.036 4.19619 32.231
    endloop
  endfacet
  facet normal 0 -0.978153 0.207887
    outer loop
      vertex 133.141 4.14344 31.9828
      vertex 136.259 4.14344 31.9828
      vertex 136.364 4.19619 32.231
    endloop
  endfacet
  facet normal 0 -0.978144 0.20793
    outer loop
      vertex 133.284 4.09476 31.7538
      vertex 136.259 4.14344 31.9828
      vertex 133.141 4.14344 31.9828
    endloop
  endfacet
  facet normal 0 -0.978144 0.20793
    outer loop
      vertex 133.284 4.09476 31.7538
      vertex 136.116 4.09476 31.7538
      vertex 136.259 4.14344 31.9828
    endloop
  endfacet
  facet normal 0 -0.978153 0.207887
    outer loop
      vertex 133.463 4.05134 31.5495
      vertex 136.116 4.09476 31.7538
      vertex 133.284 4.09476 31.7538
    endloop
  endfacet
  facet normal 0 -0.978153 0.207887
    outer loop
      vertex 133.463 4.05134 31.5495
      vertex 135.937 4.05134 31.5495
      vertex 136.116 4.09476 31.7538
    endloop
  endfacet
  facet normal 0 -0.978136 0.207966
    outer loop
      vertex 133.671 4.01426 31.3751
      vertex 135.937 4.05134 31.5495
      vertex 133.463 4.05134 31.5495
    endloop
  endfacet
  facet normal 0 -0.978136 0.207966
    outer loop
      vertex 133.671 4.01426 31.3751
      vertex 135.729 4.01426 31.3751
      vertex 135.937 4.05134 31.5495
    endloop
  endfacet
  facet normal 0 -0.978166 0.207825
    outer loop
      vertex 133.906 3.98443 31.2347
      vertex 135.729 4.01426 31.3751
      vertex 133.671 4.01426 31.3751
    endloop
  endfacet
  facet normal 0 -0.978166 0.207825
    outer loop
      vertex 133.906 3.98443 31.2347
      vertex 135.494 3.98443 31.2347
      vertex 135.729 4.01426 31.3751
    endloop
  endfacet
  facet normal 0 -0.978149 0.207904
    outer loop
      vertex 134.159 3.96258 31.1319
      vertex 135.494 3.98443 31.2347
      vertex 133.906 3.98443 31.2347
    endloop
  endfacet
  facet normal 0 -0.978149 0.207904
    outer loop
      vertex 134.159 3.96258 31.1319
      vertex 135.241 3.96258 31.1319
      vertex 135.494 3.98443 31.2347
    endloop
  endfacet
  facet normal 0 -0.978139 0.207952
    outer loop
      vertex 134.426 3.94925 31.0692
      vertex 135.241 3.96258 31.1319
      vertex 134.159 3.96258 31.1319
    endloop
  endfacet
  facet normal 0 -0.978139 0.207952
    outer loop
      vertex 134.426 3.94925 31.0692
      vertex 134.974 3.94925 31.0692
      vertex 135.241 3.96258 31.1319
    endloop
  endfacet
  facet normal 0 -0.977993 0.208638
    outer loop
      vertex 134.974 3.94925 31.0692
      vertex 134.426 3.94925 31.0692
      vertex 134.7 3.94477 31.0482
    endloop
  endfacet
  facet normal 0.924013 0.0794951 0.374005
    outer loop
      vertex 133.036 -0.195698 33.1645
      vertex 133.141 4.14344 31.9828
      vertex 133.036 4.19619 32.231
    endloop
  endfacet
  facet normal 0.924013 0.0794953 0.374006
    outer loop
      vertex 133.141 4.14344 31.9828
      vertex 133.036 -0.195698 33.1645
      vertex 133.141 -0.248446 32.9163
    endloop
  endfacet
  facet normal 0.383618 -0.192 -0.903312
    outer loop
      vertex 133.906 4.63281 34.2851
      vertex 134.159 0.262774 35.3214
      vertex 133.906 0.240926 35.2186
    endloop
  endfacet
  facet normal 0.383619 -0.192 -0.903312
    outer loop
      vertex 134.159 0.262774 35.3214
      vertex 133.906 4.63281 34.2851
      vertex 134.159 4.65466 34.3879
    endloop
  endfacet
  facet normal -0.852648 0.10863 0.511068
    outer loop
      vertex 7.41578 -2.14259 2.40934
      vertex 7.55926 -6.4858 3.57189
      vertex 7.55926 -2.09391 2.63837
    endloop
  endfacet
  facet normal -0.852648 0.10863 0.511068
    outer loop
      vertex 7.55926 -6.4858 3.57189
      vertex 7.41578 -2.14259 2.40934
      vertex 7.41578 -6.53448 3.34286
    endloop
  endfacet
  facet normal -0.972374 0.0485324 0.228328
    outer loop
      vertex 7.66435 -2.04117 2.88653
      vertex 7.72845 -6.37753 4.08123
      vertex 7.72845 -1.98565 3.14771
    endloop
  endfacet
  facet normal -0.972374 0.0485324 0.228328
    outer loop
      vertex 7.72845 -6.37753 4.08123
      vertex 7.66435 -2.04117 2.88653
      vertex 7.66435 -6.43305 3.82005
    endloop
  endfacet
  facet normal -0.996916 0.0163158 0.0767602
    outer loop
      vertex 7.72845 -1.98565 3.14771
      vertex 7.75 -6.32061 4.34901
      vertex 7.75 -1.92873 3.41549
    endloop
  endfacet
  facet normal -0.996916 0.0163158 0.0767602
    outer loop
      vertex 7.75 -6.32061 4.34901
      vertex 7.72845 -1.98565 3.14771
      vertex 7.72845 -6.37753 4.08123
    endloop
  endfacet
  facet normal -0.923876 0.0795661 0.37433
    outer loop
      vertex 7.55926 -2.09391 2.63837
      vertex 7.66435 -6.43305 3.82005
      vertex 7.66435 -2.04117 2.88653
    endloop
  endfacet
  facet normal -0.923877 0.0795654 0.374328
    outer loop
      vertex 7.66435 -6.43305 3.82005
      vertex 7.55926 -2.09391 2.63837
      vertex 7.55926 -6.4858 3.57189
    endloop
  endfacet
  facet normal 0.0784433 0.207273 0.975133
    outer loop
      vertex 5.72624 -6.67998 2.65833
      vertex 6 -2.29258 1.70373
      vertex 5.72624 -2.2881 1.7248
    endloop
  endfacet
  facet normal 0.0784787 0.20727 0.975131
    outer loop
      vertex 6 -2.29258 1.70373
      vertex 5.72624 -6.67998 2.65833
      vertex 6 -6.68446 2.63725
    endloop
  endfacet
  facet normal -0.382686 -0.192084 -0.90369
    outer loop
      vertex 6.54078 -5.97458 5.97699
      vertex 6.79448 -1.60454 4.94068
      vertex 6.79448 -5.99643 5.8742
    endloop
  endfacet
  facet normal -0.382686 -0.192084 -0.90369
    outer loop
      vertex 6.79448 -1.60454 4.94068
      vertex 6.54078 -5.97458 5.97699
      vertex 6.54078 -1.58269 5.04347
    endloop
  endfacet
  facet normal -0.522509 0.177272 0.834002
    outer loop
      vertex 6.79448 -2.25292 1.8903
      vertex 7.02862 -6.61497 2.96417
      vertex 7.02862 -2.22309 2.03065
    endloop
  endfacet
  facet normal -0.522509 0.177272 0.834002
    outer loop
      vertex 7.02862 -6.61497 2.96417
      vertex 6.79448 -2.25292 1.8903
      vertex 6.79448 -6.6448 2.82382
    endloop
  endfacet
  facet normal 0.972366 0.0485396 0.228361
    outer loop
      vertex 4.27154 -6.37753 4.08123
      vertex 4.33565 -2.04117 2.88653
      vertex 4.27154 -1.98565 3.14771
    endloop
  endfacet
  facet normal 0.972366 0.0485396 0.228361
    outer loop
      vertex 4.33565 -2.04117 2.88653
      vertex 4.27154 -6.37753 4.08123
      vertex 4.33565 -6.43305 3.82005
    endloop
  endfacet
  facet normal -0.649423 0.158103 0.74381
    outer loop
      vertex 7.02862 -2.22309 2.03065
      vertex 7.23744 -6.57789 3.13862
      vertex 7.23744 -2.18601 2.20509
    endloop
  endfacet
  facet normal -0.649444 0.158098 0.743793
    outer loop
      vertex 7.23744 -6.57789 3.13862
      vertex 7.02862 -2.22309 2.03065
      vertex 7.02862 -6.61497 2.96417
    endloop
  endfacet
  facet normal -0.0784433 -0.207273 -0.975133
    outer loop
      vertex 6 -5.95677 6.06077
      vertex 6.27376 -1.56937 5.10617
      vertex 6.27376 -5.96125 6.0397
    endloop
  endfacet
  facet normal -0.0784787 -0.20727 -0.975131
    outer loop
      vertex 6.27376 -1.56937 5.10617
      vertex 6 -5.95677 6.06077
      vertex 6 -1.56489 5.12725
    endloop
  endfacet
  facet normal -0.522509 -0.177272 -0.834002
    outer loop
      vertex 6.79448 -5.99643 5.8742
      vertex 7.02862 -1.63437 4.80033
      vertex 7.02862 -6.02626 5.73385
    endloop
  endfacet
  facet normal -0.522509 -0.177272 -0.834002
    outer loop
      vertex 7.02862 -1.63437 4.80033
      vertex 6.79448 -5.99643 5.8742
      vertex 6.79448 -1.60454 4.94068
    endloop
  endfacet
  facet normal 0.923877 -0.0795655 -0.374328
    outer loop
      vertex 4.44074 -6.15543 5.12613
      vertex 4.33565 -1.8163 3.94445
      vertex 4.44074 -1.76355 4.19261
    endloop
  endfacet
  facet normal 0.923877 -0.0795655 -0.374328
    outer loop
      vertex 4.33565 -1.8163 3.94445
      vertex 4.44074 -6.15543 5.12613
      vertex 4.33565 -6.20818 4.87797
    endloop
  endfacet
  facet normal 0.996919 0.0163083 0.0767248
    outer loop
      vertex 4.25 -6.32061 4.34901
      vertex 4.27154 -1.98565 3.14771
      vertex 4.25 -1.92873 3.41549
    endloop
  endfacet
  facet normal 0.996919 0.0163083 0.0767248
    outer loop
      vertex 4.27154 -1.98565 3.14771
      vertex 4.25 -6.32061 4.34901
      vertex 4.27154 -6.37753 4.08123
    endloop
  endfacet
  facet normal 0.233464 -0.202165 -0.951117
    outer loop
      vertex 5.45922 -1.58269 5.04347
      vertex 5.72624 -5.96125 6.0397
      vertex 5.45922 -5.97458 5.97699
    endloop
  endfacet
  facet normal 0.233423 -0.20217 -0.951126
    outer loop
      vertex 5.72624 -5.96125 6.0397
      vertex 5.45922 -1.58269 5.04347
      vertex 5.72624 -1.56937 5.10617
    endloop
  endfacet
  facet normal -0.996916 -0.0163158 -0.0767602
    outer loop
      vertex 7.75 -1.92873 3.41549
      vertex 7.72845 -6.2637 4.61679
      vertex 7.72845 -1.87181 3.68327
    endloop
  endfacet
  facet normal -0.996916 -0.016316 -0.0767608
    outer loop
      vertex 7.72845 -6.2637 4.61679
      vertex 7.75 -1.92873 3.41549
      vertex 7.75 -6.32061 4.34901
    endloop
  endfacet
  facet normal 0.0784433 -0.207273 -0.975133
    outer loop
      vertex 5.72624 -1.56937 5.10617
      vertex 6 -5.95677 6.06077
      vertex 5.72624 -5.96125 6.0397
    endloop
  endfacet
  facet normal 0.0784787 -0.20727 -0.975131
    outer loop
      vertex 6 -5.95677 6.06077
      vertex 5.72624 -1.56937 5.10617
      vertex 6 -1.56489 5.12725
    endloop
  endfacet
  facet normal -0.923877 -0.0795655 -0.374328
    outer loop
      vertex 7.66435 -1.8163 3.94445
      vertex 7.55926 -6.15543 5.12613
      vertex 7.55926 -1.76355 4.19261
    endloop
  endfacet
  facet normal -0.923877 -0.0795655 -0.374328
    outer loop
      vertex 7.55926 -6.15543 5.12613
      vertex 7.66435 -1.8163 3.94445
      vertex 7.66435 -6.20818 4.87797
    endloop
  endfacet
  facet normal 0.923876 0.0795661 0.37433
    outer loop
      vertex 4.33565 -6.43305 3.82005
      vertex 4.44074 -2.09391 2.63837
      vertex 4.33565 -2.04117 2.88653
    endloop
  endfacet
  facet normal 0.923877 0.0795654 0.374328
    outer loop
      vertex 4.44074 -2.09391 2.63837
      vertex 4.33565 -6.43305 3.82005
      vertex 4.44074 -6.4858 3.57189
    endloop
  endfacet
  facet normal -0.649423 -0.158102 -0.74381
    outer loop
      vertex 7.02862 -6.02626 5.73385
      vertex 7.23744 -1.67145 4.62588
      vertex 7.23744 -6.06334 5.55941
    endloop
  endfacet
  facet normal -0.649444 -0.158097 -0.743793
    outer loop
      vertex 7.23744 -1.67145 4.62588
      vertex 7.02862 -6.02626 5.73385
      vertex 7.02862 -1.63437 4.80033
    endloop
  endfacet
  facet normal -0.233464 -0.202165 -0.951117
    outer loop
      vertex 6.27376 -5.96125 6.0397
      vertex 6.54078 -1.58269 5.04347
      vertex 6.54078 -5.97458 5.97699
    endloop
  endfacet
  facet normal -0.233423 -0.20217 -0.951126
    outer loop
      vertex 6.54078 -1.58269 5.04347
      vertex 6.27376 -5.96125 6.0397
      vertex 6.27376 -1.56937 5.10617
    endloop
  endfacet
  facet normal 0.760413 0.135025 0.635248
    outer loop
      vertex 4.58422 -6.53448 3.34286
      vertex 4.76256 -2.18601 2.20509
      vertex 4.58422 -2.14259 2.40934
    endloop
  endfacet
  facet normal 0.760395 0.135031 0.635268
    outer loop
      vertex 4.76256 -2.18601 2.20509
      vertex 4.58422 -6.53448 3.34286
      vertex 4.76256 -6.57789 3.13862
    endloop
  endfacet
  facet normal 0.233464 0.202166 0.951117
    outer loop
      vertex 5.45922 -6.66665 2.72103
      vertex 5.72624 -2.2881 1.7248
      vertex 5.45922 -2.27477 1.78751
    endloop
  endfacet
  facet normal 0.23343 0.202169 0.951125
    outer loop
      vertex 5.72624 -2.2881 1.7248
      vertex 5.45922 -6.66665 2.72103
      vertex 5.72624 -6.67998 2.65833
    endloop
  endfacet
  facet normal 0.522509 0.177272 0.834002
    outer loop
      vertex 4.97138 -6.61497 2.96417
      vertex 5.20552 -2.25292 1.8903
      vertex 4.97138 -2.22309 2.03065
    endloop
  endfacet
  facet normal 0.522509 0.177272 0.834002
    outer loop
      vertex 5.20552 -2.25292 1.8903
      vertex 4.97138 -6.61497 2.96417
      vertex 5.20552 -6.6448 2.82382
    endloop
  endfacet
  facet normal -0.760413 -0.135027 -0.635247
    outer loop
      vertex 7.41578 -1.71487 4.42163
      vertex 7.23744 -6.06334 5.55941
      vertex 7.23744 -1.67145 4.62588
    endloop
  endfacet
  facet normal -0.76041 -0.135028 -0.635251
    outer loop
      vertex 7.23744 -6.06334 5.55941
      vertex 7.41578 -1.71487 4.42163
      vertex 7.41578 -6.10675 5.35516
    endloop
  endfacet
  facet normal -0.0784433 0.207273 0.975133
    outer loop
      vertex 6 -2.29258 1.70373
      vertex 6.27376 -6.67998 2.65833
      vertex 6.27376 -2.2881 1.7248
    endloop
  endfacet
  facet normal -0.0784787 0.20727 0.975131
    outer loop
      vertex 6.27376 -6.67998 2.65833
      vertex 6 -2.29258 1.70373
      vertex 6 -6.68446 2.63725
    endloop
  endfacet
  facet normal 0.972365 -0.0485399 -0.228363
    outer loop
      vertex 4.33565 -6.20818 4.87797
      vertex 4.27154 -1.87181 3.68327
      vertex 4.33565 -1.8163 3.94445
    endloop
  endfacet
  facet normal 0.972366 -0.0485395 -0.228361
    outer loop
      vertex 4.27154 -1.87181 3.68327
      vertex 4.33565 -6.20818 4.87797
      vertex 4.27154 -6.2637 4.61679
    endloop
  endfacet
  facet normal 0.852648 0.10863 0.511068
    outer loop
      vertex 4.44074 -6.4858 3.57189
      vertex 4.58422 -2.14259 2.40934
      vertex 4.44074 -2.09391 2.63837
    endloop
  endfacet
  facet normal 0.852648 0.10863 0.511068
    outer loop
      vertex 4.58422 -2.14259 2.40934
      vertex 4.44074 -6.4858 3.57189
      vertex 4.58422 -6.53448 3.34286
    endloop
  endfacet
  facet normal -0.382686 0.192085 0.90369
    outer loop
      vertex 6.54078 -2.27477 1.78751
      vertex 6.79448 -6.6448 2.82382
      vertex 6.79448 -2.25292 1.8903
    endloop
  endfacet
  facet normal -0.382686 0.192085 0.90369
    outer loop
      vertex 6.79448 -6.6448 2.82382
      vertex 6.54078 -2.27477 1.78751
      vertex 6.54078 -6.66665 2.72103
    endloop
  endfacet
  facet normal 0.382686 0.192085 0.90369
    outer loop
      vertex 5.20552 -6.6448 2.82382
      vertex 5.45922 -2.27477 1.78751
      vertex 5.20552 -2.25292 1.8903
    endloop
  endfacet
  facet normal 0.382686 0.192085 0.90369
    outer loop
      vertex 5.45922 -2.27477 1.78751
      vertex 5.20552 -6.6448 2.82382
      vertex 5.45922 -6.66665 2.72103
    endloop
  endfacet
  facet normal -0.972374 -0.0485328 -0.228329
    outer loop
      vertex 7.72845 -1.87181 3.68327
      vertex 7.66435 -6.20818 4.87797
      vertex 7.66435 -1.8163 3.94445
    endloop
  endfacet
  facet normal -0.972374 -0.0485323 -0.228328
    outer loop
      vertex 7.66435 -6.20818 4.87797
      vertex 7.72845 -1.87181 3.68327
      vertex 7.72845 -6.2637 4.61679
    endloop
  endfacet
  facet normal -0.233464 0.202166 0.951117
    outer loop
      vertex 6.27376 -2.2881 1.7248
      vertex 6.54078 -6.66665 2.72103
      vertex 6.54078 -2.27477 1.78751
    endloop
  endfacet
  facet normal -0.23343 0.202169 0.951125
    outer loop
      vertex 6.54078 -6.66665 2.72103
      vertex 6.27376 -2.2881 1.7248
      vertex 6.27376 -6.67998 2.65833
    endloop
  endfacet
  facet normal -0.852639 -0.108635 -0.511083
    outer loop
      vertex 7.55926 -1.76355 4.19261
      vertex 7.41578 -6.10675 5.35516
      vertex 7.41578 -1.71487 4.42163
    endloop
  endfacet
  facet normal -0.852648 -0.10863 -0.511068
    outer loop
      vertex 7.41578 -6.10675 5.35516
      vertex 7.55926 -1.76355 4.19261
      vertex 7.55926 -6.15543 5.12613
    endloop
  endfacet
  facet normal -0.760413 0.135025 0.635248
    outer loop
      vertex 7.23744 -2.18601 2.20509
      vertex 7.41578 -6.53448 3.34286
      vertex 7.41578 -2.14259 2.40934
    endloop
  endfacet
  facet normal -0.760395 0.135031 0.635268
    outer loop
      vertex 7.41578 -6.53448 3.34286
      vertex 7.23744 -2.18601 2.20509
      vertex 7.23744 -6.57789 3.13862
    endloop
  endfacet
  facet normal 0.649423 -0.158102 -0.74381
    outer loop
      vertex 4.76256 -1.67145 4.62588
      vertex 4.97138 -6.02626 5.73385
      vertex 4.76256 -6.06334 5.55941
    endloop
  endfacet
  facet normal 0.649444 -0.158097 -0.743793
    outer loop
      vertex 4.97138 -6.02626 5.73385
      vertex 4.76256 -1.67145 4.62588
      vertex 4.97138 -1.63437 4.80033
    endloop
  endfacet
  facet normal 0.382686 -0.192084 -0.90369
    outer loop
      vertex 5.20552 -1.60454 4.94068
      vertex 5.45922 -5.97458 5.97699
      vertex 5.20552 -5.99643 5.8742
    endloop
  endfacet
  facet normal 0.382686 -0.192084 -0.90369
    outer loop
      vertex 5.45922 -5.97458 5.97699
      vertex 5.20552 -1.60454 4.94068
      vertex 5.45922 -1.58269 5.04347
    endloop
  endfacet
  facet normal 0.760413 -0.135027 -0.635247
    outer loop
      vertex 4.76256 -6.06334 5.55941
      vertex 4.58422 -1.71487 4.42163
      vertex 4.76256 -1.67145 4.62588
    endloop
  endfacet
  facet normal 0.76041 -0.135028 -0.635251
    outer loop
      vertex 4.58422 -1.71487 4.42163
      vertex 4.76256 -6.06334 5.55941
      vertex 4.58422 -6.10675 5.35516
    endloop
  endfacet
  facet normal 0 -0.978154 0.207881
    outer loop
      vertex 5.72624 -1.56937 5.10617
      vertex 6.27376 -1.56937 5.10617
      vertex 6 -1.56489 5.12725
    endloop
  endfacet
  facet normal 0 -0.978171 0.207803
    outer loop
      vertex 5.45922 -1.58269 5.04347
      vertex 6.27376 -1.56937 5.10617
      vertex 5.72624 -1.56937 5.10617
    endloop
  endfacet
  facet normal 0 -0.978171 0.207803
    outer loop
      vertex 5.45922 -1.58269 5.04347
      vertex 6.54078 -1.58269 5.04347
      vertex 6.27376 -1.56937 5.10617
    endloop
  endfacet
  facet normal 0 -0.978145 0.207924
    outer loop
      vertex 5.20552 -1.60454 4.94068
      vertex 6.54078 -1.58269 5.04347
      vertex 5.45922 -1.58269 5.04347
    endloop
  endfacet
  facet normal 0 -0.978145 0.207924
    outer loop
      vertex 5.20552 -1.60454 4.94068
      vertex 6.79448 -1.60454 4.94068
      vertex 6.54078 -1.58269 5.04347
    endloop
  endfacet
  facet normal 0 -0.978151 0.207896
    outer loop
      vertex 4.97138 -1.63437 4.80033
      vertex 6.79448 -1.60454 4.94068
      vertex 5.20552 -1.60454 4.94068
    endloop
  endfacet
  facet normal 0 -0.978151 0.207896
    outer loop
      vertex 4.97138 -1.63437 4.80033
      vertex 7.02862 -1.63437 4.80033
      vertex 6.79448 -1.60454 4.94068
    endloop
  endfacet
  facet normal 0 -0.978148 0.207909
    outer loop
      vertex 4.76256 -1.67145 4.62588
      vertex 7.02862 -1.63437 4.80033
      vertex 4.97138 -1.63437 4.80033
    endloop
  endfacet
  facet normal 0 -0.978148 0.207909
    outer loop
      vertex 4.76256 -1.67145 4.62588
      vertex 7.23744 -1.67145 4.62588
      vertex 7.02862 -1.63437 4.80033
    endloop
  endfacet
  facet normal 0 -0.978142 0.207936
    outer loop
      vertex 4.58422 -1.71487 4.42163
      vertex 7.23744 -1.67145 4.62588
      vertex 4.76256 -1.67145 4.62588
    endloop
  endfacet
  facet normal 0 -0.978142 0.207936
    outer loop
      vertex 4.58422 -1.71487 4.42163
      vertex 7.41578 -1.71487 4.42163
      vertex 7.23744 -1.67145 4.62588
    endloop
  endfacet
  facet normal 0 -0.978147 0.207913
    outer loop
      vertex 4.44074 -1.76355 4.19261
      vertex 7.41578 -1.71487 4.42163
      vertex 4.58422 -1.71487 4.42163
    endloop
  endfacet
  facet normal 0 -0.978147 0.207913
    outer loop
      vertex 4.44074 -1.76355 4.19261
      vertex 7.55926 -1.76355 4.19261
      vertex 7.41578 -1.71487 4.42163
    endloop
  endfacet
  facet normal 0 -0.978146 0.207919
    outer loop
      vertex 4.33565 -1.8163 3.94445
      vertex 7.55926 -1.76355 4.19261
      vertex 4.44074 -1.76355 4.19261
    endloop
  endfacet
  facet normal 0 -0.978146 0.207919
    outer loop
      vertex 4.33565 -1.8163 3.94445
      vertex 7.66435 -1.8163 3.94445
      vertex 7.55926 -1.76355 4.19261
    endloop
  endfacet
  facet normal 0 -0.978152 0.207892
    outer loop
      vertex 4.27154 -1.87181 3.68327
      vertex 7.66435 -1.8163 3.94445
      vertex 4.33565 -1.8163 3.94445
    endloop
  endfacet
  facet normal 0 -0.978152 0.207892
    outer loop
      vertex 4.27154 -1.87181 3.68327
      vertex 7.72845 -1.87181 3.68327
      vertex 7.66435 -1.8163 3.94445
    endloop
  endfacet
  facet normal 0 -0.978146 0.207917
    outer loop
      vertex 4.25 -1.92873 3.41549
      vertex 7.72845 -1.87181 3.68327
      vertex 4.27154 -1.87181 3.68327
    endloop
  endfacet
  facet normal 0 -0.978146 0.207917
    outer loop
      vertex 4.25 -1.92873 3.41549
      vertex 7.75 -1.92873 3.41549
      vertex 7.72845 -1.87181 3.68327
    endloop
  endfacet
  facet normal 0 -0.978146 0.207917
    outer loop
      vertex 4.27154 -1.98565 3.14771
      vertex 7.75 -1.92873 3.41549
      vertex 4.25 -1.92873 3.41549
    endloop
  endfacet
  facet normal 0 -0.978146 0.207917
    outer loop
      vertex 4.27154 -1.98565 3.14771
      vertex 7.72845 -1.98565 3.14771
      vertex 7.75 -1.92873 3.41549
    endloop
  endfacet
  facet normal 0 -0.978144 0.207928
    outer loop
      vertex 4.33565 -2.04117 2.88653
      vertex 7.72845 -1.98565 3.14771
      vertex 4.27154 -1.98565 3.14771
    endloop
  endfacet
  facet normal 0 -0.978144 0.207928
    outer loop
      vertex 4.33565 -2.04117 2.88653
      vertex 7.66435 -2.04117 2.88653
      vertex 7.72845 -1.98565 3.14771
    endloop
  endfacet
  facet normal 0 -0.978154 0.207881
    outer loop
      vertex 4.44074 -2.09391 2.63837
      vertex 7.66435 -2.04117 2.88653
      vertex 4.33565 -2.04117 2.88653
    endloop
  endfacet
  facet normal 0 -0.978154 0.207881
    outer loop
      vertex 4.44074 -2.09391 2.63837
      vertex 7.55926 -2.09391 2.63837
      vertex 7.66435 -2.04117 2.88653
    endloop
  endfacet
  facet normal 0 -0.978149 0.207904
    outer loop
      vertex 4.58422 -2.14259 2.40934
      vertex 7.55926 -2.09391 2.63837
      vertex 4.44074 -2.09391 2.63837
    endloop
  endfacet
  facet normal 0 -0.978149 0.207904
    outer loop
      vertex 4.58422 -2.14259 2.40934
      vertex 7.41578 -2.14259 2.40934
      vertex 7.55926 -2.09391 2.63837
    endloop
  endfacet
  facet normal 0 -0.978142 0.207936
    outer loop
      vertex 4.76256 -2.18601 2.20509
      vertex 7.41578 -2.14259 2.40934
      vertex 4.58422 -2.14259 2.40934
    endloop
  endfacet
  facet normal 0 -0.978142 0.207936
    outer loop
      vertex 4.76256 -2.18601 2.20509
      vertex 7.23744 -2.18601 2.20509
      vertex 7.41578 -2.14259 2.40934
    endloop
  endfacet
  facet normal 0 -0.978146 0.20792
    outer loop
      vertex 4.97138 -2.22309 2.03065
      vertex 7.23744 -2.18601 2.20509
      vertex 4.76256 -2.18601 2.20509
    endloop
  endfacet
  facet normal 0 -0.978146 0.20792
    outer loop
      vertex 4.97138 -2.22309 2.03065
      vertex 7.02862 -2.22309 2.03065
      vertex 7.23744 -2.18601 2.20509
    endloop
  endfacet
  facet normal 0 -0.978151 0.207896
    outer loop
      vertex 5.20552 -2.25292 1.8903
      vertex 7.02862 -2.22309 2.03065
      vertex 4.97138 -2.22309 2.03065
    endloop
  endfacet
  facet normal 0 -0.978151 0.207896
    outer loop
      vertex 5.20552 -2.25292 1.8903
      vertex 6.79448 -2.25292 1.8903
      vertex 7.02862 -2.22309 2.03065
    endloop
  endfacet
  facet normal 0 -0.978145 0.207924
    outer loop
      vertex 5.45922 -2.27477 1.78751
      vertex 6.79448 -2.25292 1.8903
      vertex 5.20552 -2.25292 1.8903
    endloop
  endfacet
  facet normal 0 -0.978145 0.207924
    outer loop
      vertex 5.45922 -2.27477 1.78751
      vertex 6.54078 -2.27477 1.78751
      vertex 6.79448 -2.25292 1.8903
    endloop
  endfacet
  facet normal 0 -0.978146 0.20792
    outer loop
      vertex 5.72624 -2.2881 1.7248
      vertex 6.54078 -2.27477 1.78751
      vertex 5.45922 -2.27477 1.78751
    endloop
  endfacet
  facet normal 0 -0.978146 0.20792
    outer loop
      vertex 5.72624 -2.2881 1.7248
      vertex 6.27376 -2.2881 1.7248
      vertex 6.54078 -2.27477 1.78751
    endloop
  endfacet
  facet normal 0 -0.978134 0.207975
    outer loop
      vertex 6.27376 -2.2881 1.7248
      vertex 5.72624 -2.2881 1.7248
      vertex 6 -2.29258 1.70373
    endloop
  endfacet
  facet normal 0.649423 0.158103 0.74381
    outer loop
      vertex 4.76256 -6.57789 3.13862
      vertex 4.97138 -2.22309 2.03065
      vertex 4.76256 -2.18601 2.20509
    endloop
  endfacet
  facet normal 0.649444 0.158098 0.743793
    outer loop
      vertex 4.97138 -2.22309 2.03065
      vertex 4.76256 -6.57789 3.13862
      vertex 4.97138 -6.61497 2.96417
    endloop
  endfacet
  facet normal 0.522509 -0.177272 -0.834002
    outer loop
      vertex 4.97138 -1.63437 4.80033
      vertex 5.20552 -5.99643 5.8742
      vertex 4.97138 -6.02626 5.73385
    endloop
  endfacet
  facet normal 0.522509 -0.177272 -0.834002
    outer loop
      vertex 5.20552 -5.99643 5.8742
      vertex 4.97138 -1.63437 4.80033
      vertex 5.20552 -1.60454 4.94068
    endloop
  endfacet
  facet normal 0.996919 -0.0163083 -0.0767248
    outer loop
      vertex 4.27154 -6.2637 4.61679
      vertex 4.25 -1.92873 3.41549
      vertex 4.27154 -1.87181 3.68327
    endloop
  endfacet
  facet normal 0.996919 -0.0163084 -0.0767254
    outer loop
      vertex 4.25 -1.92873 3.41549
      vertex 4.27154 -6.2637 4.61679
      vertex 4.25 -6.32061 4.34901
    endloop
  endfacet
  facet normal 0.852639 -0.108635 -0.511083
    outer loop
      vertex 4.58422 -6.10675 5.35516
      vertex 4.44074 -1.76355 4.19261
      vertex 4.58422 -1.71487 4.42163
    endloop
  endfacet
  facet normal 0.852648 -0.10863 -0.511068
    outer loop
      vertex 4.44074 -1.76355 4.19261
      vertex 4.58422 -6.10675 5.35516
      vertex 4.44074 -6.15543 5.12613
    endloop
  endfacet
  facet normal -0.853427 0.108366 0.509823
    outer loop
      vertex 180.416 -2.14259 2.40934
      vertex 180.559 -6.4858 3.57189
      vertex 180.559 -2.09391 2.63837
    endloop
  endfacet
  facet normal -0.853427 0.108366 0.509823
    outer loop
      vertex 180.559 -6.4858 3.57189
      vertex 180.416 -2.14259 2.40934
      vertex 180.416 -6.53448 3.34286
    endloop
  endfacet
  facet normal -0.972457 0.0484608 0.227991
    outer loop
      vertex 180.664 -2.04117 2.88653
      vertex 180.728 -6.37753 4.08123
      vertex 180.728 -1.98565 3.14771
    endloop
  endfacet
  facet normal -0.972457 0.0484608 0.227991
    outer loop
      vertex 180.728 -6.37753 4.08123
      vertex 180.664 -2.04117 2.88653
      vertex 180.664 -6.43305 3.82005
    endloop
  endfacet
  facet normal -0.996787 0.0166544 0.0783529
    outer loop
      vertex 180.728 -1.98565 3.14771
      vertex 180.75 -6.32061 4.34901
      vertex 180.75 -1.92873 3.41549
    endloop
  endfacet
  facet normal -0.996787 0.0166544 0.0783529
    outer loop
      vertex 180.75 -6.32061 4.34901
      vertex 180.728 -1.98565 3.14771
      vertex 180.728 -6.37753 4.08123
    endloop
  endfacet
  facet normal -0.923991 0.0795079 0.374056
    outer loop
      vertex 180.559 -2.09391 2.63837
      vertex 180.664 -6.43305 3.82005
      vertex 180.664 -2.04117 2.88653
    endloop
  endfacet
  facet normal -0.923993 0.0795072 0.374054
    outer loop
      vertex 180.664 -6.43305 3.82005
      vertex 180.559 -2.09391 2.63837
      vertex 180.559 -6.4858 3.57189
    endloop
  endfacet
  facet normal 0.078375 0.207274 0.975138
    outer loop
      vertex 178.726 -6.67998 2.65833
      vertex 179 -2.29258 1.70373
      vertex 178.726 -2.2881 1.7248
    endloop
  endfacet
  facet normal 0.0784104 0.207271 0.975136
    outer loop
      vertex 179 -2.29258 1.70373
      vertex 178.726 -6.67998 2.65833
      vertex 179 -6.68446 2.63725
    endloop
  endfacet
  facet normal -0.383589 -0.192006 -0.903323
    outer loop
      vertex 179.541 -5.97458 5.97699
      vertex 179.794 -1.60454 4.94068
      vertex 179.794 -5.99643 5.8742
    endloop
  endfacet
  facet normal -0.383589 -0.192006 -0.903323
    outer loop
      vertex 179.794 -1.60454 4.94068
      vertex 179.541 -5.97458 5.97699
      vertex 179.541 -1.58269 5.04347
    endloop
  endfacet
  facet normal -0.521117 0.177449 0.834835
    outer loop
      vertex 179.794 -2.25292 1.8903
      vertex 180.029 -6.61497 2.96417
      vertex 180.029 -2.22309 2.03065
    endloop
  endfacet
  facet normal -0.521117 0.177449 0.834835
    outer loop
      vertex 180.029 -6.61497 2.96417
      vertex 179.794 -2.25292 1.8903
      vertex 179.794 -6.6448 2.82382
    endloop
  endfacet
  facet normal 0.972457 0.0484608 0.227991
    outer loop
      vertex 177.272 -6.37753 4.08123
      vertex 177.336 -2.04117 2.88653
      vertex 177.272 -1.98565 3.14771
    endloop
  endfacet
  facet normal 0.972457 0.0484608 0.227991
    outer loop
      vertex 177.336 -2.04117 2.88653
      vertex 177.272 -6.37753 4.08123
      vertex 177.336 -6.43305 3.82005
    endloop
  endfacet
  facet normal -0.6509 0.15784 0.742574
    outer loop
      vertex 180.029 -2.22309 2.03065
      vertex 180.237 -6.57789 3.13862
      vertex 180.237 -2.18601 2.20509
    endloop
  endfacet
  facet normal -0.650921 0.157835 0.742557
    outer loop
      vertex 180.237 -6.57789 3.13862
      vertex 180.029 -2.22309 2.03065
      vertex 180.029 -6.61497 2.96417
    endloop
  endfacet
  facet normal -0.078375 -0.207274 -0.975138
    outer loop
      vertex 179 -5.95677 6.06077
      vertex 179.274 -1.56937 5.10617
      vertex 179.274 -5.96125 6.0397
    endloop
  endfacet
  facet normal -0.0784104 -0.207271 -0.975136
    outer loop
      vertex 179.274 -1.56937 5.10617
      vertex 179 -5.95677 6.06077
      vertex 179 -1.56489 5.12725
    endloop
  endfacet
  facet normal -0.521117 -0.177449 -0.834835
    outer loop
      vertex 179.794 -5.99643 5.8742
      vertex 180.029 -1.63437 4.80033
      vertex 180.029 -6.02626 5.73385
    endloop
  endfacet
  facet normal -0.521117 -0.177449 -0.834835
    outer loop
      vertex 180.029 -1.63437 4.80033
      vertex 179.794 -5.99643 5.8742
      vertex 179.794 -1.60454 4.94068
    endloop
  endfacet
  facet normal 0.923993 -0.0795074 -0.374054
    outer loop
      vertex 177.441 -6.15543 5.12613
      vertex 177.336 -1.8163 3.94445
      vertex 177.441 -1.76355 4.19261
    endloop
  endfacet
  facet normal 0.923993 -0.0795074 -0.374054
    outer loop
      vertex 177.336 -1.8163 3.94445
      vertex 177.441 -6.15543 5.12613
      vertex 177.336 -6.20818 4.87797
    endloop
  endfacet
  facet normal 0.996787 0.0166544 0.0783529
    outer loop
      vertex 177.25 -6.32061 4.34901
      vertex 177.272 -1.98565 3.14771
      vertex 177.25 -1.92873 3.41549
    endloop
  endfacet
  facet normal 0.996787 0.0166544 0.0783529
    outer loop
      vertex 177.272 -1.98565 3.14771
      vertex 177.25 -6.32061 4.34901
      vertex 177.272 -6.37753 4.08123
    endloop
  endfacet
  facet normal 0.23348 -0.202164 -0.951113
    outer loop
      vertex 178.459 -1.58269 5.04347
      vertex 178.726 -5.96125 6.0397
      vertex 178.459 -5.97458 5.97699
    endloop
  endfacet
  facet normal 0.233439 -0.202169 -0.951122
    outer loop
      vertex 178.726 -5.96125 6.0397
      vertex 178.459 -1.58269 5.04347
      vertex 178.726 -1.56937 5.10617
    endloop
  endfacet
  facet normal -0.996787 -0.0166543 -0.0783529
    outer loop
      vertex 180.75 -1.92873 3.41549
      vertex 180.728 -6.2637 4.61679
      vertex 180.728 -1.87181 3.68327
    endloop
  endfacet
  facet normal -0.996787 -0.0166545 -0.0783535
    outer loop
      vertex 180.728 -6.2637 4.61679
      vertex 180.75 -1.92873 3.41549
      vertex 180.75 -6.32061 4.34901
    endloop
  endfacet
  facet normal 0.078375 -0.207274 -0.975138
    outer loop
      vertex 178.726 -1.56937 5.10617
      vertex 179 -5.95677 6.06077
      vertex 178.726 -5.96125 6.0397
    endloop
  endfacet
  facet normal 0.0784104 -0.207271 -0.975136
    outer loop
      vertex 179 -5.95677 6.06077
      vertex 178.726 -1.56937 5.10617
      vertex 179 -1.56489 5.12725
    endloop
  endfacet
  facet normal -0.923993 -0.0795074 -0.374054
    outer loop
      vertex 180.664 -1.8163 3.94445
      vertex 180.559 -6.15543 5.12613
      vertex 180.559 -1.76355 4.19261
    endloop
  endfacet
  facet normal -0.923993 -0.0795074 -0.374054
    outer loop
      vertex 180.559 -6.15543 5.12613
      vertex 180.664 -1.8163 3.94445
      vertex 180.664 -6.20818 4.87797
    endloop
  endfacet
  facet normal -0.853417 -0.10837 -0.509838
    outer loop
      vertex 180.559 -1.76355 4.19261
      vertex 180.416 -6.10675 5.35516
      vertex 180.416 -1.71487 4.42163
    endloop
  endfacet
  facet normal -0.853427 -0.108366 -0.509823
    outer loop
      vertex 180.416 -6.10675 5.35516
      vertex 180.559 -1.76355 4.19261
      vertex 180.559 -6.15543 5.12613
    endloop
  endfacet
  facet normal 0.923991 0.0795079 0.374056
    outer loop
      vertex 177.336 -6.43305 3.82005
      vertex 177.441 -2.09391 2.63837
      vertex 177.336 -2.04117 2.88653
    endloop
  endfacet
  facet normal 0.923993 0.0795072 0.374054
    outer loop
      vertex 177.441 -2.09391 2.63837
      vertex 177.336 -6.43305 3.82005
      vertex 177.441 -6.4858 3.57189
    endloop
  endfacet
  facet normal -0.6509 -0.15784 -0.742574
    outer loop
      vertex 180.029 -6.02626 5.73385
      vertex 180.237 -1.67145 4.62588
      vertex 180.237 -6.06334 5.55941
    endloop
  endfacet
  facet normal -0.650921 -0.157834 -0.742557
    outer loop
      vertex 180.237 -1.67145 4.62588
      vertex 180.029 -6.02626 5.73385
      vertex 180.029 -1.63437 4.80033
    endloop
  endfacet
  facet normal -0.23348 -0.202164 -0.951113
    outer loop
      vertex 179.274 -5.96125 6.0397
      vertex 179.541 -1.58269 5.04347
      vertex 179.541 -5.97458 5.97699
    endloop
  endfacet
  facet normal -0.233439 -0.202169 -0.951122
    outer loop
      vertex 179.541 -1.58269 5.04347
      vertex 179.274 -5.96125 6.0397
      vertex 179.274 -1.56937 5.10617
    endloop
  endfacet
  facet normal 0.759227 0.135314 0.636604
    outer loop
      vertex 177.584 -6.53448 3.34286
      vertex 177.763 -2.18601 2.20509
      vertex 177.584 -2.14259 2.40934
    endloop
  endfacet
  facet normal 0.759209 0.13532 0.636624
    outer loop
      vertex 177.763 -2.18601 2.20509
      vertex 177.584 -6.53448 3.34286
      vertex 177.763 -6.57789 3.13862
    endloop
  endfacet
  facet normal 0.23348 0.202165 0.951113
    outer loop
      vertex 178.459 -6.66665 2.72103
      vertex 178.726 -2.2881 1.7248
      vertex 178.459 -2.27477 1.78751
    endloop
  endfacet
  facet normal 0.233446 0.202168 0.951121
    outer loop
      vertex 178.726 -2.2881 1.7248
      vertex 178.459 -6.66665 2.72103
      vertex 178.726 -6.67998 2.65833
    endloop
  endfacet
  facet normal 0.521117 0.177449 0.834835
    outer loop
      vertex 177.971 -6.61497 2.96417
      vertex 178.206 -2.25292 1.8903
      vertex 177.971 -2.22309 2.03065
    endloop
  endfacet
  facet normal 0.521117 0.177449 0.834835
    outer loop
      vertex 178.206 -2.25292 1.8903
      vertex 177.971 -6.61497 2.96417
      vertex 178.206 -6.6448 2.82382
    endloop
  endfacet
  facet normal -0.759227 -0.135315 -0.636604
    outer loop
      vertex 180.416 -1.71487 4.42163
      vertex 180.237 -6.06334 5.55941
      vertex 180.237 -1.67145 4.62588
    endloop
  endfacet
  facet normal -0.759224 -0.135316 -0.636607
    outer loop
      vertex 180.237 -6.06334 5.55941
      vertex 180.416 -1.71487 4.42163
      vertex 180.416 -6.10675 5.35516
    endloop
  endfacet
  facet normal -0.078375 0.207274 0.975138
    outer loop
      vertex 179 -2.29258 1.70373
      vertex 179.274 -6.67998 2.65833
      vertex 179.274 -2.2881 1.7248
    endloop
  endfacet
  facet normal -0.0784104 0.207271 0.975136
    outer loop
      vertex 179.274 -6.67998 2.65833
      vertex 179 -2.29258 1.70373
      vertex 179 -6.68446 2.63725
    endloop
  endfacet
  facet normal 0.972456 -0.0484612 -0.227993
    outer loop
      vertex 177.336 -6.20818 4.87797
      vertex 177.272 -1.87181 3.68327
      vertex 177.336 -1.8163 3.94445
    endloop
  endfacet
  facet normal 0.972457 -0.0484607 -0.227991
    outer loop
      vertex 177.272 -1.87181 3.68327
      vertex 177.336 -6.20818 4.87797
      vertex 177.272 -6.2637 4.61679
    endloop
  endfacet
  facet normal 0.853427 0.108366 0.509823
    outer loop
      vertex 177.441 -6.4858 3.57189
      vertex 177.584 -2.14259 2.40934
      vertex 177.441 -2.09391 2.63837
    endloop
  endfacet
  facet normal 0.853427 0.108366 0.509823
    outer loop
      vertex 177.584 -2.14259 2.40934
      vertex 177.441 -6.4858 3.57189
      vertex 177.584 -6.53448 3.34286
    endloop
  endfacet
  facet normal -0.383589 0.192007 0.903323
    outer loop
      vertex 179.541 -2.27477 1.78751
      vertex 179.794 -6.6448 2.82382
      vertex 179.794 -2.25292 1.8903
    endloop
  endfacet
  facet normal -0.383589 0.192007 0.903323
    outer loop
      vertex 179.794 -6.6448 2.82382
      vertex 179.541 -2.27477 1.78751
      vertex 179.541 -6.66665 2.72103
    endloop
  endfacet
  facet normal 0.383589 0.192007 0.903323
    outer loop
      vertex 178.206 -6.6448 2.82382
      vertex 178.459 -2.27477 1.78751
      vertex 178.206 -2.25292 1.8903
    endloop
  endfacet
  facet normal 0.383589 0.192007 0.903323
    outer loop
      vertex 178.459 -2.27477 1.78751
      vertex 178.206 -6.6448 2.82382
      vertex 178.459 -6.66665 2.72103
    endloop
  endfacet
  facet normal -0.972456 -0.0484612 -0.227993
    outer loop
      vertex 180.728 -1.87181 3.68327
      vertex 180.664 -6.20818 4.87797
      vertex 180.664 -1.8163 3.94445
    endloop
  endfacet
  facet normal -0.972457 -0.0484607 -0.227991
    outer loop
      vertex 180.664 -6.20818 4.87797
      vertex 180.728 -1.87181 3.68327
      vertex 180.728 -6.2637 4.61679
    endloop
  endfacet
  facet normal -0.23348 0.202165 0.951113
    outer loop
      vertex 179.274 -2.2881 1.7248
      vertex 179.541 -6.66665 2.72103
      vertex 179.541 -2.27477 1.78751
    endloop
  endfacet
  facet normal -0.233446 0.202168 0.951121
    outer loop
      vertex 179.541 -6.66665 2.72103
      vertex 179.274 -2.2881 1.7248
      vertex 179.274 -6.67998 2.65833
    endloop
  endfacet
  facet normal -0.759227 0.135314 0.636604
    outer loop
      vertex 180.237 -2.18601 2.20509
      vertex 180.416 -6.53448 3.34286
      vertex 180.416 -2.14259 2.40934
    endloop
  endfacet
  facet normal -0.759209 0.13532 0.636624
    outer loop
      vertex 180.416 -6.53448 3.34286
      vertex 180.237 -2.18601 2.20509
      vertex 180.237 -6.57789 3.13862
    endloop
  endfacet
  facet normal 0.6509 -0.15784 -0.742574
    outer loop
      vertex 177.763 -1.67145 4.62588
      vertex 177.971 -6.02626 5.73385
      vertex 177.763 -6.06334 5.55941
    endloop
  endfacet
  facet normal 0.650921 -0.157834 -0.742557
    outer loop
      vertex 177.971 -6.02626 5.73385
      vertex 177.763 -1.67145 4.62588
      vertex 177.971 -1.63437 4.80033
    endloop
  endfacet
  facet normal 0.383589 -0.192006 -0.903323
    outer loop
      vertex 178.206 -1.60454 4.94068
      vertex 178.459 -5.97458 5.97699
      vertex 178.206 -5.99643 5.8742
    endloop
  endfacet
  facet normal 0.383589 -0.192006 -0.903323
    outer loop
      vertex 178.459 -5.97458 5.97699
      vertex 178.206 -1.60454 4.94068
      vertex 178.459 -1.58269 5.04347
    endloop
  endfacet
  facet normal 0.759227 -0.135315 -0.636604
    outer loop
      vertex 177.763 -6.06334 5.55941
      vertex 177.584 -1.71487 4.42163
      vertex 177.763 -1.67145 4.62588
    endloop
  endfacet
  facet normal 0.759224 -0.135316 -0.636607
    outer loop
      vertex 177.584 -1.71487 4.42163
      vertex 177.763 -6.06334 5.55941
      vertex 177.584 -6.10675 5.35516
    endloop
  endfacet
  facet normal 0 -0.978154 0.207881
    outer loop
      vertex 178.726 -1.56937 5.10617
      vertex 179.274 -1.56937 5.10617
      vertex 179 -1.56489 5.12725
    endloop
  endfacet
  facet normal 0 -0.978171 0.207803
    outer loop
      vertex 178.459 -1.58269 5.04347
      vertex 179.274 -1.56937 5.10617
      vertex 178.726 -1.56937 5.10617
    endloop
  endfacet
  facet normal 0 -0.978171 0.207803
    outer loop
      vertex 178.459 -1.58269 5.04347
      vertex 179.541 -1.58269 5.04347
      vertex 179.274 -1.56937 5.10617
    endloop
  endfacet
  facet normal 0 -0.978145 0.207924
    outer loop
      vertex 178.206 -1.60454 4.94068
      vertex 179.541 -1.58269 5.04347
      vertex 178.459 -1.58269 5.04347
    endloop
  endfacet
  facet normal 0 -0.978145 0.207924
    outer loop
      vertex 178.206 -1.60454 4.94068
      vertex 179.794 -1.60454 4.94068
      vertex 179.541 -1.58269 5.04347
    endloop
  endfacet
  facet normal 0 -0.978151 0.207896
    outer loop
      vertex 177.971 -1.63437 4.80033
      vertex 179.794 -1.60454 4.94068
      vertex 178.206 -1.60454 4.94068
    endloop
  endfacet
  facet normal 0 -0.978151 0.207896
    outer loop
      vertex 177.971 -1.63437 4.80033
      vertex 180.029 -1.63437 4.80033
      vertex 179.794 -1.60454 4.94068
    endloop
  endfacet
  facet normal 0 -0.978148 0.207909
    outer loop
      vertex 177.763 -1.67145 4.62588
      vertex 180.029 -1.63437 4.80033
      vertex 177.971 -1.63437 4.80033
    endloop
  endfacet
  facet normal 0 -0.978148 0.207909
    outer loop
      vertex 177.763 -1.67145 4.62588
      vertex 180.237 -1.67145 4.62588
      vertex 180.029 -1.63437 4.80033
    endloop
  endfacet
  facet normal 0 -0.978142 0.207936
    outer loop
      vertex 177.584 -1.71487 4.42163
      vertex 180.237 -1.67145 4.62588
      vertex 177.763 -1.67145 4.62588
    endloop
  endfacet
  facet normal 0 -0.978142 0.207936
    outer loop
      vertex 177.584 -1.71487 4.42163
      vertex 180.416 -1.71487 4.42163
      vertex 180.237 -1.67145 4.62588
    endloop
  endfacet
  facet normal 0 -0.978147 0.207913
    outer loop
      vertex 177.441 -1.76355 4.19261
      vertex 180.416 -1.71487 4.42163
      vertex 177.584 -1.71487 4.42163
    endloop
  endfacet
  facet normal 0 -0.978147 0.207913
    outer loop
      vertex 177.441 -1.76355 4.19261
      vertex 180.559 -1.76355 4.19261
      vertex 180.416 -1.71487 4.42163
    endloop
  endfacet
  facet normal 0 -0.978146 0.207919
    outer loop
      vertex 177.336 -1.8163 3.94445
      vertex 180.559 -1.76355 4.19261
      vertex 177.441 -1.76355 4.19261
    endloop
  endfacet
  facet normal 0 -0.978146 0.207919
    outer loop
      vertex 177.336 -1.8163 3.94445
      vertex 180.664 -1.8163 3.94445
      vertex 180.559 -1.76355 4.19261
    endloop
  endfacet
  facet normal 0 -0.978152 0.207892
    outer loop
      vertex 177.272 -1.87181 3.68327
      vertex 180.664 -1.8163 3.94445
      vertex 177.336 -1.8163 3.94445
    endloop
  endfacet
  facet normal 0 -0.978152 0.207892
    outer loop
      vertex 177.272 -1.87181 3.68327
      vertex 180.728 -1.87181 3.68327
      vertex 180.664 -1.8163 3.94445
    endloop
  endfacet
  facet normal 0 -0.978146 0.207917
    outer loop
      vertex 177.25 -1.92873 3.41549
      vertex 180.728 -1.87181 3.68327
      vertex 177.272 -1.87181 3.68327
    endloop
  endfacet
  facet normal 0 -0.978146 0.207917
    outer loop
      vertex 177.25 -1.92873 3.41549
      vertex 180.75 -1.92873 3.41549
      vertex 180.728 -1.87181 3.68327
    endloop
  endfacet
  facet normal 0 -0.978146 0.207917
    outer loop
      vertex 177.272 -1.98565 3.14771
      vertex 180.75 -1.92873 3.41549
      vertex 177.25 -1.92873 3.41549
    endloop
  endfacet
  facet normal 0 -0.978146 0.207917
    outer loop
      vertex 177.272 -1.98565 3.14771
      vertex 180.728 -1.98565 3.14771
      vertex 180.75 -1.92873 3.41549
    endloop
  endfacet
  facet normal 0 -0.978144 0.207928
    outer loop
      vertex 177.336 -2.04117 2.88653
      vertex 180.728 -1.98565 3.14771
      vertex 177.272 -1.98565 3.14771
    endloop
  endfacet
  facet normal 0 -0.978144 0.207928
    outer loop
      vertex 177.336 -2.04117 2.88653
      vertex 180.664 -2.04117 2.88653
      vertex 180.728 -1.98565 3.14771
    endloop
  endfacet
  facet normal 0 -0.978154 0.207881
    outer loop
      vertex 177.441 -2.09391 2.63837
      vertex 180.664 -2.04117 2.88653
      vertex 177.336 -2.04117 2.88653
    endloop
  endfacet
  facet normal 0 -0.978154 0.207881
    outer loop
      vertex 177.441 -2.09391 2.63837
      vertex 180.559 -2.09391 2.63837
      vertex 180.664 -2.04117 2.88653
    endloop
  endfacet
  facet normal 0 -0.978149 0.207904
    outer loop
      vertex 177.584 -2.14259 2.40934
      vertex 180.559 -2.09391 2.63837
      vertex 177.441 -2.09391 2.63837
    endloop
  endfacet
  facet normal 0 -0.978149 0.207904
    outer loop
      vertex 177.584 -2.14259 2.40934
      vertex 180.416 -2.14259 2.40934
      vertex 180.559 -2.09391 2.63837
    endloop
  endfacet
  facet normal 0 -0.978142 0.207936
    outer loop
      vertex 177.763 -2.18601 2.20509
      vertex 180.416 -2.14259 2.40934
      vertex 177.584 -2.14259 2.40934
    endloop
  endfacet
  facet normal 0 -0.978142 0.207936
    outer loop
      vertex 177.763 -2.18601 2.20509
      vertex 180.237 -2.18601 2.20509
      vertex 180.416 -2.14259 2.40934
    endloop
  endfacet
  facet normal 0 -0.978146 0.20792
    outer loop
      vertex 177.971 -2.22309 2.03065
      vertex 180.237 -2.18601 2.20509
      vertex 177.763 -2.18601 2.20509
    endloop
  endfacet
  facet normal 0 -0.978146 0.20792
    outer loop
      vertex 177.971 -2.22309 2.03065
      vertex 180.029 -2.22309 2.03065
      vertex 180.237 -2.18601 2.20509
    endloop
  endfacet
  facet normal 0 -0.978151 0.207896
    outer loop
      vertex 178.206 -2.25292 1.8903
      vertex 180.029 -2.22309 2.03065
      vertex 177.971 -2.22309 2.03065
    endloop
  endfacet
  facet normal 0 -0.978151 0.207896
    outer loop
      vertex 178.206 -2.25292 1.8903
      vertex 179.794 -2.25292 1.8903
      vertex 180.029 -2.22309 2.03065
    endloop
  endfacet
  facet normal 0 -0.978145 0.207924
    outer loop
      vertex 178.459 -2.27477 1.78751
      vertex 179.794 -2.25292 1.8903
      vertex 178.206 -2.25292 1.8903
    endloop
  endfacet
  facet normal 0 -0.978145 0.207924
    outer loop
      vertex 178.459 -2.27477 1.78751
      vertex 179.541 -2.27477 1.78751
      vertex 179.794 -2.25292 1.8903
    endloop
  endfacet
  facet normal 0 -0.978146 0.20792
    outer loop
      vertex 178.726 -2.2881 1.7248
      vertex 179.541 -2.27477 1.78751
      vertex 178.459 -2.27477 1.78751
    endloop
  endfacet
  facet normal 0 -0.978146 0.20792
    outer loop
      vertex 178.726 -2.2881 1.7248
      vertex 179.274 -2.2881 1.7248
      vertex 179.541 -2.27477 1.78751
    endloop
  endfacet
  facet normal 0 -0.978134 0.207975
    outer loop
      vertex 179.274 -2.2881 1.7248
      vertex 178.726 -2.2881 1.7248
      vertex 179 -2.29258 1.70373
    endloop
  endfacet
  facet normal 0.6509 0.15784 0.742574
    outer loop
      vertex 177.763 -6.57789 3.13862
      vertex 177.971 -2.22309 2.03065
      vertex 177.763 -2.18601 2.20509
    endloop
  endfacet
  facet normal 0.650921 0.157835 0.742557
    outer loop
      vertex 177.971 -2.22309 2.03065
      vertex 177.763 -6.57789 3.13862
      vertex 177.971 -6.61497 2.96417
    endloop
  endfacet
  facet normal 0.521117 -0.177449 -0.834835
    outer loop
      vertex 177.971 -1.63437 4.80033
      vertex 178.206 -5.99643 5.8742
      vertex 177.971 -6.02626 5.73385
    endloop
  endfacet
  facet normal 0.521117 -0.177449 -0.834835
    outer loop
      vertex 178.206 -5.99643 5.8742
      vertex 177.971 -1.63437 4.80033
      vertex 178.206 -1.60454 4.94068
    endloop
  endfacet
  facet normal 0.996787 -0.0166543 -0.0783529
    outer loop
      vertex 177.272 -6.2637 4.61679
      vertex 177.25 -1.92873 3.41549
      vertex 177.272 -1.87181 3.68327
    endloop
  endfacet
  facet normal 0.996787 -0.0166545 -0.0783535
    outer loop
      vertex 177.25 -1.92873 3.41549
      vertex 177.272 -6.2637 4.61679
      vertex 177.25 -6.32061 4.34901
    endloop
  endfacet
  facet normal 0.853417 -0.10837 -0.509838
    outer loop
      vertex 177.584 -6.10675 5.35516
      vertex 177.441 -1.76355 4.19261
      vertex 177.584 -1.71487 4.42163
    endloop
  endfacet
  facet normal 0.853427 -0.108366 -0.509823
    outer loop
      vertex 177.441 -1.76355 4.19261
      vertex 177.584 -6.10675 5.35516
      vertex 177.441 -6.15543 5.12613
    endloop
  endfacet
  facet normal 0 -0.0783852 -0.996923
    outer loop
      vertex -0.5 0.710651 20.1896
      vertex 5.7 1.02352 20.165
      vertex 5.7 0.710651 20.1896
    endloop
  endfacet
  facet normal -0 -0.0783852 -0.996923
    outer loop
      vertex 5.7 1.02352 20.165
      vertex -0.5 0.710651 20.1896
      vertex -0.5 1.02352 20.165
    endloop
  endfacet
  facet normal 0 -0.382691 0.923876
    outer loop
      vertex -0.5 1.61863 16.4076
      vertex 5.7 1.32869 16.2875
      vertex 5.7 1.61863 16.4076
    endloop
  endfacet
  facet normal 0 -0.382691 0.923876
    outer loop
      vertex 5.7 1.32869 16.2875
      vertex -0.5 1.61863 16.4076
      vertex -0.5 1.32869 16.2875
    endloop
  endfacet
  facet normal 0 -0.923858 0.382736
    outer loop
      vertex -0.5 2.49266 17.2816
      vertex 5.7 2.61276 17.5715
      vertex -0.5 2.61276 17.5715
    endloop
  endfacet
  facet normal 0 -0.923858 0.382736
    outer loop
      vertex 5.7 2.61276 17.5715
      vertex -0.5 2.49266 17.2816
      vertex 5.7 2.49266 17.2816
    endloop
  endfacet
  facet normal 0 0.760347 0.649517
    outer loop
      vertex 5.7 -0.703561 16.7754
      vertex -0.5 -0.907382 17.014
      vertex 5.7 -0.907382 17.014
    endloop
  endfacet
  facet normal 0 0.760347 0.649517
    outer loop
      vertex -0.5 -0.907382 17.014
      vertex 5.7 -0.703561 16.7754
      vertex -0.5 -0.703561 16.7754
    endloop
  endfacet
  facet normal 0 0.972379 0.233409
    outer loop
      vertex 5.7 -1.19146 17.5715
      vertex -0.5 -1.26472 17.8767
      vertex 5.7 -1.26472 17.8767
    endloop
  endfacet
  facet normal 0 0.972379 0.233409
    outer loop
      vertex -0.5 -1.26472 17.8767
      vertex 5.7 -1.19146 17.5715
      vertex -0.5 -1.19146 17.5715
    endloop
  endfacet
  facet normal 0 -0.0783852 0.996923
    outer loop
      vertex -0.5 1.02352 16.2142
      vertex 5.7 0.710651 16.1896
      vertex 5.7 1.02352 16.2142
    endloop
  endfacet
  facet normal 0 -0.0783852 0.996923
    outer loop
      vertex 5.7 0.710651 16.1896
      vertex -0.5 1.02352 16.2142
      vertex -0.5 0.710651 16.1896
    endloop
  endfacet
  facet normal 0 0.923904 -0.382624
    outer loop
      vertex 5.7 -1.19146 18.8076
      vertex -0.5 -1.07136 19.0976
      vertex 5.7 -1.07136 19.0976
    endloop
  endfacet
  facet normal 0 0.923904 -0.382624
    outer loop
      vertex -0.5 -1.07136 19.0976
      vertex 5.7 -1.19146 18.8076
      vertex -0.5 -1.19146 18.8076
    endloop
  endfacet
  facet normal 0 0.852651 0.522481
    outer loop
      vertex 5.7 -0.907382 17.014
      vertex -0.5 -1.07136 17.2816
      vertex 5.7 -1.07136 17.2816
    endloop
  endfacet
  facet normal 0 0.852651 0.522481
    outer loop
      vertex -0.5 -1.07136 17.2816
      vertex 5.7 -0.907382 17.014
      vertex -0.5 -0.907382 17.014
    endloop
  endfacet
  facet normal 0 -0.760467 -0.649376
    outer loop
      vertex -0.5 2.32869 19.3651
      vertex 5.7 2.12486 19.6038
      vertex -0.5 2.12486 19.6038
    endloop
  endfacet
  facet normal 0 -0.760467 -0.649376
    outer loop
      vertex 5.7 2.12486 19.6038
      vertex -0.5 2.32869 19.3651
      vertex 5.7 2.32869 19.3651
    endloop
  endfacet
  facet normal 0 0.0783852 -0.996923
    outer loop
      vertex -0.5 0.397782 20.165
      vertex 5.7 0.710651 20.1896
      vertex 5.7 0.397782 20.165
    endloop
  endfacet
  facet normal 0 0.0783852 -0.996923
    outer loop
      vertex 5.7 0.710651 20.1896
      vertex -0.5 0.397782 20.165
      vertex -0.5 0.710651 20.1896
    endloop
  endfacet
  facet normal 0 -0.760333 0.649533
    outer loop
      vertex -0.5 2.12486 16.7754
      vertex 5.7 2.32869 17.014
      vertex -0.5 2.32869 17.014
    endloop
  endfacet
  facet normal 0 -0.760333 0.649533
    outer loop
      vertex 5.7 2.32869 17.014
      vertex -0.5 2.12486 16.7754
      vertex 5.7 2.12486 16.7754
    endloop
  endfacet
  facet normal 0 0.522548 -0.85261
    outer loop
      vertex -0.5 -0.464918 19.8076
      vertex 5.7 -0.197329 19.9716
      vertex 5.7 -0.464918 19.8076
    endloop
  endfacet
  facet normal 0 0.522548 -0.85261
    outer loop
      vertex 5.7 -0.197329 19.9716
      vertex -0.5 -0.464918 19.8076
      vertex -0.5 -0.197329 19.9716
    endloop
  endfacet
  facet normal 0 -0.522546 -0.852611
    outer loop
      vertex -0.5 1.61863 19.9716
      vertex 5.7 1.88622 19.8076
      vertex 5.7 1.61863 19.9716
    endloop
  endfacet
  facet normal -0 -0.522546 -0.852611
    outer loop
      vertex 5.7 1.88622 19.8076
      vertex -0.5 1.61863 19.9716
      vertex -0.5 1.88622 19.8076
    endloop
  endfacet
  facet normal 0 -0.852575 -0.522605
    outer loop
      vertex -0.5 2.49266 19.0976
      vertex 5.7 2.32869 19.3651
      vertex -0.5 2.32869 19.3651
    endloop
  endfacet
  facet normal 0 -0.852575 -0.522605
    outer loop
      vertex 5.7 2.32869 19.3651
      vertex -0.5 2.49266 19.0976
      vertex 5.7 2.49266 19.0976
    endloop
  endfacet
  facet normal 0 -0.233551 0.972344
    outer loop
      vertex -0.5 1.32869 16.2875
      vertex 5.7 1.02352 16.2142
      vertex 5.7 1.32869 16.2875
    endloop
  endfacet
  facet normal 0 -0.233551 0.972344
    outer loop
      vertex 5.7 1.02352 16.2142
      vertex -0.5 1.32869 16.2875
      vertex -0.5 1.02352 16.2142
    endloop
  endfacet
  facet normal 0 0.852564 -0.522623
    outer loop
      vertex 5.7 -1.07136 19.0976
      vertex -0.5 -0.907382 19.3651
      vertex 5.7 -0.907382 19.3651
    endloop
  endfacet
  facet normal 0 0.852564 -0.522623
    outer loop
      vertex -0.5 -0.907382 19.3651
      vertex 5.7 -1.07136 19.0976
      vertex -0.5 -1.07136 19.0976
    endloop
  endfacet
  facet normal -0 0.382685 0.923879
    outer loop
      vertex -0.5 0.092617 16.2875
      vertex 5.7 -0.197329 16.4076
      vertex 5.7 0.092617 16.2875
    endloop
  endfacet
  facet normal 0 0.382685 0.923879
    outer loop
      vertex 5.7 -0.197329 16.4076
      vertex -0.5 0.092617 16.2875
      vertex -0.5 -0.197329 16.4076
    endloop
  endfacet
  facet normal 0 -0.649415 -0.760434
    outer loop
      vertex -0.5 1.88622 19.8076
      vertex 5.7 2.12486 19.6038
      vertex 5.7 1.88622 19.8076
    endloop
  endfacet
  facet normal -0 -0.649415 -0.760434
    outer loop
      vertex 5.7 2.12486 19.6038
      vertex -0.5 1.88622 19.8076
      vertex -0.5 2.12486 19.6038
    endloop
  endfacet
  facet normal 0 -0.996917 -0.0784658
    outer loop
      vertex -0.5 2.71065 18.1896
      vertex 5.7 2.68603 18.5024
      vertex -0.5 2.68603 18.5024
    endloop
  endfacet
  facet normal 0 -0.996917 -0.0784658
    outer loop
      vertex 5.7 2.68603 18.5024
      vertex -0.5 2.71065 18.1896
      vertex 5.7 2.71065 18.1896
    endloop
  endfacet
  facet normal 0 -0.923904 -0.382624
    outer loop
      vertex -0.5 2.61276 18.8076
      vertex 5.7 2.49266 19.0976
      vertex -0.5 2.49266 19.0976
    endloop
  endfacet
  facet normal 0 -0.923904 -0.382624
    outer loop
      vertex 5.7 2.49266 19.0976
      vertex -0.5 2.61276 18.8076
      vertex 5.7 2.61276 18.8076
    endloop
  endfacet
  facet normal -0 0.522316 0.852752
    outer loop
      vertex -0.5 -0.197329 16.4076
      vertex 5.7 -0.464918 16.5715
      vertex 5.7 -0.197329 16.4076
    endloop
  endfacet
  facet normal 0 0.522316 0.852752
    outer loop
      vertex 5.7 -0.464918 16.5715
      vertex -0.5 -0.197329 16.4076
      vertex -0.5 -0.464918 16.5715
    endloop
  endfacet
  facet normal 0 -0.522315 0.852753
    outer loop
      vertex -0.5 1.88622 16.5715
      vertex 5.7 1.61863 16.4076
      vertex 5.7 1.88622 16.5715
    endloop
  endfacet
  facet normal 0 -0.522315 0.852753
    outer loop
      vertex 5.7 1.61863 16.4076
      vertex -0.5 1.88622 16.5715
      vertex -0.5 1.61863 16.4076
    endloop
  endfacet
  facet normal -1 0 0
    outer loop
      vertex 5.7 2.68603 17.8767
      vertex 5.7 2.68603 18.5024
      vertex 5.7 2.71065 18.1896
    endloop
  endfacet
  facet normal -1 0 0
    outer loop
      vertex 5.7 2.61276 17.5715
      vertex 5.7 2.68603 18.5024
      vertex 5.7 2.68603 17.8767
    endloop
  endfacet
  facet normal -1 0 0
    outer loop
      vertex 5.7 2.61276 17.5715
      vertex 5.7 2.61276 18.8076
      vertex 5.7 2.68603 18.5024
    endloop
  endfacet
  facet normal -1 0 0
    outer loop
      vertex 5.7 2.49266 17.2816
      vertex 5.7 2.61276 18.8076
      vertex 5.7 2.61276 17.5715
    endloop
  endfacet
  facet normal -1 0 0
    outer loop
      vertex 5.7 2.49266 17.2816
      vertex 5.7 2.49266 19.0976
      vertex 5.7 2.61276 18.8076
    endloop
  endfacet
  facet normal -1 0 0
    outer loop
      vertex 5.7 2.32869 17.014
      vertex 5.7 2.49266 19.0976
      vertex 5.7 2.49266 17.2816
    endloop
  endfacet
  facet normal -1 0 0
    outer loop
      vertex 5.7 2.32869 17.014
      vertex 5.7 2.32869 19.3651
      vertex 5.7 2.49266 19.0976
    endloop
  endfacet
  facet normal -1 0 0
    outer loop
      vertex 5.7 2.12486 16.7754
      vertex 5.7 2.32869 19.3651
      vertex 5.7 2.32869 17.014
    endloop
  endfacet
  facet normal -1 0 0
    outer loop
      vertex 5.7 2.12486 16.7754
      vertex 5.7 2.12486 19.6038
      vertex 5.7 2.32869 19.3651
    endloop
  endfacet
  facet normal -1 0 0
    outer loop
      vertex 5.7 1.88622 16.5715
      vertex 5.7 2.12486 19.6038
      vertex 5.7 2.12486 16.7754
    endloop
  endfacet
  facet normal -1 0 0
    outer loop
      vertex 5.7 1.88622 16.5715
      vertex 5.7 1.88622 19.8076
      vertex 5.7 2.12486 19.6038
    endloop
  endfacet
  facet normal -1 0 0
    outer loop
      vertex 5.7 1.61863 16.4076
      vertex 5.7 1.88622 19.8076
      vertex 5.7 1.88622 16.5715
    endloop
  endfacet
  facet normal -1 0 0
    outer loop
      vertex 5.7 1.61863 16.4076
      vertex 5.7 1.61863 19.9716
      vertex 5.7 1.88622 19.8076
    endloop
  endfacet
  facet normal -1 0 0
    outer loop
      vertex 5.7 1.32869 16.2875
      vertex 5.7 1.61863 19.9716
      vertex 5.7 1.61863 16.4076
    endloop
  endfacet
  facet normal -1 0 0
    outer loop
      vertex 5.7 1.32869 16.2875
      vertex 5.7 1.32869 20.0917
      vertex 5.7 1.61863 19.9716
    endloop
  endfacet
  facet normal -1 0 0
    outer loop
      vertex 5.7 1.02352 16.2142
      vertex 5.7 1.32869 20.0917
      vertex 5.7 1.32869 16.2875
    endloop
  endfacet
  facet normal -1 0 0
    outer loop
      vertex 5.7 1.02352 16.2142
      vertex 5.7 1.02352 20.165
      vertex 5.7 1.32869 20.0917
    endloop
  endfacet
  facet normal -1 0 0
    outer loop
      vertex 5.7 0.710651 16.1896
      vertex 5.7 1.02352 20.165
      vertex 5.7 1.02352 16.2142
    endloop
  endfacet
  facet normal -1 0 0
    outer loop
      vertex 5.7 0.710651 16.1896
      vertex 5.7 0.710651 20.1896
      vertex 5.7 1.02352 20.165
    endloop
  endfacet
  facet normal -1 0 0
    outer loop
      vertex 5.7 0.397782 16.2142
      vertex 5.7 0.710651 20.1896
      vertex 5.7 0.710651 16.1896
    endloop
  endfacet
  facet normal -1 0 0
    outer loop
      vertex 5.7 0.397782 16.2142
      vertex 5.7 0.397782 20.165
      vertex 5.7 0.710651 20.1896
    endloop
  endfacet
  facet normal -1 0 0
    outer loop
      vertex 5.7 0.092617 16.2875
      vertex 5.7 0.397782 20.165
      vertex 5.7 0.397782 16.2142
    endloop
  endfacet
  facet normal -1 0 0
    outer loop
      vertex 5.7 0.092617 16.2875
      vertex 5.7 0.092617 20.0917
      vertex 5.7 0.397782 20.165
    endloop
  endfacet
  facet normal -1 0 0
    outer loop
      vertex 5.7 -0.197329 16.4076
      vertex 5.7 0.092617 20.0917
      vertex 5.7 0.092617 16.2875
    endloop
  endfacet
  facet normal -1 0 0
    outer loop
      vertex 5.7 -0.197329 16.4076
      vertex 5.7 -0.197329 19.9716
      vertex 5.7 0.092617 20.0917
    endloop
  endfacet
  facet normal -1 0 0
    outer loop
      vertex 5.7 -0.464918 16.5715
      vertex 5.7 -0.197329 19.9716
      vertex 5.7 -0.197329 16.4076
    endloop
  endfacet
  facet normal -1 0 0
    outer loop
      vertex 5.7 -0.464918 16.5715
      vertex 5.7 -0.464918 19.8076
      vertex 5.7 -0.197329 19.9716
    endloop
  endfacet
  facet normal -1 0 0
    outer loop
      vertex 5.7 -0.703561 16.7754
      vertex 5.7 -0.464918 19.8076
      vertex 5.7 -0.464918 16.5715
    endloop
  endfacet
  facet normal -1 0 0
    outer loop
      vertex 5.7 -0.703561 16.7754
      vertex 5.7 -0.703561 19.6038
      vertex 5.7 -0.464918 19.8076
    endloop
  endfacet
  facet normal -1 0 0
    outer loop
      vertex 5.7 -0.907382 17.014
      vertex 5.7 -0.703561 19.6038
      vertex 5.7 -0.703561 16.7754
    endloop
  endfacet
  facet normal -1 0 0
    outer loop
      vertex 5.7 -0.907382 17.014
      vertex 5.7 -0.907382 19.3651
      vertex 5.7 -0.703561 19.6038
    endloop
  endfacet
  facet normal -1 0 0
    outer loop
      vertex 5.7 -1.07136 17.2816
      vertex 5.7 -0.907382 19.3651
      vertex 5.7 -0.907382 17.014
    endloop
  endfacet
  facet normal -1 0 0
    outer loop
      vertex 5.7 -1.07136 17.2816
      vertex 5.7 -1.07136 19.0976
      vertex 5.7 -0.907382 19.3651
    endloop
  endfacet
  facet normal -1 0 0
    outer loop
      vertex 5.7 -1.19146 17.5715
      vertex 5.7 -1.07136 19.0976
      vertex 5.7 -1.07136 17.2816
    endloop
  endfacet
  facet normal -1 0 0
    outer loop
      vertex 5.7 -1.19146 17.5715
      vertex 5.7 -1.19146 18.8076
      vertex 5.7 -1.07136 19.0976
    endloop
  endfacet
  facet normal -1 0 0
    outer loop
      vertex 5.7 -1.26472 17.8767
      vertex 5.7 -1.19146 18.8076
      vertex 5.7 -1.19146 17.5715
    endloop
  endfacet
  facet normal -1 0 0
    outer loop
      vertex 5.7 -1.26472 17.8767
      vertex 5.7 -1.26472 18.5024
      vertex 5.7 -1.19146 18.8076
    endloop
  endfacet
  facet normal -1 0 -0
    outer loop
      vertex 5.7 -1.26472 18.5024
      vertex 5.7 -1.26472 17.8767
      vertex 5.7 -1.28935 18.1896
    endloop
  endfacet
  facet normal -0 0.233555 0.972344
    outer loop
      vertex -0.5 0.397782 16.2142
      vertex 5.7 0.092617 16.2875
      vertex 5.7 0.397782 16.2142
    endloop
  endfacet
  facet normal 0 0.233555 0.972344
    outer loop
      vertex 5.7 0.092617 16.2875
      vertex -0.5 0.397782 16.2142
      vertex -0.5 0.092617 16.2875
    endloop
  endfacet
  facet normal 0 -0.996919 0.0784408
    outer loop
      vertex -0.5 2.68603 17.8767
      vertex 5.7 2.71065 18.1896
      vertex -0.5 2.71065 18.1896
    endloop
  endfacet
  facet normal 0 -0.996919 0.0784408
    outer loop
      vertex 5.7 2.71065 18.1896
      vertex -0.5 2.68603 17.8767
      vertex 5.7 2.68603 17.8767
    endloop
  endfacet
  facet normal 0 0.996914 -0.0784974
    outer loop
      vertex 5.7 -1.28935 18.1896
      vertex -0.5 -1.26472 18.5024
      vertex 5.7 -1.26472 18.5024
    endloop
  endfacet
  facet normal 0 0.996914 -0.0784974
    outer loop
      vertex -0.5 -1.26472 18.5024
      vertex 5.7 -1.28935 18.1896
      vertex -0.5 -1.28935 18.1896
    endloop
  endfacet
  facet normal 0 0.923858 0.382736
    outer loop
      vertex 5.7 -1.07136 17.2816
      vertex -0.5 -1.19146 17.5715
      vertex 5.7 -1.19146 17.5715
    endloop
  endfacet
  facet normal 0 0.923858 0.382736
    outer loop
      vertex -0.5 -1.19146 17.5715
      vertex 5.7 -1.07136 17.2816
      vertex -0.5 -1.07136 17.2816
    endloop
  endfacet
  facet normal 0 -0.852662 0.522463
    outer loop
      vertex -0.5 2.32869 17.014
      vertex 5.7 2.49266 17.2816
      vertex -0.5 2.49266 17.2816
    endloop
  endfacet
  facet normal 0 -0.852662 0.522463
    outer loop
      vertex 5.7 2.49266 17.2816
      vertex -0.5 2.32869 17.014
      vertex 5.7 2.32869 17.014
    endloop
  endfacet
  facet normal 0 -0.382691 -0.923876
    outer loop
      vertex -0.5 1.32869 20.0917
      vertex 5.7 1.61863 19.9716
      vertex 5.7 1.32869 20.0917
    endloop
  endfacet
  facet normal -0 -0.382691 -0.923876
    outer loop
      vertex 5.7 1.61863 19.9716
      vertex -0.5 1.32869 20.0917
      vertex -0.5 1.61863 19.9716
    endloop
  endfacet
  facet normal 0 -0.972371 -0.233439
    outer loop
      vertex -0.5 2.68603 18.5024
      vertex 5.7 2.61276 18.8076
      vertex -0.5 2.61276 18.8076
    endloop
  endfacet
  facet normal 0 -0.972371 -0.233439
    outer loop
      vertex 5.7 2.61276 18.8076
      vertex -0.5 2.68603 18.5024
      vertex 5.7 2.68603 18.5024
    endloop
  endfacet
  facet normal 0 0.649411 -0.760438
    outer loop
      vertex -0.5 -0.703561 19.6038
      vertex 5.7 -0.464918 19.8076
      vertex 5.7 -0.703561 19.6038
    endloop
  endfacet
  facet normal 0 0.649411 -0.760438
    outer loop
      vertex 5.7 -0.464918 19.8076
      vertex -0.5 -0.703561 19.6038
      vertex -0.5 -0.464918 19.8076
    endloop
  endfacet
  facet normal -0 0.0783852 0.996923
    outer loop
      vertex -0.5 0.710651 16.1896
      vertex 5.7 0.397782 16.2142
      vertex 5.7 0.710651 16.1896
    endloop
  endfacet
  facet normal 0 0.0783852 0.996923
    outer loop
      vertex 5.7 0.397782 16.2142
      vertex -0.5 0.710651 16.1896
      vertex -0.5 0.397782 16.2142
    endloop
  endfacet
  facet normal 0 0.382685 -0.923879
    outer loop
      vertex -0.5 -0.197329 19.9716
      vertex 5.7 0.092617 20.0917
      vertex 5.7 -0.197329 19.9716
    endloop
  endfacet
  facet normal 0 0.382685 -0.923879
    outer loop
      vertex 5.7 0.092617 20.0917
      vertex -0.5 -0.197329 19.9716
      vertex -0.5 0.092617 20.0917
    endloop
  endfacet
  facet normal 0 0.760482 -0.64936
    outer loop
      vertex 5.7 -0.907382 19.3651
      vertex -0.5 -0.703561 19.6038
      vertex 5.7 -0.703561 19.6038
    endloop
  endfacet
  facet normal 0 0.760482 -0.64936
    outer loop
      vertex -0.5 -0.703561 19.6038
      vertex 5.7 -0.907382 19.3651
      vertex -0.5 -0.907382 19.3651
    endloop
  endfacet
  facet normal -0 0.649595 0.760281
    outer loop
      vertex -0.5 -0.464918 16.5715
      vertex 5.7 -0.703561 16.7754
      vertex 5.7 -0.464918 16.5715
    endloop
  endfacet
  facet normal 0 0.649595 0.760281
    outer loop
      vertex 5.7 -0.703561 16.7754
      vertex -0.5 -0.464918 16.5715
      vertex -0.5 -0.703561 16.7754
    endloop
  endfacet
  facet normal 0 0.233555 -0.972344
    outer loop
      vertex -0.5 0.092617 20.0917
      vertex 5.7 0.397782 20.165
      vertex 5.7 0.092617 20.0917
    endloop
  endfacet
  facet normal 0 0.233555 -0.972344
    outer loop
      vertex 5.7 0.397782 20.165
      vertex -0.5 0.092617 20.0917
      vertex -0.5 0.397782 20.165
    endloop
  endfacet
  facet normal 0 0.972379 -0.233409
    outer loop
      vertex 5.7 -1.26472 18.5024
      vertex -0.5 -1.19146 18.8076
      vertex 5.7 -1.19146 18.8076
    endloop
  endfacet
  facet normal 0 0.972379 -0.233409
    outer loop
      vertex -0.5 -1.19146 18.8076
      vertex 5.7 -1.26472 18.5024
      vertex -0.5 -1.26472 18.5024
    endloop
  endfacet
  facet normal 0 -0.649599 0.760277
    outer loop
      vertex -0.5 2.12486 16.7754
      vertex 5.7 1.88622 16.5715
      vertex 5.7 2.12486 16.7754
    endloop
  endfacet
  facet normal 0 -0.649599 0.760277
    outer loop
      vertex 5.7 1.88622 16.5715
      vertex -0.5 2.12486 16.7754
      vertex -0.5 1.88622 16.5715
    endloop
  endfacet
  facet normal 0 0.996916 0.0784725
    outer loop
      vertex 5.7 -1.26472 17.8767
      vertex -0.5 -1.28935 18.1896
      vertex 5.7 -1.28935 18.1896
    endloop
  endfacet
  facet normal 0 0.996916 0.0784725
    outer loop
      vertex -0.5 -1.28935 18.1896
      vertex 5.7 -1.26472 17.8767
      vertex -0.5 -1.26472 17.8767
    endloop
  endfacet
  facet normal 0 -0.972371 0.233439
    outer loop
      vertex -0.5 2.61276 17.5715
      vertex 5.7 2.68603 17.8767
      vertex -0.5 2.68603 17.8767
    endloop
  endfacet
  facet normal 0 -0.972371 0.233439
    outer loop
      vertex 5.7 2.68603 17.8767
      vertex -0.5 2.61276 17.5715
      vertex 5.7 2.61276 17.5715
    endloop
  endfacet
  facet normal 0 -0.233551 -0.972344
    outer loop
      vertex -0.5 1.02352 20.165
      vertex 5.7 1.32869 20.0917
      vertex 5.7 1.02352 20.165
    endloop
  endfacet
  facet normal -0 -0.233551 -0.972344
    outer loop
      vertex 5.7 1.32869 20.0917
      vertex -0.5 1.02352 20.165
      vertex -0.5 1.32869 20.0917
    endloop
  endfacet
  facet normal 0 -0.0783852 -0.996923
    outer loop
      vertex 185.7 0.710651 20.1896
      vertex 191.9 1.02352 20.165
      vertex 191.9 0.710651 20.1896
    endloop
  endfacet
  facet normal -0 -0.0783852 -0.996923
    outer loop
      vertex 191.9 1.02352 20.165
      vertex 185.7 0.710651 20.1896
      vertex 185.7 1.02352 20.165
    endloop
  endfacet
  facet normal 0 -0.382691 0.923876
    outer loop
      vertex 185.7 1.61863 16.4076
      vertex 191.9 1.32869 16.2875
      vertex 191.9 1.61863 16.4076
    endloop
  endfacet
  facet normal 0 -0.382691 0.923876
    outer loop
      vertex 191.9 1.32869 16.2875
      vertex 185.7 1.61863 16.4076
      vertex 185.7 1.32869 16.2875
    endloop
  endfacet
  facet normal 0 -0.923858 0.382736
    outer loop
      vertex 185.7 2.49266 17.2816
      vertex 191.9 2.61276 17.5715
      vertex 185.7 2.61276 17.5715
    endloop
  endfacet
  facet normal 0 -0.923858 0.382736
    outer loop
      vertex 191.9 2.61276 17.5715
      vertex 185.7 2.49266 17.2816
      vertex 191.9 2.49266 17.2816
    endloop
  endfacet
  facet normal 0 0.760347 0.649517
    outer loop
      vertex 191.9 -0.703561 16.7754
      vertex 185.7 -0.907382 17.014
      vertex 191.9 -0.907382 17.014
    endloop
  endfacet
  facet normal 0 0.760347 0.649517
    outer loop
      vertex 185.7 -0.907382 17.014
      vertex 191.9 -0.703561 16.7754
      vertex 185.7 -0.703561 16.7754
    endloop
  endfacet
  facet normal 0 0.972379 0.233409
    outer loop
      vertex 191.9 -1.19146 17.5715
      vertex 185.7 -1.26472 17.8767
      vertex 191.9 -1.26472 17.8767
    endloop
  endfacet
  facet normal 0 0.972379 0.233409
    outer loop
      vertex 185.7 -1.26472 17.8767
      vertex 191.9 -1.19146 17.5715
      vertex 185.7 -1.19146 17.5715
    endloop
  endfacet
  facet normal 0 -0.0783852 0.996923
    outer loop
      vertex 185.7 1.02352 16.2142
      vertex 191.9 0.710651 16.1896
      vertex 191.9 1.02352 16.2142
    endloop
  endfacet
  facet normal 0 -0.0783852 0.996923
    outer loop
      vertex 191.9 0.710651 16.1896
      vertex 185.7 1.02352 16.2142
      vertex 185.7 0.710651 16.1896
    endloop
  endfacet
  facet normal 0 0.923904 -0.382624
    outer loop
      vertex 191.9 -1.19146 18.8076
      vertex 185.7 -1.07136 19.0976
      vertex 191.9 -1.07136 19.0976
    endloop
  endfacet
  facet normal 0 0.923904 -0.382624
    outer loop
      vertex 185.7 -1.07136 19.0976
      vertex 191.9 -1.19146 18.8076
      vertex 185.7 -1.19146 18.8076
    endloop
  endfacet
  facet normal 0 0.852651 0.522481
    outer loop
      vertex 191.9 -0.907382 17.014
      vertex 185.7 -1.07136 17.2816
      vertex 191.9 -1.07136 17.2816
    endloop
  endfacet
  facet normal 0 0.852651 0.522481
    outer loop
      vertex 185.7 -1.07136 17.2816
      vertex 191.9 -0.907382 17.014
      vertex 185.7 -0.907382 17.014
    endloop
  endfacet
  facet normal 0 -0.760467 -0.649376
    outer loop
      vertex 185.7 2.32869 19.3651
      vertex 191.9 2.12486 19.6038
      vertex 185.7 2.12486 19.6038
    endloop
  endfacet
  facet normal 0 -0.760467 -0.649376
    outer loop
      vertex 191.9 2.12486 19.6038
      vertex 185.7 2.32869 19.3651
      vertex 191.9 2.32869 19.3651
    endloop
  endfacet
  facet normal 0 0.0783852 -0.996923
    outer loop
      vertex 185.7 0.397782 20.165
      vertex 191.9 0.710651 20.1896
      vertex 191.9 0.397782 20.165
    endloop
  endfacet
  facet normal 0 0.0783852 -0.996923
    outer loop
      vertex 191.9 0.710651 20.1896
      vertex 185.7 0.397782 20.165
      vertex 185.7 0.710651 20.1896
    endloop
  endfacet
  facet normal 0 -0.760333 0.649533
    outer loop
      vertex 185.7 2.12486 16.7754
      vertex 191.9 2.32869 17.014
      vertex 185.7 2.32869 17.014
    endloop
  endfacet
  facet normal 0 -0.760333 0.649533
    outer loop
      vertex 191.9 2.32869 17.014
      vertex 185.7 2.12486 16.7754
      vertex 191.9 2.12486 16.7754
    endloop
  endfacet
  facet normal 0 0.522548 -0.85261
    outer loop
      vertex 185.7 -0.464918 19.8076
      vertex 191.9 -0.197329 19.9716
      vertex 191.9 -0.464918 19.8076
    endloop
  endfacet
  facet normal 0 0.522548 -0.85261
    outer loop
      vertex 191.9 -0.197329 19.9716
      vertex 185.7 -0.464918 19.8076
      vertex 185.7 -0.197329 19.9716
    endloop
  endfacet
  facet normal 0 -0.522546 -0.852611
    outer loop
      vertex 185.7 1.61863 19.9716
      vertex 191.9 1.88622 19.8076
      vertex 191.9 1.61863 19.9716
    endloop
  endfacet
  facet normal -0 -0.522546 -0.852611
    outer loop
      vertex 191.9 1.88622 19.8076
      vertex 185.7 1.61863 19.9716
      vertex 185.7 1.88622 19.8076
    endloop
  endfacet
  facet normal 0 -0.852575 -0.522605
    outer loop
      vertex 185.7 2.49266 19.0976
      vertex 191.9 2.32869 19.3651
      vertex 185.7 2.32869 19.3651
    endloop
  endfacet
  facet normal 0 -0.852575 -0.522605
    outer loop
      vertex 191.9 2.32869 19.3651
      vertex 185.7 2.49266 19.0976
      vertex 191.9 2.49266 19.0976
    endloop
  endfacet
  facet normal 0 -0.233551 0.972344
    outer loop
      vertex 185.7 1.32869 16.2875
      vertex 191.9 1.02352 16.2142
      vertex 191.9 1.32869 16.2875
    endloop
  endfacet
  facet normal 0 -0.233551 0.972344
    outer loop
      vertex 191.9 1.02352 16.2142
      vertex 185.7 1.32869 16.2875
      vertex 185.7 1.02352 16.2142
    endloop
  endfacet
  facet normal 0 0.852564 -0.522623
    outer loop
      vertex 191.9 -1.07136 19.0976
      vertex 185.7 -0.907382 19.3651
      vertex 191.9 -0.907382 19.3651
    endloop
  endfacet
  facet normal 0 0.852564 -0.522623
    outer loop
      vertex 185.7 -0.907382 19.3651
      vertex 191.9 -1.07136 19.0976
      vertex 185.7 -1.07136 19.0976
    endloop
  endfacet
  facet normal -0 0.382685 0.923879
    outer loop
      vertex 185.7 0.092617 16.2875
      vertex 191.9 -0.197329 16.4076
      vertex 191.9 0.092617 16.2875
    endloop
  endfacet
  facet normal 0 0.382685 0.923879
    outer loop
      vertex 191.9 -0.197329 16.4076
      vertex 185.7 0.092617 16.2875
      vertex 185.7 -0.197329 16.4076
    endloop
  endfacet
  facet normal 0 -0.649415 -0.760434
    outer loop
      vertex 185.7 1.88622 19.8076
      vertex 191.9 2.12486 19.6038
      vertex 191.9 1.88622 19.8076
    endloop
  endfacet
  facet normal -0 -0.649415 -0.760434
    outer loop
      vertex 191.9 2.12486 19.6038
      vertex 185.7 1.88622 19.8076
      vertex 185.7 2.12486 19.6038
    endloop
  endfacet
  facet normal 0 -0.996917 -0.0784658
    outer loop
      vertex 185.7 2.71065 18.1896
      vertex 191.9 2.68603 18.5024
      vertex 185.7 2.68603 18.5024
    endloop
  endfacet
  facet normal 0 -0.996917 -0.0784658
    outer loop
      vertex 191.9 2.68603 18.5024
      vertex 185.7 2.71065 18.1896
      vertex 191.9 2.71065 18.1896
    endloop
  endfacet
  facet normal 0 -0.923904 -0.382624
    outer loop
      vertex 185.7 2.61276 18.8076
      vertex 191.9 2.49266 19.0976
      vertex 185.7 2.49266 19.0976
    endloop
  endfacet
  facet normal 0 -0.923904 -0.382624
    outer loop
      vertex 191.9 2.49266 19.0976
      vertex 185.7 2.61276 18.8076
      vertex 191.9 2.61276 18.8076
    endloop
  endfacet
  facet normal -0 0.522316 0.852752
    outer loop
      vertex 185.7 -0.197329 16.4076
      vertex 191.9 -0.464918 16.5715
      vertex 191.9 -0.197329 16.4076
    endloop
  endfacet
  facet normal 0 0.522316 0.852752
    outer loop
      vertex 191.9 -0.464918 16.5715
      vertex 185.7 -0.197329 16.4076
      vertex 185.7 -0.464918 16.5715
    endloop
  endfacet
  facet normal 0 -0.522315 0.852753
    outer loop
      vertex 185.7 1.88622 16.5715
      vertex 191.9 1.61863 16.4076
      vertex 191.9 1.88622 16.5715
    endloop
  endfacet
  facet normal 0 -0.522315 0.852753
    outer loop
      vertex 191.9 1.61863 16.4076
      vertex 185.7 1.88622 16.5715
      vertex 185.7 1.61863 16.4076
    endloop
  endfacet
  facet normal -0 0.233555 0.972344
    outer loop
      vertex 185.7 0.397782 16.2142
      vertex 191.9 0.092617 16.2875
      vertex 191.9 0.397782 16.2142
    endloop
  endfacet
  facet normal 0 0.233555 0.972344
    outer loop
      vertex 191.9 0.092617 16.2875
      vertex 185.7 0.397782 16.2142
      vertex 185.7 0.092617 16.2875
    endloop
  endfacet
  facet normal 0 -0.996919 0.0784408
    outer loop
      vertex 185.7 2.68603 17.8767
      vertex 191.9 2.71065 18.1896
      vertex 185.7 2.71065 18.1896
    endloop
  endfacet
  facet normal 0 -0.996919 0.0784408
    outer loop
      vertex 191.9 2.71065 18.1896
      vertex 185.7 2.68603 17.8767
      vertex 191.9 2.68603 17.8767
    endloop
  endfacet
  facet normal 0 0.996914 -0.0784974
    outer loop
      vertex 191.9 -1.28935 18.1896
      vertex 185.7 -1.26472 18.5024
      vertex 191.9 -1.26472 18.5024
    endloop
  endfacet
  facet normal 0 0.996914 -0.0784974
    outer loop
      vertex 185.7 -1.26472 18.5024
      vertex 191.9 -1.28935 18.1896
      vertex 185.7 -1.28935 18.1896
    endloop
  endfacet
  facet normal 0 0.923858 0.382736
    outer loop
      vertex 191.9 -1.07136 17.2816
      vertex 185.7 -1.19146 17.5715
      vertex 191.9 -1.19146 17.5715
    endloop
  endfacet
  facet normal 0 0.923858 0.382736
    outer loop
      vertex 185.7 -1.19146 17.5715
      vertex 191.9 -1.07136 17.2816
      vertex 185.7 -1.07136 17.2816
    endloop
  endfacet
  facet normal 0 -0.852662 0.522463
    outer loop
      vertex 185.7 2.32869 17.014
      vertex 191.9 2.49266 17.2816
      vertex 185.7 2.49266 17.2816
    endloop
  endfacet
  facet normal 0 -0.852662 0.522463
    outer loop
      vertex 191.9 2.49266 17.2816
      vertex 185.7 2.32869 17.014
      vertex 191.9 2.32869 17.014
    endloop
  endfacet
  facet normal 0 -0.382691 -0.923876
    outer loop
      vertex 185.7 1.32869 20.0917
      vertex 191.9 1.61863 19.9716
      vertex 191.9 1.32869 20.0917
    endloop
  endfacet
  facet normal -0 -0.382691 -0.923876
    outer loop
      vertex 191.9 1.61863 19.9716
      vertex 185.7 1.32869 20.0917
      vertex 185.7 1.61863 19.9716
    endloop
  endfacet
  facet normal 0 -0.972371 -0.233439
    outer loop
      vertex 185.7 2.68603 18.5024
      vertex 191.9 2.61276 18.8076
      vertex 185.7 2.61276 18.8076
    endloop
  endfacet
  facet normal 0 -0.972371 -0.233439
    outer loop
      vertex 191.9 2.61276 18.8076
      vertex 185.7 2.68603 18.5024
      vertex 191.9 2.68603 18.5024
    endloop
  endfacet
  facet normal 0 0.649411 -0.760438
    outer loop
      vertex 185.7 -0.703561 19.6038
      vertex 191.9 -0.464918 19.8076
      vertex 191.9 -0.703561 19.6038
    endloop
  endfacet
  facet normal 0 0.649411 -0.760438
    outer loop
      vertex 191.9 -0.464918 19.8076
      vertex 185.7 -0.703561 19.6038
      vertex 185.7 -0.464918 19.8076
    endloop
  endfacet
  facet normal -0 0.0783852 0.996923
    outer loop
      vertex 185.7 0.710651 16.1896
      vertex 191.9 0.397782 16.2142
      vertex 191.9 0.710651 16.1896
    endloop
  endfacet
  facet normal 0 0.0783852 0.996923
    outer loop
      vertex 191.9 0.397782 16.2142
      vertex 185.7 0.710651 16.1896
      vertex 185.7 0.397782 16.2142
    endloop
  endfacet
  facet normal 0 0.382685 -0.923879
    outer loop
      vertex 185.7 -0.197329 19.9716
      vertex 191.9 0.092617 20.0917
      vertex 191.9 -0.197329 19.9716
    endloop
  endfacet
  facet normal 0 0.382685 -0.923879
    outer loop
      vertex 191.9 0.092617 20.0917
      vertex 185.7 -0.197329 19.9716
      vertex 185.7 0.092617 20.0917
    endloop
  endfacet
  facet normal 0 0.760482 -0.64936
    outer loop
      vertex 191.9 -0.907382 19.3651
      vertex 185.7 -0.703561 19.6038
      vertex 191.9 -0.703561 19.6038
    endloop
  endfacet
  facet normal 0 0.760482 -0.64936
    outer loop
      vertex 185.7 -0.703561 19.6038
      vertex 191.9 -0.907382 19.3651
      vertex 185.7 -0.907382 19.3651
    endloop
  endfacet
  facet normal -0 0.649595 0.760281
    outer loop
      vertex 185.7 -0.464918 16.5715
      vertex 191.9 -0.703561 16.7754
      vertex 191.9 -0.464918 16.5715
    endloop
  endfacet
  facet normal 0 0.649595 0.760281
    outer loop
      vertex 191.9 -0.703561 16.7754
      vertex 185.7 -0.464918 16.5715
      vertex 185.7 -0.703561 16.7754
    endloop
  endfacet
  facet normal 0 0.233555 -0.972344
    outer loop
      vertex 185.7 0.092617 20.0917
      vertex 191.9 0.397782 20.165
      vertex 191.9 0.092617 20.0917
    endloop
  endfacet
  facet normal 0 0.233555 -0.972344
    outer loop
      vertex 191.9 0.397782 20.165
      vertex 185.7 0.092617 20.0917
      vertex 185.7 0.397782 20.165
    endloop
  endfacet
  facet normal 0 0.972379 -0.233409
    outer loop
      vertex 191.9 -1.26472 18.5024
      vertex 185.7 -1.19146 18.8076
      vertex 191.9 -1.19146 18.8076
    endloop
  endfacet
  facet normal 0 0.972379 -0.233409
    outer loop
      vertex 185.7 -1.19146 18.8076
      vertex 191.9 -1.26472 18.5024
      vertex 185.7 -1.26472 18.5024
    endloop
  endfacet
  facet normal 0 -0.649599 0.760277
    outer loop
      vertex 185.7 2.12486 16.7754
      vertex 191.9 1.88622 16.5715
      vertex 191.9 2.12486 16.7754
    endloop
  endfacet
  facet normal 0 -0.649599 0.760277
    outer loop
      vertex 191.9 1.88622 16.5715
      vertex 185.7 2.12486 16.7754
      vertex 185.7 1.88622 16.5715
    endloop
  endfacet
  facet normal 0 0.996916 0.0784725
    outer loop
      vertex 191.9 -1.26472 17.8767
      vertex 185.7 -1.28935 18.1896
      vertex 191.9 -1.28935 18.1896
    endloop
  endfacet
  facet normal 0 0.996916 0.0784725
    outer loop
      vertex 185.7 -1.28935 18.1896
      vertex 191.9 -1.26472 17.8767
      vertex 185.7 -1.26472 17.8767
    endloop
  endfacet
  facet normal 0 -0.972371 0.233439
    outer loop
      vertex 185.7 2.61276 17.5715
      vertex 191.9 2.68603 17.8767
      vertex 185.7 2.68603 17.8767
    endloop
  endfacet
  facet normal 0 -0.972371 0.233439
    outer loop
      vertex 191.9 2.68603 17.8767
      vertex 185.7 2.61276 17.5715
      vertex 191.9 2.61276 17.5715
    endloop
  endfacet
  facet normal 0 -0.233551 -0.972344
    outer loop
      vertex 185.7 1.02352 20.165
      vertex 191.9 1.32869 20.0917
      vertex 191.9 1.02352 20.165
    endloop
  endfacet
  facet normal -0 -0.233551 -0.972344
    outer loop
      vertex 191.9 1.32869 20.0917
      vertex 185.7 1.02352 20.165
      vertex 185.7 1.32869 20.0917
    endloop
  endfacet
  facet normal 1 0 0
    outer loop
      vertex 185.7 2.68603 18.5024
      vertex 185.7 2.68603 17.8767
      vertex 185.7 2.71065 18.1896
    endloop
  endfacet
  facet normal 1 0 0
    outer loop
      vertex 185.7 2.61276 18.8076
      vertex 185.7 2.68603 17.8767
      vertex 185.7 2.68603 18.5024
    endloop
  endfacet
  facet normal 1 0 0
    outer loop
      vertex 185.7 2.61276 18.8076
      vertex 185.7 2.61276 17.5715
      vertex 185.7 2.68603 17.8767
    endloop
  endfacet
  facet normal 1 0 0
    outer loop
      vertex 185.7 2.49266 19.0976
      vertex 185.7 2.61276 17.5715
      vertex 185.7 2.61276 18.8076
    endloop
  endfacet
  facet normal 1 0 0
    outer loop
      vertex 185.7 2.49266 19.0976
      vertex 185.7 2.49266 17.2816
      vertex 185.7 2.61276 17.5715
    endloop
  endfacet
  facet normal 1 0 0
    outer loop
      vertex 185.7 2.32869 19.3651
      vertex 185.7 2.49266 17.2816
      vertex 185.7 2.49266 19.0976
    endloop
  endfacet
  facet normal 1 0 0
    outer loop
      vertex 185.7 2.32869 19.3651
      vertex 185.7 2.32869 17.014
      vertex 185.7 2.49266 17.2816
    endloop
  endfacet
  facet normal 1 0 0
    outer loop
      vertex 185.7 2.12486 19.6038
      vertex 185.7 2.32869 17.014
      vertex 185.7 2.32869 19.3651
    endloop
  endfacet
  facet normal 1 0 0
    outer loop
      vertex 185.7 2.12486 19.6038
      vertex 185.7 2.12486 16.7754
      vertex 185.7 2.32869 17.014
    endloop
  endfacet
  facet normal 1 0 0
    outer loop
      vertex 185.7 1.88622 19.8076
      vertex 185.7 2.12486 16.7754
      vertex 185.7 2.12486 19.6038
    endloop
  endfacet
  facet normal 1 0 0
    outer loop
      vertex 185.7 1.88622 19.8076
      vertex 185.7 1.88622 16.5715
      vertex 185.7 2.12486 16.7754
    endloop
  endfacet
  facet normal 1 0 0
    outer loop
      vertex 185.7 1.61863 19.9716
      vertex 185.7 1.88622 16.5715
      vertex 185.7 1.88622 19.8076
    endloop
  endfacet
  facet normal 1 0 0
    outer loop
      vertex 185.7 1.61863 19.9716
      vertex 185.7 1.61863 16.4076
      vertex 185.7 1.88622 16.5715
    endloop
  endfacet
  facet normal 1 0 0
    outer loop
      vertex 185.7 1.32869 20.0917
      vertex 185.7 1.61863 16.4076
      vertex 185.7 1.61863 19.9716
    endloop
  endfacet
  facet normal 1 0 0
    outer loop
      vertex 185.7 1.32869 20.0917
      vertex 185.7 1.32869 16.2875
      vertex 185.7 1.61863 16.4076
    endloop
  endfacet
  facet normal 1 0 0
    outer loop
      vertex 185.7 1.02352 20.165
      vertex 185.7 1.32869 16.2875
      vertex 185.7 1.32869 20.0917
    endloop
  endfacet
  facet normal 1 0 0
    outer loop
      vertex 185.7 1.02352 20.165
      vertex 185.7 1.02352 16.2142
      vertex 185.7 1.32869 16.2875
    endloop
  endfacet
  facet normal 1 0 0
    outer loop
      vertex 185.7 0.710651 20.1896
      vertex 185.7 1.02352 16.2142
      vertex 185.7 1.02352 20.165
    endloop
  endfacet
  facet normal 1 0 0
    outer loop
      vertex 185.7 0.710651 20.1896
      vertex 185.7 0.710651 16.1896
      vertex 185.7 1.02352 16.2142
    endloop
  endfacet
  facet normal 1 -0 0
    outer loop
      vertex 185.7 0.397782 20.165
      vertex 185.7 0.710651 16.1896
      vertex 185.7 0.710651 20.1896
    endloop
  endfacet
  facet normal 1 0 0
    outer loop
      vertex 185.7 0.397782 20.165
      vertex 185.7 0.397782 16.2142
      vertex 185.7 0.710651 16.1896
    endloop
  endfacet
  facet normal 1 -0 0
    outer loop
      vertex 185.7 0.092617 20.0917
      vertex 185.7 0.397782 16.2142
      vertex 185.7 0.397782 20.165
    endloop
  endfacet
  facet normal 1 0 0
    outer loop
      vertex 185.7 0.092617 20.0917
      vertex 185.7 0.092617 16.2875
      vertex 185.7 0.397782 16.2142
    endloop
  endfacet
  facet normal 1 -0 0
    outer loop
      vertex 185.7 -0.197329 19.9716
      vertex 185.7 0.092617 16.2875
      vertex 185.7 0.092617 20.0917
    endloop
  endfacet
  facet normal 1 0 0
    outer loop
      vertex 185.7 -0.197329 19.9716
      vertex 185.7 -0.197329 16.4076
      vertex 185.7 0.092617 16.2875
    endloop
  endfacet
  facet normal 1 -0 0
    outer loop
      vertex 185.7 -0.464918 19.8076
      vertex 185.7 -0.197329 16.4076
      vertex 185.7 -0.197329 19.9716
    endloop
  endfacet
  facet normal 1 0 0
    outer loop
      vertex 185.7 -0.464918 19.8076
      vertex 185.7 -0.464918 16.5715
      vertex 185.7 -0.197329 16.4076
    endloop
  endfacet
  facet normal 1 -0 0
    outer loop
      vertex 185.7 -0.703561 19.6038
      vertex 185.7 -0.464918 16.5715
      vertex 185.7 -0.464918 19.8076
    endloop
  endfacet
  facet normal 1 0 0
    outer loop
      vertex 185.7 -0.703561 19.6038
      vertex 185.7 -0.703561 16.7754
      vertex 185.7 -0.464918 16.5715
    endloop
  endfacet
  facet normal 1 -0 0
    outer loop
      vertex 185.7 -0.907382 19.3651
      vertex 185.7 -0.703561 16.7754
      vertex 185.7 -0.703561 19.6038
    endloop
  endfacet
  facet normal 1 0 0
    outer loop
      vertex 185.7 -0.907382 19.3651
      vertex 185.7 -0.907382 17.014
      vertex 185.7 -0.703561 16.7754
    endloop
  endfacet
  facet normal 1 -0 0
    outer loop
      vertex 185.7 -1.07136 19.0976
      vertex 185.7 -0.907382 17.014
      vertex 185.7 -0.907382 19.3651
    endloop
  endfacet
  facet normal 1 0 0
    outer loop
      vertex 185.7 -1.07136 19.0976
      vertex 185.7 -1.07136 17.2816
      vertex 185.7 -0.907382 17.014
    endloop
  endfacet
  facet normal 1 -0 0
    outer loop
      vertex 185.7 -1.19146 18.8076
      vertex 185.7 -1.07136 17.2816
      vertex 185.7 -1.07136 19.0976
    endloop
  endfacet
  facet normal 1 0 0
    outer loop
      vertex 185.7 -1.19146 18.8076
      vertex 185.7 -1.19146 17.5715
      vertex 185.7 -1.07136 17.2816
    endloop
  endfacet
  facet normal 1 -0 0
    outer loop
      vertex 185.7 -1.26472 18.5024
      vertex 185.7 -1.19146 17.5715
      vertex 185.7 -1.19146 18.8076
    endloop
  endfacet
  facet normal 1 0 0
    outer loop
      vertex 185.7 -1.26472 18.5024
      vertex 185.7 -1.26472 17.8767
      vertex 185.7 -1.19146 17.5715
    endloop
  endfacet
  facet normal 1 0 -0
    outer loop
      vertex 185.7 -1.26472 17.8767
      vertex 185.7 -1.26472 18.5024
      vertex 185.7 -1.28935 18.1896
    endloop
  endfacet
  facet normal -0.233476 0.972363 0
    outer loop
      vertex 72.3408 6.33565 32.5
      vertex 72.0738 6.27154 37
      vertex 72.3408 6.33565 37
    endloop
  endfacet
  facet normal -0.233476 0.972363 0
    outer loop
      vertex 72.0738 6.27154 37
      vertex 72.3408 6.33565 32.5
      vertex 72.0738 6.27154 32.5
    endloop
  endfacet
  facet normal -0.972292 -0.23377 0
    outer loop
      vertex 73.5285 8.27376 32.5
      vertex 73.4643 8.54078 37
      vertex 73.4643 8.54078 32.5
    endloop
  endfacet
  facet normal -0.972292 -0.23377 0
    outer loop
      vertex 73.4643 8.54078 37
      vertex 73.5285 8.27376 32.5
      vertex 73.5285 8.27376 37
    endloop
  endfacet
  facet normal -0.99693 -0.0782949 0
    outer loop
      vertex 73.55 8 32.5
      vertex 73.5285 8.27376 37
      vertex 73.5285 8.27376 32.5
    endloop
  endfacet
  facet normal -0.99693 -0.0782949 0
    outer loop
      vertex 73.5285 8.27376 37
      vertex 73.55 8 32.5
      vertex 73.55 8 37
    endloop
  endfacet
  facet normal 0.0784282 0.99692 -0
    outer loop
      vertex 71.8 6.25 32.5
      vertex 71.5262 6.27154 37
      vertex 71.8 6.25 37
    endloop
  endfacet
  facet normal 0.0784282 0.99692 0
    outer loop
      vertex 71.5262 6.27154 37
      vertex 71.8 6.25 32.5
      vertex 71.5262 6.27154 32.5
    endloop
  endfacet
  facet normal -0.233442 -0.972371 0
    outer loop
      vertex 72.0738 9.72845 32.5
      vertex 72.3408 9.66435 37
      vertex 72.0738 9.72845 37
    endloop
  endfacet
  facet normal -0.233442 -0.972371 -0
    outer loop
      vertex 72.3408 9.66435 37
      vertex 72.0738 9.72845 32.5
      vertex 72.3408 9.66435 32.5
    endloop
  endfacet
  facet normal -0.760314 -0.649555 0
    outer loop
      vertex 73.2158 9.02862 32.5
      vertex 73.0374 9.23744 37
      vertex 73.0374 9.23744 32.5
    endloop
  endfacet
  facet normal -0.760314 -0.649555 0
    outer loop
      vertex 73.0374 9.23744 37
      vertex 73.2158 9.02862 32.5
      vertex 73.2158 9.02862 37
    endloop
  endfacet
  facet normal -0.649465 -0.760392 0
    outer loop
      vertex 72.8286 9.41578 32.5
      vertex 73.0374 9.23744 37
      vertex 72.8286 9.41578 37
    endloop
  endfacet
  facet normal -0.649465 -0.760392 -0
    outer loop
      vertex 73.0374 9.23744 37
      vertex 72.8286 9.41578 32.5
      vertex 73.0374 9.23744 32.5
    endloop
  endfacet
  facet normal 0.233476 0.972363 -0
    outer loop
      vertex 71.5262 6.27154 32.5
      vertex 71.2592 6.33565 37
      vertex 71.5262 6.27154 37
    endloop
  endfacet
  facet normal 0.233476 0.972363 0
    outer loop
      vertex 71.2592 6.33565 37
      vertex 71.5262 6.27154 32.5
      vertex 71.2592 6.33565 32.5
    endloop
  endfacet
  facet normal -0.382696 0.923874 0
    outer loop
      vertex 72.5945 6.44074 32.5
      vertex 72.3408 6.33565 37
      vertex 72.5945 6.44074 37
    endloop
  endfacet
  facet normal -0.382696 0.923874 0
    outer loop
      vertex 72.3408 6.33565 37
      vertex 72.5945 6.44074 32.5
      vertex 72.3408 6.33565 32.5
    endloop
  endfacet
  facet normal 0.85261 -0.522548 0
    outer loop
      vertex 70.2407 8.79448 37
      vertex 70.3842 9.02862 32.5
      vertex 70.3842 9.02862 37
    endloop
  endfacet
  facet normal 0.85261 -0.522548 0
    outer loop
      vertex 70.3842 9.02862 32.5
      vertex 70.2407 8.79448 37
      vertex 70.2407 8.79448 32.5
    endloop
  endfacet
  facet normal 0.760314 0.649555 0
    outer loop
      vertex 70.5626 6.76256 37
      vertex 70.3842 6.97138 32.5
      vertex 70.3842 6.97138 37
    endloop
  endfacet
  facet normal 0.760314 0.649555 0
    outer loop
      vertex 70.3842 6.97138 32.5
      vertex 70.5626 6.76256 37
      vertex 70.5626 6.76256 32.5
    endloop
  endfacet
  facet normal 0.0784644 -0.996917 0
    outer loop
      vertex 71.5262 9.72845 32.5
      vertex 71.8 9.75 37
      vertex 71.5262 9.72845 37
    endloop
  endfacet
  facet normal 0.0784644 -0.996917 0
    outer loop
      vertex 71.8 9.75 37
      vertex 71.5262 9.72845 32.5
      vertex 71.8 9.75 32.5
    endloop
  endfacet
  facet normal 0.972292 0.23377 0
    outer loop
      vertex 70.1357 7.45922 37
      vertex 70.0715 7.72624 32.5
      vertex 70.0715 7.72624 37
    endloop
  endfacet
  facet normal 0.972292 0.23377 0
    outer loop
      vertex 70.0715 7.72624 32.5
      vertex 70.1357 7.45922 37
      vertex 70.1357 7.45922 32.5
    endloop
  endfacet
  facet normal -0.85261 0.522548 0
    outer loop
      vertex 73.2158 6.97138 32.5
      vertex 73.3593 7.20552 37
      vertex 73.3593 7.20552 32.5
    endloop
  endfacet
  facet normal -0.85261 0.522548 0
    outer loop
      vertex 73.3593 7.20552 37
      vertex 73.2158 6.97138 32.5
      vertex 73.2158 6.97138 37
    endloop
  endfacet
  facet normal -0.649465 0.760392 0
    outer loop
      vertex 73.0374 6.76256 32.5
      vertex 72.8286 6.58422 37
      vertex 73.0374 6.76256 37
    endloop
  endfacet
  facet normal -0.649465 0.760392 0
    outer loop
      vertex 72.8286 6.58422 37
      vertex 73.0374 6.76256 32.5
      vertex 72.8286 6.58422 32.5
    endloop
  endfacet
  facet normal 0.99693 -0.0782949 0
    outer loop
      vertex 70.05 8 37
      vertex 70.0715 8.27376 32.5
      vertex 70.0715 8.27376 37
    endloop
  endfacet
  facet normal 0.99693 -0.0782949 0
    outer loop
      vertex 70.0715 8.27376 32.5
      vertex 70.05 8 37
      vertex 70.05 8 32.5
    endloop
  endfacet
  facet normal 0.52256 -0.852602 0
    outer loop
      vertex 70.7714 9.41578 32.5
      vertex 71.0055 9.55926 37
      vertex 70.7714 9.41578 37
    endloop
  endfacet
  facet normal 0.52256 -0.852602 0
    outer loop
      vertex 71.0055 9.55926 37
      vertex 70.7714 9.41578 32.5
      vertex 71.0055 9.55926 32.5
    endloop
  endfacet
  facet normal -0.92399 0.382416 0
    outer loop
      vertex 73.3593 7.20552 32.5
      vertex 73.4643 7.45922 37
      vertex 73.4643 7.45922 32.5
    endloop
  endfacet
  facet normal -0.92399 0.382416 0
    outer loop
      vertex 73.4643 7.45922 37
      vertex 73.3593 7.20552 32.5
      vertex 73.3593 7.20552 37
    endloop
  endfacet
  facet normal 0.92399 0.382416 0
    outer loop
      vertex 70.2407 7.20552 37
      vertex 70.1357 7.45922 32.5
      vertex 70.1357 7.45922 37
    endloop
  endfacet
  facet normal 0.92399 0.382416 0
    outer loop
      vertex 70.1357 7.45922 32.5
      vertex 70.2407 7.20552 37
      vertex 70.2407 7.20552 32.5
    endloop
  endfacet
  facet normal -0.99693 0.0782949 0
    outer loop
      vertex 73.5285 7.72624 32.5
      vertex 73.55 8 37
      vertex 73.55 8 32.5
    endloop
  endfacet
  facet normal -0.99693 0.0782949 0
    outer loop
      vertex 73.55 8 37
      vertex 73.5285 7.72624 32.5
      vertex 73.5285 7.72624 37
    endloop
  endfacet
  facet normal -0.52256 0.852602 0
    outer loop
      vertex 72.8286 6.58422 32.5
      vertex 72.5945 6.44074 37
      vertex 72.8286 6.58422 37
    endloop
  endfacet
  facet normal -0.52256 0.852602 0
    outer loop
      vertex 72.5945 6.44074 37
      vertex 72.8286 6.58422 32.5
      vertex 72.5945 6.44074 32.5
    endloop
  endfacet
  facet normal -0.52256 -0.852602 0
    outer loop
      vertex 72.5945 9.55926 32.5
      vertex 72.8286 9.41578 37
      vertex 72.5945 9.55926 37
    endloop
  endfacet
  facet normal -0.52256 -0.852602 -0
    outer loop
      vertex 72.8286 9.41578 37
      vertex 72.5945 9.55926 32.5
      vertex 72.8286 9.41578 32.5
    endloop
  endfacet
  facet normal 0.972292 -0.23377 0
    outer loop
      vertex 70.0715 8.27376 37
      vertex 70.1357 8.54078 32.5
      vertex 70.1357 8.54078 37
    endloop
  endfacet
  facet normal 0.972292 -0.23377 0
    outer loop
      vertex 70.1357 8.54078 32.5
      vertex 70.0715 8.27376 37
      vertex 70.0715 8.27376 32.5
    endloop
  endfacet
  facet normal 0.760314 -0.649555 0
    outer loop
      vertex 70.3842 9.02862 37
      vertex 70.5626 9.23744 32.5
      vertex 70.5626 9.23744 37
    endloop
  endfacet
  facet normal 0.760314 -0.649555 0
    outer loop
      vertex 70.5626 9.23744 32.5
      vertex 70.3842 9.02862 37
      vertex 70.3842 9.02862 32.5
    endloop
  endfacet
  facet normal -0.0784282 0.99692 0
    outer loop
      vertex 72.0738 6.27154 32.5
      vertex 71.8 6.25 37
      vertex 72.0738 6.27154 37
    endloop
  endfacet
  facet normal -0.0784282 0.99692 0
    outer loop
      vertex 71.8 6.25 37
      vertex 72.0738 6.27154 32.5
      vertex 71.8 6.25 32.5
    endloop
  endfacet
  facet normal 0.382696 0.923874 -0
    outer loop
      vertex 71.2592 6.33565 32.5
      vertex 71.0055 6.44074 37
      vertex 71.2592 6.33565 37
    endloop
  endfacet
  facet normal 0.382696 0.923874 0
    outer loop
      vertex 71.0055 6.44074 37
      vertex 71.2592 6.33565 32.5
      vertex 71.0055 6.44074 32.5
    endloop
  endfacet
  facet normal 0.92399 -0.382416 0
    outer loop
      vertex 70.1357 8.54078 37
      vertex 70.2407 8.79448 32.5
      vertex 70.2407 8.79448 37
    endloop
  endfacet
  facet normal 0.92399 -0.382416 0
    outer loop
      vertex 70.2407 8.79448 32.5
      vertex 70.1357 8.54078 37
      vertex 70.1357 8.54078 32.5
    endloop
  endfacet
  facet normal -0.972292 0.23377 0
    outer loop
      vertex 73.4643 7.45922 32.5
      vertex 73.5285 7.72624 37
      vertex 73.5285 7.72624 32.5
    endloop
  endfacet
  facet normal -0.972292 0.23377 0
    outer loop
      vertex 73.5285 7.72624 37
      vertex 73.4643 7.45922 32.5
      vertex 73.4643 7.45922 37
    endloop
  endfacet
  facet normal -0.0784644 -0.996917 0
    outer loop
      vertex 71.8 9.75 32.5
      vertex 72.0738 9.72845 37
      vertex 71.8 9.75 37
    endloop
  endfacet
  facet normal -0.0784644 -0.996917 -0
    outer loop
      vertex 72.0738 9.72845 37
      vertex 71.8 9.75 32.5
      vertex 72.0738 9.72845 32.5
    endloop
  endfacet
  facet normal 0.382696 -0.923874 0
    outer loop
      vertex 71.0055 9.55926 32.5
      vertex 71.2592 9.66435 37
      vertex 71.0055 9.55926 37
    endloop
  endfacet
  facet normal 0.382696 -0.923874 0
    outer loop
      vertex 71.2592 9.66435 37
      vertex 71.0055 9.55926 32.5
      vertex 71.2592 9.66435 32.5
    endloop
  endfacet
  facet normal 0.233442 -0.972371 0
    outer loop
      vertex 71.2592 9.66435 32.5
      vertex 71.5262 9.72845 37
      vertex 71.2592 9.66435 37
    endloop
  endfacet
  facet normal 0.233442 -0.972371 0
    outer loop
      vertex 71.5262 9.72845 37
      vertex 71.2592 9.66435 32.5
      vertex 71.5262 9.72845 32.5
    endloop
  endfacet
  facet normal -0.85261 -0.522548 0
    outer loop
      vertex 73.3593 8.79448 32.5
      vertex 73.2158 9.02862 37
      vertex 73.2158 9.02862 32.5
    endloop
  endfacet
  facet normal -0.85261 -0.522548 0
    outer loop
      vertex 73.2158 9.02862 37
      vertex 73.3593 8.79448 32.5
      vertex 73.3593 8.79448 37
    endloop
  endfacet
  facet normal 0 0 1
    outer loop
      vertex 73.5285 8.27376 32.5
      vertex 73.5285 7.72624 32.5
      vertex 73.55 8 32.5
    endloop
  endfacet
  facet normal 0 0 1
    outer loop
      vertex 73.4643 8.54078 32.5
      vertex 73.5285 7.72624 32.5
      vertex 73.5285 8.27376 32.5
    endloop
  endfacet
  facet normal 0 0 1
    outer loop
      vertex 73.4643 8.54078 32.5
      vertex 73.4643 7.45922 32.5
      vertex 73.5285 7.72624 32.5
    endloop
  endfacet
  facet normal 0 0 1
    outer loop
      vertex 73.3593 8.79448 32.5
      vertex 73.4643 7.45922 32.5
      vertex 73.4643 8.54078 32.5
    endloop
  endfacet
  facet normal 0 0 1
    outer loop
      vertex 73.3593 8.79448 32.5
      vertex 73.3593 7.20552 32.5
      vertex 73.4643 7.45922 32.5
    endloop
  endfacet
  facet normal 0 0 1
    outer loop
      vertex 73.2158 9.02862 32.5
      vertex 73.3593 7.20552 32.5
      vertex 73.3593 8.79448 32.5
    endloop
  endfacet
  facet normal 0 0 1
    outer loop
      vertex 73.2158 9.02862 32.5
      vertex 73.2158 6.97138 32.5
      vertex 73.3593 7.20552 32.5
    endloop
  endfacet
  facet normal 0 0 1
    outer loop
      vertex 73.0374 9.23744 32.5
      vertex 73.2158 6.97138 32.5
      vertex 73.2158 9.02862 32.5
    endloop
  endfacet
  facet normal 0 0 1
    outer loop
      vertex 73.0374 9.23744 32.5
      vertex 73.0374 6.76256 32.5
      vertex 73.2158 6.97138 32.5
    endloop
  endfacet
  facet normal 0 0 1
    outer loop
      vertex 72.8286 9.41578 32.5
      vertex 73.0374 6.76256 32.5
      vertex 73.0374 9.23744 32.5
    endloop
  endfacet
  facet normal 0 0 1
    outer loop
      vertex 72.8286 9.41578 32.5
      vertex 72.8286 6.58422 32.5
      vertex 73.0374 6.76256 32.5
    endloop
  endfacet
  facet normal 0 0 1
    outer loop
      vertex 72.5945 9.55926 32.5
      vertex 72.8286 6.58422 32.5
      vertex 72.8286 9.41578 32.5
    endloop
  endfacet
  facet normal 0 0 1
    outer loop
      vertex 72.5945 9.55926 32.5
      vertex 72.5945 6.44074 32.5
      vertex 72.8286 6.58422 32.5
    endloop
  endfacet
  facet normal 0 0 1
    outer loop
      vertex 72.3408 9.66435 32.5
      vertex 72.5945 6.44074 32.5
      vertex 72.5945 9.55926 32.5
    endloop
  endfacet
  facet normal 0 0 1
    outer loop
      vertex 72.3408 9.66435 32.5
      vertex 72.3408 6.33565 32.5
      vertex 72.5945 6.44074 32.5
    endloop
  endfacet
  facet normal 0 0 1
    outer loop
      vertex 72.0738 9.72845 32.5
      vertex 72.3408 6.33565 32.5
      vertex 72.3408 9.66435 32.5
    endloop
  endfacet
  facet normal 0 0 1
    outer loop
      vertex 72.0738 9.72845 32.5
      vertex 72.0738 6.27154 32.5
      vertex 72.3408 6.33565 32.5
    endloop
  endfacet
  facet normal 0 0 1
    outer loop
      vertex 71.8 9.75 32.5
      vertex 72.0738 6.27154 32.5
      vertex 72.0738 9.72845 32.5
    endloop
  endfacet
  facet normal 0 0 1
    outer loop
      vertex 71.8 9.75 32.5
      vertex 71.8 6.25 32.5
      vertex 72.0738 6.27154 32.5
    endloop
  endfacet
  facet normal -0 0 1
    outer loop
      vertex 71.5262 9.72845 32.5
      vertex 71.8 6.25 32.5
      vertex 71.8 9.75 32.5
    endloop
  endfacet
  facet normal 0 0 1
    outer loop
      vertex 71.5262 9.72845 32.5
      vertex 71.5262 6.27154 32.5
      vertex 71.8 6.25 32.5
    endloop
  endfacet
  facet normal -0 0 1
    outer loop
      vertex 71.2592 9.66435 32.5
      vertex 71.5262 6.27154 32.5
      vertex 71.5262 9.72845 32.5
    endloop
  endfacet
  facet normal 0 0 1
    outer loop
      vertex 71.2592 9.66435 32.5
      vertex 71.2592 6.33565 32.5
      vertex 71.5262 6.27154 32.5
    endloop
  endfacet
  facet normal -0 0 1
    outer loop
      vertex 71.0055 9.55926 32.5
      vertex 71.2592 6.33565 32.5
      vertex 71.2592 9.66435 32.5
    endloop
  endfacet
  facet normal 0 0 1
    outer loop
      vertex 71.0055 9.55926 32.5
      vertex 71.0055 6.44074 32.5
      vertex 71.2592 6.33565 32.5
    endloop
  endfacet
  facet normal -0 0 1
    outer loop
      vertex 70.7714 9.41578 32.5
      vertex 71.0055 6.44074 32.5
      vertex 71.0055 9.55926 32.5
    endloop
  endfacet
  facet normal 0 0 1
    outer loop
      vertex 70.7714 9.41578 32.5
      vertex 70.7714 6.58422 32.5
      vertex 71.0055 6.44074 32.5
    endloop
  endfacet
  facet normal -0 0 1
    outer loop
      vertex 70.5626 9.23744 32.5
      vertex 70.7714 6.58422 32.5
      vertex 70.7714 9.41578 32.5
    endloop
  endfacet
  facet normal 0 0 1
    outer loop
      vertex 70.5626 9.23744 32.5
      vertex 70.5626 6.76256 32.5
      vertex 70.7714 6.58422 32.5
    endloop
  endfacet
  facet normal -0 0 1
    outer loop
      vertex 70.3842 9.02862 32.5
      vertex 70.5626 6.76256 32.5
      vertex 70.5626 9.23744 32.5
    endloop
  endfacet
  facet normal 0 0 1
    outer loop
      vertex 70.3842 9.02862 32.5
      vertex 70.3842 6.97138 32.5
      vertex 70.5626 6.76256 32.5
    endloop
  endfacet
  facet normal -0 0 1
    outer loop
      vertex 70.2407 8.79448 32.5
      vertex 70.3842 6.97138 32.5
      vertex 70.3842 9.02862 32.5
    endloop
  endfacet
  facet normal 0 0 1
    outer loop
      vertex 70.2407 8.79448 32.5
      vertex 70.2407 7.20552 32.5
      vertex 70.3842 6.97138 32.5
    endloop
  endfacet
  facet normal -0 0 1
    outer loop
      vertex 70.1357 8.54078 32.5
      vertex 70.2407 7.20552 32.5
      vertex 70.2407 8.79448 32.5
    endloop
  endfacet
  facet normal 0 0 1
    outer loop
      vertex 70.1357 8.54078 32.5
      vertex 70.1357 7.45922 32.5
      vertex 70.2407 7.20552 32.5
    endloop
  endfacet
  facet normal -0 0 1
    outer loop
      vertex 70.0715 8.27376 32.5
      vertex 70.1357 7.45922 32.5
      vertex 70.1357 8.54078 32.5
    endloop
  endfacet
  facet normal 0 0 1
    outer loop
      vertex 70.0715 8.27376 32.5
      vertex 70.0715 7.72624 32.5
      vertex 70.1357 7.45922 32.5
    endloop
  endfacet
  facet normal 0 -0 1
    outer loop
      vertex 70.0715 7.72624 32.5
      vertex 70.0715 8.27376 32.5
      vertex 70.05 8 32.5
    endloop
  endfacet
  facet normal 0.649465 0.760392 -0
    outer loop
      vertex 70.7714 6.58422 32.5
      vertex 70.5626 6.76256 37
      vertex 70.7714 6.58422 37
    endloop
  endfacet
  facet normal 0.649465 0.760392 0
    outer loop
      vertex 70.5626 6.76256 37
      vertex 70.7714 6.58422 32.5
      vertex 70.5626 6.76256 32.5
    endloop
  endfacet
  facet normal -0.760314 0.649555 0
    outer loop
      vertex 73.0374 6.76256 32.5
      vertex 73.2158 6.97138 37
      vertex 73.2158 6.97138 32.5
    endloop
  endfacet
  facet normal -0.760314 0.649555 0
    outer loop
      vertex 73.2158 6.97138 37
      vertex 73.0374 6.76256 32.5
      vertex 73.0374 6.76256 37
    endloop
  endfacet
  facet normal 0.649465 -0.760392 0
    outer loop
      vertex 70.5626 9.23744 32.5
      vertex 70.7714 9.41578 37
      vertex 70.5626 9.23744 37
    endloop
  endfacet
  facet normal 0.649465 -0.760392 0
    outer loop
      vertex 70.7714 9.41578 37
      vertex 70.5626 9.23744 32.5
      vertex 70.7714 9.41578 32.5
    endloop
  endfacet
  facet normal -0.382696 -0.923874 0
    outer loop
      vertex 72.3408 9.66435 32.5
      vertex 72.5945 9.55926 37
      vertex 72.3408 9.66435 37
    endloop
  endfacet
  facet normal -0.382696 -0.923874 -0
    outer loop
      vertex 72.5945 9.55926 37
      vertex 72.3408 9.66435 32.5
      vertex 72.5945 9.55926 32.5
    endloop
  endfacet
  facet normal -0.92399 -0.382416 0
    outer loop
      vertex 73.4643 8.54078 32.5
      vertex 73.3593 8.79448 37
      vertex 73.3593 8.79448 32.5
    endloop
  endfacet
  facet normal -0.92399 -0.382416 0
    outer loop
      vertex 73.3593 8.79448 37
      vertex 73.4643 8.54078 32.5
      vertex 73.4643 8.54078 37
    endloop
  endfacet
  facet normal 0.52256 0.852602 -0
    outer loop
      vertex 71.0055 6.44074 32.5
      vertex 70.7714 6.58422 37
      vertex 71.0055 6.44074 37
    endloop
  endfacet
  facet normal 0.52256 0.852602 0
    outer loop
      vertex 70.7714 6.58422 37
      vertex 71.0055 6.44074 32.5
      vertex 70.7714 6.58422 32.5
    endloop
  endfacet
  facet normal 0.99693 0.0782949 0
    outer loop
      vertex 70.0715 7.72624 37
      vertex 70.05 8 32.5
      vertex 70.05 8 37
    endloop
  endfacet
  facet normal 0.99693 0.0782949 0
    outer loop
      vertex 70.05 8 32.5
      vertex 70.0715 7.72624 37
      vertex 70.0715 7.72624 32.5
    endloop
  endfacet
  facet normal 0.85261 0.522548 0
    outer loop
      vertex 70.3842 6.97138 37
      vertex 70.2407 7.20552 32.5
      vertex 70.2407 7.20552 37
    endloop
  endfacet
  facet normal 0.85261 0.522548 0
    outer loop
      vertex 70.2407 7.20552 32.5
      vertex 70.3842 6.97138 37
      vertex 70.3842 6.97138 32.5
    endloop
  endfacet
  facet normal -0.853421 -0.521223 0
    outer loop
      vertex 136.259 8.79448 32.5
      vertex 136.116 9.02862 37
      vertex 136.116 9.02862 32.5
    endloop
  endfacet
  facet normal -0.853421 -0.521223 0
    outer loop
      vertex 136.116 9.02862 37
      vertex 136.259 8.79448 32.5
      vertex 136.259 8.79448 37
    endloop
  endfacet
  facet normal -0.972457 -0.233081 0
    outer loop
      vertex 136.428 8.27376 32.5
      vertex 136.364 8.54078 37
      vertex 136.364 8.54078 32.5
    endloop
  endfacet
  facet normal -0.972457 -0.233081 0
    outer loop
      vertex 136.364 8.54078 37
      vertex 136.428 8.27376 32.5
      vertex 136.428 8.27376 37
    endloop
  endfacet
  facet normal -0.996787 -0.0801041 0
    outer loop
      vertex 136.45 8 32.5
      vertex 136.428 8.27376 37
      vertex 136.428 8.27376 32.5
    endloop
  endfacet
  facet normal -0.996787 -0.0801041 0
    outer loop
      vertex 136.428 8.27376 37
      vertex 136.45 8 32.5
      vertex 136.45 8 37
    endloop
  endfacet
  facet normal -0.92399 -0.382416 0
    outer loop
      vertex 136.364 8.54078 32.5
      vertex 136.259 8.79448 37
      vertex 136.259 8.79448 32.5
    endloop
  endfacet
  facet normal -0.92399 -0.382416 0
    outer loop
      vertex 136.259 8.79448 37
      vertex 136.364 8.54078 32.5
      vertex 136.364 8.54078 37
    endloop
  endfacet
  facet normal 0.0784075 -0.996921 0
    outer loop
      vertex 134.426 9.72845 32.5
      vertex 134.7 9.75 37
      vertex 134.426 9.72845 37
    endloop
  endfacet
  facet normal 0.0784075 -0.996921 0
    outer loop
      vertex 134.7 9.75 37
      vertex 134.426 9.72845 32.5
      vertex 134.7 9.75 32.5
    endloop
  endfacet
  facet normal -0.383599 0.9235 0
    outer loop
      vertex 135.494 6.44074 32.5
      vertex 135.241 6.33565 37
      vertex 135.494 6.44074 37
    endloop
  endfacet
  facet normal -0.383599 0.9235 0
    outer loop
      vertex 135.241 6.33565 37
      vertex 135.494 6.44074 32.5
      vertex 135.241 6.33565 32.5
    endloop
  endfacet
  facet normal -0.650906 -0.759159 0
    outer loop
      vertex 135.729 9.41578 32.5
      vertex 135.937 9.23744 37
      vertex 135.729 9.41578 37
    endloop
  endfacet
  facet normal -0.650906 -0.759159 -0
    outer loop
      vertex 135.937 9.23744 37
      vertex 135.729 9.41578 32.5
      vertex 135.937 9.23744 32.5
    endloop
  endfacet
  facet normal 0.521103 0.853494 -0
    outer loop
      vertex 133.906 6.44074 32.5
      vertex 133.671 6.58422 37
      vertex 133.906 6.44074 37
    endloop
  endfacet
  facet normal 0.521103 0.853494 0
    outer loop
      vertex 133.671 6.58422 37
      vertex 133.906 6.44074 32.5
      vertex 133.671 6.58422 32.5
    endloop
  endfacet
  facet normal -0.0783713 0.996924 0
    outer loop
      vertex 134.974 6.27154 32.5
      vertex 134.7 6.25 37
      vertex 134.974 6.27154 37
    endloop
  endfacet
  facet normal -0.0783713 0.996924 0
    outer loop
      vertex 134.7 6.25 37
      vertex 134.974 6.27154 32.5
      vertex 134.7 6.25 32.5
    endloop
  endfacet
  facet normal -0.996787 0.0801041 0
    outer loop
      vertex 136.428 7.72624 32.5
      vertex 136.45 8 37
      vertex 136.45 8 32.5
    endloop
  endfacet
  facet normal -0.996787 0.0801041 0
    outer loop
      vertex 136.45 8 37
      vertex 136.428 7.72624 32.5
      vertex 136.428 7.72624 37
    endloop
  endfacet
  facet normal 0.996787 -0.0801041 0
    outer loop
      vertex 132.95 8 37
      vertex 132.972 8.27376 32.5
      vertex 132.972 8.27376 37
    endloop
  endfacet
  facet normal 0.996787 -0.0801041 0
    outer loop
      vertex 132.972 8.27376 32.5
      vertex 132.95 8 37
      vertex 132.95 8 32.5
    endloop
  endfacet
  facet normal -0.92399 0.382416 0
    outer loop
      vertex 136.259 7.20552 32.5
      vertex 136.364 7.45922 37
      vertex 136.364 7.45922 32.5
    endloop
  endfacet
  facet normal -0.92399 0.382416 0
    outer loop
      vertex 136.364 7.45922 37
      vertex 136.259 7.20552 32.5
      vertex 136.259 7.20552 37
    endloop
  endfacet
  facet normal 0.996787 0.0801041 0
    outer loop
      vertex 132.972 7.72624 37
      vertex 132.95 8 32.5
      vertex 132.95 8 37
    endloop
  endfacet
  facet normal 0.996787 0.0801041 0
    outer loop
      vertex 132.95 8 32.5
      vertex 132.972 7.72624 37
      vertex 132.972 7.72624 32.5
    endloop
  endfacet
  facet normal -0.233476 0.972363 0
    outer loop
      vertex 135.241 6.33565 32.5
      vertex 134.974 6.27154 37
      vertex 135.241 6.33565 37
    endloop
  endfacet
  facet normal -0.233476 0.972363 0
    outer loop
      vertex 134.974 6.27154 37
      vertex 135.241 6.33565 32.5
      vertex 134.974 6.27154 32.5
    endloop
  endfacet
  facet normal 0.759236 -0.650815 0
    outer loop
      vertex 133.284 9.02862 37
      vertex 133.463 9.23744 32.5
      vertex 133.463 9.23744 37
    endloop
  endfacet
  facet normal 0.759236 -0.650815 0
    outer loop
      vertex 133.463 9.23744 32.5
      vertex 133.284 9.02862 37
      vertex 133.284 9.02862 32.5
    endloop
  endfacet
  facet normal 0.233442 -0.972371 0
    outer loop
      vertex 134.159 9.66435 32.5
      vertex 134.426 9.72845 37
      vertex 134.159 9.66435 37
    endloop
  endfacet
  facet normal 0.233442 -0.972371 0
    outer loop
      vertex 134.426 9.72845 37
      vertex 134.159 9.66435 32.5
      vertex 134.426 9.72845 32.5
    endloop
  endfacet
  facet normal 0.650906 -0.759159 0
    outer loop
      vertex 133.463 9.23744 32.5
      vertex 133.671 9.41578 37
      vertex 133.463 9.23744 37
    endloop
  endfacet
  facet normal 0.650906 -0.759159 0
    outer loop
      vertex 133.671 9.41578 37
      vertex 133.463 9.23744 32.5
      vertex 133.671 9.41578 32.5
    endloop
  endfacet
  facet normal -0.853421 0.521223 0
    outer loop
      vertex 136.116 6.97138 32.5
      vertex 136.259 7.20552 37
      vertex 136.259 7.20552 32.5
    endloop
  endfacet
  facet normal -0.853421 0.521223 0
    outer loop
      vertex 136.259 7.20552 37
      vertex 136.116 6.97138 32.5
      vertex 136.116 6.97138 37
    endloop
  endfacet
  facet normal 0.521103 -0.853494 0
    outer loop
      vertex 133.671 9.41578 32.5
      vertex 133.906 9.55926 37
      vertex 133.671 9.41578 37
    endloop
  endfacet
  facet normal 0.521103 -0.853494 0
    outer loop
      vertex 133.906 9.55926 37
      vertex 133.671 9.41578 32.5
      vertex 133.906 9.55926 32.5
    endloop
  endfacet
  facet normal -0.759236 0.650815 0
    outer loop
      vertex 135.937 6.76256 32.5
      vertex 136.116 6.97138 37
      vertex 136.116 6.97138 32.5
    endloop
  endfacet
  facet normal -0.759236 0.650815 0
    outer loop
      vertex 136.116 6.97138 37
      vertex 135.937 6.76256 32.5
      vertex 135.937 6.76256 37
    endloop
  endfacet
  facet normal 0.972457 -0.233081 0
    outer loop
      vertex 132.972 8.27376 37
      vertex 133.036 8.54078 32.5
      vertex 133.036 8.54078 37
    endloop
  endfacet
  facet normal 0.972457 -0.233081 0
    outer loop
      vertex 133.036 8.54078 32.5
      vertex 132.972 8.27376 37
      vertex 132.972 8.27376 32.5
    endloop
  endfacet
  facet normal -0.0784075 -0.996921 0
    outer loop
      vertex 134.7 9.75 32.5
      vertex 134.974 9.72845 37
      vertex 134.7 9.75 37
    endloop
  endfacet
  facet normal -0.0784075 -0.996921 -0
    outer loop
      vertex 134.974 9.72845 37
      vertex 134.7 9.75 32.5
      vertex 134.974 9.72845 32.5
    endloop
  endfacet
  facet normal 0.233476 0.972363 -0
    outer loop
      vertex 134.426 6.27154 32.5
      vertex 134.159 6.33565 37
      vertex 134.426 6.27154 37
    endloop
  endfacet
  facet normal 0.233476 0.972363 0
    outer loop
      vertex 134.159 6.33565 37
      vertex 134.426 6.27154 32.5
      vertex 134.159 6.33565 32.5
    endloop
  endfacet
  facet normal 0.853421 0.521223 0
    outer loop
      vertex 133.284 6.97138 37
      vertex 133.141 7.20552 32.5
      vertex 133.141 7.20552 37
    endloop
  endfacet
  facet normal 0.853421 0.521223 0
    outer loop
      vertex 133.141 7.20552 32.5
      vertex 133.284 6.97138 37
      vertex 133.284 6.97138 32.5
    endloop
  endfacet
  facet normal 0.972457 0.233081 0
    outer loop
      vertex 133.036 7.45922 37
      vertex 132.972 7.72624 32.5
      vertex 132.972 7.72624 37
    endloop
  endfacet
  facet normal 0.972457 0.233081 0
    outer loop
      vertex 132.972 7.72624 32.5
      vertex 133.036 7.45922 37
      vertex 133.036 7.45922 32.5
    endloop
  endfacet
  facet normal -0.383599 -0.9235 0
    outer loop
      vertex 135.241 9.66435 32.5
      vertex 135.494 9.55926 37
      vertex 135.241 9.66435 37
    endloop
  endfacet
  facet normal -0.383599 -0.9235 -0
    outer loop
      vertex 135.494 9.55926 37
      vertex 135.241 9.66435 32.5
      vertex 135.494 9.55926 32.5
    endloop
  endfacet
  facet normal -0.521103 -0.853494 0
    outer loop
      vertex 135.494 9.55926 32.5
      vertex 135.729 9.41578 37
      vertex 135.494 9.55926 37
    endloop
  endfacet
  facet normal -0.521103 -0.853494 -0
    outer loop
      vertex 135.729 9.41578 37
      vertex 135.494 9.55926 32.5
      vertex 135.729 9.41578 32.5
    endloop
  endfacet
  facet normal 0.383599 -0.9235 0
    outer loop
      vertex 133.906 9.55926 32.5
      vertex 134.159 9.66435 37
      vertex 133.906 9.55926 37
    endloop
  endfacet
  facet normal 0.383599 -0.9235 0
    outer loop
      vertex 134.159 9.66435 37
      vertex 133.906 9.55926 32.5
      vertex 134.159 9.66435 32.5
    endloop
  endfacet
  facet normal 0.853421 -0.521223 0
    outer loop
      vertex 133.141 8.79448 37
      vertex 133.284 9.02862 32.5
      vertex 133.284 9.02862 37
    endloop
  endfacet
  facet normal 0.853421 -0.521223 0
    outer loop
      vertex 133.284 9.02862 32.5
      vertex 133.141 8.79448 37
      vertex 133.141 8.79448 32.5
    endloop
  endfacet
  facet normal -0.650906 0.759159 0
    outer loop
      vertex 135.937 6.76256 32.5
      vertex 135.729 6.58422 37
      vertex 135.937 6.76256 37
    endloop
  endfacet
  facet normal -0.650906 0.759159 0
    outer loop
      vertex 135.729 6.58422 37
      vertex 135.937 6.76256 32.5
      vertex 135.729 6.58422 32.5
    endloop
  endfacet
  facet normal -0.233442 -0.972371 0
    outer loop
      vertex 134.974 9.72845 32.5
      vertex 135.241 9.66435 37
      vertex 134.974 9.72845 37
    endloop
  endfacet
  facet normal -0.233442 -0.972371 -0
    outer loop
      vertex 135.241 9.66435 37
      vertex 134.974 9.72845 32.5
      vertex 135.241 9.66435 32.5
    endloop
  endfacet
  facet normal 0.759236 0.650815 0
    outer loop
      vertex 133.463 6.76256 37
      vertex 133.284 6.97138 32.5
      vertex 133.284 6.97138 37
    endloop
  endfacet
  facet normal 0.759236 0.650815 0
    outer loop
      vertex 133.284 6.97138 32.5
      vertex 133.463 6.76256 37
      vertex 133.463 6.76256 32.5
    endloop
  endfacet
  facet normal -0.972457 0.233081 0
    outer loop
      vertex 136.364 7.45922 32.5
      vertex 136.428 7.72624 37
      vertex 136.428 7.72624 32.5
    endloop
  endfacet
  facet normal -0.972457 0.233081 0
    outer loop
      vertex 136.428 7.72624 37
      vertex 136.364 7.45922 32.5
      vertex 136.364 7.45922 37
    endloop
  endfacet
  facet normal -0.759236 -0.650815 0
    outer loop
      vertex 136.116 9.02862 32.5
      vertex 135.937 9.23744 37
      vertex 135.937 9.23744 32.5
    endloop
  endfacet
  facet normal -0.759236 -0.650815 0
    outer loop
      vertex 135.937 9.23744 37
      vertex 136.116 9.02862 32.5
      vertex 136.116 9.02862 37
    endloop
  endfacet
  facet normal -0.521103 0.853494 0
    outer loop
      vertex 135.729 6.58422 32.5
      vertex 135.494 6.44074 37
      vertex 135.729 6.58422 37
    endloop
  endfacet
  facet normal -0.521103 0.853494 0
    outer loop
      vertex 135.494 6.44074 37
      vertex 135.729 6.58422 32.5
      vertex 135.494 6.44074 32.5
    endloop
  endfacet
  facet normal 0.650906 0.759159 -0
    outer loop
      vertex 133.671 6.58422 32.5
      vertex 133.463 6.76256 37
      vertex 133.671 6.58422 37
    endloop
  endfacet
  facet normal 0.650906 0.759159 0
    outer loop
      vertex 133.463 6.76256 37
      vertex 133.671 6.58422 32.5
      vertex 133.463 6.76256 32.5
    endloop
  endfacet
  facet normal 0.92399 0.382416 0
    outer loop
      vertex 133.141 7.20552 37
      vertex 133.036 7.45922 32.5
      vertex 133.036 7.45922 37
    endloop
  endfacet
  facet normal 0.92399 0.382416 0
    outer loop
      vertex 133.036 7.45922 32.5
      vertex 133.141 7.20552 37
      vertex 133.141 7.20552 32.5
    endloop
  endfacet
  facet normal 0.92399 -0.382416 0
    outer loop
      vertex 133.036 8.54078 37
      vertex 133.141 8.79448 32.5
      vertex 133.141 8.79448 37
    endloop
  endfacet
  facet normal 0.92399 -0.382416 0
    outer loop
      vertex 133.141 8.79448 32.5
      vertex 133.036 8.54078 37
      vertex 133.036 8.54078 32.5
    endloop
  endfacet
  facet normal 0.0783713 0.996924 -0
    outer loop
      vertex 134.7 6.25 32.5
      vertex 134.426 6.27154 37
      vertex 134.7 6.25 37
    endloop
  endfacet
  facet normal 0.0783713 0.996924 0
    outer loop
      vertex 134.426 6.27154 37
      vertex 134.7 6.25 32.5
      vertex 134.426 6.27154 32.5
    endloop
  endfacet
  facet normal 0 0 1
    outer loop
      vertex 136.428 8.27376 32.5
      vertex 136.428 7.72624 32.5
      vertex 136.45 8 32.5
    endloop
  endfacet
  facet normal 0 0 1
    outer loop
      vertex 136.364 8.54078 32.5
      vertex 136.428 7.72624 32.5
      vertex 136.428 8.27376 32.5
    endloop
  endfacet
  facet normal 0 0 1
    outer loop
      vertex 136.364 8.54078 32.5
      vertex 136.364 7.45922 32.5
      vertex 136.428 7.72624 32.5
    endloop
  endfacet
  facet normal 0 0 1
    outer loop
      vertex 136.259 8.79448 32.5
      vertex 136.364 7.45922 32.5
      vertex 136.364 8.54078 32.5
    endloop
  endfacet
  facet normal 0 0 1
    outer loop
      vertex 136.259 8.79448 32.5
      vertex 136.259 7.20552 32.5
      vertex 136.364 7.45922 32.5
    endloop
  endfacet
  facet normal 0 0 1
    outer loop
      vertex 136.116 9.02862 32.5
      vertex 136.259 7.20552 32.5
      vertex 136.259 8.79448 32.5
    endloop
  endfacet
  facet normal 0 0 1
    outer loop
      vertex 136.116 9.02862 32.5
      vertex 136.116 6.97138 32.5
      vertex 136.259 7.20552 32.5
    endloop
  endfacet
  facet normal 0 0 1
    outer loop
      vertex 135.937 9.23744 32.5
      vertex 136.116 6.97138 32.5
      vertex 136.116 9.02862 32.5
    endloop
  endfacet
  facet normal 0 0 1
    outer loop
      vertex 135.937 9.23744 32.5
      vertex 135.937 6.76256 32.5
      vertex 136.116 6.97138 32.5
    endloop
  endfacet
  facet normal 0 0 1
    outer loop
      vertex 135.729 9.41578 32.5
      vertex 135.937 6.76256 32.5
      vertex 135.937 9.23744 32.5
    endloop
  endfacet
  facet normal 0 0 1
    outer loop
      vertex 135.729 9.41578 32.5
      vertex 135.729 6.58422 32.5
      vertex 135.937 6.76256 32.5
    endloop
  endfacet
  facet normal 0 0 1
    outer loop
      vertex 135.494 9.55926 32.5
      vertex 135.729 6.58422 32.5
      vertex 135.729 9.41578 32.5
    endloop
  endfacet
  facet normal 0 0 1
    outer loop
      vertex 135.494 9.55926 32.5
      vertex 135.494 6.44074 32.5
      vertex 135.729 6.58422 32.5
    endloop
  endfacet
  facet normal 0 0 1
    outer loop
      vertex 135.241 9.66435 32.5
      vertex 135.494 6.44074 32.5
      vertex 135.494 9.55926 32.5
    endloop
  endfacet
  facet normal 0 0 1
    outer loop
      vertex 135.241 9.66435 32.5
      vertex 135.241 6.33565 32.5
      vertex 135.494 6.44074 32.5
    endloop
  endfacet
  facet normal 0 0 1
    outer loop
      vertex 134.974 9.72845 32.5
      vertex 135.241 6.33565 32.5
      vertex 135.241 9.66435 32.5
    endloop
  endfacet
  facet normal 0 0 1
    outer loop
      vertex 134.974 9.72845 32.5
      vertex 134.974 6.27154 32.5
      vertex 135.241 6.33565 32.5
    endloop
  endfacet
  facet normal 0 0 1
    outer loop
      vertex 134.7 9.75 32.5
      vertex 134.974 6.27154 32.5
      vertex 134.974 9.72845 32.5
    endloop
  endfacet
  facet normal 0 0 1
    outer loop
      vertex 134.7 9.75 32.5
      vertex 134.7 6.25 32.5
      vertex 134.974 6.27154 32.5
    endloop
  endfacet
  facet normal -0 0 1
    outer loop
      vertex 134.426 9.72845 32.5
      vertex 134.7 6.25 32.5
      vertex 134.7 9.75 32.5
    endloop
  endfacet
  facet normal 0 0 1
    outer loop
      vertex 134.426 9.72845 32.5
      vertex 134.426 6.27154 32.5
      vertex 134.7 6.25 32.5
    endloop
  endfacet
  facet normal -0 0 1
    outer loop
      vertex 134.159 9.66435 32.5
      vertex 134.426 6.27154 32.5
      vertex 134.426 9.72845 32.5
    endloop
  endfacet
  facet normal 0 0 1
    outer loop
      vertex 134.159 9.66435 32.5
      vertex 134.159 6.33565 32.5
      vertex 134.426 6.27154 32.5
    endloop
  endfacet
  facet normal -0 0 1
    outer loop
      vertex 133.906 9.55926 32.5
      vertex 134.159 6.33565 32.5
      vertex 134.159 9.66435 32.5
    endloop
  endfacet
  facet normal 0 0 1
    outer loop
      vertex 133.906 9.55926 32.5
      vertex 133.906 6.44074 32.5
      vertex 134.159 6.33565 32.5
    endloop
  endfacet
  facet normal -0 0 1
    outer loop
      vertex 133.671 9.41578 32.5
      vertex 133.906 6.44074 32.5
      vertex 133.906 9.55926 32.5
    endloop
  endfacet
  facet normal 0 0 1
    outer loop
      vertex 133.671 9.41578 32.5
      vertex 133.671 6.58422 32.5
      vertex 133.906 6.44074 32.5
    endloop
  endfacet
  facet normal -0 0 1
    outer loop
      vertex 133.463 9.23744 32.5
      vertex 133.671 6.58422 32.5
      vertex 133.671 9.41578 32.5
    endloop
  endfacet
  facet normal 0 0 1
    outer loop
      vertex 133.463 9.23744 32.5
      vertex 133.463 6.76256 32.5
      vertex 133.671 6.58422 32.5
    endloop
  endfacet
  facet normal -0 0 1
    outer loop
      vertex 133.284 9.02862 32.5
      vertex 133.463 6.76256 32.5
      vertex 133.463 9.23744 32.5
    endloop
  endfacet
  facet normal 0 0 1
    outer loop
      vertex 133.284 9.02862 32.5
      vertex 133.284 6.97138 32.5
      vertex 133.463 6.76256 32.5
    endloop
  endfacet
  facet normal -0 0 1
    outer loop
      vertex 133.141 8.79448 32.5
      vertex 133.284 6.97138 32.5
      vertex 133.284 9.02862 32.5
    endloop
  endfacet
  facet normal 0 0 1
    outer loop
      vertex 133.141 8.79448 32.5
      vertex 133.141 7.20552 32.5
      vertex 133.284 6.97138 32.5
    endloop
  endfacet
  facet normal -0 0 1
    outer loop
      vertex 133.036 8.54078 32.5
      vertex 133.141 7.20552 32.5
      vertex 133.141 8.79448 32.5
    endloop
  endfacet
  facet normal 0 0 1
    outer loop
      vertex 133.036 8.54078 32.5
      vertex 133.036 7.45922 32.5
      vertex 133.141 7.20552 32.5
    endloop
  endfacet
  facet normal -0 0 1
    outer loop
      vertex 132.972 8.27376 32.5
      vertex 133.036 7.45922 32.5
      vertex 133.036 8.54078 32.5
    endloop
  endfacet
  facet normal 0 0 1
    outer loop
      vertex 132.972 8.27376 32.5
      vertex 132.972 7.72624 32.5
      vertex 133.036 7.45922 32.5
    endloop
  endfacet
  facet normal 0 -0 1
    outer loop
      vertex 132.972 7.72624 32.5
      vertex 132.972 8.27376 32.5
      vertex 132.95 8 32.5
    endloop
  endfacet
  facet normal 0.383599 0.9235 -0
    outer loop
      vertex 134.159 6.33565 32.5
      vertex 133.906 6.44074 37
      vertex 134.159 6.33565 37
    endloop
  endfacet
  facet normal 0.383599 0.9235 0
    outer loop
      vertex 133.906 6.44074 37
      vertex 134.159 6.33565 32.5
      vertex 133.906 6.44074 32.5
    endloop
  endfacet
  facet normal -0 0 1
    outer loop
      vertex 73.55 8 37
      vertex 75.05 4.75 37
      vertex 75.05 11.25 37
    endloop
  endfacet
  facet normal -0 0 1
    outer loop
      vertex 73.5285 7.72624 37
      vertex 75.05 4.75 37
      vertex 73.55 8 37
    endloop
  endfacet
  facet normal 0 0 1
    outer loop
      vertex 75.05 11.25 37
      vertex 73.5285 8.27376 37
      vertex 73.55 8 37
    endloop
  endfacet
  facet normal 0 0 1
    outer loop
      vertex 75.05 11.25 37
      vertex 73.4643 8.54078 37
      vertex 73.5285 8.27376 37
    endloop
  endfacet
  facet normal 0 0 1
    outer loop
      vertex 75.05 11.25 37
      vertex 73.3593 8.79448 37
      vertex 73.4643 8.54078 37
    endloop
  endfacet
  facet normal 0 0 1
    outer loop
      vertex 75.05 11.25 37
      vertex 73.2158 9.02862 37
      vertex 73.3593 8.79448 37
    endloop
  endfacet
  facet normal 0 0 1
    outer loop
      vertex 75.05 11.25 37
      vertex 73.0374 9.23744 37
      vertex 73.2158 9.02862 37
    endloop
  endfacet
  facet normal 0 0 1
    outer loop
      vertex 75.05 11.25 37
      vertex 72.8286 9.41578 37
      vertex 73.0374 9.23744 37
    endloop
  endfacet
  facet normal 0 0 1
    outer loop
      vertex 75.05 11.25 37
      vertex 72.5945 9.55926 37
      vertex 72.8286 9.41578 37
    endloop
  endfacet
  facet normal 0 0 1
    outer loop
      vertex 75.05 11.25 37
      vertex 72.3408 9.66435 37
      vertex 72.5945 9.55926 37
    endloop
  endfacet
  facet normal 0 0 1
    outer loop
      vertex 75.05 11.25 37
      vertex 72.0738 9.72845 37
      vertex 72.3408 9.66435 37
    endloop
  endfacet
  facet normal 0 0 1
    outer loop
      vertex 75.05 11.25 37
      vertex 71.8 9.75 37
      vertex 72.0738 9.72845 37
    endloop
  endfacet
  facet normal -0 0 1
    outer loop
      vertex 68.55 11.25 37
      vertex 71.8 9.75 37
      vertex 75.05 11.25 37
    endloop
  endfacet
  facet normal 0 0 1
    outer loop
      vertex 71.8 9.75 37
      vertex 68.55 11.25 37
      vertex 71.5262 9.72845 37
    endloop
  endfacet
  facet normal 0 0 1
    outer loop
      vertex 71.5262 9.72845 37
      vertex 68.55 11.25 37
      vertex 71.2592 9.66435 37
    endloop
  endfacet
  facet normal 0 0 1
    outer loop
      vertex 68.55 11.25 37
      vertex 70.05 8 37
      vertex 70.0715 8.27376 37
    endloop
  endfacet
  facet normal 0 0 1
    outer loop
      vertex 68.55 11.25 37
      vertex 70.0715 8.27376 37
      vertex 70.1357 8.54078 37
    endloop
  endfacet
  facet normal 0 0 1
    outer loop
      vertex 71.2592 9.66435 37
      vertex 68.55 11.25 37
      vertex 71.0055 9.55926 37
    endloop
  endfacet
  facet normal 0 0 1
    outer loop
      vertex 68.55 11.25 37
      vertex 70.7714 9.41578 37
      vertex 71.0055 9.55926 37
    endloop
  endfacet
  facet normal 0 0 1
    outer loop
      vertex 68.55 11.25 37
      vertex 70.5626 9.23744 37
      vertex 70.7714 9.41578 37
    endloop
  endfacet
  facet normal 0 0 1
    outer loop
      vertex 68.55 11.25 37
      vertex 70.3842 9.02862 37
      vertex 70.5626 9.23744 37
    endloop
  endfacet
  facet normal 0 0 1
    outer loop
      vertex 68.55 11.25 37
      vertex 70.2407 8.79448 37
      vertex 70.3842 9.02862 37
    endloop
  endfacet
  facet normal 0 0 1
    outer loop
      vertex 68.55 11.25 37
      vertex 70.1357 8.54078 37
      vertex 70.2407 8.79448 37
    endloop
  endfacet
  facet normal 0 0 1
    outer loop
      vertex 70.05 8 37
      vertex 68.55 11.25 37
      vertex 68.55 4.75 37
    endloop
  endfacet
  facet normal 0 0 1
    outer loop
      vertex 70.05 8 37
      vertex 68.55 4.75 37
      vertex 68.5724 4.70893 37
    endloop
  endfacet
  facet normal -0 0 1
    outer loop
      vertex 136.45 8 37
      vertex 137.95 4.75 37
      vertex 137.95 11.25 37
    endloop
  endfacet
  facet normal -0 0 1
    outer loop
      vertex 136.428 7.72624 37
      vertex 137.95 4.75 37
      vertex 136.45 8 37
    endloop
  endfacet
  facet normal 0 0 1
    outer loop
      vertex 137.95 11.25 37
      vertex 136.428 8.27376 37
      vertex 136.45 8 37
    endloop
  endfacet
  facet normal 0 0 1
    outer loop
      vertex 137.95 11.25 37
      vertex 136.364 8.54078 37
      vertex 136.428 8.27376 37
    endloop
  endfacet
  facet normal 0 0 1
    outer loop
      vertex 137.95 11.25 37
      vertex 136.259 8.79448 37
      vertex 136.364 8.54078 37
    endloop
  endfacet
  facet normal 0 0 1
    outer loop
      vertex 137.95 11.25 37
      vertex 136.116 9.02862 37
      vertex 136.259 8.79448 37
    endloop
  endfacet
  facet normal 0 0 1
    outer loop
      vertex 137.95 11.25 37
      vertex 135.937 9.23744 37
      vertex 136.116 9.02862 37
    endloop
  endfacet
  facet normal 0 0 1
    outer loop
      vertex 137.95 11.25 37
      vertex 135.729 9.41578 37
      vertex 135.937 9.23744 37
    endloop
  endfacet
  facet normal 0 0 1
    outer loop
      vertex 137.95 11.25 37
      vertex 135.494 9.55926 37
      vertex 135.729 9.41578 37
    endloop
  endfacet
  facet normal 0 0 1
    outer loop
      vertex 137.95 11.25 37
      vertex 135.241 9.66435 37
      vertex 135.494 9.55926 37
    endloop
  endfacet
  facet normal 0 0 1
    outer loop
      vertex 137.95 11.25 37
      vertex 134.974 9.72845 37
      vertex 135.241 9.66435 37
    endloop
  endfacet
  facet normal 0 0 1
    outer loop
      vertex 137.95 11.25 37
      vertex 134.7 9.75 37
      vertex 134.974 9.72845 37
    endloop
  endfacet
  facet normal -0 0 1
    outer loop
      vertex 131.45 11.25 37
      vertex 134.7 9.75 37
      vertex 137.95 11.25 37
    endloop
  endfacet
  facet normal 0 0 1
    outer loop
      vertex 134.7 9.75 37
      vertex 131.45 11.25 37
      vertex 134.426 9.72845 37
    endloop
  endfacet
  facet normal 0 0 1
    outer loop
      vertex 134.426 9.72845 37
      vertex 131.45 11.25 37
      vertex 134.159 9.66435 37
    endloop
  endfacet
  facet normal 0 0 1
    outer loop
      vertex 131.45 11.25 37
      vertex 132.95 8 37
      vertex 132.972 8.27376 37
    endloop
  endfacet
  facet normal 0 0 1
    outer loop
      vertex 131.45 11.25 37
      vertex 132.972 8.27376 37
      vertex 133.036 8.54078 37
    endloop
  endfacet
  facet normal 0 0 1
    outer loop
      vertex 134.159 9.66435 37
      vertex 131.45 11.25 37
      vertex 133.906 9.55926 37
    endloop
  endfacet
  facet normal 0 0 1
    outer loop
      vertex 131.45 11.25 37
      vertex 133.671 9.41578 37
      vertex 133.906 9.55926 37
    endloop
  endfacet
  facet normal 0 0 1
    outer loop
      vertex 131.45 11.25 37
      vertex 133.463 9.23744 37
      vertex 133.671 9.41578 37
    endloop
  endfacet
  facet normal 0 0 1
    outer loop
      vertex 131.45 11.25 37
      vertex 133.284 9.02862 37
      vertex 133.463 9.23744 37
    endloop
  endfacet
  facet normal 0 0 1
    outer loop
      vertex 131.45 11.25 37
      vertex 133.141 8.79448 37
      vertex 133.284 9.02862 37
    endloop
  endfacet
  facet normal 0 0 1
    outer loop
      vertex 131.45 11.25 37
      vertex 133.036 8.54078 37
      vertex 133.141 8.79448 37
    endloop
  endfacet
  facet normal 0 0 1
    outer loop
      vertex 132.95 8 37
      vertex 131.45 11.25 37
      vertex 131.45 4.75 37
    endloop
  endfacet
  facet normal 0 0 1
    outer loop
      vertex 132.95 8 37
      vertex 131.45 4.75 37
      vertex 131.472 4.70893 37
    endloop
  endfacet
  facet normal -0 0 1
    outer loop
      vertex 137.928 4.70893 37
      vertex 191.9 1.04468 37
      vertex 191.9 4.70893 37
    endloop
  endfacet
  facet normal -0 0 1
    outer loop
      vertex 136.364 7.45922 37
      vertex 137.95 4.75 37
      vertex 136.428 7.72624 37
    endloop
  endfacet
  facet normal -0 0 1
    outer loop
      vertex 136.259 7.20552 37
      vertex 137.95 4.75 37
      vertex 136.364 7.45922 37
    endloop
  endfacet
  facet normal -0 0 1
    outer loop
      vertex 136.116 6.97138 37
      vertex 137.95 4.75 37
      vertex 136.259 7.20552 37
    endloop
  endfacet
  facet normal -0 0 1
    outer loop
      vertex 135.937 6.76256 37
      vertex 137.95 4.75 37
      vertex 136.116 6.97138 37
    endloop
  endfacet
  facet normal -0 0 1
    outer loop
      vertex 135.729 6.58422 37
      vertex 137.95 4.75 37
      vertex 135.937 6.76256 37
    endloop
  endfacet
  facet normal 0 0 1
    outer loop
      vertex 137.95 4.75 37
      vertex 135.729 6.58422 37
      vertex 137.928 4.70893 37
    endloop
  endfacet
  facet normal -0 0 1
    outer loop
      vertex 135.494 6.44074 37
      vertex 137.928 4.70893 37
      vertex 135.729 6.58422 37
    endloop
  endfacet
  facet normal -0 0 1
    outer loop
      vertex 135.241 6.33565 37
      vertex 137.928 4.70893 37
      vertex 135.494 6.44074 37
    endloop
  endfacet
  facet normal -0 0 1
    outer loop
      vertex 134.974 6.27154 37
      vertex 137.928 4.70893 37
      vertex 135.241 6.33565 37
    endloop
  endfacet
  facet normal -0 0 1
    outer loop
      vertex 134.7 6.25 37
      vertex 137.928 4.70893 37
      vertex 134.974 6.27154 37
    endloop
  endfacet
  facet normal 0 0 1
    outer loop
      vertex 131.472 4.70893 37
      vertex 134.7 6.25 37
      vertex 134.426 6.27154 37
    endloop
  endfacet
  facet normal 0 0 1
    outer loop
      vertex 131.472 4.70893 37
      vertex 134.426 6.27154 37
      vertex 134.159 6.33565 37
    endloop
  endfacet
  facet normal 0 0 1
    outer loop
      vertex 131.472 4.70893 37
      vertex 134.159 6.33565 37
      vertex 133.906 6.44074 37
    endloop
  endfacet
  facet normal 0 0 1
    outer loop
      vertex 131.472 4.70893 37
      vertex 132.972 7.72624 37
      vertex 132.95 8 37
    endloop
  endfacet
  facet normal 0 0 1
    outer loop
      vertex 131.472 4.70893 37
      vertex 133.036 7.45922 37
      vertex 132.972 7.72624 37
    endloop
  endfacet
  facet normal 0 0 1
    outer loop
      vertex 131.472 4.70893 37
      vertex 133.141 7.20552 37
      vertex 133.036 7.45922 37
    endloop
  endfacet
  facet normal 0 0 1
    outer loop
      vertex 131.472 4.70893 37
      vertex 133.284 6.97138 37
      vertex 133.141 7.20552 37
    endloop
  endfacet
  facet normal 0 0 1
    outer loop
      vertex 131.472 4.70893 37
      vertex 133.463 6.76256 37
      vertex 133.284 6.97138 37
    endloop
  endfacet
  facet normal 0 0 1
    outer loop
      vertex 131.472 4.70893 37
      vertex 133.671 6.58422 37
      vertex 133.463 6.76256 37
    endloop
  endfacet
  facet normal 0 0 1
    outer loop
      vertex 131.472 4.70893 37
      vertex 133.906 6.44074 37
      vertex 133.671 6.58422 37
    endloop
  endfacet
  facet normal 0 0 1
    outer loop
      vertex 134.7 6.25 37
      vertex 131.472 4.70893 37
      vertex 137.928 4.70893 37
    endloop
  endfacet
  facet normal -0 0 1
    outer loop
      vertex 131.472 4.70893 37
      vertex 191.9 1.04468 37
      vertex 137.928 4.70893 37
    endloop
  endfacet
  facet normal 0 0 1
    outer loop
      vertex 47.805 1.04468 37
      vertex 131.472 4.70893 37
      vertex 75.0276 4.70893 37
    endloop
  endfacet
  facet normal -0 0 1
    outer loop
      vertex 73.4643 7.45922 37
      vertex 75.05 4.75 37
      vertex 73.5285 7.72624 37
    endloop
  endfacet
  facet normal -0 0 1
    outer loop
      vertex 73.3593 7.20552 37
      vertex 75.05 4.75 37
      vertex 73.4643 7.45922 37
    endloop
  endfacet
  facet normal -0 0 1
    outer loop
      vertex 73.2158 6.97138 37
      vertex 75.05 4.75 37
      vertex 73.3593 7.20552 37
    endloop
  endfacet
  facet normal -0 0 1
    outer loop
      vertex 73.0374 6.76256 37
      vertex 75.05 4.75 37
      vertex 73.2158 6.97138 37
    endloop
  endfacet
  facet normal -0 0 1
    outer loop
      vertex 72.8286 6.58422 37
      vertex 75.05 4.75 37
      vertex 73.0374 6.76256 37
    endloop
  endfacet
  facet normal 0 0 1
    outer loop
      vertex 75.05 4.75 37
      vertex 72.8286 6.58422 37
      vertex 75.0276 4.70893 37
    endloop
  endfacet
  facet normal -0 0 1
    outer loop
      vertex 72.5945 6.44074 37
      vertex 75.0276 4.70893 37
      vertex 72.8286 6.58422 37
    endloop
  endfacet
  facet normal -0 0 1
    outer loop
      vertex 72.3408 6.33565 37
      vertex 75.0276 4.70893 37
      vertex 72.5945 6.44074 37
    endloop
  endfacet
  facet normal -0 0 1
    outer loop
      vertex 72.0738 6.27154 37
      vertex 75.0276 4.70893 37
      vertex 72.3408 6.33565 37
    endloop
  endfacet
  facet normal -0 0 1
    outer loop
      vertex 71.8 6.25 37
      vertex 75.0276 4.70893 37
      vertex 72.0738 6.27154 37
    endloop
  endfacet
  facet normal 0 0 1
    outer loop
      vertex 68.5724 4.70893 37
      vertex 71.8 6.25 37
      vertex 71.5262 6.27154 37
    endloop
  endfacet
  facet normal 0 0 1
    outer loop
      vertex 68.5724 4.70893 37
      vertex 71.5262 6.27154 37
      vertex 71.2592 6.33565 37
    endloop
  endfacet
  facet normal 0 0 1
    outer loop
      vertex 68.5724 4.70893 37
      vertex 71.2592 6.33565 37
      vertex 71.0055 6.44074 37
    endloop
  endfacet
  facet normal 0 0 1
    outer loop
      vertex 68.5724 4.70893 37
      vertex 70.0715 7.72624 37
      vertex 70.05 8 37
    endloop
  endfacet
  facet normal 0 0 1
    outer loop
      vertex 68.5724 4.70893 37
      vertex 70.1357 7.45922 37
      vertex 70.0715 7.72624 37
    endloop
  endfacet
  facet normal 0 0 1
    outer loop
      vertex 68.5724 4.70893 37
      vertex 70.2407 7.20552 37
      vertex 70.1357 7.45922 37
    endloop
  endfacet
  facet normal 0 0 1
    outer loop
      vertex 68.5724 4.70893 37
      vertex 70.3842 6.97138 37
      vertex 70.2407 7.20552 37
    endloop
  endfacet
  facet normal 0 0 1
    outer loop
      vertex 68.5724 4.70893 37
      vertex 70.5626 6.76256 37
      vertex 70.3842 6.97138 37
    endloop
  endfacet
  facet normal 0 0 1
    outer loop
      vertex 68.5724 4.70893 37
      vertex 70.7714 6.58422 37
      vertex 70.5626 6.76256 37
    endloop
  endfacet
  facet normal 0 0 1
    outer loop
      vertex 68.5724 4.70893 37
      vertex 71.0055 6.44074 37
      vertex 70.7714 6.58422 37
    endloop
  endfacet
  facet normal 0 0 1
    outer loop
      vertex 71.8 6.25 37
      vertex 68.5724 4.70893 37
      vertex 75.0276 4.70893 37
    endloop
  endfacet
  facet normal 0 0 1
    outer loop
      vertex 47.805 1.04468 37
      vertex 75.0276 4.70893 37
      vertex 68.5724 4.70893 37
    endloop
  endfacet
  facet normal 0 0 1
    outer loop
      vertex 47.805 1.04468 37
      vertex 68.5724 4.70893 37
      vertex 47.805 4.70893 37
    endloop
  endfacet
  facet normal 0 0 1
    outer loop
      vertex 131.472 4.70893 37
      vertex 47.805 1.04468 37
      vertex 191.9 1.04468 37
    endloop
  endfacet
  facet normal -0 0 1
    outer loop
      vertex -0.5 4.70893 37
      vertex 20.805 1.04468 37
      vertex 20.805 4.70893 37
    endloop
  endfacet
  facet normal 0 0 1
    outer loop
      vertex 20.805 1.04468 37
      vertex -0.5 4.70893 37
      vertex -0.5 1.04468 37
    endloop
  endfacet
  facet normal 0 1 -0
    outer loop
      vertex 20.805 1.04468 37
      vertex -0.5 1.04468 38.5654
      vertex 20.805 1.04468 38.5654
    endloop
  endfacet
  facet normal 0 1 0
    outer loop
      vertex -0.5 1.04468 38.5654
      vertex 20.805 1.04468 37
      vertex -0.5 1.04468 37
    endloop
  endfacet
  facet normal 0 1 -0
    outer loop
      vertex 191.9 1.04468 37
      vertex 135.727 1.04468 38.5654
      vertex 191.9 1.04468 38.5654
    endloop
  endfacet
  facet normal 0 1 0
    outer loop
      vertex 135.727 1.04468 38.5654
      vertex 191.9 1.04468 37
      vertex 133.673 1.04468 38.5654
    endloop
  endfacet
  facet normal 0 1 0
    outer loop
      vertex 47.805 1.04468 37
      vertex 133.673 1.04468 38.5654
      vertex 191.9 1.04468 37
    endloop
  endfacet
  facet normal 0 1 0
    outer loop
      vertex 133.673 1.04468 38.5654
      vertex 47.805 1.04468 37
      vertex 72.8267 1.04468 38.5654
    endloop
  endfacet
  facet normal 0 1 0
    outer loop
      vertex 72.8267 1.04468 38.5654
      vertex 47.805 1.04468 37
      vertex 70.7733 1.04468 38.5654
    endloop
  endfacet
  facet normal 0 1 0
    outer loop
      vertex 70.7733 1.04468 38.5654
      vertex 47.805 1.04468 37
      vertex 47.805 1.04468 38.5654
    endloop
  endfacet
  facet normal 0 1 0
    outer loop
      vertex 135.727 1.04468 38.5654
      vertex 133.681 1.04468 38.5706
      vertex 135.719 1.04468 38.5706
    endloop
  endfacet
  facet normal 0 1 0
    outer loop
      vertex 133.681 1.04468 38.5706
      vertex 135.727 1.04468 38.5654
      vertex 133.673 1.04468 38.5654
    endloop
  endfacet
  facet normal 0 1 0
    outer loop
      vertex 72.8267 1.04468 38.5654
      vertex 70.7807 1.04468 38.5706
      vertex 72.8193 1.04468 38.5706
    endloop
  endfacet
  facet normal 0 1 0
    outer loop
      vertex 70.7807 1.04468 38.5706
      vertex 72.8267 1.04468 38.5654
      vertex 70.7733 1.04468 38.5654
    endloop
  endfacet
endsolid OpenSCAD_Model
