solid OpenSCAD_Model
  facet normal 0.923918 0.0795408 0.374232
    outer loop
      vertex 7.52107 -2.02234 34.1903
      vertex 7.60214 -0.106734 33.583
      vertex 7.52107 -0.0660424 33.7745
    endloop
  endfacet
  facet normal 0.923917 0.079541 0.374232
    outer loop
      vertex 7.60214 -0.106734 33.583
      vertex 7.52107 -2.02234 34.1903
      vertex 7.60214 -2.06303 33.9988
    endloop
  endfacet
  facet normal 0.078198 -0.207264 -0.975155
    outer loop
      vertex 8.59381 0.297918 35.4868
      vertex 8.805 -1.65492 35.9188
      vertex 8.59381 -1.65838 35.9026
    endloop
  endfacet
  facet normal 0.0781931 -0.207264 -0.975155
    outer loop
      vertex 8.805 -1.65492 35.9188
      vertex 8.59381 0.297918 35.4868
      vertex 8.805 0.301373 35.503
    endloop
  endfacet
  facet normal -0.972298 0.0486068 0.228635
    outer loop
      vertex 10.0889 -0.0660424 33.7745
      vertex 10.1384 -1.97951 34.3918
      vertex 10.1384 -0.0232155 33.9759
    endloop
  endfacet
  facet normal -0.972323 0.0485736 0.228534
    outer loop
      vertex 10.1384 -1.97951 34.3918
      vertex 10.0889 -0.0660424 33.7745
      vertex 10.0889 -2.02234 34.1903
    endloop
  endfacet
  facet normal -0.996926 0.0162893 0.0766396
    outer loop
      vertex 10.1384 -0.0232155 33.9759
      vertex 10.155 -1.9356 34.5983
      vertex 10.155 0.0206926 34.1825
    endloop
  endfacet
  facet normal -0.996923 0.0163006 0.0766739
    outer loop
      vertex 10.155 -1.9356 34.5983
      vertex 10.1384 -0.0232155 33.9759
      vertex 10.1384 -1.97951 34.3918
    endloop
  endfacet
  facet normal -0.972323 -0.0485737 -0.228535
    outer loop
      vertex 10.1384 0.0646009 34.3891
      vertex 10.0889 -1.84887 35.0064
      vertex 10.0889 0.107428 34.5906
    endloop
  endfacet
  facet normal -0.972323 -0.0485742 -0.228536
    outer loop
      vertex 10.0889 -1.84887 35.0064
      vertex 10.1384 0.0646009 34.3891
      vertex 10.1384 -1.89169 34.8049
    endloop
  endfacet
  facet normal 0.996918 -0.0163089 -0.0767313
    outer loop
      vertex 7.47162 -1.89169 34.8049
      vertex 7.455 0.0206926 34.1825
      vertex 7.47162 0.0646009 34.3891
    endloop
  endfacet
  facet normal 0.996918 -0.0163088 -0.0767312
    outer loop
      vertex 7.455 0.0206926 34.1825
      vertex 7.47162 -1.89169 34.8049
      vertex 7.455 -1.9356 34.5983
    endloop
  endfacet
  facet normal -0.996926 -0.0162894 -0.0766395
    outer loop
      vertex 10.155 0.0206926 34.1825
      vertex 10.1384 -1.89169 34.8049
      vertex 10.1384 0.0646009 34.3891
    endloop
  endfacet
  facet normal -0.996926 -0.0162893 -0.0766394
    outer loop
      vertex 10.1384 -1.89169 34.8049
      vertex 10.155 0.0206926 34.1825
      vertex 10.155 -1.9356 34.5983
    endloop
  endfacet
  facet normal 0.078653 0.207256 0.97512
    outer loop
      vertex 8.59381 -2.21283 33.2941
      vertex 8.805 -0.259988 32.862
      vertex 8.59381 -0.256532 32.8783
    endloop
  endfacet
  facet normal 0.0786472 0.207257 0.97512
    outer loop
      vertex 8.805 -0.259988 32.862
      vertex 8.59381 -2.21283 33.2941
      vertex 8.805 -2.21628 33.2778
    endloop
  endfacet
  facet normal -0.078653 0.207256 0.97512
    outer loop
      vertex 8.805 -0.259988 32.862
      vertex 9.01619 -2.21283 33.2941
      vertex 9.01619 -0.256532 32.8783
    endloop
  endfacet
  facet normal -0.0786472 0.207257 0.97512
    outer loop
      vertex 9.01619 -2.21283 33.2941
      vertex 8.805 -0.259988 32.862
      vertex 8.805 -2.21628 33.2778
    endloop
  endfacet
  facet normal -0.852578 -0.108649 -0.511181
    outer loop
      vertex 10.0079 0.148119 34.782
      vertex 9.89717 -1.77062 35.3745
      vertex 9.89717 0.185673 34.9587
    endloop
  endfacet
  facet normal -0.852579 -0.108648 -0.511179
    outer loop
      vertex 9.89717 -1.77062 35.3745
      vertex 10.0079 0.148119 34.782
      vertex 10.0079 -1.80818 35.1978
    endloop
  endfacet
  facet normal -0.382686 -0.192075 -0.903692
    outer loop
      vertex 9.22217 -1.66866 35.8542
      vertex 9.41789 0.270781 35.3591
      vertex 9.41789 -1.68551 35.7749
    endloop
  endfacet
  facet normal -0.38269 -0.192074 -0.90369
    outer loop
      vertex 9.41789 0.270781 35.3591
      vertex 9.22217 -1.66866 35.8542
      vertex 9.22217 0.287636 35.4384
    endloop
  endfacet
  facet normal 0.233136 0.202218 0.951186
    outer loop
      vertex 8.38783 -2.20255 33.3425
      vertex 8.59381 -0.256532 32.8783
      vertex 8.38783 -0.246251 32.9266
    endloop
  endfacet
  facet normal 0.233571 0.20215 0.951094
    outer loop
      vertex 8.59381 -0.256532 32.8783
      vertex 8.38783 -2.20255 33.3425
      vertex 8.59381 -2.21283 33.2941
    endloop
  endfacet
  facet normal 0.649531 0.158074 0.743722
    outer loop
      vertex 7.85041 -2.13407 33.6646
      vertex 8.01149 -0.206383 33.1142
      vertex 7.85041 -0.177779 33.2488
    endloop
  endfacet
  facet normal 0.649535 0.158073 0.743719
    outer loop
      vertex 8.01149 -0.206383 33.1142
      vertex 7.85041 -2.13407 33.6646
      vertex 8.01149 -2.16268 33.53
    endloop
  endfacet
  facet normal 0.972377 -0.0485273 -0.228316
    outer loop
      vertex 7.52107 -1.84887 35.0064
      vertex 7.47162 0.0646009 34.3891
      vertex 7.52107 0.107428 34.5906
    endloop
  endfacet
  facet normal 0.972376 -0.0485278 -0.228318
    outer loop
      vertex 7.47162 0.0646009 34.3891
      vertex 7.52107 -1.84887 35.0064
      vertex 7.47162 -1.89169 34.8049
    endloop
  endfacet
  facet normal 0.52262 -0.177249 -0.833937
    outer loop
      vertex 8.01149 0.247768 35.2508
      vertex 8.19211 -1.68551 35.7749
      vertex 8.01149 -1.70853 35.6666
    endloop
  endfacet
  facet normal 0.522615 -0.17725 -0.83394
    outer loop
      vertex 8.19211 -1.68551 35.7749
      vertex 8.01149 0.247768 35.2508
      vertex 8.19211 0.270781 35.3591
    endloop
  endfacet
  facet normal 0.382686 -0.192075 -0.903692
    outer loop
      vertex 8.19211 0.270781 35.3591
      vertex 8.38783 -1.66866 35.8542
      vertex 8.19211 -1.68551 35.7749
    endloop
  endfacet
  facet normal 0.38269 -0.192074 -0.90369
    outer loop
      vertex 8.38783 -1.66866 35.8542
      vertex 8.19211 0.270781 35.3591
      vertex 8.38783 0.287636 35.4384
    endloop
  endfacet
  facet normal -0.38269 0.192119 0.903681
    outer loop
      vertex 9.22217 -0.246251 32.9266
      vertex 9.41789 -2.18569 33.4218
      vertex 9.41789 -0.229396 33.0059
    endloop
  endfacet
  facet normal -0.382694 0.192118 0.903679
    outer loop
      vertex 9.41789 -2.18569 33.4218
      vertex 9.22217 -0.246251 32.9266
      vertex 9.22217 -2.20255 33.3425
    endloop
  endfacet
  facet normal -0.233136 0.202218 0.951186
    outer loop
      vertex 9.01619 -0.256532 32.8783
      vertex 9.22217 -2.20255 33.3425
      vertex 9.22217 -0.246251 32.9266
    endloop
  endfacet
  facet normal -0.233571 0.20215 0.951094
    outer loop
      vertex 9.22217 -2.20255 33.3425
      vertex 9.01619 -0.256532 32.8783
      vertex 9.01619 -2.21283 33.2941
    endloop
  endfacet
  facet normal 0.92385 -0.0795748 -0.374392
    outer loop
      vertex 7.60214 -1.80818 35.1978
      vertex 7.52107 0.107428 34.5906
      vertex 7.60214 0.148119 34.782
    endloop
  endfacet
  facet normal 0.92385 -0.0795749 -0.374392
    outer loop
      vertex 7.52107 0.107428 34.5906
      vertex 7.60214 -1.80818 35.1978
      vertex 7.52107 -1.84887 35.0064
    endloop
  endfacet
  facet normal -0.649531 0.158074 0.743722
    outer loop
      vertex 9.59851 -0.206383 33.1142
      vertex 9.75959 -2.13407 33.6646
      vertex 9.75959 -0.177779 33.2488
    endloop
  endfacet
  facet normal -0.649535 0.158073 0.743719
    outer loop
      vertex 9.75959 -2.13407 33.6646
      vertex 9.59851 -0.206383 33.1142
      vertex 9.59851 -2.16268 33.53
    endloop
  endfacet
  facet normal 0.38269 0.192119 0.903681
    outer loop
      vertex 8.19211 -2.18569 33.4218
      vertex 8.38783 -0.246251 32.9266
      vertex 8.19211 -0.229396 33.0059
    endloop
  endfacet
  facet normal 0.382694 0.192118 0.903679
    outer loop
      vertex 8.38783 -0.246251 32.9266
      vertex 8.19211 -2.18569 33.4218
      vertex 8.38783 -2.20255 33.3425
    endloop
  endfacet
  facet normal -0.760279 0.135083 0.635397
    outer loop
      vertex 9.75959 -0.177779 33.2488
      vertex 9.89717 -2.10058 33.8222
      vertex 9.89717 -0.144287 33.4063
    endloop
  endfacet
  facet normal -0.760473 0.135005 0.635181
    outer loop
      vertex 9.89717 -2.10058 33.8222
      vertex 9.75959 -0.177779 33.2488
      vertex 9.75959 -2.13407 33.6646
    endloop
  endfacet
  facet normal -0.233571 -0.20215 -0.951094
    outer loop
      vertex 9.01619 -1.65838 35.9026
      vertex 9.22217 0.287636 35.4384
      vertex 9.22217 -1.66866 35.8542
    endloop
  endfacet
  facet normal -0.233573 -0.20215 -0.951094
    outer loop
      vertex 9.22217 0.287636 35.4384
      vertex 9.01619 -1.65838 35.9026
      vertex 9.01619 0.297918 35.4868
    endloop
  endfacet
  facet normal 0.760279 0.135083 0.635397
    outer loop
      vertex 7.71283 -2.10058 33.8222
      vertex 7.85041 -0.177779 33.2488
      vertex 7.71283 -0.144287 33.4063
    endloop
  endfacet
  facet normal 0.760473 0.135005 0.635181
    outer loop
      vertex 7.85041 -0.177779 33.2488
      vertex 7.71283 -2.10058 33.8222
      vertex 7.85041 -2.13407 33.6646
    endloop
  endfacet
  facet normal 0.852662 -0.10862 -0.511047
    outer loop
      vertex 7.71283 -1.77062 35.3745
      vertex 7.60214 0.148119 34.782
      vertex 7.71283 0.185673 34.9587
    endloop
  endfacet
  facet normal 0.852664 -0.10862 -0.511045
    outer loop
      vertex 7.60214 0.148119 34.782
      vertex 7.71283 -1.77062 35.3745
      vertex 7.60214 -1.80818 35.1978
    endloop
  endfacet
  facet normal -0.522615 0.177249 0.83394
    outer loop
      vertex 9.41789 -0.229396 33.0059
      vertex 9.59851 -2.16268 33.53
      vertex 9.59851 -0.206383 33.1142
    endloop
  endfacet
  facet normal -0.522277 0.177333 0.834134
    outer loop
      vertex 9.59851 -2.16268 33.53
      vertex 9.41789 -0.229396 33.0059
      vertex 9.41789 -2.18569 33.4218
    endloop
  endfacet
  facet normal -0.52262 -0.177249 -0.833937
    outer loop
      vertex 9.41789 -1.68551 35.7749
      vertex 9.59851 0.247768 35.2508
      vertex 9.59851 -1.70853 35.6666
    endloop
  endfacet
  facet normal -0.522615 -0.17725 -0.83394
    outer loop
      vertex 9.59851 0.247768 35.2508
      vertex 9.41789 -1.68551 35.7749
      vertex 9.41789 0.270781 35.3591
    endloop
  endfacet
  facet normal 0.522615 0.177249 0.83394
    outer loop
      vertex 8.01149 -2.16268 33.53
      vertex 8.19211 -0.229396 33.0059
      vertex 8.01149 -0.206383 33.1142
    endloop
  endfacet
  facet normal 0.522277 0.177333 0.834134
    outer loop
      vertex 8.19211 -0.229396 33.0059
      vertex 8.01149 -2.16268 33.53
      vertex 8.19211 -2.18569 33.4218
    endloop
  endfacet
  facet normal -0.852578 0.108649 0.511182
    outer loop
      vertex 9.89717 -0.144287 33.4063
      vertex 10.0079 -2.06303 33.9988
      vertex 10.0079 -0.106734 33.583
    endloop
  endfacet
  facet normal -0.852451 0.108717 0.511379
    outer loop
      vertex 10.0079 -2.06303 33.9988
      vertex 9.89717 -0.144287 33.4063
      vertex 9.89717 -2.10058 33.8222
    endloop
  endfacet
  facet normal 0.760278 -0.135083 -0.635397
    outer loop
      vertex 7.85041 -1.73713 35.5321
      vertex 7.71283 0.185673 34.9587
      vertex 7.85041 0.219164 35.1162
    endloop
  endfacet
  facet normal 0.760473 -0.135004 -0.635181
    outer loop
      vertex 7.71283 0.185673 34.9587
      vertex 7.85041 -1.73713 35.5321
      vertex 7.71283 -1.77062 35.3745
    endloop
  endfacet
  facet normal -0.923967 -0.0795161 -0.374116
    outer loop
      vertex 10.0889 0.107428 34.5906
      vertex 10.0079 -1.80818 35.1978
      vertex 10.0079 0.148119 34.782
    endloop
  endfacet
  facet normal -0.923967 -0.0795162 -0.374116
    outer loop
      vertex 10.0079 -1.80818 35.1978
      vertex 10.0889 0.107428 34.5906
      vertex 10.0889 -1.84887 35.0064
    endloop
  endfacet
  facet normal 0.649262 -0.158158 -0.743939
    outer loop
      vertex 7.85041 0.219164 35.1162
      vertex 8.01149 -1.70853 35.6666
      vertex 7.85041 -1.73713 35.5321
    endloop
  endfacet
  facet normal 0.649531 -0.158074 -0.743722
    outer loop
      vertex 8.01149 -1.70853 35.6666
      vertex 7.85041 0.219164 35.1162
      vertex 8.01149 0.247768 35.2508
    endloop
  endfacet
  facet normal -0.760278 -0.135083 -0.635397
    outer loop
      vertex 9.89717 0.185673 34.9587
      vertex 9.75959 -1.73713 35.5321
      vertex 9.75959 0.219164 35.1162
    endloop
  endfacet
  facet normal -0.760473 -0.135004 -0.635181
    outer loop
      vertex 9.75959 -1.73713 35.5321
      vertex 9.89717 0.185673 34.9587
      vertex 9.89717 -1.77062 35.3745
    endloop
  endfacet
  facet normal -0.649262 -0.158158 -0.743939
    outer loop
      vertex 9.59851 -1.70853 35.6666
      vertex 9.75959 0.219164 35.1162
      vertex 9.75959 -1.73713 35.5321
    endloop
  endfacet
  facet normal -0.649531 -0.158074 -0.743722
    outer loop
      vertex 9.75959 0.219164 35.1162
      vertex 9.59851 -1.70853 35.6666
      vertex 9.59851 0.247768 35.2508
    endloop
  endfacet
  facet normal 0.972352 0.0485604 0.228417
    outer loop
      vertex 7.47162 -1.97951 34.3918
      vertex 7.52107 -0.0660424 33.7745
      vertex 7.47162 -0.0232155 33.9759
    endloop
  endfacet
  facet normal 0.972377 0.0485272 0.228316
    outer loop
      vertex 7.52107 -0.0660424 33.7745
      vertex 7.47162 -1.97951 34.3918
      vertex 7.52107 -2.02234 34.1903
    endloop
  endfacet
  facet normal 0.852662 0.10862 0.511048
    outer loop
      vertex 7.60214 -2.06303 33.9988
      vertex 7.71283 -0.144287 33.4063
      vertex 7.60214 -0.106734 33.583
    endloop
  endfacet
  facet normal 0.852535 0.108689 0.511245
    outer loop
      vertex 7.71283 -0.144287 33.4063
      vertex 7.60214 -2.06303 33.9988
      vertex 7.71283 -2.10058 33.8222
    endloop
  endfacet
  facet normal -0.924034 0.0794822 0.373956
    outer loop
      vertex 10.0079 -0.106734 33.583
      vertex 10.0889 -2.02234 34.1903
      vertex 10.0889 -0.0660424 33.7745
    endloop
  endfacet
  facet normal -0.924034 0.0794824 0.373956
    outer loop
      vertex 10.0889 -2.02234 34.1903
      vertex 10.0079 -0.106734 33.583
      vertex 10.0079 -2.06303 33.9988
    endloop
  endfacet
  facet normal 0.233571 -0.20215 -0.951094
    outer loop
      vertex 8.38783 0.287636 35.4384
      vertex 8.59381 -1.65838 35.9026
      vertex 8.38783 -1.66866 35.8542
    endloop
  endfacet
  facet normal 0.233573 -0.20215 -0.951094
    outer loop
      vertex 8.59381 -1.65838 35.9026
      vertex 8.38783 0.287636 35.4384
      vertex 8.59381 0.297918 35.4868
    endloop
  endfacet
  facet normal 0.996918 0.0163089 0.0767313
    outer loop
      vertex 7.455 -1.9356 34.5983
      vertex 7.47162 -0.0232155 33.9759
      vertex 7.455 0.0206926 34.1825
    endloop
  endfacet
  facet normal 0.996916 0.0163201 0.0767657
    outer loop
      vertex 7.47162 -0.0232155 33.9759
      vertex 7.455 -1.9356 34.5983
      vertex 7.47162 -1.97951 34.3918
    endloop
  endfacet
  facet normal -0.078198 -0.207264 -0.975155
    outer loop
      vertex 8.805 -1.65492 35.9188
      vertex 9.01619 0.297918 35.4868
      vertex 9.01619 -1.65838 35.9026
    endloop
  endfacet
  facet normal -0.0781931 -0.207264 -0.975155
    outer loop
      vertex 9.01619 0.297918 35.4868
      vertex 8.805 -1.65492 35.9188
      vertex 8.805 0.301373 35.503
    endloop
  endfacet
  facet normal 0.923878 0.0795641 0.374324
    outer loop
      vertex 7.52107 -8.4676 3.8677
      vertex 7.60214 -6.552 3.26044
      vertex 7.52107 -6.5113 3.45188
    endloop
  endfacet
  facet normal 0.92387 0.0795705 0.374343
    outer loop
      vertex 7.60214 -6.552 3.26044
      vertex 7.52107 -8.4676 3.8677
      vertex 7.60214 -8.50829 3.67627
    endloop
  endfacet
  facet normal 0.0784734 -0.207268 -0.975132
    outer loop
      vertex 8.59381 -6.14734 5.16418
      vertex 8.805 -8.10018 5.59626
      vertex 8.59381 -8.10364 5.58
    endloop
  endfacet
  facet normal 0.0784636 -0.20727 -0.975132
    outer loop
      vertex 8.805 -8.10018 5.59626
      vertex 8.59381 -6.14734 5.16418
      vertex 8.805 -6.14389 5.18044
    endloop
  endfacet
  facet normal -0.97232 0.0485787 0.228546
    outer loop
      vertex 10.0889 -6.5113 3.45188
      vertex 10.1384 -8.42477 4.06919
      vertex 10.1384 -6.46848 3.65337
    endloop
  endfacet
  facet normal -0.972321 0.048578 0.228544
    outer loop
      vertex 10.1384 -8.42477 4.06919
      vertex 10.0889 -6.5113 3.45188
      vertex 10.0889 -8.4676 3.8677
    endloop
  endfacet
  facet normal -0.996925 0.0162923 0.0766499
    outer loop
      vertex 10.1384 -6.46848 3.65337
      vertex 10.155 -8.38087 4.27576
      vertex 10.155 -6.42457 3.85994
    endloop
  endfacet
  facet normal -0.996925 0.0162925 0.0766506
    outer loop
      vertex 10.155 -8.38087 4.27576
      vertex 10.1384 -6.46848 3.65337
      vertex 10.1384 -8.42477 4.06919
    endloop
  endfacet
  facet normal -0.972318 -0.0485813 -0.228554
    outer loop
      vertex 10.1384 -6.38066 4.06651
      vertex 10.0889 -8.29413 4.68382
      vertex 10.0889 -6.33783 4.26799
    endloop
  endfacet
  facet normal -0.972321 -0.048578 -0.228544
    outer loop
      vertex 10.0889 -8.29413 4.68382
      vertex 10.1384 -6.38066 4.06651
      vertex 10.1384 -8.33696 4.48233
    endloop
  endfacet
  facet normal 0.996918 -0.0163118 -0.0767416
    outer loop
      vertex 7.47162 -8.33696 4.48233
      vertex 7.455 -6.42457 3.85994
      vertex 7.47162 -6.38066 4.06651
    endloop
  endfacet
  facet normal 0.996918 -0.0163118 -0.0767416
    outer loop
      vertex 7.455 -6.42457 3.85994
      vertex 7.47162 -8.33696 4.48233
      vertex 7.455 -8.38087 4.27576
    endloop
  endfacet
  facet normal -0.996925 -0.0162923 -0.0766499
    outer loop
      vertex 10.155 -6.42457 3.85994
      vertex 10.1384 -8.33696 4.48233
      vertex 10.1384 -6.38066 4.06651
    endloop
  endfacet
  facet normal -0.996925 -0.0162923 -0.0766499
    outer loop
      vertex 10.1384 -8.33696 4.48233
      vertex 10.155 -6.42457 3.85994
      vertex 10.155 -8.38087 4.27576
    endloop
  endfacet
  facet normal 0.0784734 0.207268 0.975132
    outer loop
      vertex 8.59381 -8.65809 2.97152
      vertex 8.805 -6.70525 2.53944
      vertex 8.59381 -6.70179 2.5557
    endloop
  endfacet
  facet normal 0.0784734 0.207268 0.975132
    outer loop
      vertex 8.805 -6.70525 2.53944
      vertex 8.59381 -8.65809 2.97152
      vertex 8.805 -8.66155 2.95526
    endloop
  endfacet
  facet normal -0.0784734 0.207268 0.975132
    outer loop
      vertex 8.805 -6.70525 2.53944
      vertex 9.01619 -8.65809 2.97152
      vertex 9.01619 -6.70179 2.5557
    endloop
  endfacet
  facet normal -0.0784734 0.207268 0.975132
    outer loop
      vertex 9.01619 -8.65809 2.97152
      vertex 8.805 -6.70525 2.53944
      vertex 8.805 -8.66155 2.95526
    endloop
  endfacet
  facet normal -0.852552 -0.108663 -0.511222
    outer loop
      vertex 10.0079 -6.29714 4.45943
      vertex 9.89717 -8.21589 5.05193
      vertex 9.89717 -6.25959 4.63611
    endloop
  endfacet
  facet normal -0.852552 -0.108663 -0.511222
    outer loop
      vertex 9.89717 -8.21589 5.05193
      vertex 10.0079 -6.29714 4.45943
      vertex 10.0079 -8.25344 4.87525
    endloop
  endfacet
  facet normal -0.382694 -0.192083 -0.903687
    outer loop
      vertex 9.22217 -8.11392 5.53163
      vertex 9.41789 -6.17448 5.03651
      vertex 9.41789 -8.13078 5.45233
    endloop
  endfacet
  facet normal -0.382686 -0.192084 -0.90369
    outer loop
      vertex 9.41789 -6.17448 5.03651
      vertex 9.22217 -8.11392 5.53163
      vertex 9.22217 -6.15763 5.11581
    endloop
  endfacet
  facet normal 0.649454 0.158098 0.743783
    outer loop
      vertex 7.85041 -8.57934 3.34203
      vertex 8.01149 -6.65165 2.79163
      vertex 7.85041 -6.62304 2.9262
    endloop
  endfacet
  facet normal 0.649476 0.158092 0.743767
    outer loop
      vertex 8.01149 -6.65165 2.79163
      vertex 7.85041 -8.57934 3.34203
      vertex 8.01149 -8.60794 3.20745
    endloop
  endfacet
  facet normal 0.972372 -0.0485349 -0.228336
    outer loop
      vertex 7.52107 -8.29413 4.68382
      vertex 7.47162 -6.38066 4.06651
      vertex 7.52107 -6.33783 4.26799
    endloop
  endfacet
  facet normal 0.972374 -0.0485316 -0.228326
    outer loop
      vertex 7.47162 -6.38066 4.06651
      vertex 7.52107 -8.29413 4.68382
      vertex 7.47162 -8.33696 4.48233
    endloop
  endfacet
  facet normal 0.522479 -0.177279 -0.834019
    outer loop
      vertex 8.01149 -6.19749 4.92824
      vertex 8.19211 -8.13078 5.45233
      vertex 8.01149 -8.15379 5.34407
    endloop
  endfacet
  facet normal 0.522512 -0.17727 -0.834
    outer loop
      vertex 8.19211 -8.13078 5.45233
      vertex 8.01149 -6.19749 4.92824
      vertex 8.19211 -6.17448 5.03651
    endloop
  endfacet
  facet normal 0.382694 -0.192083 -0.903687
    outer loop
      vertex 8.19211 -6.17448 5.03651
      vertex 8.38783 -8.11392 5.53163
      vertex 8.19211 -8.13078 5.45233
    endloop
  endfacet
  facet normal 0.382686 -0.192084 -0.90369
    outer loop
      vertex 8.38783 -8.11392 5.53163
      vertex 8.19211 -6.17448 5.03651
      vertex 8.38783 -6.15763 5.11581
    endloop
  endfacet
  facet normal -0.382646 0.192092 0.903705
    outer loop
      vertex 9.22217 -6.69151 2.60407
      vertex 9.41789 -8.63095 3.09919
      vertex 9.41789 -6.67466 2.68336
    endloop
  endfacet
  facet normal -0.382694 0.192083 0.903687
    outer loop
      vertex 9.41789 -8.63095 3.09919
      vertex 9.22217 -6.69151 2.60407
      vertex 9.22217 -8.64781 3.01989
    endloop
  endfacet
  facet normal -0.23344 0.202165 0.951123
    outer loop
      vertex 9.01619 -6.70179 2.5557
      vertex 9.22217 -8.64781 3.01989
      vertex 9.22217 -6.69151 2.60407
    endloop
  endfacet
  facet normal -0.23344 0.202165 0.951123
    outer loop
      vertex 9.22217 -8.64781 3.01989
      vertex 9.01619 -6.70179 2.5557
      vertex 9.01619 -8.65809 2.97152
    endloop
  endfacet
  facet normal 0.923877 -0.0795649 -0.374327
    outer loop
      vertex 7.60214 -8.25344 4.87525
      vertex 7.52107 -6.33783 4.26799
      vertex 7.60214 -6.29714 4.45943
    endloop
  endfacet
  facet normal 0.92387 -0.0795701 -0.374343
    outer loop
      vertex 7.52107 -6.33783 4.26799
      vertex 7.60214 -8.25344 4.87525
      vertex 7.52107 -8.29413 4.68382
    endloop
  endfacet
  facet normal -0.649454 0.158098 0.743783
    outer loop
      vertex 9.59851 -6.65165 2.79163
      vertex 9.75959 -8.57934 3.34203
      vertex 9.75959 -6.62304 2.9262
    endloop
  endfacet
  facet normal -0.649476 0.158092 0.743767
    outer loop
      vertex 9.75959 -8.57934 3.34203
      vertex 9.59851 -6.65165 2.79163
      vertex 9.59851 -8.60794 3.20745
    endloop
  endfacet
  facet normal 0.382646 0.192092 0.903705
    outer loop
      vertex 8.19211 -8.63095 3.09919
      vertex 8.38783 -6.69151 2.60407
      vertex 8.19211 -6.67466 2.68336
    endloop
  endfacet
  facet normal 0.382694 0.192083 0.903687
    outer loop
      vertex 8.38783 -6.69151 2.60407
      vertex 8.19211 -8.63095 3.09919
      vertex 8.38783 -8.64781 3.01989
    endloop
  endfacet
  facet normal -0.760414 0.135024 0.635247
    outer loop
      vertex 9.75959 -6.62304 2.9262
      vertex 9.89717 -8.54585 3.49959
      vertex 9.89717 -6.58955 3.08377
    endloop
  endfacet
  facet normal -0.760395 0.135032 0.635268
    outer loop
      vertex 9.89717 -8.54585 3.49959
      vertex 9.75959 -6.62304 2.9262
      vertex 9.75959 -8.57934 3.34203
    endloop
  endfacet
  facet normal -0.23344 -0.202166 -0.951123
    outer loop
      vertex 9.01619 -8.10364 5.58
      vertex 9.22217 -6.15763 5.11581
      vertex 9.22217 -8.11392 5.53163
    endloop
  endfacet
  facet normal -0.23345 -0.202165 -0.951121
    outer loop
      vertex 9.22217 -6.15763 5.11581
      vertex 9.01619 -8.10364 5.58
      vertex 9.01619 -6.14734 5.16418
    endloop
  endfacet
  facet normal 0.760414 0.135024 0.635247
    outer loop
      vertex 7.71283 -8.54585 3.49959
      vertex 7.85041 -6.62304 2.9262
      vertex 7.71283 -6.58955 3.08377
    endloop
  endfacet
  facet normal 0.760395 0.135032 0.635268
    outer loop
      vertex 7.85041 -6.62304 2.9262
      vertex 7.71283 -8.54585 3.49959
      vertex 7.85041 -8.57934 3.34203
    endloop
  endfacet
  facet normal 0.852636 -0.108634 -0.511088
    outer loop
      vertex 7.71283 -8.21589 5.05193
      vertex 7.60214 -6.29714 4.45943
      vertex 7.71283 -6.25959 4.63611
    endloop
  endfacet
  facet normal 0.852636 -0.108634 -0.511088
    outer loop
      vertex 7.60214 -6.29714 4.45943
      vertex 7.71283 -8.21589 5.05193
      vertex 7.60214 -8.25344 4.87525
    endloop
  endfacet
  facet normal -0.522512 0.177271 0.834
    outer loop
      vertex 9.41789 -6.67466 2.68336
      vertex 9.59851 -8.60794 3.20745
      vertex 9.59851 -6.65165 2.79163
    endloop
  endfacet
  facet normal -0.522479 0.17728 0.834019
    outer loop
      vertex 9.59851 -8.60794 3.20745
      vertex 9.41789 -6.67466 2.68336
      vertex 9.41789 -8.63095 3.09919
    endloop
  endfacet
  facet normal -0.522479 -0.177279 -0.834019
    outer loop
      vertex 9.41789 -8.13078 5.45233
      vertex 9.59851 -6.19749 4.92824
      vertex 9.59851 -8.15379 5.34407
    endloop
  endfacet
  facet normal -0.522512 -0.17727 -0.834
    outer loop
      vertex 9.59851 -6.19749 4.92824
      vertex 9.41789 -8.13078 5.45233
      vertex 9.41789 -6.17448 5.03651
    endloop
  endfacet
  facet normal 0.522512 0.177271 0.834
    outer loop
      vertex 8.01149 -8.60794 3.20745
      vertex 8.19211 -6.67466 2.68336
      vertex 8.01149 -6.65165 2.79163
    endloop
  endfacet
  facet normal 0.522479 0.17728 0.834019
    outer loop
      vertex 8.19211 -6.67466 2.68336
      vertex 8.01149 -8.60794 3.20745
      vertex 8.19211 -8.63095 3.09919
    endloop
  endfacet
  facet normal 0.23344 0.202165 0.951123
    outer loop
      vertex 8.38783 -8.64781 3.01989
      vertex 8.59381 -6.70179 2.5557
      vertex 8.38783 -6.69151 2.60407
    endloop
  endfacet
  facet normal 0.23344 0.202165 0.951123
    outer loop
      vertex 8.59381 -6.70179 2.5557
      vertex 8.38783 -8.64781 3.01989
      vertex 8.59381 -8.65809 2.97152
    endloop
  endfacet
  facet normal -0.852539 0.10867 0.511242
    outer loop
      vertex 9.89717 -6.58955 3.08377
      vertex 10.0079 -8.50829 3.67627
      vertex 10.0079 -6.552 3.26044
    endloop
  endfacet
  facet normal -0.852554 0.108662 0.511218
    outer loop
      vertex 10.0079 -8.50829 3.67627
      vertex 9.89717 -6.58955 3.08377
      vertex 9.89717 -8.54585 3.49959
    endloop
  endfacet
  facet normal 0.760395 -0.13503 -0.635269
    outer loop
      vertex 7.85041 -8.18239 5.20949
      vertex 7.71283 -6.25959 4.63611
      vertex 7.85041 -6.2261 4.79367
    endloop
  endfacet
  facet normal 0.760399 -0.135028 -0.635264
    outer loop
      vertex 7.71283 -6.25959 4.63611
      vertex 7.85041 -8.18239 5.20949
      vertex 7.71283 -8.21589 5.05193
    endloop
  endfacet
  facet normal -0.923994 -0.0795062 -0.374051
    outer loop
      vertex 10.0889 -6.33783 4.26799
      vertex 10.0079 -8.25344 4.87525
      vertex 10.0079 -6.29714 4.45943
    endloop
  endfacet
  facet normal -0.923987 -0.0795114 -0.374067
    outer loop
      vertex 10.0079 -8.25344 4.87525
      vertex 10.0889 -6.33783 4.26799
      vertex 10.0889 -8.29413 4.68382
    endloop
  endfacet
  facet normal 0.649476 -0.158092 -0.743767
    outer loop
      vertex 7.85041 -6.2261 4.79367
      vertex 8.01149 -8.15379 5.34407
      vertex 7.85041 -8.18239 5.20949
    endloop
  endfacet
  facet normal 0.649454 -0.158098 -0.743783
    outer loop
      vertex 8.01149 -8.15379 5.34407
      vertex 7.85041 -6.2261 4.79367
      vertex 8.01149 -6.19749 4.92824
    endloop
  endfacet
  facet normal -0.760395 -0.13503 -0.635269
    outer loop
      vertex 9.89717 -6.25959 4.63611
      vertex 9.75959 -8.18239 5.20949
      vertex 9.75959 -6.2261 4.79367
    endloop
  endfacet
  facet normal -0.760399 -0.135028 -0.635264
    outer loop
      vertex 9.75959 -8.18239 5.20949
      vertex 9.89717 -6.25959 4.63611
      vertex 9.89717 -8.21589 5.05193
    endloop
  endfacet
  facet normal -0.649476 -0.158092 -0.743767
    outer loop
      vertex 9.59851 -8.15379 5.34407
      vertex 9.75959 -6.2261 4.79367
      vertex 9.75959 -8.18239 5.20949
    endloop
  endfacet
  facet normal -0.649454 -0.158098 -0.743783
    outer loop
      vertex 9.75959 -6.2261 4.79367
      vertex 9.59851 -8.15379 5.34407
      vertex 9.59851 -6.19749 4.92824
    endloop
  endfacet
  facet normal 0.972374 0.0485323 0.228328
    outer loop
      vertex 7.47162 -8.42477 4.06919
      vertex 7.52107 -6.5113 3.45188
      vertex 7.47162 -6.46848 3.65337
    endloop
  endfacet
  facet normal 0.972374 0.0485316 0.228326
    outer loop
      vertex 7.52107 -6.5113 3.45188
      vertex 7.47162 -8.42477 4.06919
      vertex 7.52107 -8.4676 3.8677
    endloop
  endfacet
  facet normal 0.852623 0.108641 0.511108
    outer loop
      vertex 7.60214 -8.50829 3.67627
      vertex 7.71283 -6.58955 3.08377
      vertex 7.60214 -6.552 3.26044
    endloop
  endfacet
  facet normal 0.852638 0.108633 0.511084
    outer loop
      vertex 7.71283 -6.58955 3.08377
      vertex 7.60214 -8.50829 3.67627
      vertex 7.71283 -8.54585 3.49959
    endloop
  endfacet
  facet normal -0.923995 0.0795055 0.374048
    outer loop
      vertex 10.0079 -6.552 3.26044
      vertex 10.0889 -8.4676 3.8677
      vertex 10.0889 -6.5113 3.45188
    endloop
  endfacet
  facet normal -0.923987 0.0795118 0.374067
    outer loop
      vertex 10.0889 -8.4676 3.8677
      vertex 10.0079 -6.552 3.26044
      vertex 10.0079 -8.50829 3.67627
    endloop
  endfacet
  facet normal 0.23344 -0.202166 -0.951123
    outer loop
      vertex 8.38783 -6.15763 5.11581
      vertex 8.59381 -8.10364 5.58
      vertex 8.38783 -8.11392 5.53163
    endloop
  endfacet
  facet normal 0.23345 -0.202165 -0.951121
    outer loop
      vertex 8.59381 -8.10364 5.58
      vertex 8.38783 -6.15763 5.11581
      vertex 8.59381 -6.14734 5.16418
    endloop
  endfacet
  facet normal 0.996918 0.0163118 0.0767416
    outer loop
      vertex 7.455 -8.38087 4.27576
      vertex 7.47162 -6.46848 3.65337
      vertex 7.455 -6.42457 3.85994
    endloop
  endfacet
  facet normal 0.996918 0.016312 0.0767424
    outer loop
      vertex 7.47162 -6.46848 3.65337
      vertex 7.455 -8.38087 4.27576
      vertex 7.47162 -8.42477 4.06919
    endloop
  endfacet
  facet normal -0.0784734 -0.207268 -0.975132
    outer loop
      vertex 8.805 -8.10018 5.59626
      vertex 9.01619 -6.14734 5.16418
      vertex 9.01619 -8.10364 5.58
    endloop
  endfacet
  facet normal -0.0784636 -0.20727 -0.975132
    outer loop
      vertex 9.01619 -6.14734 5.16418
      vertex 8.805 -8.10018 5.59626
      vertex 8.805 -6.14389 5.18044
    endloop
  endfacet
  facet normal 0.924034 0.0794822 0.373956
    outer loop
      vertex 174.521 -2.02234 34.1903
      vertex 174.602 -0.106734 33.583
      vertex 174.521 -0.0660424 33.7745
    endloop
  endfacet
  facet normal 0.924034 0.0794824 0.373956
    outer loop
      vertex 174.602 -0.106734 33.583
      vertex 174.521 -2.02234 34.1903
      vertex 174.602 -2.06303 33.9988
    endloop
  endfacet
  facet normal 0.078268 -0.207262 -0.975149
    outer loop
      vertex 175.594 0.297918 35.4868
      vertex 175.805 -1.65492 35.9188
      vertex 175.594 -1.65838 35.9026
    endloop
  endfacet
  facet normal 0.0782631 -0.207263 -0.97515
    outer loop
      vertex 175.805 -1.65492 35.9188
      vertex 175.594 0.297918 35.4868
      vertex 175.805 0.301373 35.503
    endloop
  endfacet
  facet normal -0.972832 0.0481423 0.22645
    outer loop
      vertex 177.089 -0.0660424 33.7745
      vertex 177.138 -1.97951 34.3918
      vertex 177.138 -0.0232155 33.9759
    endloop
  endfacet
  facet normal -0.972857 0.0481094 0.22635
    outer loop
      vertex 177.138 -1.97951 34.3918
      vertex 177.089 -0.0660424 33.7745
      vertex 177.089 -2.02234 34.1903
    endloop
  endfacet
  facet normal -0.996777 0.0166794 0.0784746
    outer loop
      vertex 177.138 -0.0232155 33.9759
      vertex 177.155 -1.9356 34.5983
      vertex 177.155 0.0206926 34.1825
    endloop
  endfacet
  facet normal -0.996774 0.0166908 0.0785097
    outer loop
      vertex 177.155 -1.9356 34.5983
      vertex 177.138 -0.0232155 33.9759
      vertex 177.138 -1.97951 34.3918
    endloop
  endfacet
  facet normal -0.972857 -0.0481095 -0.22635
    outer loop
      vertex 177.138 0.0646009 34.3891
      vertex 177.089 -1.84887 35.0064
      vertex 177.089 0.107428 34.5906
    endloop
  endfacet
  facet normal -0.972857 -0.04811 -0.226352
    outer loop
      vertex 177.089 -1.84887 35.0064
      vertex 177.138 0.0646009 34.3891
      vertex 177.138 -1.89169 34.8049
    endloop
  endfacet
  facet normal 0.996777 -0.0166794 -0.0784745
    outer loop
      vertex 174.472 -1.89169 34.8049
      vertex 174.455 0.0206926 34.1825
      vertex 174.472 0.0646009 34.3891
    endloop
  endfacet
  facet normal 0.996777 -0.0166793 -0.0784744
    outer loop
      vertex 174.455 0.0206926 34.1825
      vertex 174.472 -1.89169 34.8049
      vertex 174.455 -1.9356 34.5983
    endloop
  endfacet
  facet normal -0.996777 -0.0166794 -0.0784745
    outer loop
      vertex 177.155 0.0206926 34.1825
      vertex 177.138 -1.89169 34.8049
      vertex 177.138 0.0646009 34.3891
    endloop
  endfacet
  facet normal -0.996777 -0.0166793 -0.0784744
    outer loop
      vertex 177.138 -1.89169 34.8049
      vertex 177.155 0.0206926 34.1825
      vertex 177.155 -1.9356 34.5983
    endloop
  endfacet
  facet normal 0.0787234 0.207255 0.975114
    outer loop
      vertex 175.594 -2.21283 33.2941
      vertex 175.805 -0.259988 32.862
      vertex 175.594 -0.256532 32.8783
    endloop
  endfacet
  facet normal 0.0787175 0.207256 0.975115
    outer loop
      vertex 175.805 -0.259988 32.862
      vertex 175.594 -2.21283 33.2941
      vertex 175.805 -2.21628 33.2778
    endloop
  endfacet
  facet normal -0.0787234 0.207255 0.975114
    outer loop
      vertex 175.805 -0.259988 32.862
      vertex 176.016 -2.21283 33.2941
      vertex 176.016 -0.256532 32.8783
    endloop
  endfacet
  facet normal -0.0787175 0.207256 0.975115
    outer loop
      vertex 176.016 -2.21283 33.2941
      vertex 175.805 -0.259988 32.862
      vertex 175.805 -2.21628 33.2778
    endloop
  endfacet
  facet normal -0.85201 -0.108841 -0.512086
    outer loop
      vertex 177.008 0.148119 34.782
      vertex 176.897 -1.77062 35.3745
      vertex 176.897 0.185673 34.9587
    endloop
  endfacet
  facet normal -0.852012 -0.10884 -0.512084
    outer loop
      vertex 176.897 -1.77062 35.3745
      vertex 177.008 0.148119 34.782
      vertex 177.008 -1.80818 35.1978
    endloop
  endfacet
  facet normal -0.382219 -0.192115 -0.903881
    outer loop
      vertex 176.222 -1.66866 35.8542
      vertex 176.418 0.270781 35.3591
      vertex 176.418 -1.68551 35.7749
    endloop
  endfacet
  facet normal -0.382223 -0.192115 -0.903879
    outer loop
      vertex 176.418 0.270781 35.3591
      vertex 176.222 -1.66866 35.8542
      vertex 176.222 0.287636 35.4384
    endloop
  endfacet
  facet normal 0.649718 0.158041 0.743566
    outer loop
      vertex 174.85 -2.13407 33.6646
      vertex 175.011 -0.206383 33.1142
      vertex 174.85 -0.177779 33.2488
    endloop
  endfacet
  facet normal 0.649721 0.15804 0.743563
    outer loop
      vertex 175.011 -0.206383 33.1142
      vertex 174.85 -2.13407 33.6646
      vertex 175.011 -2.16268 33.53
    endloop
  endfacet
  facet normal 0.972857 -0.0481095 -0.22635
    outer loop
      vertex 174.521 -1.84887 35.0064
      vertex 174.472 0.0646009 34.3891
      vertex 174.521 0.107428 34.5906
    endloop
  endfacet
  facet normal 0.972857 -0.04811 -0.226352
    outer loop
      vertex 174.472 0.0646009 34.3891
      vertex 174.521 -1.84887 35.0064
      vertex 174.472 -1.89169 34.8049
    endloop
  endfacet
  facet normal 0.521822 -0.17735 -0.834415
    outer loop
      vertex 175.011 0.247768 35.2508
      vertex 175.192 -1.68551 35.7749
      vertex 175.011 -1.70853 35.6666
    endloop
  endfacet
  facet normal 0.521817 -0.177351 -0.834418
    outer loop
      vertex 175.192 -1.68551 35.7749
      vertex 175.011 0.247768 35.2508
      vertex 175.192 0.270781 35.3591
    endloop
  endfacet
  facet normal 0.382219 -0.192115 -0.903881
    outer loop
      vertex 175.192 0.270781 35.3591
      vertex 175.388 -1.66866 35.8542
      vertex 175.192 -1.68551 35.7749
    endloop
  endfacet
  facet normal 0.382223 -0.192115 -0.903879
    outer loop
      vertex 175.388 -1.66866 35.8542
      vertex 175.192 0.270781 35.3591
      vertex 175.388 0.287636 35.4384
    endloop
  endfacet
  facet normal -0.382223 0.192159 0.90387
    outer loop
      vertex 176.222 -0.246251 32.9266
      vertex 176.418 -2.18569 33.4218
      vertex 176.418 -0.229396 33.0059
    endloop
  endfacet
  facet normal -0.382227 0.192158 0.903868
    outer loop
      vertex 176.418 -2.18569 33.4218
      vertex 176.222 -0.246251 32.9266
      vertex 176.222 -2.20255 33.3425
    endloop
  endfacet
  facet normal -0.233114 0.202219 0.951191
    outer loop
      vertex 176.016 -0.256532 32.8783
      vertex 176.222 -2.20255 33.3425
      vertex 176.222 -0.246251 32.9266
    endloop
  endfacet
  facet normal -0.23355 0.202151 0.951099
    outer loop
      vertex 176.222 -2.20255 33.3425
      vertex 176.016 -0.256532 32.8783
      vertex 176.016 -2.21283 33.2941
    endloop
  endfacet
  facet normal 0.923967 -0.0795161 -0.374116
    outer loop
      vertex 174.602 -1.80818 35.1978
      vertex 174.521 0.107428 34.5906
      vertex 174.602 0.148119 34.782
    endloop
  endfacet
  facet normal 0.923967 -0.0795162 -0.374116
    outer loop
      vertex 174.521 0.107428 34.5906
      vertex 174.602 -1.80818 35.1978
      vertex 174.521 -1.84887 35.0064
    endloop
  endfacet
  facet normal -0.649718 0.158041 0.743566
    outer loop
      vertex 176.599 -0.206383 33.1142
      vertex 176.76 -2.13407 33.6646
      vertex 176.76 -0.177779 33.2488
    endloop
  endfacet
  facet normal -0.649721 0.15804 0.743563
    outer loop
      vertex 176.76 -2.13407 33.6646
      vertex 176.599 -0.206383 33.1142
      vertex 176.599 -2.16268 33.53
    endloop
  endfacet
  facet normal 0.382223 0.192159 0.90387
    outer loop
      vertex 175.192 -2.18569 33.4218
      vertex 175.388 -0.246251 32.9266
      vertex 175.192 -0.229396 33.0059
    endloop
  endfacet
  facet normal 0.382227 0.192158 0.903868
    outer loop
      vertex 175.388 -0.246251 32.9266
      vertex 175.192 -2.18569 33.4218
      vertex 175.388 -2.20255 33.3425
    endloop
  endfacet
  facet normal -0.761632 0.134753 0.633844
    outer loop
      vertex 176.76 -0.177779 33.2488
      vertex 176.897 -2.10058 33.8222
      vertex 176.897 -0.144287 33.4063
    endloop
  endfacet
  facet normal -0.761825 0.134675 0.633628
    outer loop
      vertex 176.897 -2.10058 33.8222
      vertex 176.76 -0.177779 33.2488
      vertex 176.76 -2.13407 33.6646
    endloop
  endfacet
  facet normal -0.23355 -0.202151 -0.951099
    outer loop
      vertex 176.016 -1.65838 35.9026
      vertex 176.222 0.287636 35.4384
      vertex 176.222 -1.66866 35.8542
    endloop
  endfacet
  facet normal -0.233552 -0.202151 -0.951099
    outer loop
      vertex 176.222 0.287636 35.4384
      vertex 176.016 -1.65838 35.9026
      vertex 176.016 0.297918 35.4868
    endloop
  endfacet
  facet normal 0.761632 0.134753 0.633844
    outer loop
      vertex 174.713 -2.10058 33.8222
      vertex 174.85 -0.177779 33.2488
      vertex 174.713 -0.144287 33.4063
    endloop
  endfacet
  facet normal 0.761825 0.134675 0.633628
    outer loop
      vertex 174.85 -0.177779 33.2488
      vertex 174.713 -2.10058 33.8222
      vertex 174.85 -2.13407 33.6646
    endloop
  endfacet
  facet normal 0.85201 -0.108841 -0.512086
    outer loop
      vertex 174.713 -1.77062 35.3745
      vertex 174.602 0.148119 34.782
      vertex 174.713 0.185673 34.9587
    endloop
  endfacet
  facet normal 0.852012 -0.10884 -0.512084
    outer loop
      vertex 174.602 0.148119 34.782
      vertex 174.713 -1.77062 35.3745
      vertex 174.602 -1.80818 35.1978
    endloop
  endfacet
  facet normal -0.521817 0.177351 0.834418
    outer loop
      vertex 176.418 -0.229396 33.0059
      vertex 176.599 -2.16268 33.53
      vertex 176.599 -0.206383 33.1142
    endloop
  endfacet
  facet normal -0.521479 0.177435 0.834611
    outer loop
      vertex 176.599 -2.16268 33.53
      vertex 176.418 -0.229396 33.0059
      vertex 176.418 -2.18569 33.4218
    endloop
  endfacet
  facet normal -0.521822 -0.17735 -0.834415
    outer loop
      vertex 176.418 -1.68551 35.7749
      vertex 176.599 0.247768 35.2508
      vertex 176.599 -1.70853 35.6666
    endloop
  endfacet
  facet normal -0.521817 -0.177351 -0.834418
    outer loop
      vertex 176.599 0.247768 35.2508
      vertex 176.418 -1.68551 35.7749
      vertex 176.418 0.270781 35.3591
    endloop
  endfacet
  facet normal 0.521817 0.177351 0.834418
    outer loop
      vertex 175.011 -2.16268 33.53
      vertex 175.192 -0.229396 33.0059
      vertex 175.011 -0.206383 33.1142
    endloop
  endfacet
  facet normal 0.521479 0.177435 0.834611
    outer loop
      vertex 175.192 -0.229396 33.0059
      vertex 175.011 -2.16268 33.53
      vertex 175.192 -2.18569 33.4218
    endloop
  endfacet
  facet normal 0.233114 0.202219 0.951191
    outer loop
      vertex 175.388 -2.20255 33.3425
      vertex 175.594 -0.256532 32.8783
      vertex 175.388 -0.246251 32.9266
    endloop
  endfacet
  facet normal 0.23355 0.202151 0.951099
    outer loop
      vertex 175.594 -0.256532 32.8783
      vertex 175.388 -2.20255 33.3425
      vertex 175.594 -2.21283 33.2941
    endloop
  endfacet
  facet normal -0.85201 0.108841 0.512087
    outer loop
      vertex 176.897 -0.144287 33.4063
      vertex 177.008 -2.06303 33.9988
      vertex 177.008 -0.106734 33.583
    endloop
  endfacet
  facet normal -0.851882 0.10891 0.512284
    outer loop
      vertex 177.008 -2.06303 33.9988
      vertex 176.897 -0.144287 33.4063
      vertex 176.897 -2.10058 33.8222
    endloop
  endfacet
  facet normal 0.761632 -0.134753 -0.633845
    outer loop
      vertex 174.85 -1.73713 35.5321
      vertex 174.713 0.185673 34.9587
      vertex 174.85 0.219164 35.1162
    endloop
  endfacet
  facet normal 0.761825 -0.134674 -0.633628
    outer loop
      vertex 174.713 0.185673 34.9587
      vertex 174.85 -1.73713 35.5321
      vertex 174.713 -1.77062 35.3745
    endloop
  endfacet
  facet normal -0.923967 -0.0795161 -0.374116
    outer loop
      vertex 177.089 0.107428 34.5906
      vertex 177.008 -1.80818 35.1978
      vertex 177.008 0.148119 34.782
    endloop
  endfacet
  facet normal -0.923967 -0.0795162 -0.374116
    outer loop
      vertex 177.008 -1.80818 35.1978
      vertex 177.089 0.107428 34.5906
      vertex 177.089 -1.84887 35.0064
    endloop
  endfacet
  facet normal 0.649448 -0.158125 -0.743783
    outer loop
      vertex 174.85 0.219164 35.1162
      vertex 175.011 -1.70853 35.6666
      vertex 174.85 -1.73713 35.5321
    endloop
  endfacet
  facet normal 0.649718 -0.158041 -0.743566
    outer loop
      vertex 175.011 -1.70853 35.6666
      vertex 174.85 0.219164 35.1162
      vertex 175.011 0.247768 35.2508
    endloop
  endfacet
  facet normal -0.761632 -0.134753 -0.633845
    outer loop
      vertex 176.897 0.185673 34.9587
      vertex 176.76 -1.73713 35.5321
      vertex 176.76 0.219164 35.1162
    endloop
  endfacet
  facet normal -0.761825 -0.134674 -0.633628
    outer loop
      vertex 176.76 -1.73713 35.5321
      vertex 176.897 0.185673 34.9587
      vertex 176.897 -1.77062 35.3745
    endloop
  endfacet
  facet normal -0.649448 -0.158125 -0.743783
    outer loop
      vertex 176.599 -1.70853 35.6666
      vertex 176.76 0.219164 35.1162
      vertex 176.76 -1.73713 35.5321
    endloop
  endfacet
  facet normal -0.649718 -0.158041 -0.743566
    outer loop
      vertex 176.76 0.219164 35.1162
      vertex 176.599 -1.70853 35.6666
      vertex 176.599 0.247768 35.2508
    endloop
  endfacet
  facet normal 0.972832 0.0481423 0.22645
    outer loop
      vertex 174.472 -1.97951 34.3918
      vertex 174.521 -0.0660424 33.7745
      vertex 174.472 -0.0232155 33.9759
    endloop
  endfacet
  facet normal 0.972857 0.0481094 0.22635
    outer loop
      vertex 174.521 -0.0660424 33.7745
      vertex 174.472 -1.97951 34.3918
      vertex 174.521 -2.02234 34.1903
    endloop
  endfacet
  facet normal 0.85201 0.108841 0.512087
    outer loop
      vertex 174.602 -2.06303 33.9988
      vertex 174.713 -0.144287 33.4063
      vertex 174.602 -0.106734 33.583
    endloop
  endfacet
  facet normal 0.851882 0.10891 0.512284
    outer loop
      vertex 174.713 -0.144287 33.4063
      vertex 174.602 -2.06303 33.9988
      vertex 174.713 -2.10058 33.8222
    endloop
  endfacet
  facet normal -0.924034 0.0794822 0.373956
    outer loop
      vertex 177.008 -0.106734 33.583
      vertex 177.089 -2.02234 34.1903
      vertex 177.089 -0.0660424 33.7745
    endloop
  endfacet
  facet normal -0.924034 0.0794824 0.373956
    outer loop
      vertex 177.089 -2.02234 34.1903
      vertex 177.008 -0.106734 33.583
      vertex 177.008 -2.06303 33.9988
    endloop
  endfacet
  facet normal 0.23355 -0.202151 -0.951099
    outer loop
      vertex 175.388 0.287636 35.4384
      vertex 175.594 -1.65838 35.9026
      vertex 175.388 -1.66866 35.8542
    endloop
  endfacet
  facet normal 0.233552 -0.202151 -0.951099
    outer loop
      vertex 175.594 -1.65838 35.9026
      vertex 175.388 0.287636 35.4384
      vertex 175.594 0.297918 35.4868
    endloop
  endfacet
  facet normal 0.996777 0.0166794 0.0784746
    outer loop
      vertex 174.455 -1.9356 34.5983
      vertex 174.472 -0.0232155 33.9759
      vertex 174.455 0.0206926 34.1825
    endloop
  endfacet
  facet normal 0.996774 0.0166908 0.0785097
    outer loop
      vertex 174.472 -0.0232155 33.9759
      vertex 174.455 -1.9356 34.5983
      vertex 174.472 -1.97951 34.3918
    endloop
  endfacet
  facet normal -0.078268 -0.207262 -0.975149
    outer loop
      vertex 175.805 -1.65492 35.9188
      vertex 176.016 0.297918 35.4868
      vertex 176.016 -1.65838 35.9026
    endloop
  endfacet
  facet normal -0.0782631 -0.207263 -0.97515
    outer loop
      vertex 176.016 0.297918 35.4868
      vertex 175.805 -1.65492 35.9188
      vertex 175.805 0.301373 35.503
    endloop
  endfacet
  facet normal 0.923995 0.0795055 0.374048
    outer loop
      vertex 174.521 -8.4676 3.8677
      vertex 174.602 -6.552 3.26044
      vertex 174.521 -6.5113 3.45188
    endloop
  endfacet
  facet normal 0.923987 0.0795118 0.374067
    outer loop
      vertex 174.602 -6.552 3.26044
      vertex 174.521 -8.4676 3.8677
      vertex 174.602 -8.50829 3.67627
    endloop
  endfacet
  facet normal 0.0785436 -0.207267 -0.975126
    outer loop
      vertex 175.594 -6.14734 5.16418
      vertex 175.805 -8.10018 5.59626
      vertex 175.594 -8.10364 5.58
    endloop
  endfacet
  facet normal 0.0785338 -0.207268 -0.975127
    outer loop
      vertex 175.805 -8.10018 5.59626
      vertex 175.594 -6.14734 5.16418
      vertex 175.805 -6.14389 5.18044
    endloop
  endfacet
  facet normal -0.972854 0.0481144 0.226362
    outer loop
      vertex 177.089 -6.5113 3.45188
      vertex 177.138 -8.42477 4.06919
      vertex 177.138 -6.46848 3.65337
    endloop
  endfacet
  facet normal -0.972855 0.0481137 0.226359
    outer loop
      vertex 177.138 -8.42477 4.06919
      vertex 177.089 -6.5113 3.45188
      vertex 177.089 -8.4676 3.8677
    endloop
  endfacet
  facet normal -0.996776 0.0166823 0.0784851
    outer loop
      vertex 177.138 -6.46848 3.65337
      vertex 177.155 -8.38087 4.27576
      vertex 177.155 -6.42457 3.85994
    endloop
  endfacet
  facet normal -0.996776 0.0166826 0.0784858
    outer loop
      vertex 177.155 -8.38087 4.27576
      vertex 177.138 -6.46848 3.65337
      vertex 177.138 -8.42477 4.06919
    endloop
  endfacet
  facet normal -0.972852 -0.048117 -0.226369
    outer loop
      vertex 177.138 -6.38066 4.06651
      vertex 177.089 -8.29413 4.68382
      vertex 177.089 -6.33783 4.26799
    endloop
  endfacet
  facet normal -0.972855 -0.0481137 -0.226359
    outer loop
      vertex 177.089 -8.29413 4.68382
      vertex 177.138 -6.38066 4.06651
      vertex 177.138 -8.33696 4.48233
    endloop
  endfacet
  facet normal 0.996776 -0.0166823 -0.0784851
    outer loop
      vertex 174.472 -8.33696 4.48233
      vertex 174.455 -6.42457 3.85994
      vertex 174.472 -6.38066 4.06651
    endloop
  endfacet
  facet normal 0.996776 -0.0166823 -0.0784851
    outer loop
      vertex 174.455 -6.42457 3.85994
      vertex 174.472 -8.33696 4.48233
      vertex 174.455 -8.38087 4.27576
    endloop
  endfacet
  facet normal -0.996776 -0.0166823 -0.0784851
    outer loop
      vertex 177.155 -6.42457 3.85994
      vertex 177.138 -8.33696 4.48233
      vertex 177.138 -6.38066 4.06651
    endloop
  endfacet
  facet normal -0.996776 -0.0166823 -0.0784851
    outer loop
      vertex 177.138 -8.33696 4.48233
      vertex 177.155 -6.42457 3.85994
      vertex 177.155 -8.38087 4.27576
    endloop
  endfacet
  facet normal 0.0785436 0.207267 0.975126
    outer loop
      vertex 175.594 -8.65809 2.97152
      vertex 175.805 -6.70525 2.53944
      vertex 175.594 -6.70179 2.5557
    endloop
  endfacet
  facet normal 0.0785436 0.207267 0.975126
    outer loop
      vertex 175.805 -6.70525 2.53944
      vertex 175.594 -8.65809 2.97152
      vertex 175.805 -8.66155 2.95526
    endloop
  endfacet
  facet normal -0.0785436 0.207267 0.975126
    outer loop
      vertex 175.805 -6.70525 2.53944
      vertex 176.016 -8.65809 2.97152
      vertex 176.016 -6.70179 2.5557
    endloop
  endfacet
  facet normal -0.0785436 0.207267 0.975126
    outer loop
      vertex 176.016 -8.65809 2.97152
      vertex 175.805 -6.70525 2.53944
      vertex 175.805 -8.66155 2.95526
    endloop
  endfacet
  facet normal -0.851984 -0.108855 -0.512127
    outer loop
      vertex 177.008 -6.29714 4.45943
      vertex 176.897 -8.21589 5.05193
      vertex 176.897 -6.25959 4.63611
    endloop
  endfacet
  facet normal -0.851984 -0.108855 -0.512127
    outer loop
      vertex 176.897 -8.21589 5.05193
      vertex 177.008 -6.29714 4.45943
      vertex 177.008 -8.25344 4.87525
    endloop
  endfacet
  facet normal -0.382227 -0.192123 -0.903876
    outer loop
      vertex 176.222 -8.11392 5.53163
      vertex 176.418 -6.17448 5.03651
      vertex 176.418 -8.13078 5.45233
    endloop
  endfacet
  facet normal -0.382219 -0.192124 -0.903879
    outer loop
      vertex 176.418 -6.17448 5.03651
      vertex 176.222 -8.11392 5.53163
      vertex 176.222 -6.15763 5.11581
    endloop
  endfacet
  facet normal 0.233419 0.202166 0.951128
    outer loop
      vertex 175.388 -8.64781 3.01989
      vertex 175.594 -6.70179 2.5557
      vertex 175.388 -6.69151 2.60407
    endloop
  endfacet
  facet normal 0.233419 0.202166 0.951128
    outer loop
      vertex 175.594 -6.70179 2.5557
      vertex 175.388 -8.64781 3.01989
      vertex 175.594 -8.65809 2.97152
    endloop
  endfacet
  facet normal 0.649641 0.158065 0.743628
    outer loop
      vertex 174.85 -8.57934 3.34203
      vertex 175.011 -6.65165 2.79163
      vertex 174.85 -6.62304 2.9262
    endloop
  endfacet
  facet normal 0.649662 0.158058 0.743611
    outer loop
      vertex 175.011 -6.65165 2.79163
      vertex 174.85 -8.57934 3.34203
      vertex 175.011 -8.60794 3.20745
    endloop
  endfacet
  facet normal 0.972852 -0.048117 -0.226369
    outer loop
      vertex 174.521 -8.29413 4.68382
      vertex 174.472 -6.38066 4.06651
      vertex 174.521 -6.33783 4.26799
    endloop
  endfacet
  facet normal 0.972855 -0.0481137 -0.226359
    outer loop
      vertex 174.472 -6.38066 4.06651
      vertex 174.521 -8.29413 4.68382
      vertex 174.472 -8.33696 4.48233
    endloop
  endfacet
  facet normal 0.521681 -0.17738 -0.834497
    outer loop
      vertex 175.011 -6.19749 4.92824
      vertex 175.192 -8.13078 5.45233
      vertex 175.011 -8.15379 5.34407
    endloop
  endfacet
  facet normal 0.521714 -0.177372 -0.834478
    outer loop
      vertex 175.192 -8.13078 5.45233
      vertex 175.011 -6.19749 4.92824
      vertex 175.192 -6.17448 5.03651
    endloop
  endfacet
  facet normal 0.382227 -0.192123 -0.903876
    outer loop
      vertex 175.192 -6.17448 5.03651
      vertex 175.388 -8.11392 5.53163
      vertex 175.192 -8.13078 5.45233
    endloop
  endfacet
  facet normal 0.382219 -0.192124 -0.903879
    outer loop
      vertex 175.388 -8.11392 5.53163
      vertex 175.192 -6.17448 5.03651
      vertex 175.388 -6.15763 5.11581
    endloop
  endfacet
  facet normal -0.382179 0.192132 0.903894
    outer loop
      vertex 176.222 -6.69151 2.60407
      vertex 176.418 -8.63095 3.09919
      vertex 176.418 -6.67466 2.68336
    endloop
  endfacet
  facet normal -0.382227 0.192123 0.903876
    outer loop
      vertex 176.418 -8.63095 3.09919
      vertex 176.222 -6.69151 2.60407
      vertex 176.222 -8.64781 3.01989
    endloop
  endfacet
  facet normal -0.233419 0.202166 0.951128
    outer loop
      vertex 176.016 -6.70179 2.5557
      vertex 176.222 -8.64781 3.01989
      vertex 176.222 -6.69151 2.60407
    endloop
  endfacet
  facet normal -0.233419 0.202166 0.951128
    outer loop
      vertex 176.222 -8.64781 3.01989
      vertex 176.016 -6.70179 2.5557
      vertex 176.016 -8.65809 2.97152
    endloop
  endfacet
  facet normal 0.923994 -0.0795062 -0.374051
    outer loop
      vertex 174.602 -8.25344 4.87525
      vertex 174.521 -6.33783 4.26799
      vertex 174.602 -6.29714 4.45943
    endloop
  endfacet
  facet normal 0.923987 -0.0795114 -0.374067
    outer loop
      vertex 174.521 -6.33783 4.26799
      vertex 174.602 -8.25344 4.87525
      vertex 174.521 -8.29413 4.68382
    endloop
  endfacet
  facet normal -0.649641 0.158065 0.743628
    outer loop
      vertex 176.599 -6.65165 2.79163
      vertex 176.76 -8.57934 3.34203
      vertex 176.76 -6.62304 2.9262
    endloop
  endfacet
  facet normal -0.649662 0.158058 0.743611
    outer loop
      vertex 176.76 -8.57934 3.34203
      vertex 176.599 -6.65165 2.79163
      vertex 176.599 -8.60794 3.20745
    endloop
  endfacet
  facet normal 0.382179 0.192132 0.903894
    outer loop
      vertex 175.192 -8.63095 3.09919
      vertex 175.388 -6.69151 2.60407
      vertex 175.192 -6.67466 2.68336
    endloop
  endfacet
  facet normal 0.382227 0.192123 0.903876
    outer loop
      vertex 175.388 -6.69151 2.60407
      vertex 175.192 -8.63095 3.09919
      vertex 175.388 -8.64781 3.01989
    endloop
  endfacet
  facet normal -0.761767 0.134694 0.633694
    outer loop
      vertex 176.76 -6.62304 2.9262
      vertex 176.897 -8.54585 3.49959
      vertex 176.897 -6.58955 3.08377
    endloop
  endfacet
  facet normal -0.761748 0.134702 0.633716
    outer loop
      vertex 176.897 -8.54585 3.49959
      vertex 176.76 -6.62304 2.9262
      vertex 176.76 -8.57934 3.34203
    endloop
  endfacet
  facet normal -0.233419 -0.202167 -0.951128
    outer loop
      vertex 176.016 -8.10364 5.58
      vertex 176.222 -6.15763 5.11581
      vertex 176.222 -8.11392 5.53163
    endloop
  endfacet
  facet normal -0.233428 -0.202166 -0.951126
    outer loop
      vertex 176.222 -6.15763 5.11581
      vertex 176.016 -8.10364 5.58
      vertex 176.016 -6.14734 5.16418
    endloop
  endfacet
  facet normal 0.761767 0.134694 0.633694
    outer loop
      vertex 174.713 -8.54585 3.49959
      vertex 174.85 -6.62304 2.9262
      vertex 174.713 -6.58955 3.08377
    endloop
  endfacet
  facet normal 0.761748 0.134702 0.633716
    outer loop
      vertex 174.85 -6.62304 2.9262
      vertex 174.713 -8.54585 3.49959
      vertex 174.85 -8.57934 3.34203
    endloop
  endfacet
  facet normal 0.851984 -0.108855 -0.512127
    outer loop
      vertex 174.713 -8.21589 5.05193
      vertex 174.602 -6.29714 4.45943
      vertex 174.713 -6.25959 4.63611
    endloop
  endfacet
  facet normal 0.851984 -0.108855 -0.512127
    outer loop
      vertex 174.602 -6.29714 4.45943
      vertex 174.713 -8.21589 5.05193
      vertex 174.602 -8.25344 4.87525
    endloop
  endfacet
  facet normal -0.521714 0.177373 0.834478
    outer loop
      vertex 176.418 -6.67466 2.68336
      vertex 176.599 -8.60794 3.20745
      vertex 176.599 -6.65165 2.79163
    endloop
  endfacet
  facet normal -0.521681 0.177381 0.834497
    outer loop
      vertex 176.599 -8.60794 3.20745
      vertex 176.418 -6.67466 2.68336
      vertex 176.418 -8.63095 3.09919
    endloop
  endfacet
  facet normal -0.521681 -0.17738 -0.834497
    outer loop
      vertex 176.418 -8.13078 5.45233
      vertex 176.599 -6.19749 4.92824
      vertex 176.599 -8.15379 5.34407
    endloop
  endfacet
  facet normal -0.521714 -0.177372 -0.834478
    outer loop
      vertex 176.599 -6.19749 4.92824
      vertex 176.418 -8.13078 5.45233
      vertex 176.418 -6.17448 5.03651
    endloop
  endfacet
  facet normal 0.521714 0.177373 0.834478
    outer loop
      vertex 175.011 -8.60794 3.20745
      vertex 175.192 -6.67466 2.68336
      vertex 175.011 -6.65165 2.79163
    endloop
  endfacet
  facet normal 0.521681 0.177381 0.834497
    outer loop
      vertex 175.192 -6.67466 2.68336
      vertex 175.011 -8.60794 3.20745
      vertex 175.192 -8.63095 3.09919
    endloop
  endfacet
  facet normal -0.851971 0.108862 0.512147
    outer loop
      vertex 176.897 -6.58955 3.08377
      vertex 177.008 -8.50829 3.67627
      vertex 177.008 -6.552 3.26044
    endloop
  endfacet
  facet normal -0.851986 0.108854 0.512123
    outer loop
      vertex 177.008 -8.50829 3.67627
      vertex 176.897 -6.58955 3.08377
      vertex 176.897 -8.54585 3.49959
    endloop
  endfacet
  facet normal 0.761748 -0.1347 -0.633716
    outer loop
      vertex 174.85 -8.18239 5.20949
      vertex 174.713 -6.25959 4.63611
      vertex 174.85 -6.2261 4.79367
    endloop
  endfacet
  facet normal 0.761752 -0.134698 -0.633712
    outer loop
      vertex 174.713 -6.25959 4.63611
      vertex 174.85 -8.18239 5.20949
      vertex 174.713 -8.21589 5.05193
    endloop
  endfacet
  facet normal -0.923994 -0.0795062 -0.374051
    outer loop
      vertex 177.089 -6.33783 4.26799
      vertex 177.008 -8.25344 4.87525
      vertex 177.008 -6.29714 4.45943
    endloop
  endfacet
  facet normal -0.923987 -0.0795114 -0.374067
    outer loop
      vertex 177.008 -8.25344 4.87525
      vertex 177.089 -6.33783 4.26799
      vertex 177.089 -8.29413 4.68382
    endloop
  endfacet
  facet normal 0.649662 -0.158058 -0.743611
    outer loop
      vertex 174.85 -6.2261 4.79367
      vertex 175.011 -8.15379 5.34407
      vertex 174.85 -8.18239 5.20949
    endloop
  endfacet
  facet normal 0.649641 -0.158065 -0.743628
    outer loop
      vertex 175.011 -8.15379 5.34407
      vertex 174.85 -6.2261 4.79367
      vertex 175.011 -6.19749 4.92824
    endloop
  endfacet
  facet normal -0.761748 -0.1347 -0.633716
    outer loop
      vertex 176.897 -6.25959 4.63611
      vertex 176.76 -8.18239 5.20949
      vertex 176.76 -6.2261 4.79367
    endloop
  endfacet
  facet normal -0.761752 -0.134698 -0.633712
    outer loop
      vertex 176.76 -8.18239 5.20949
      vertex 176.897 -6.25959 4.63611
      vertex 176.897 -8.21589 5.05193
    endloop
  endfacet
  facet normal -0.649662 -0.158058 -0.743611
    outer loop
      vertex 176.599 -8.15379 5.34407
      vertex 176.76 -6.2261 4.79367
      vertex 176.76 -8.18239 5.20949
    endloop
  endfacet
  facet normal -0.649641 -0.158065 -0.743628
    outer loop
      vertex 176.76 -6.2261 4.79367
      vertex 176.599 -8.15379 5.34407
      vertex 176.599 -6.19749 4.92824
    endloop
  endfacet
  facet normal 0.972854 0.0481144 0.226362
    outer loop
      vertex 174.472 -8.42477 4.06919
      vertex 174.521 -6.5113 3.45188
      vertex 174.472 -6.46848 3.65337
    endloop
  endfacet
  facet normal 0.972855 0.0481137 0.226359
    outer loop
      vertex 174.521 -6.5113 3.45188
      vertex 174.472 -8.42477 4.06919
      vertex 174.521 -8.4676 3.8677
    endloop
  endfacet
  facet normal 0.851971 0.108862 0.512147
    outer loop
      vertex 174.602 -8.50829 3.67627
      vertex 174.713 -6.58955 3.08377
      vertex 174.602 -6.552 3.26044
    endloop
  endfacet
  facet normal 0.851986 0.108854 0.512123
    outer loop
      vertex 174.713 -6.58955 3.08377
      vertex 174.602 -8.50829 3.67627
      vertex 174.713 -8.54585 3.49959
    endloop
  endfacet
  facet normal -0.923995 0.0795055 0.374048
    outer loop
      vertex 177.008 -6.552 3.26044
      vertex 177.089 -8.4676 3.8677
      vertex 177.089 -6.5113 3.45188
    endloop
  endfacet
  facet normal -0.923987 0.0795118 0.374067
    outer loop
      vertex 177.089 -8.4676 3.8677
      vertex 177.008 -6.552 3.26044
      vertex 177.008 -8.50829 3.67627
    endloop
  endfacet
  facet normal 0.233419 -0.202167 -0.951128
    outer loop
      vertex 175.388 -6.15763 5.11581
      vertex 175.594 -8.10364 5.58
      vertex 175.388 -8.11392 5.53163
    endloop
  endfacet
  facet normal 0.233428 -0.202166 -0.951126
    outer loop
      vertex 175.594 -8.10364 5.58
      vertex 175.388 -6.15763 5.11581
      vertex 175.594 -6.14734 5.16418
    endloop
  endfacet
  facet normal 0.996776 0.0166823 0.0784851
    outer loop
      vertex 174.455 -8.38087 4.27576
      vertex 174.472 -6.46848 3.65337
      vertex 174.455 -6.42457 3.85994
    endloop
  endfacet
  facet normal 0.996776 0.0166826 0.0784858
    outer loop
      vertex 174.472 -6.46848 3.65337
      vertex 174.455 -8.38087 4.27576
      vertex 174.472 -8.42477 4.06919
    endloop
  endfacet
  facet normal -0.0785436 -0.207267 -0.975126
    outer loop
      vertex 175.805 -8.10018 5.59626
      vertex 176.016 -6.14734 5.16418
      vertex 176.016 -8.10364 5.58
    endloop
  endfacet
  facet normal -0.0785338 -0.207268 -0.975127
    outer loop
      vertex 176.016 -6.14734 5.16418
      vertex 175.805 -8.10018 5.59626
      vertex 175.805 -6.14389 5.18044
    endloop
  endfacet
  facet normal 0.996914 0.0163196 0.0767819
    outer loop
      vertex 29.905 -3.91076 25.3059
      vertex 29.9592 -2.09758 24.2168
      vertex 29.905 -1.95447 24.8901
    endloop
  endfacet
  facet normal 0.996913 0.0163257 0.076792
    outer loop
      vertex 29.9592 -2.09758 24.2168
      vertex 29.905 -3.91076 25.3059
      vertex 29.9592 -4.05387 24.6327
    endloop
  endfacet
  facet normal -0.972364 0.0485499 0.228367
    outer loop
      vertex 38.4896 -2.23716 23.5601
      vertex 38.6508 -4.05387 24.6327
      vertex 38.6508 -2.09758 24.2168
    endloop
  endfacet
  facet normal -0.972364 0.0485495 0.228366
    outer loop
      vertex 38.6508 -4.05387 24.6327
      vertex 38.4896 -2.23716 23.5601
      vertex 38.4896 -4.19346 23.976
    endloop
  endfacet
  facet normal -0.996914 0.0163196 0.0767819
    outer loop
      vertex 38.6508 -2.09758 24.2168
      vertex 38.705 -3.91076 25.3059
      vertex 38.705 -1.95447 24.8901
    endloop
  endfacet
  facet normal -0.996913 0.0163257 0.076792
    outer loop
      vertex 38.705 -3.91076 25.3059
      vertex 38.6508 -2.09758 24.2168
      vertex 38.6508 -4.05387 24.6327
    endloop
  endfacet
  facet normal -0.233489 -0.202154 -0.951113
    outer loop
      vertex 34.9933 -3.00722 29.5568
      vertex 35.6647 -1.08443 28.9833
      vertex 35.6647 -3.04073 29.3991
    endloop
  endfacet
  facet normal -0.233489 -0.202154 -0.951113
    outer loop
      vertex 35.6647 -1.08443 28.9833
      vertex 34.9933 -3.00722 29.5568
      vertex 34.9933 -1.05092 29.141
    endloop
  endfacet
  facet normal 0.972397 -0.0485103 -0.228235
    outer loop
      vertex 30.1203 -3.62807 26.6359
      vertex 29.9592 -1.81136 25.5634
      vertex 30.1203 -1.67178 26.2201
    endloop
  endfacet
  facet normal 0.972397 -0.0485099 -0.228235
    outer loop
      vertex 29.9592 -1.81136 25.5634
      vertex 30.1203 -3.62807 26.6359
      vertex 29.9592 -3.76766 25.9792
    endloop
  endfacet
  facet normal -0.996914 -0.0163195 -0.0767819
    outer loop
      vertex 38.705 -1.95447 24.8901
      vertex 38.6508 -3.76766 25.9792
      vertex 38.6508 -1.81136 25.5634
    endloop
  endfacet
  facet normal -0.996914 -0.0163197 -0.0767821
    outer loop
      vertex 38.6508 -3.76766 25.9792
      vertex 38.705 -1.95447 24.8901
      vertex 38.705 -3.91076 25.3059
    endloop
  endfacet
  facet normal 0.233489 0.202155 0.951113
    outer loop
      vertex 32.9453 -4.7808 21.2127
      vertex 33.6167 -2.85802 20.6392
      vertex 32.9453 -2.82451 20.7969
    endloop
  endfacet
  facet normal 0.233355 0.202208 0.951135
    outer loop
      vertex 33.6167 -2.85802 20.6392
      vertex 32.9453 -4.7808 21.2127
      vertex 33.6167 -4.81431 21.0551
    endloop
  endfacet
  facet normal -0.852662 -0.108646 -0.511042
    outer loop
      vertex 38.2254 -1.53915 26.844
      vertex 37.8647 -3.37305 27.8357
      vertex 37.8647 -1.41676 27.4198
    endloop
  endfacet
  facet normal -0.852701 -0.108607 -0.510984
    outer loop
      vertex 37.8647 -3.37305 27.8357
      vertex 38.2254 -1.53915 26.844
      vertex 38.2254 -3.49545 27.2598
    endloop
  endfacet
  facet normal 0.92383 -0.0795849 -0.37444
    outer loop
      vertex 30.3846 -3.49545 27.2598
      vertex 30.1203 -1.67178 26.2201
      vertex 30.3846 -1.53915 26.844
    endloop
  endfacet
  facet normal 0.923829 -0.0795855 -0.374441
    outer loop
      vertex 30.1203 -1.67178 26.2201
      vertex 30.3846 -3.49545 27.2598
      vertex 30.1203 -3.62807 26.6359
    endloop
  endfacet
  facet normal 0.923829 0.0796034 0.374437
    outer loop
      vertex 30.1203 -4.19346 23.976
      vertex 30.3846 -2.36978 22.9362
      vertex 30.1203 -2.23716 23.5601
    endloop
  endfacet
  facet normal 0.92385 0.0795747 0.374392
    outer loop
      vertex 30.3846 -2.36978 22.9362
      vertex 30.1203 -4.19346 23.976
      vertex 30.3846 -4.32608 23.352
    endloop
  endfacet
  facet normal -0.382618 -0.192081 -0.903719
    outer loop
      vertex 35.6647 -3.04073 29.3991
      vertex 36.3026 -1.13937 28.7249
      vertex 36.3026 -3.09566 29.1407
    endloop
  endfacet
  facet normal -0.382621 -0.19208 -0.903718
    outer loop
      vertex 36.3026 -1.13937 28.7249
      vertex 35.6647 -3.04073 29.3991
      vertex 35.6647 -1.08443 28.9833
    endloop
  endfacet
  facet normal -0.522528 -0.17726 -0.833992
    outer loop
      vertex 36.3026 -3.09566 29.1407
      vertex 36.8913 -1.21437 28.372
      vertex 36.8913 -3.17067 28.7878
    endloop
  endfacet
  facet normal -0.522526 -0.177261 -0.833994
    outer loop
      vertex 36.8913 -1.21437 28.372
      vertex 36.3026 -3.09566 29.1407
      vertex 36.3026 -1.13937 28.7249
    endloop
  endfacet
  facet normal 0.760445 0.135011 0.635213
    outer loop
      vertex 30.7453 -4.44848 22.7762
      vertex 31.1937 -2.60134 21.8468
      vertex 30.7453 -2.49218 22.3604
    endloop
  endfacet
  facet normal 0.760384 0.135057 0.635277
    outer loop
      vertex 31.1937 -2.60134 21.8468
      vertex 30.7453 -4.44848 22.7762
      vertex 31.1937 -4.55763 22.2627
    endloop
  endfacet
  facet normal 0.649454 0.158125 0.743779
    outer loop
      vertex 31.1937 -4.55763 22.2627
      vertex 31.7187 -2.69457 21.4082
      vertex 31.1937 -2.60134 21.8468
    endloop
  endfacet
  facet normal 0.649536 0.158074 0.743718
    outer loop
      vertex 31.7187 -2.69457 21.4082
      vertex 31.1937 -4.55763 22.2627
      vertex 31.7187 -4.65086 21.824
    endloop
  endfacet
  facet normal -0.649452 -0.158088 -0.743788
    outer loop
      vertex 36.8913 -3.17067 28.7878
      vertex 37.4163 -1.3076 27.9334
      vertex 37.4163 -3.26389 28.3492
    endloop
  endfacet
  facet normal -0.649454 -0.158087 -0.743786
    outer loop
      vertex 37.4163 -1.3076 27.9334
      vertex 36.8913 -3.17067 28.7878
      vertex 36.8913 -1.21437 28.372
    endloop
  endfacet
  facet normal -0.0784801 -0.207259 -0.975133
    outer loop
      vertex 34.305 -2.99595 29.6098
      vertex 34.9933 -1.05092 29.141
      vertex 34.9933 -3.00722 29.5568
    endloop
  endfacet
  facet normal -0.0784771 -0.20726 -0.975133
    outer loop
      vertex 34.9933 -1.05092 29.141
      vertex 34.305 -2.99595 29.6098
      vertex 34.305 -1.03966 29.194
    endloop
  endfacet
  facet normal 0.382618 -0.192081 -0.903719
    outer loop
      vertex 32.3074 -1.13937 28.7249
      vertex 32.9453 -3.04073 29.3991
      vertex 32.3074 -3.09566 29.1407
    endloop
  endfacet
  facet normal 0.382621 -0.19208 -0.903718
    outer loop
      vertex 32.9453 -3.04073 29.3991
      vertex 32.3074 -1.13937 28.7249
      vertex 32.9453 -1.08443 28.9833
    endloop
  endfacet
  facet normal 0.996914 -0.0163195 -0.0767819
    outer loop
      vertex 29.9592 -3.76766 25.9792
      vertex 29.905 -1.95447 24.8901
      vertex 29.9592 -1.81136 25.5634
    endloop
  endfacet
  facet normal 0.996914 -0.0163197 -0.0767821
    outer loop
      vertex 29.905 -1.95447 24.8901
      vertex 29.9592 -3.76766 25.9792
      vertex 29.905 -3.91076 25.3059
    endloop
  endfacet
  facet normal -0.522423 0.177274 0.834055
    outer loop
      vertex 36.3026 -2.76957 21.0554
      vertex 36.8913 -4.65086 21.824
      vertex 36.8913 -2.69457 21.4082
    endloop
  endfacet
  facet normal -0.522425 0.177273 0.834054
    outer loop
      vertex 36.8913 -4.65086 21.824
      vertex 36.3026 -2.76957 21.0554
      vertex 36.3026 -4.72587 21.4712
    endloop
  endfacet
  facet normal -0.972364 -0.0485388 -0.228369
    outer loop
      vertex 38.6508 -1.81136 25.5634
      vertex 38.4896 -3.62807 26.6359
      vertex 38.4896 -1.67178 26.2201
    endloop
  endfacet
  facet normal -0.972364 -0.0485384 -0.228369
    outer loop
      vertex 38.4896 -3.62807 26.6359
      vertex 38.6508 -1.81136 25.5634
      vertex 38.6508 -3.76766 25.9792
    endloop
  endfacet
  facet normal -0.233489 0.202155 0.951113
    outer loop
      vertex 34.9933 -2.85802 20.6392
      vertex 35.6647 -4.7808 21.2127
      vertex 35.6647 -2.82451 20.7969
    endloop
  endfacet
  facet normal -0.233355 0.202208 0.951135
    outer loop
      vertex 35.6647 -4.7808 21.2127
      vertex 34.9933 -2.85802 20.6392
      vertex 34.9933 -4.81431 21.0551
    endloop
  endfacet
  facet normal 0.382742 0.19207 0.903669
    outer loop
      vertex 32.3074 -4.72587 21.4712
      vertex 32.9453 -2.82451 20.7969
      vertex 32.3074 -2.76957 21.0554
    endloop
  endfacet
  facet normal 0.382739 0.192071 0.90367
    outer loop
      vertex 32.9453 -2.82451 20.7969
      vertex 32.3074 -4.72587 21.4712
      vertex 32.9453 -4.7808 21.2127
    endloop
  endfacet
  facet normal 0.852663 0.10862 0.511046
    outer loop
      vertex 30.3846 -4.32608 23.352
      vertex 30.7453 -2.49218 22.3604
      vertex 30.3846 -2.36978 22.9362
    endloop
  endfacet
  facet normal 0.852663 0.10862 0.511046
    outer loop
      vertex 30.7453 -2.49218 22.3604
      vertex 30.3846 -4.32608 23.352
      vertex 30.7453 -4.44848 22.7762
    endloop
  endfacet
  facet normal 0.0783363 0.20731 0.975134
    outer loop
      vertex 33.6167 -4.81431 21.0551
      vertex 34.305 -2.86928 20.5863
      vertex 33.6167 -2.85802 20.6392
    endloop
  endfacet
  facet normal 0.0784771 0.20726 0.975133
    outer loop
      vertex 34.305 -2.86928 20.5863
      vertex 33.6167 -4.81431 21.0551
      vertex 34.305 -4.82557 21.0021
    endloop
  endfacet
  facet normal -0.92388 0.0795777 0.374316
    outer loop
      vertex 38.2254 -2.36978 22.9362
      vertex 38.4896 -4.19346 23.976
      vertex 38.4896 -2.23716 23.5601
    endloop
  endfacet
  facet normal -0.923901 0.079549 0.374271
    outer loop
      vertex 38.4896 -4.19346 23.976
      vertex 38.2254 -2.36978 22.9362
      vertex 38.2254 -4.32608 23.352
    endloop
  endfacet
  facet normal -0.760445 0.135011 0.635213
    outer loop
      vertex 37.4163 -2.60134 21.8468
      vertex 37.8647 -4.44848 22.7762
      vertex 37.8647 -2.49218 22.3604
    endloop
  endfacet
  facet normal -0.760384 0.135057 0.635277
    outer loop
      vertex 37.8647 -4.44848 22.7762
      vertex 37.4163 -2.60134 21.8468
      vertex 37.4163 -4.55763 22.2627
    endloop
  endfacet
  facet normal 0.972397 0.0485215 0.228233
    outer loop
      vertex 29.9592 -4.05387 24.6327
      vertex 30.1203 -2.23716 23.5601
      vertex 29.9592 -2.09758 24.2168
    endloop
  endfacet
  facet normal 0.972397 0.0485211 0.228232
    outer loop
      vertex 30.1203 -2.23716 23.5601
      vertex 29.9592 -4.05387 24.6327
      vertex 30.1203 -4.19346 23.976
    endloop
  endfacet
  facet normal -0.382742 0.19207 0.903669
    outer loop
      vertex 35.6647 -2.82451 20.7969
      vertex 36.3026 -4.72587 21.4712
      vertex 36.3026 -2.76957 21.0554
    endloop
  endfacet
  facet normal -0.382739 0.192071 0.90367
    outer loop
      vertex 36.3026 -4.72587 21.4712
      vertex 35.6647 -2.82451 20.7969
      vertex 35.6647 -4.7808 21.2127
    endloop
  endfacet
  facet normal -0.649454 0.158125 0.743779
    outer loop
      vertex 36.8913 -2.69457 21.4082
      vertex 37.4163 -4.55763 22.2627
      vertex 37.4163 -2.60134 21.8468
    endloop
  endfacet
  facet normal -0.649536 0.158074 0.743718
    outer loop
      vertex 37.4163 -4.55763 22.2627
      vertex 36.8913 -2.69457 21.4082
      vertex 36.8913 -4.65086 21.824
    endloop
  endfacet
  facet normal -0.923881 -0.0795592 -0.374319
    outer loop
      vertex 38.4896 -1.67178 26.2201
      vertex 38.2254 -3.49545 27.2598
      vertex 38.2254 -1.53915 26.844
    endloop
  endfacet
  facet normal -0.92388 -0.0795598 -0.37432
    outer loop
      vertex 38.2254 -3.49545 27.2598
      vertex 38.4896 -1.67178 26.2201
      vertex 38.4896 -3.62807 26.6359
    endloop
  endfacet
  facet normal 0.852662 -0.108646 -0.511042
    outer loop
      vertex 30.7453 -3.37305 27.8357
      vertex 30.3846 -1.53915 26.844
      vertex 30.7453 -1.41676 27.4198
    endloop
  endfacet
  facet normal 0.852701 -0.108607 -0.510984
    outer loop
      vertex 30.3846 -1.53915 26.844
      vertex 30.7453 -3.37305 27.8357
      vertex 30.3846 -3.49545 27.2598
    endloop
  endfacet
  facet normal 0.522528 -0.17726 -0.833992
    outer loop
      vertex 31.7187 -1.21437 28.372
      vertex 32.3074 -3.09566 29.1407
      vertex 31.7187 -3.17067 28.7878
    endloop
  endfacet
  facet normal 0.522526 -0.177261 -0.833994
    outer loop
      vertex 32.3074 -3.09566 29.1407
      vertex 31.7187 -1.21437 28.372
      vertex 32.3074 -1.13937 28.7249
    endloop
  endfacet
  facet normal 0.760445 -0.135012 -0.635213
    outer loop
      vertex 31.1937 -3.26389 28.3492
      vertex 30.7453 -1.41676 27.4198
      vertex 31.1937 -1.3076 27.9334
    endloop
  endfacet
  facet normal 0.760385 -0.135057 -0.635275
    outer loop
      vertex 30.7453 -1.41676 27.4198
      vertex 31.1937 -3.26389 28.3492
      vertex 30.7453 -3.37305 27.8357
    endloop
  endfacet
  facet normal 0.649452 -0.158088 -0.743788
    outer loop
      vertex 31.1937 -1.3076 27.9334
      vertex 31.7187 -3.17067 28.7878
      vertex 31.1937 -3.26389 28.3492
    endloop
  endfacet
  facet normal 0.649454 -0.158087 -0.743786
    outer loop
      vertex 31.7187 -3.17067 28.7878
      vertex 31.1937 -1.3076 27.9334
      vertex 31.7187 -1.21437 28.372
    endloop
  endfacet
  facet normal 0.233489 -0.202154 -0.951113
    outer loop
      vertex 32.9453 -1.08443 28.9833
      vertex 33.6167 -3.00722 29.5568
      vertex 32.9453 -3.04073 29.3991
    endloop
  endfacet
  facet normal 0.233489 -0.202154 -0.951113
    outer loop
      vertex 33.6167 -3.00722 29.5568
      vertex 32.9453 -1.08443 28.9833
      vertex 33.6167 -1.05092 29.141
    endloop
  endfacet
  facet normal -0.852663 0.10862 0.511046
    outer loop
      vertex 37.8647 -2.49218 22.3604
      vertex 38.2254 -4.32608 23.352
      vertex 38.2254 -2.36978 22.9362
    endloop
  endfacet
  facet normal -0.852663 0.10862 0.511046
    outer loop
      vertex 38.2254 -4.32608 23.352
      vertex 37.8647 -2.49218 22.3604
      vertex 37.8647 -4.44848 22.7762
    endloop
  endfacet
  facet normal -0.760445 -0.135012 -0.635213
    outer loop
      vertex 37.8647 -1.41676 27.4198
      vertex 37.4163 -3.26389 28.3492
      vertex 37.4163 -1.3076 27.9334
    endloop
  endfacet
  facet normal -0.760385 -0.135057 -0.635275
    outer loop
      vertex 37.4163 -3.26389 28.3492
      vertex 37.8647 -1.41676 27.4198
      vertex 37.8647 -3.37305 27.8357
    endloop
  endfacet
  facet normal 0.522423 0.177274 0.834055
    outer loop
      vertex 31.7187 -4.65086 21.824
      vertex 32.3074 -2.76957 21.0554
      vertex 31.7187 -2.69457 21.4082
    endloop
  endfacet
  facet normal 0.522425 0.177273 0.834054
    outer loop
      vertex 32.3074 -2.76957 21.0554
      vertex 31.7187 -4.65086 21.824
      vertex 32.3074 -4.72587 21.4712
    endloop
  endfacet
  facet normal 0.0784801 -0.207259 -0.975133
    outer loop
      vertex 33.6167 -1.05092 29.141
      vertex 34.305 -2.99595 29.6098
      vertex 33.6167 -3.00722 29.5568
    endloop
  endfacet
  facet normal 0.0784771 -0.20726 -0.975133
    outer loop
      vertex 34.305 -2.99595 29.6098
      vertex 33.6167 -1.05092 29.141
      vertex 34.305 -1.03966 29.194
    endloop
  endfacet
  facet normal -0.0783363 0.20731 0.975134
    outer loop
      vertex 34.305 -2.86928 20.5863
      vertex 34.9933 -4.81431 21.0551
      vertex 34.9933 -2.85802 20.6392
    endloop
  endfacet
  facet normal -0.0784771 0.20726 0.975133
    outer loop
      vertex 34.9933 -4.81431 21.0551
      vertex 34.305 -2.86928 20.5863
      vertex 34.305 -4.82557 21.0021
    endloop
  endfacet
  facet normal 0.923897 0.0795509 0.374279
    outer loop
      vertex 95.5008 -4.16776 24.0969
      vertex 95.741 -2.33203 23.1138
      vertex 95.5008 -2.21146 23.6811
    endloop
  endfacet
  facet normal 0.923874 0.0795813 0.37433
    outer loop
      vertex 95.741 -2.33203 23.1138
      vertex 95.5008 -4.16776 24.0969
      vertex 95.741 -4.28832 23.5297
    endloop
  endfacet
  facet normal -0.233565 -0.202151 -0.951095
    outer loop
      vertex 99.9307 -3.08936 29.1704
      vertex 100.541 -1.16353 28.6112
      vertex 100.541 -3.11982 29.027
    endloop
  endfacet
  facet normal -0.233421 -0.202203 -0.95112
    outer loop
      vertex 100.541 -1.16353 28.6112
      vertex 99.9307 -3.08936 29.1704
      vertex 99.9307 -1.13306 28.7545
    endloop
  endfacet
  facet normal -0.972191 0.0486997 0.229071
    outer loop
      vertex 103.109 -2.21146 23.6811
      vertex 103.256 -4.04086 24.6939
      vertex 103.256 -2.08457 24.278
    endloop
  endfacet
  facet normal -0.972199 0.0486807 0.229038
    outer loop
      vertex 103.256 -4.04086 24.6939
      vertex 103.109 -2.21146 23.6811
      vertex 103.109 -4.16776 24.0969
    endloop
  endfacet
  facet normal -0.996948 0.0162296 0.0763584
    outer loop
      vertex 103.256 -2.08457 24.278
      vertex 103.305 -3.91076 25.3059
      vertex 103.305 -1.95447 24.8901
    endloop
  endfacet
  facet normal -0.996947 0.0162359 0.0763695
    outer loop
      vertex 103.305 -3.91076 25.3059
      vertex 103.256 -2.08457 24.278
      vertex 103.256 -4.04086 24.6939
    endloop
  endfacet
  facet normal -0.996948 -0.0162295 -0.0763584
    outer loop
      vertex 103.305 -1.95447 24.8901
      vertex 103.256 -3.78067 25.918
      vertex 103.256 -1.82437 25.5022
    endloop
  endfacet
  facet normal -0.996948 -0.0162297 -0.0763587
    outer loop
      vertex 103.256 -3.78067 25.918
      vertex 103.305 -1.95447 24.8901
      vertex 103.305 -3.91076 25.3059
    endloop
  endfacet
  facet normal -0.760086 0.13513 0.635617
    outer loop
      vertex 102.133 -2.54253 22.1235
      vertex 102.541 -4.39959 23.0062
      vertex 102.541 -2.4433 22.5903
    endloop
  endfacet
  facet normal -0.760153 0.135082 0.635547
    outer loop
      vertex 102.541 -4.39959 23.0062
      vertex 102.133 -2.54253 22.1235
      vertex 102.133 -4.49883 22.5393
    endloop
  endfacet
  facet normal -0.649643 0.158054 0.743628
    outer loop
      vertex 101.656 -2.62728 21.7248
      vertex 102.133 -4.49883 22.5393
      vertex 102.133 -2.54253 22.1235
    endloop
  endfacet
  facet normal -0.649643 0.158054 0.743628
    outer loop
      vertex 102.133 -4.49883 22.5393
      vertex 101.656 -2.62728 21.7248
      vertex 101.656 -4.58358 22.1406
    endloop
  endfacet
  facet normal 0.649407 0.158096 0.743826
    outer loop
      vertex 96.4766 -4.49883 22.5393
      vertex 96.9539 -2.62728 21.7248
      vertex 96.4766 -2.54253 22.1235
    endloop
  endfacet
  facet normal 0.649407 0.158096 0.743826
    outer loop
      vertex 96.9539 -2.62728 21.7248
      vertex 96.4766 -4.49883 22.5393
      vertex 96.9539 -4.58358 22.1406
    endloop
  endfacet
  facet normal 0.522565 -0.177255 -0.83397
    outer loop
      vertex 96.9539 -1.28165 28.0555
      vertex 97.489 -3.16976 28.7921
      vertex 96.9539 -3.23795 28.4713
    endloop
  endfacet
  facet normal 0.522563 -0.177257 -0.833971
    outer loop
      vertex 97.489 -3.16976 28.7921
      vertex 96.9539 -1.28165 28.0555
      vertex 97.489 -1.21347 28.3763
    endloop
  endfacet
  facet normal 0.972336 0.0485744 0.228482
    outer loop
      vertex 95.3542 -4.04086 24.6939
      vertex 95.5008 -2.21146 23.6811
      vertex 95.3542 -2.08457 24.278
    endloop
  endfacet
  facet normal 0.972344 0.0485555 0.228449
    outer loop
      vertex 95.5008 -2.21146 23.6811
      vertex 95.3542 -4.04086 24.6939
      vertex 95.5008 -4.16776 24.0969
    endloop
  endfacet
  facet normal 0.233529 -0.202153 -0.951104
    outer loop
      vertex 98.0689 -1.16353 28.6112
      vertex 98.6793 -3.08936 29.1704
      vertex 98.0689 -3.11982 29.027
    endloop
  endfacet
  facet normal 0.233384 -0.202205 -0.951128
    outer loop
      vertex 98.6793 -3.08936 29.1704
      vertex 98.0689 -1.16353 28.6112
      vertex 98.6793 -1.13306 28.7545
    endloop
  endfacet
  facet normal 0.972344 -0.0485559 -0.22845
    outer loop
      vertex 95.5008 -3.65377 26.515
      vertex 95.3542 -1.82437 25.5022
      vertex 95.5008 -1.69748 26.0992
    endloop
  endfacet
  facet normal 0.972344 -0.0485555 -0.228449
    outer loop
      vertex 95.3542 -1.82437 25.5022
      vertex 95.5008 -3.65377 26.515
      vertex 95.3542 -3.78067 25.918
    endloop
  endfacet
  facet normal -0.852617 -0.108636 -0.511119
    outer loop
      vertex 102.869 -1.57691 26.6664
      vertex 102.541 -3.42193 27.6057
      vertex 102.541 -1.46564 27.1899
    endloop
  endfacet
  facet normal -0.852617 -0.108636 -0.511119
    outer loop
      vertex 102.541 -3.42193 27.6057
      vertex 102.869 -1.57691 26.6664
      vertex 102.869 -3.5332 27.0822
    endloop
  endfacet
  facet normal 0.382612 -0.192082 -0.903722
    outer loop
      vertex 97.489 -1.21347 28.3763
      vertex 98.0689 -3.11982 29.027
      vertex 97.489 -3.16976 28.7921
    endloop
  endfacet
  facet normal 0.382612 -0.192082 -0.903722
    outer loop
      vertex 98.0689 -3.11982 29.027
      vertex 97.489 -1.21347 28.3763
      vertex 98.0689 -1.16353 28.6112
    endloop
  endfacet
  facet normal 0.852688 -0.108612 -0.511005
    outer loop
      vertex 96.0689 -3.42193 27.6057
      vertex 95.741 -1.57691 26.6664
      vertex 96.0689 -1.46564 27.1899
    endloop
  endfacet
  facet normal 0.852688 -0.108612 -0.511005
    outer loop
      vertex 95.741 -1.57691 26.6664
      vertex 96.0689 -3.42193 27.6057
      vertex 95.741 -3.5332 27.0822
    endloop
  endfacet
  facet normal 0.382745 0.192069 0.903668
    outer loop
      vertex 97.489 -4.65177 21.8198
      vertex 98.0689 -2.74541 21.169
      vertex 97.489 -2.69547 21.404
    endloop
  endfacet
  facet normal 0.382745 0.192069 0.903668
    outer loop
      vertex 98.0689 -2.74541 21.169
      vertex 97.489 -4.65177 21.8198
      vertex 98.0689 -4.70171 21.5848
    endloop
  endfacet
  facet normal -0.923987 -0.0795062 -0.374067
    outer loop
      vertex 103.109 -1.69748 26.0992
      vertex 102.869 -3.5332 27.0822
      vertex 102.869 -1.57691 26.6664
    endloop
  endfacet
  facet normal -0.923987 -0.0795062 -0.374067
    outer loop
      vertex 102.869 -3.5332 27.0822
      vertex 103.109 -1.69748 26.0992
      vertex 103.109 -3.65377 26.515
    endloop
  endfacet
  facet normal -0.382689 0.192074 0.903691
    outer loop
      vertex 100.541 -2.74541 21.169
      vertex 101.121 -4.65177 21.8198
      vertex 101.121 -2.69547 21.404
    endloop
  endfacet
  facet normal -0.382689 0.192074 0.903691
    outer loop
      vertex 101.121 -4.65177 21.8198
      vertex 100.541 -2.74541 21.169
      vertex 100.541 -4.70171 21.5848
    endloop
  endfacet
  facet normal -0.233421 0.202157 0.95113
    outer loop
      vertex 99.9307 -2.77588 21.0257
      vertex 100.541 -4.70171 21.5848
      vertex 100.541 -2.74541 21.169
    endloop
  endfacet
  facet normal -0.233417 0.202158 0.95113
    outer loop
      vertex 100.541 -4.70171 21.5848
      vertex 99.9307 -2.77588 21.0257
      vertex 99.9307 -4.73217 21.4415
    endloop
  endfacet
  facet normal -0.078355 -0.207309 -0.975133
    outer loop
      vertex 99.305 -3.07912 29.2185
      vertex 99.9307 -1.13306 28.7545
      vertex 99.9307 -3.08936 29.1704
    endloop
  endfacet
  facet normal -0.0785099 -0.207258 -0.975131
    outer loop
      vertex 99.9307 -1.13306 28.7545
      vertex 99.305 -3.07912 29.2185
      vertex 99.305 -1.12282 28.8027
    endloop
  endfacet
  facet normal 0.852688 0.108637 0.511
    outer loop
      vertex 95.741 -4.28832 23.5297
      vertex 96.0689 -2.4433 22.5903
      vertex 95.741 -2.33203 23.1138
    endloop
  endfacet
  facet normal 0.852688 0.108637 0.511
    outer loop
      vertex 96.0689 -2.4433 22.5903
      vertex 95.741 -4.28832 23.5297
      vertex 96.0689 -4.39959 23.0062
    endloop
  endfacet
  facet normal 0.760322 0.135072 0.635347
    outer loop
      vertex 96.0689 -4.39959 23.0062
      vertex 96.4766 -2.54253 22.1235
      vertex 96.0689 -2.4433 22.5903
    endloop
  endfacet
  facet normal 0.760389 0.135024 0.635277
    outer loop
      vertex 96.4766 -2.54253 22.1235
      vertex 96.0689 -4.39959 23.0062
      vertex 96.4766 -4.49883 22.5393
    endloop
  endfacet
  facet normal 0.522565 0.177255 0.83397
    outer loop
      vertex 96.9539 -4.58358 22.1406
      vertex 97.489 -2.69547 21.404
      vertex 96.9539 -2.62728 21.7248
    endloop
  endfacet
  facet normal 0.522565 0.177255 0.83397
    outer loop
      vertex 97.489 -2.69547 21.404
      vertex 96.9539 -4.58358 22.1406
      vertex 97.489 -4.65177 21.8198
    endloop
  endfacet
  facet normal 0.996923 -0.0162954 -0.0766682
    outer loop
      vertex 95.3542 -3.78067 25.918
      vertex 95.305 -1.95447 24.8901
      vertex 95.3542 -1.82437 25.5022
    endloop
  endfacet
  facet normal 0.996923 -0.0162955 -0.0766684
    outer loop
      vertex 95.305 -1.95447 24.8901
      vertex 95.3542 -3.78067 25.918
      vertex 95.305 -3.91076 25.3059
    endloop
  endfacet
  facet normal -0.522636 0.177246 0.833928
    outer loop
      vertex 101.121 -2.69547 21.404
      vertex 101.656 -4.58358 22.1406
      vertex 101.656 -2.62728 21.7248
    endloop
  endfacet
  facet normal -0.522636 0.177246 0.833928
    outer loop
      vertex 101.656 -4.58358 22.1406
      vertex 101.121 -2.69547 21.404
      vertex 101.121 -4.65177 21.8198
    endloop
  endfacet
  facet normal 0.0785099 0.207259 0.975131
    outer loop
      vertex 98.6793 -4.73217 21.4415
      vertex 99.305 -2.78612 20.9775
      vertex 98.6793 -2.77588 21.0257
    endloop
  endfacet
  facet normal 0.0785099 0.207259 0.975131
    outer loop
      vertex 99.305 -2.78612 20.9775
      vertex 98.6793 -4.73217 21.4415
      vertex 99.305 -4.74241 21.3933
    endloop
  endfacet
  facet normal -0.522636 -0.177246 -0.833928
    outer loop
      vertex 101.121 -3.16976 28.7921
      vertex 101.656 -1.28165 28.0555
      vertex 101.656 -3.23795 28.4713
    endloop
  endfacet
  facet normal -0.522634 -0.177248 -0.833929
    outer loop
      vertex 101.656 -1.28165 28.0555
      vertex 101.121 -3.16976 28.7921
      vertex 101.121 -1.21347 28.3763
    endloop
  endfacet
  facet normal -0.0785099 0.207259 0.975131
    outer loop
      vertex 99.305 -2.78612 20.9775
      vertex 99.9307 -4.73217 21.4415
      vertex 99.9307 -2.77588 21.0257
    endloop
  endfacet
  facet normal -0.0785099 0.207259 0.975131
    outer loop
      vertex 99.9307 -4.73217 21.4415
      vertex 99.305 -2.78612 20.9775
      vertex 99.305 -4.74241 21.3933
    endloop
  endfacet
  facet normal 0.233384 0.202159 0.951138
    outer loop
      vertex 98.0689 -4.70171 21.5848
      vertex 98.6793 -2.77588 21.0257
      vertex 98.0689 -2.74541 21.169
    endloop
  endfacet
  facet normal 0.233381 0.20216 0.951139
    outer loop
      vertex 98.6793 -2.77588 21.0257
      vertex 98.0689 -4.70171 21.5848
      vertex 98.6793 -4.73217 21.4415
    endloop
  endfacet
  facet normal -0.852617 0.108661 0.511113
    outer loop
      vertex 102.541 -2.4433 22.5903
      vertex 102.869 -4.28832 23.5297
      vertex 102.869 -2.33203 23.1138
    endloop
  endfacet
  facet normal -0.852617 0.108661 0.511113
    outer loop
      vertex 102.869 -4.28832 23.5297
      vertex 102.541 -2.4433 22.5903
      vertex 102.541 -4.39959 23.0062
    endloop
  endfacet
  facet normal 0.760322 -0.135072 -0.635347
    outer loop
      vertex 96.4766 -3.3227 28.0726
      vertex 96.0689 -1.46564 27.1899
      vertex 96.4766 -1.36641 27.6567
    endloop
  endfacet
  facet normal 0.760388 -0.135025 -0.635278
    outer loop
      vertex 96.0689 -1.46564 27.1899
      vertex 96.4766 -3.3227 28.0726
      vertex 96.0689 -3.42193 27.6057
    endloop
  endfacet
  facet normal -0.972199 -0.0486811 -0.229039
    outer loop
      vertex 103.256 -1.82437 25.5022
      vertex 103.109 -3.65377 26.515
      vertex 103.109 -1.69748 26.0992
    endloop
  endfacet
  facet normal -0.972199 -0.0486807 -0.229038
    outer loop
      vertex 103.109 -3.65377 26.515
      vertex 103.256 -1.82437 25.5022
      vertex 103.256 -3.78067 25.918
    endloop
  endfacet
  facet normal 0.649407 -0.158133 -0.743818
    outer loop
      vertex 96.4766 -1.36641 27.6567
      vertex 96.9539 -3.23795 28.4713
      vertex 96.4766 -3.3227 28.0726
    endloop
  endfacet
  facet normal 0.649499 -0.158079 -0.743749
    outer loop
      vertex 96.9539 -3.23795 28.4713
      vertex 96.4766 -1.36641 27.6567
      vertex 96.9539 -1.28165 28.0555
    endloop
  endfacet
  facet normal -0.760086 -0.13513 -0.635617
    outer loop
      vertex 102.541 -1.46564 27.1899
      vertex 102.133 -3.3227 28.0726
      vertex 102.133 -1.36641 27.6567
    endloop
  endfacet
  facet normal -0.760152 -0.135083 -0.635549
    outer loop
      vertex 102.133 -3.3227 28.0726
      vertex 102.541 -1.46564 27.1899
      vertex 102.541 -3.42193 27.6057
    endloop
  endfacet
  facet normal -0.649643 -0.158091 -0.74362
    outer loop
      vertex 101.656 -3.23795 28.4713
      vertex 102.133 -1.36641 27.6567
      vertex 102.133 -3.3227 28.0726
    endloop
  endfacet
  facet normal -0.649735 -0.158037 -0.743551
    outer loop
      vertex 102.133 -1.36641 27.6567
      vertex 101.656 -3.23795 28.4713
      vertex 101.656 -1.28165 28.0555
    endloop
  endfacet
  facet normal 0.078355 -0.207309 -0.975133
    outer loop
      vertex 98.6793 -1.13306 28.7545
      vertex 99.305 -3.07912 29.2185
      vertex 98.6793 -3.08936 29.1704
    endloop
  endfacet
  facet normal 0.0785099 -0.207258 -0.975131
    outer loop
      vertex 99.305 -3.07912 29.2185
      vertex 98.6793 -1.13306 28.7545
      vertex 99.305 -1.12282 28.8027
    endloop
  endfacet
  facet normal -0.382556 -0.192087 -0.903744
    outer loop
      vertex 100.541 -3.11982 29.027
      vertex 101.121 -1.21347 28.3763
      vertex 101.121 -3.16976 28.7921
    endloop
  endfacet
  facet normal -0.382556 -0.192087 -0.903744
    outer loop
      vertex 101.121 -1.21347 28.3763
      vertex 100.541 -3.11982 29.027
      vertex 100.541 -1.16353 28.6112
    endloop
  endfacet
  facet normal 0.923875 -0.0795627 -0.374333
    outer loop
      vertex 95.741 -3.5332 27.0822
      vertex 95.5008 -1.69748 26.0992
      vertex 95.741 -1.57691 26.6664
    endloop
  endfacet
  facet normal 0.923875 -0.0795627 -0.374333
    outer loop
      vertex 95.5008 -1.69748 26.0992
      vertex 95.741 -3.5332 27.0822
      vertex 95.5008 -3.65377 26.515
    endloop
  endfacet
  facet normal -0.92401 0.0794943 0.374013
    outer loop
      vertex 102.869 -2.33203 23.1138
      vertex 103.109 -4.16776 24.0969
      vertex 103.109 -2.21146 23.6811
    endloop
  endfacet
  facet normal -0.923987 0.0795247 0.374064
    outer loop
      vertex 103.109 -4.16776 24.0969
      vertex 102.869 -2.33203 23.1138
      vertex 102.869 -4.28832 23.5297
    endloop
  endfacet
  facet normal 0.996923 0.0162955 0.0766682
    outer loop
      vertex 95.305 -3.91076 25.3059
      vertex 95.3542 -2.08457 24.278
      vertex 95.305 -1.95447 24.8901
    endloop
  endfacet
  facet normal 0.996923 0.0163017 0.0766793
    outer loop
      vertex 95.3542 -2.08457 24.278
      vertex 95.305 -3.91076 25.3059
      vertex 95.3542 -4.04086 24.6939
    endloop
  endfacet
  facet normal 0.92401 0.0794943 0.374013
    outer loop
      vertex 118.501 -4.16776 24.0969
      vertex 118.741 -2.33203 23.1138
      vertex 118.501 -2.21146 23.6811
    endloop
  endfacet
  facet normal 0.923987 0.0795247 0.374064
    outer loop
      vertex 118.741 -2.33203 23.1138
      vertex 118.501 -4.16776 24.0969
      vertex 118.741 -4.28832 23.5297
    endloop
  endfacet
  facet normal -0.233673 -0.202145 -0.95107
    outer loop
      vertex 122.931 -3.08936 29.1704
      vertex 123.541 -1.16353 28.6112
      vertex 123.541 -3.11982 29.027
    endloop
  endfacet
  facet normal -0.233529 -0.202198 -0.951094
    outer loop
      vertex 123.541 -1.16353 28.6112
      vertex 122.931 -3.08936 29.1704
      vertex 122.931 -1.13306 28.7545
    endloop
  endfacet
  facet normal -0.972191 0.0486997 0.229071
    outer loop
      vertex 126.109 -2.21146 23.6811
      vertex 126.256 -4.04086 24.6939
      vertex 126.256 -2.08457 24.278
    endloop
  endfacet
  facet normal -0.972199 0.0486807 0.229038
    outer loop
      vertex 126.256 -4.04086 24.6939
      vertex 126.109 -2.21146 23.6811
      vertex 126.109 -4.16776 24.0969
    endloop
  endfacet
  facet normal -0.996948 0.0162296 0.0763584
    outer loop
      vertex 126.256 -2.08457 24.278
      vertex 126.305 -3.91076 25.3059
      vertex 126.305 -1.95447 24.8901
    endloop
  endfacet
  facet normal -0.996947 0.0162359 0.0763695
    outer loop
      vertex 126.305 -3.91076 25.3059
      vertex 126.256 -2.08457 24.278
      vertex 126.256 -4.04086 24.6939
    endloop
  endfacet
  facet normal -0.996948 -0.0162295 -0.0763584
    outer loop
      vertex 126.305 -1.95447 24.8901
      vertex 126.256 -3.78067 25.918
      vertex 126.256 -1.82437 25.5022
    endloop
  endfacet
  facet normal -0.996948 -0.0162297 -0.0763587
    outer loop
      vertex 126.256 -3.78067 25.918
      vertex 126.305 -1.95447 24.8901
      vertex 126.305 -3.91076 25.3059
    endloop
  endfacet
  facet normal -0.760086 0.13513 0.635617
    outer loop
      vertex 125.133 -2.54253 22.1235
      vertex 125.541 -4.39959 23.0062
      vertex 125.541 -2.4433 22.5903
    endloop
  endfacet
  facet normal -0.760153 0.135082 0.635547
    outer loop
      vertex 125.541 -4.39959 23.0062
      vertex 125.133 -2.54253 22.1235
      vertex 125.133 -4.49883 22.5393
    endloop
  endfacet
  facet normal -0.649643 0.158054 0.743628
    outer loop
      vertex 124.656 -2.62728 21.7248
      vertex 125.133 -4.49883 22.5393
      vertex 125.133 -2.54253 22.1235
    endloop
  endfacet
  facet normal -0.649643 0.158054 0.743628
    outer loop
      vertex 125.133 -4.49883 22.5393
      vertex 124.656 -2.62728 21.7248
      vertex 124.656 -4.58358 22.1406
    endloop
  endfacet
  facet normal 0.649643 0.158054 0.743628
    outer loop
      vertex 119.477 -4.49883 22.5393
      vertex 119.954 -2.62728 21.7248
      vertex 119.477 -2.54253 22.1235
    endloop
  endfacet
  facet normal 0.649643 0.158054 0.743628
    outer loop
      vertex 119.954 -2.62728 21.7248
      vertex 119.477 -4.49883 22.5393
      vertex 119.954 -4.58358 22.1406
    endloop
  endfacet
  facet normal 0.522636 -0.177246 -0.833928
    outer loop
      vertex 119.954 -1.28165 28.0555
      vertex 120.489 -3.16976 28.7921
      vertex 119.954 -3.23795 28.4713
    endloop
  endfacet
  facet normal 0.522634 -0.177248 -0.833929
    outer loop
      vertex 120.489 -3.16976 28.7921
      vertex 119.954 -1.28165 28.0555
      vertex 120.489 -1.21347 28.3763
    endloop
  endfacet
  facet normal 0.972191 0.0486997 0.229071
    outer loop
      vertex 118.354 -4.04086 24.6939
      vertex 118.501 -2.21146 23.6811
      vertex 118.354 -2.08457 24.278
    endloop
  endfacet
  facet normal 0.972199 0.0486807 0.229038
    outer loop
      vertex 118.501 -2.21146 23.6811
      vertex 118.354 -4.04086 24.6939
      vertex 118.501 -4.16776 24.0969
    endloop
  endfacet
  facet normal 0.233673 -0.202145 -0.95107
    outer loop
      vertex 121.069 -1.16353 28.6112
      vertex 121.679 -3.08936 29.1704
      vertex 121.069 -3.11982 29.027
    endloop
  endfacet
  facet normal 0.233529 -0.202198 -0.951094
    outer loop
      vertex 121.679 -3.08936 29.1704
      vertex 121.069 -1.16353 28.6112
      vertex 121.679 -1.13306 28.7545
    endloop
  endfacet
  facet normal 0.972199 -0.0486811 -0.229039
    outer loop
      vertex 118.501 -3.65377 26.515
      vertex 118.354 -1.82437 25.5022
      vertex 118.501 -1.69748 26.0992
    endloop
  endfacet
  facet normal 0.972199 -0.0486807 -0.229038
    outer loop
      vertex 118.354 -1.82437 25.5022
      vertex 118.501 -3.65377 26.515
      vertex 118.354 -3.78067 25.918
    endloop
  endfacet
  facet normal -0.852617 -0.108636 -0.511119
    outer loop
      vertex 125.869 -1.57691 26.6664
      vertex 125.541 -3.42193 27.6057
      vertex 125.541 -1.46564 27.1899
    endloop
  endfacet
  facet normal -0.852617 -0.108636 -0.511119
    outer loop
      vertex 125.541 -3.42193 27.6057
      vertex 125.869 -1.57691 26.6664
      vertex 125.869 -3.5332 27.0822
    endloop
  endfacet
  facet normal 0.382556 -0.192087 -0.903744
    outer loop
      vertex 120.489 -1.21347 28.3763
      vertex 121.069 -3.11982 29.027
      vertex 120.489 -3.16976 28.7921
    endloop
  endfacet
  facet normal 0.382556 -0.192087 -0.903744
    outer loop
      vertex 121.069 -3.11982 29.027
      vertex 120.489 -1.21347 28.3763
      vertex 121.069 -1.16353 28.6112
    endloop
  endfacet
  facet normal 0.852617 -0.108636 -0.511119
    outer loop
      vertex 119.069 -3.42193 27.6057
      vertex 118.741 -1.57691 26.6664
      vertex 119.069 -1.46564 27.1899
    endloop
  endfacet
  facet normal 0.852617 -0.108636 -0.511119
    outer loop
      vertex 118.741 -1.57691 26.6664
      vertex 119.069 -3.42193 27.6057
      vertex 118.741 -3.5332 27.0822
    endloop
  endfacet
  facet normal 0.382689 0.192074 0.903691
    outer loop
      vertex 120.489 -4.65177 21.8198
      vertex 121.069 -2.74541 21.169
      vertex 120.489 -2.69547 21.404
    endloop
  endfacet
  facet normal 0.382689 0.192074 0.903691
    outer loop
      vertex 121.069 -2.74541 21.169
      vertex 120.489 -4.65177 21.8198
      vertex 121.069 -4.70171 21.5848
    endloop
  endfacet
  facet normal -0.923987 -0.0795062 -0.374067
    outer loop
      vertex 126.109 -1.69748 26.0992
      vertex 125.869 -3.5332 27.0822
      vertex 125.869 -1.57691 26.6664
    endloop
  endfacet
  facet normal -0.923987 -0.0795062 -0.374067
    outer loop
      vertex 125.869 -3.5332 27.0822
      vertex 126.109 -1.69748 26.0992
      vertex 126.109 -3.65377 26.515
    endloop
  endfacet
  facet normal -0.382689 0.192074 0.903691
    outer loop
      vertex 123.541 -2.74541 21.169
      vertex 124.121 -4.65177 21.8198
      vertex 124.121 -2.69547 21.404
    endloop
  endfacet
  facet normal -0.382689 0.192074 0.903691
    outer loop
      vertex 124.121 -4.65177 21.8198
      vertex 123.541 -2.74541 21.169
      vertex 123.541 -4.70171 21.5848
    endloop
  endfacet
  facet normal -0.233529 0.202152 0.951104
    outer loop
      vertex 122.931 -2.77588 21.0257
      vertex 123.541 -4.70171 21.5848
      vertex 123.541 -2.74541 21.169
    endloop
  endfacet
  facet normal -0.233526 0.202153 0.951105
    outer loop
      vertex 123.541 -4.70171 21.5848
      vertex 122.931 -2.77588 21.0257
      vertex 122.931 -4.73217 21.4415
    endloop
  endfacet
  facet normal -0.0783177 -0.207309 -0.975136
    outer loop
      vertex 122.305 -3.07912 29.2185
      vertex 122.931 -1.13306 28.7545
      vertex 122.931 -3.08936 29.1704
    endloop
  endfacet
  facet normal -0.0784725 -0.207259 -0.975134
    outer loop
      vertex 122.931 -1.13306 28.7545
      vertex 122.305 -3.07912 29.2185
      vertex 122.305 -1.12282 28.8027
    endloop
  endfacet
  facet normal 0.852617 0.108661 0.511113
    outer loop
      vertex 118.741 -4.28832 23.5297
      vertex 119.069 -2.4433 22.5903
      vertex 118.741 -2.33203 23.1138
    endloop
  endfacet
  facet normal 0.852617 0.108661 0.511113
    outer loop
      vertex 119.069 -2.4433 22.5903
      vertex 118.741 -4.28832 23.5297
      vertex 119.069 -4.39959 23.0062
    endloop
  endfacet
  facet normal 0.760086 0.13513 0.635617
    outer loop
      vertex 119.069 -4.39959 23.0062
      vertex 119.477 -2.54253 22.1235
      vertex 119.069 -2.4433 22.5903
    endloop
  endfacet
  facet normal 0.760153 0.135082 0.635547
    outer loop
      vertex 119.477 -2.54253 22.1235
      vertex 119.069 -4.39959 23.0062
      vertex 119.477 -4.49883 22.5393
    endloop
  endfacet
  facet normal 0.522636 0.177246 0.833928
    outer loop
      vertex 119.954 -4.58358 22.1406
      vertex 120.489 -2.69547 21.404
      vertex 119.954 -2.62728 21.7248
    endloop
  endfacet
  facet normal 0.522636 0.177246 0.833928
    outer loop
      vertex 120.489 -2.69547 21.404
      vertex 119.954 -4.58358 22.1406
      vertex 120.489 -4.65177 21.8198
    endloop
  endfacet
  facet normal 0.996948 -0.0162295 -0.0763584
    outer loop
      vertex 118.354 -3.78067 25.918
      vertex 118.305 -1.95447 24.8901
      vertex 118.354 -1.82437 25.5022
    endloop
  endfacet
  facet normal 0.996948 -0.0162297 -0.0763587
    outer loop
      vertex 118.305 -1.95447 24.8901
      vertex 118.354 -3.78067 25.918
      vertex 118.305 -3.91076 25.3059
    endloop
  endfacet
  facet normal -0.522636 0.177246 0.833928
    outer loop
      vertex 124.121 -2.69547 21.404
      vertex 124.656 -4.58358 22.1406
      vertex 124.656 -2.62728 21.7248
    endloop
  endfacet
  facet normal -0.522636 0.177246 0.833928
    outer loop
      vertex 124.656 -4.58358 22.1406
      vertex 124.121 -2.69547 21.404
      vertex 124.121 -4.65177 21.8198
    endloop
  endfacet
  facet normal 0.0784725 0.20726 0.975134
    outer loop
      vertex 121.679 -4.73217 21.4415
      vertex 122.305 -2.78612 20.9775
      vertex 121.679 -2.77588 21.0257
    endloop
  endfacet
  facet normal 0.0784725 0.20726 0.975134
    outer loop
      vertex 122.305 -2.78612 20.9775
      vertex 121.679 -4.73217 21.4415
      vertex 122.305 -4.74241 21.3933
    endloop
  endfacet
  facet normal -0.522636 -0.177246 -0.833928
    outer loop
      vertex 124.121 -3.16976 28.7921
      vertex 124.656 -1.28165 28.0555
      vertex 124.656 -3.23795 28.4713
    endloop
  endfacet
  facet normal -0.522634 -0.177248 -0.833929
    outer loop
      vertex 124.656 -1.28165 28.0555
      vertex 124.121 -3.16976 28.7921
      vertex 124.121 -1.21347 28.3763
    endloop
  endfacet
  facet normal -0.0784725 0.20726 0.975134
    outer loop
      vertex 122.305 -2.78612 20.9775
      vertex 122.931 -4.73217 21.4415
      vertex 122.931 -2.77588 21.0257
    endloop
  endfacet
  facet normal -0.0784725 0.20726 0.975134
    outer loop
      vertex 122.931 -4.73217 21.4415
      vertex 122.305 -2.78612 20.9775
      vertex 122.305 -4.74241 21.3933
    endloop
  endfacet
  facet normal 0.233529 0.202152 0.951104
    outer loop
      vertex 121.069 -4.70171 21.5848
      vertex 121.679 -2.77588 21.0257
      vertex 121.069 -2.74541 21.169
    endloop
  endfacet
  facet normal 0.233526 0.202153 0.951105
    outer loop
      vertex 121.679 -2.77588 21.0257
      vertex 121.069 -4.70171 21.5848
      vertex 121.679 -4.73217 21.4415
    endloop
  endfacet
  facet normal -0.852617 0.108661 0.511113
    outer loop
      vertex 125.541 -2.4433 22.5903
      vertex 125.869 -4.28832 23.5297
      vertex 125.869 -2.33203 23.1138
    endloop
  endfacet
  facet normal -0.852617 0.108661 0.511113
    outer loop
      vertex 125.869 -4.28832 23.5297
      vertex 125.541 -2.4433 22.5903
      vertex 125.541 -4.39959 23.0062
    endloop
  endfacet
  facet normal 0.760086 -0.13513 -0.635617
    outer loop
      vertex 119.477 -3.3227 28.0726
      vertex 119.069 -1.46564 27.1899
      vertex 119.477 -1.36641 27.6567
    endloop
  endfacet
  facet normal 0.760152 -0.135083 -0.635549
    outer loop
      vertex 119.069 -1.46564 27.1899
      vertex 119.477 -3.3227 28.0726
      vertex 119.069 -3.42193 27.6057
    endloop
  endfacet
  facet normal -0.972199 -0.0486811 -0.229039
    outer loop
      vertex 126.256 -1.82437 25.5022
      vertex 126.109 -3.65377 26.515
      vertex 126.109 -1.69748 26.0992
    endloop
  endfacet
  facet normal -0.972199 -0.0486807 -0.229038
    outer loop
      vertex 126.109 -3.65377 26.515
      vertex 126.256 -1.82437 25.5022
      vertex 126.256 -3.78067 25.918
    endloop
  endfacet
  facet normal 0.649643 -0.158091 -0.74362
    outer loop
      vertex 119.477 -1.36641 27.6567
      vertex 119.954 -3.23795 28.4713
      vertex 119.477 -3.3227 28.0726
    endloop
  endfacet
  facet normal 0.649735 -0.158037 -0.743551
    outer loop
      vertex 119.954 -3.23795 28.4713
      vertex 119.477 -1.36641 27.6567
      vertex 119.954 -1.28165 28.0555
    endloop
  endfacet
  facet normal -0.760086 -0.13513 -0.635617
    outer loop
      vertex 125.541 -1.46564 27.1899
      vertex 125.133 -3.3227 28.0726
      vertex 125.133 -1.36641 27.6567
    endloop
  endfacet
  facet normal -0.760152 -0.135083 -0.635549
    outer loop
      vertex 125.133 -3.3227 28.0726
      vertex 125.541 -1.46564 27.1899
      vertex 125.541 -3.42193 27.6057
    endloop
  endfacet
  facet normal -0.649643 -0.158091 -0.74362
    outer loop
      vertex 124.656 -3.23795 28.4713
      vertex 125.133 -1.36641 27.6567
      vertex 125.133 -3.3227 28.0726
    endloop
  endfacet
  facet normal -0.649735 -0.158037 -0.743551
    outer loop
      vertex 125.133 -1.36641 27.6567
      vertex 124.656 -3.23795 28.4713
      vertex 124.656 -1.28165 28.0555
    endloop
  endfacet
  facet normal 0.0783177 -0.207309 -0.975136
    outer loop
      vertex 121.679 -1.13306 28.7545
      vertex 122.305 -3.07912 29.2185
      vertex 121.679 -3.08936 29.1704
    endloop
  endfacet
  facet normal 0.0784725 -0.207259 -0.975134
    outer loop
      vertex 122.305 -3.07912 29.2185
      vertex 121.679 -1.13306 28.7545
      vertex 122.305 -1.12282 28.8027
    endloop
  endfacet
  facet normal -0.382556 -0.192087 -0.903744
    outer loop
      vertex 123.541 -3.11982 29.027
      vertex 124.121 -1.21347 28.3763
      vertex 124.121 -3.16976 28.7921
    endloop
  endfacet
  facet normal -0.382556 -0.192087 -0.903744
    outer loop
      vertex 124.121 -1.21347 28.3763
      vertex 123.541 -3.11982 29.027
      vertex 123.541 -1.16353 28.6112
    endloop
  endfacet
  facet normal 0.923987 -0.0795062 -0.374067
    outer loop
      vertex 118.741 -3.5332 27.0822
      vertex 118.501 -1.69748 26.0992
      vertex 118.741 -1.57691 26.6664
    endloop
  endfacet
  facet normal 0.923987 -0.0795062 -0.374067
    outer loop
      vertex 118.501 -1.69748 26.0992
      vertex 118.741 -3.5332 27.0822
      vertex 118.501 -3.65377 26.515
    endloop
  endfacet
  facet normal -0.92401 0.0794943 0.374013
    outer loop
      vertex 125.869 -2.33203 23.1138
      vertex 126.109 -4.16776 24.0969
      vertex 126.109 -2.21146 23.6811
    endloop
  endfacet
  facet normal -0.923987 0.0795247 0.374064
    outer loop
      vertex 126.109 -4.16776 24.0969
      vertex 125.869 -2.33203 23.1138
      vertex 125.869 -4.28832 23.5297
    endloop
  endfacet
  facet normal 0.996948 0.0162296 0.0763584
    outer loop
      vertex 118.305 -3.91076 25.3059
      vertex 118.354 -2.08457 24.278
      vertex 118.305 -1.95447 24.8901
    endloop
  endfacet
  facet normal 0.996947 0.0162359 0.0763695
    outer loop
      vertex 118.354 -2.08457 24.278
      vertex 118.305 -3.91076 25.3059
      vertex 118.354 -4.04086 24.6939
    endloop
  endfacet
  facet normal 0.92401 0.0794943 0.374013
    outer loop
      vertex 146.501 -4.16776 24.0969
      vertex 146.741 -2.33203 23.1138
      vertex 146.501 -2.21146 23.6811
    endloop
  endfacet
  facet normal 0.923987 0.0795247 0.374064
    outer loop
      vertex 146.741 -2.33203 23.1138
      vertex 146.501 -4.16776 24.0969
      vertex 146.741 -4.28832 23.5297
    endloop
  endfacet
  facet normal -0.233673 -0.202145 -0.95107
    outer loop
      vertex 150.931 -3.08936 29.1704
      vertex 151.541 -1.16353 28.6112
      vertex 151.541 -3.11982 29.027
    endloop
  endfacet
  facet normal -0.233529 -0.202198 -0.951094
    outer loop
      vertex 151.541 -1.16353 28.6112
      vertex 150.931 -3.08936 29.1704
      vertex 150.931 -1.13306 28.7545
    endloop
  endfacet
  facet normal -0.972191 0.0486997 0.229071
    outer loop
      vertex 154.109 -2.21146 23.6811
      vertex 154.256 -4.04086 24.6939
      vertex 154.256 -2.08457 24.278
    endloop
  endfacet
  facet normal -0.972199 0.0486807 0.229038
    outer loop
      vertex 154.256 -4.04086 24.6939
      vertex 154.109 -2.21146 23.6811
      vertex 154.109 -4.16776 24.0969
    endloop
  endfacet
  facet normal -0.996948 0.0162296 0.0763584
    outer loop
      vertex 154.256 -2.08457 24.278
      vertex 154.305 -3.91076 25.3059
      vertex 154.305 -1.95447 24.8901
    endloop
  endfacet
  facet normal -0.996947 0.0162359 0.0763695
    outer loop
      vertex 154.305 -3.91076 25.3059
      vertex 154.256 -2.08457 24.278
      vertex 154.256 -4.04086 24.6939
    endloop
  endfacet
  facet normal -0.996948 -0.0162295 -0.0763584
    outer loop
      vertex 154.305 -1.95447 24.8901
      vertex 154.256 -3.78067 25.918
      vertex 154.256 -1.82437 25.5022
    endloop
  endfacet
  facet normal -0.996948 -0.0162297 -0.0763587
    outer loop
      vertex 154.256 -3.78067 25.918
      vertex 154.305 -1.95447 24.8901
      vertex 154.305 -3.91076 25.3059
    endloop
  endfacet
  facet normal -0.760086 0.13513 0.635617
    outer loop
      vertex 153.133 -2.54253 22.1235
      vertex 153.541 -4.39959 23.0062
      vertex 153.541 -2.4433 22.5903
    endloop
  endfacet
  facet normal -0.760153 0.135082 0.635547
    outer loop
      vertex 153.541 -4.39959 23.0062
      vertex 153.133 -2.54253 22.1235
      vertex 153.133 -4.49883 22.5393
    endloop
  endfacet
  facet normal -0.649643 0.158054 0.743628
    outer loop
      vertex 152.656 -2.62728 21.7248
      vertex 153.133 -4.49883 22.5393
      vertex 153.133 -2.54253 22.1235
    endloop
  endfacet
  facet normal -0.649643 0.158054 0.743628
    outer loop
      vertex 153.133 -4.49883 22.5393
      vertex 152.656 -2.62728 21.7248
      vertex 152.656 -4.58358 22.1406
    endloop
  endfacet
  facet normal 0.649643 0.158054 0.743628
    outer loop
      vertex 147.477 -4.49883 22.5393
      vertex 147.954 -2.62728 21.7248
      vertex 147.477 -2.54253 22.1235
    endloop
  endfacet
  facet normal 0.649643 0.158054 0.743628
    outer loop
      vertex 147.954 -2.62728 21.7248
      vertex 147.477 -4.49883 22.5393
      vertex 147.954 -4.58358 22.1406
    endloop
  endfacet
  facet normal 0.522636 -0.177246 -0.833928
    outer loop
      vertex 147.954 -1.28165 28.0555
      vertex 148.489 -3.16976 28.7921
      vertex 147.954 -3.23795 28.4713
    endloop
  endfacet
  facet normal 0.522634 -0.177248 -0.833929
    outer loop
      vertex 148.489 -3.16976 28.7921
      vertex 147.954 -1.28165 28.0555
      vertex 148.489 -1.21347 28.3763
    endloop
  endfacet
  facet normal 0.972191 0.0486997 0.229071
    outer loop
      vertex 146.354 -4.04086 24.6939
      vertex 146.501 -2.21146 23.6811
      vertex 146.354 -2.08457 24.278
    endloop
  endfacet
  facet normal 0.972199 0.0486807 0.229038
    outer loop
      vertex 146.501 -2.21146 23.6811
      vertex 146.354 -4.04086 24.6939
      vertex 146.501 -4.16776 24.0969
    endloop
  endfacet
  facet normal 0.233673 -0.202145 -0.95107
    outer loop
      vertex 149.069 -1.16353 28.6112
      vertex 149.679 -3.08936 29.1704
      vertex 149.069 -3.11982 29.027
    endloop
  endfacet
  facet normal 0.233529 -0.202198 -0.951094
    outer loop
      vertex 149.679 -3.08936 29.1704
      vertex 149.069 -1.16353 28.6112
      vertex 149.679 -1.13306 28.7545
    endloop
  endfacet
  facet normal 0.972199 -0.0486811 -0.229039
    outer loop
      vertex 146.501 -3.65377 26.515
      vertex 146.354 -1.82437 25.5022
      vertex 146.501 -1.69748 26.0992
    endloop
  endfacet
  facet normal 0.972199 -0.0486807 -0.229038
    outer loop
      vertex 146.354 -1.82437 25.5022
      vertex 146.501 -3.65377 26.515
      vertex 146.354 -3.78067 25.918
    endloop
  endfacet
  facet normal -0.852617 -0.108636 -0.511119
    outer loop
      vertex 153.869 -1.57691 26.6664
      vertex 153.541 -3.42193 27.6057
      vertex 153.541 -1.46564 27.1899
    endloop
  endfacet
  facet normal -0.852617 -0.108636 -0.511119
    outer loop
      vertex 153.541 -3.42193 27.6057
      vertex 153.869 -1.57691 26.6664
      vertex 153.869 -3.5332 27.0822
    endloop
  endfacet
  facet normal 0.382556 -0.192087 -0.903744
    outer loop
      vertex 148.489 -1.21347 28.3763
      vertex 149.069 -3.11982 29.027
      vertex 148.489 -3.16976 28.7921
    endloop
  endfacet
  facet normal 0.382556 -0.192087 -0.903744
    outer loop
      vertex 149.069 -3.11982 29.027
      vertex 148.489 -1.21347 28.3763
      vertex 149.069 -1.16353 28.6112
    endloop
  endfacet
  facet normal 0.852617 -0.108636 -0.511119
    outer loop
      vertex 147.069 -3.42193 27.6057
      vertex 146.741 -1.57691 26.6664
      vertex 147.069 -1.46564 27.1899
    endloop
  endfacet
  facet normal 0.852617 -0.108636 -0.511119
    outer loop
      vertex 146.741 -1.57691 26.6664
      vertex 147.069 -3.42193 27.6057
      vertex 146.741 -3.5332 27.0822
    endloop
  endfacet
  facet normal 0.382689 0.192074 0.903691
    outer loop
      vertex 148.489 -4.65177 21.8198
      vertex 149.069 -2.74541 21.169
      vertex 148.489 -2.69547 21.404
    endloop
  endfacet
  facet normal 0.382689 0.192074 0.903691
    outer loop
      vertex 149.069 -2.74541 21.169
      vertex 148.489 -4.65177 21.8198
      vertex 149.069 -4.70171 21.5848
    endloop
  endfacet
  facet normal -0.923987 -0.0795062 -0.374067
    outer loop
      vertex 154.109 -1.69748 26.0992
      vertex 153.869 -3.5332 27.0822
      vertex 153.869 -1.57691 26.6664
    endloop
  endfacet
  facet normal -0.923987 -0.0795062 -0.374067
    outer loop
      vertex 153.869 -3.5332 27.0822
      vertex 154.109 -1.69748 26.0992
      vertex 154.109 -3.65377 26.515
    endloop
  endfacet
  facet normal -0.382689 0.192074 0.903691
    outer loop
      vertex 151.541 -2.74541 21.169
      vertex 152.121 -4.65177 21.8198
      vertex 152.121 -2.69547 21.404
    endloop
  endfacet
  facet normal -0.382689 0.192074 0.903691
    outer loop
      vertex 152.121 -4.65177 21.8198
      vertex 151.541 -2.74541 21.169
      vertex 151.541 -4.70171 21.5848
    endloop
  endfacet
  facet normal -0.233529 0.202152 0.951104
    outer loop
      vertex 150.931 -2.77588 21.0257
      vertex 151.541 -4.70171 21.5848
      vertex 151.541 -2.74541 21.169
    endloop
  endfacet
  facet normal -0.233526 0.202153 0.951105
    outer loop
      vertex 151.541 -4.70171 21.5848
      vertex 150.931 -2.77588 21.0257
      vertex 150.931 -4.73217 21.4415
    endloop
  endfacet
  facet normal -0.0783177 -0.207309 -0.975136
    outer loop
      vertex 150.305 -3.07912 29.2185
      vertex 150.931 -1.13306 28.7545
      vertex 150.931 -3.08936 29.1704
    endloop
  endfacet
  facet normal -0.0784725 -0.207259 -0.975134
    outer loop
      vertex 150.931 -1.13306 28.7545
      vertex 150.305 -3.07912 29.2185
      vertex 150.305 -1.12282 28.8027
    endloop
  endfacet
  facet normal 0.852617 0.108661 0.511113
    outer loop
      vertex 146.741 -4.28832 23.5297
      vertex 147.069 -2.4433 22.5903
      vertex 146.741 -2.33203 23.1138
    endloop
  endfacet
  facet normal 0.852617 0.108661 0.511113
    outer loop
      vertex 147.069 -2.4433 22.5903
      vertex 146.741 -4.28832 23.5297
      vertex 147.069 -4.39959 23.0062
    endloop
  endfacet
  facet normal 0.760086 0.13513 0.635617
    outer loop
      vertex 147.069 -4.39959 23.0062
      vertex 147.477 -2.54253 22.1235
      vertex 147.069 -2.4433 22.5903
    endloop
  endfacet
  facet normal 0.760153 0.135082 0.635547
    outer loop
      vertex 147.477 -2.54253 22.1235
      vertex 147.069 -4.39959 23.0062
      vertex 147.477 -4.49883 22.5393
    endloop
  endfacet
  facet normal 0.522636 0.177246 0.833928
    outer loop
      vertex 147.954 -4.58358 22.1406
      vertex 148.489 -2.69547 21.404
      vertex 147.954 -2.62728 21.7248
    endloop
  endfacet
  facet normal 0.522636 0.177246 0.833928
    outer loop
      vertex 148.489 -2.69547 21.404
      vertex 147.954 -4.58358 22.1406
      vertex 148.489 -4.65177 21.8198
    endloop
  endfacet
  facet normal 0.996948 -0.0162295 -0.0763584
    outer loop
      vertex 146.354 -3.78067 25.918
      vertex 146.305 -1.95447 24.8901
      vertex 146.354 -1.82437 25.5022
    endloop
  endfacet
  facet normal 0.996948 -0.0162297 -0.0763587
    outer loop
      vertex 146.305 -1.95447 24.8901
      vertex 146.354 -3.78067 25.918
      vertex 146.305 -3.91076 25.3059
    endloop
  endfacet
  facet normal -0.522636 0.177246 0.833928
    outer loop
      vertex 152.121 -2.69547 21.404
      vertex 152.656 -4.58358 22.1406
      vertex 152.656 -2.62728 21.7248
    endloop
  endfacet
  facet normal -0.522636 0.177246 0.833928
    outer loop
      vertex 152.656 -4.58358 22.1406
      vertex 152.121 -2.69547 21.404
      vertex 152.121 -4.65177 21.8198
    endloop
  endfacet
  facet normal 0.0784725 0.20726 0.975134
    outer loop
      vertex 149.679 -4.73217 21.4415
      vertex 150.305 -2.78612 20.9775
      vertex 149.679 -2.77588 21.0257
    endloop
  endfacet
  facet normal 0.0784725 0.20726 0.975134
    outer loop
      vertex 150.305 -2.78612 20.9775
      vertex 149.679 -4.73217 21.4415
      vertex 150.305 -4.74241 21.3933
    endloop
  endfacet
  facet normal -0.522636 -0.177246 -0.833928
    outer loop
      vertex 152.121 -3.16976 28.7921
      vertex 152.656 -1.28165 28.0555
      vertex 152.656 -3.23795 28.4713
    endloop
  endfacet
  facet normal -0.522634 -0.177248 -0.833929
    outer loop
      vertex 152.656 -1.28165 28.0555
      vertex 152.121 -3.16976 28.7921
      vertex 152.121 -1.21347 28.3763
    endloop
  endfacet
  facet normal -0.0784725 0.20726 0.975134
    outer loop
      vertex 150.305 -2.78612 20.9775
      vertex 150.931 -4.73217 21.4415
      vertex 150.931 -2.77588 21.0257
    endloop
  endfacet
  facet normal -0.0784725 0.20726 0.975134
    outer loop
      vertex 150.931 -4.73217 21.4415
      vertex 150.305 -2.78612 20.9775
      vertex 150.305 -4.74241 21.3933
    endloop
  endfacet
  facet normal 0.233529 0.202152 0.951104
    outer loop
      vertex 149.069 -4.70171 21.5848
      vertex 149.679 -2.77588 21.0257
      vertex 149.069 -2.74541 21.169
    endloop
  endfacet
  facet normal 0.233526 0.202153 0.951105
    outer loop
      vertex 149.679 -2.77588 21.0257
      vertex 149.069 -4.70171 21.5848
      vertex 149.679 -4.73217 21.4415
    endloop
  endfacet
  facet normal -0.852617 0.108661 0.511113
    outer loop
      vertex 153.541 -2.4433 22.5903
      vertex 153.869 -4.28832 23.5297
      vertex 153.869 -2.33203 23.1138
    endloop
  endfacet
  facet normal -0.852617 0.108661 0.511113
    outer loop
      vertex 153.869 -4.28832 23.5297
      vertex 153.541 -2.4433 22.5903
      vertex 153.541 -4.39959 23.0062
    endloop
  endfacet
  facet normal 0.760086 -0.13513 -0.635617
    outer loop
      vertex 147.477 -3.3227 28.0726
      vertex 147.069 -1.46564 27.1899
      vertex 147.477 -1.36641 27.6567
    endloop
  endfacet
  facet normal 0.760152 -0.135083 -0.635549
    outer loop
      vertex 147.069 -1.46564 27.1899
      vertex 147.477 -3.3227 28.0726
      vertex 147.069 -3.42193 27.6057
    endloop
  endfacet
  facet normal -0.972199 -0.0486811 -0.229039
    outer loop
      vertex 154.256 -1.82437 25.5022
      vertex 154.109 -3.65377 26.515
      vertex 154.109 -1.69748 26.0992
    endloop
  endfacet
  facet normal -0.972199 -0.0486807 -0.229038
    outer loop
      vertex 154.109 -3.65377 26.515
      vertex 154.256 -1.82437 25.5022
      vertex 154.256 -3.78067 25.918
    endloop
  endfacet
  facet normal 0.649643 -0.158091 -0.74362
    outer loop
      vertex 147.477 -1.36641 27.6567
      vertex 147.954 -3.23795 28.4713
      vertex 147.477 -3.3227 28.0726
    endloop
  endfacet
  facet normal 0.649735 -0.158037 -0.743551
    outer loop
      vertex 147.954 -3.23795 28.4713
      vertex 147.477 -1.36641 27.6567
      vertex 147.954 -1.28165 28.0555
    endloop
  endfacet
  facet normal -0.760086 -0.13513 -0.635617
    outer loop
      vertex 153.541 -1.46564 27.1899
      vertex 153.133 -3.3227 28.0726
      vertex 153.133 -1.36641 27.6567
    endloop
  endfacet
  facet normal -0.760152 -0.135083 -0.635549
    outer loop
      vertex 153.133 -3.3227 28.0726
      vertex 153.541 -1.46564 27.1899
      vertex 153.541 -3.42193 27.6057
    endloop
  endfacet
  facet normal -0.649643 -0.158091 -0.74362
    outer loop
      vertex 152.656 -3.23795 28.4713
      vertex 153.133 -1.36641 27.6567
      vertex 153.133 -3.3227 28.0726
    endloop
  endfacet
  facet normal -0.649735 -0.158037 -0.743551
    outer loop
      vertex 153.133 -1.36641 27.6567
      vertex 152.656 -3.23795 28.4713
      vertex 152.656 -1.28165 28.0555
    endloop
  endfacet
  facet normal 0.0783177 -0.207309 -0.975136
    outer loop
      vertex 149.679 -1.13306 28.7545
      vertex 150.305 -3.07912 29.2185
      vertex 149.679 -3.08936 29.1704
    endloop
  endfacet
  facet normal 0.0784725 -0.207259 -0.975134
    outer loop
      vertex 150.305 -3.07912 29.2185
      vertex 149.679 -1.13306 28.7545
      vertex 150.305 -1.12282 28.8027
    endloop
  endfacet
  facet normal -0.382556 -0.192087 -0.903744
    outer loop
      vertex 151.541 -3.11982 29.027
      vertex 152.121 -1.21347 28.3763
      vertex 152.121 -3.16976 28.7921
    endloop
  endfacet
  facet normal -0.382556 -0.192087 -0.903744
    outer loop
      vertex 152.121 -1.21347 28.3763
      vertex 151.541 -3.11982 29.027
      vertex 151.541 -1.16353 28.6112
    endloop
  endfacet
  facet normal 0.923987 -0.0795062 -0.374067
    outer loop
      vertex 146.741 -3.5332 27.0822
      vertex 146.501 -1.69748 26.0992
      vertex 146.741 -1.57691 26.6664
    endloop
  endfacet
  facet normal 0.923987 -0.0795062 -0.374067
    outer loop
      vertex 146.501 -1.69748 26.0992
      vertex 146.741 -3.5332 27.0822
      vertex 146.501 -3.65377 26.515
    endloop
  endfacet
  facet normal -0.92401 0.0794943 0.374013
    outer loop
      vertex 153.869 -2.33203 23.1138
      vertex 154.109 -4.16776 24.0969
      vertex 154.109 -2.21146 23.6811
    endloop
  endfacet
  facet normal -0.923987 0.0795247 0.374064
    outer loop
      vertex 154.109 -4.16776 24.0969
      vertex 153.869 -2.33203 23.1138
      vertex 153.869 -4.28832 23.5297
    endloop
  endfacet
  facet normal 0.996948 0.0162296 0.0763584
    outer loop
      vertex 146.305 -3.91076 25.3059
      vertex 146.354 -2.08457 24.278
      vertex 146.305 -1.95447 24.8901
    endloop
  endfacet
  facet normal 0.996947 0.0162359 0.0763695
    outer loop
      vertex 146.354 -2.08457 24.278
      vertex 146.305 -3.91076 25.3059
      vertex 146.354 -4.04086 24.6939
    endloop
  endfacet
  facet normal 0.92401 0.0794943 0.374013
    outer loop
      vertex 164.501 -4.16776 24.0969
      vertex 164.741 -2.33203 23.1138
      vertex 164.501 -2.21146 23.6811
    endloop
  endfacet
  facet normal 0.923987 0.0795247 0.374064
    outer loop
      vertex 164.741 -2.33203 23.1138
      vertex 164.501 -4.16776 24.0969
      vertex 164.741 -4.28832 23.5297
    endloop
  endfacet
  facet normal -0.233673 -0.202145 -0.95107
    outer loop
      vertex 168.931 -3.08936 29.1704
      vertex 169.541 -1.16353 28.6112
      vertex 169.541 -3.11982 29.027
    endloop
  endfacet
  facet normal -0.233529 -0.202198 -0.951094
    outer loop
      vertex 169.541 -1.16353 28.6112
      vertex 168.931 -3.08936 29.1704
      vertex 168.931 -1.13306 28.7545
    endloop
  endfacet
  facet normal -0.972191 0.0486997 0.229071
    outer loop
      vertex 172.109 -2.21146 23.6811
      vertex 172.256 -4.04086 24.6939
      vertex 172.256 -2.08457 24.278
    endloop
  endfacet
  facet normal -0.972199 0.0486807 0.229038
    outer loop
      vertex 172.256 -4.04086 24.6939
      vertex 172.109 -2.21146 23.6811
      vertex 172.109 -4.16776 24.0969
    endloop
  endfacet
  facet normal -0.996948 0.0162296 0.0763584
    outer loop
      vertex 172.256 -2.08457 24.278
      vertex 172.305 -3.91076 25.3059
      vertex 172.305 -1.95447 24.8901
    endloop
  endfacet
  facet normal -0.996947 0.0162359 0.0763695
    outer loop
      vertex 172.305 -3.91076 25.3059
      vertex 172.256 -2.08457 24.278
      vertex 172.256 -4.04086 24.6939
    endloop
  endfacet
  facet normal -0.996948 -0.0162295 -0.0763584
    outer loop
      vertex 172.305 -1.95447 24.8901
      vertex 172.256 -3.78067 25.918
      vertex 172.256 -1.82437 25.5022
    endloop
  endfacet
  facet normal -0.996948 -0.0162297 -0.0763587
    outer loop
      vertex 172.256 -3.78067 25.918
      vertex 172.305 -1.95447 24.8901
      vertex 172.305 -3.91076 25.3059
    endloop
  endfacet
  facet normal -0.760086 0.13513 0.635617
    outer loop
      vertex 171.133 -2.54253 22.1235
      vertex 171.541 -4.39959 23.0062
      vertex 171.541 -2.4433 22.5903
    endloop
  endfacet
  facet normal -0.760153 0.135082 0.635547
    outer loop
      vertex 171.541 -4.39959 23.0062
      vertex 171.133 -2.54253 22.1235
      vertex 171.133 -4.49883 22.5393
    endloop
  endfacet
  facet normal -0.649643 0.158054 0.743628
    outer loop
      vertex 170.656 -2.62728 21.7248
      vertex 171.133 -4.49883 22.5393
      vertex 171.133 -2.54253 22.1235
    endloop
  endfacet
  facet normal -0.649643 0.158054 0.743628
    outer loop
      vertex 171.133 -4.49883 22.5393
      vertex 170.656 -2.62728 21.7248
      vertex 170.656 -4.58358 22.1406
    endloop
  endfacet
  facet normal 0.649643 0.158054 0.743628
    outer loop
      vertex 165.477 -4.49883 22.5393
      vertex 165.954 -2.62728 21.7248
      vertex 165.477 -2.54253 22.1235
    endloop
  endfacet
  facet normal 0.649643 0.158054 0.743628
    outer loop
      vertex 165.954 -2.62728 21.7248
      vertex 165.477 -4.49883 22.5393
      vertex 165.954 -4.58358 22.1406
    endloop
  endfacet
  facet normal 0.522636 -0.177246 -0.833928
    outer loop
      vertex 165.954 -1.28165 28.0555
      vertex 166.489 -3.16976 28.7921
      vertex 165.954 -3.23795 28.4713
    endloop
  endfacet
  facet normal 0.522634 -0.177248 -0.833929
    outer loop
      vertex 166.489 -3.16976 28.7921
      vertex 165.954 -1.28165 28.0555
      vertex 166.489 -1.21347 28.3763
    endloop
  endfacet
  facet normal 0.972191 0.0486997 0.229071
    outer loop
      vertex 164.354 -4.04086 24.6939
      vertex 164.501 -2.21146 23.6811
      vertex 164.354 -2.08457 24.278
    endloop
  endfacet
  facet normal 0.972199 0.0486807 0.229038
    outer loop
      vertex 164.501 -2.21146 23.6811
      vertex 164.354 -4.04086 24.6939
      vertex 164.501 -4.16776 24.0969
    endloop
  endfacet
  facet normal 0.233673 -0.202145 -0.95107
    outer loop
      vertex 167.069 -1.16353 28.6112
      vertex 167.679 -3.08936 29.1704
      vertex 167.069 -3.11982 29.027
    endloop
  endfacet
  facet normal 0.233529 -0.202198 -0.951094
    outer loop
      vertex 167.679 -3.08936 29.1704
      vertex 167.069 -1.16353 28.6112
      vertex 167.679 -1.13306 28.7545
    endloop
  endfacet
  facet normal 0.972199 -0.0486811 -0.229039
    outer loop
      vertex 164.501 -3.65377 26.515
      vertex 164.354 -1.82437 25.5022
      vertex 164.501 -1.69748 26.0992
    endloop
  endfacet
  facet normal 0.972199 -0.0486807 -0.229038
    outer loop
      vertex 164.354 -1.82437 25.5022
      vertex 164.501 -3.65377 26.515
      vertex 164.354 -3.78067 25.918
    endloop
  endfacet
  facet normal -0.852617 -0.108636 -0.511119
    outer loop
      vertex 171.869 -1.57691 26.6664
      vertex 171.541 -3.42193 27.6057
      vertex 171.541 -1.46564 27.1899
    endloop
  endfacet
  facet normal -0.852617 -0.108636 -0.511119
    outer loop
      vertex 171.541 -3.42193 27.6057
      vertex 171.869 -1.57691 26.6664
      vertex 171.869 -3.5332 27.0822
    endloop
  endfacet
  facet normal 0.382556 -0.192087 -0.903744
    outer loop
      vertex 166.489 -1.21347 28.3763
      vertex 167.069 -3.11982 29.027
      vertex 166.489 -3.16976 28.7921
    endloop
  endfacet
  facet normal 0.382556 -0.192087 -0.903744
    outer loop
      vertex 167.069 -3.11982 29.027
      vertex 166.489 -1.21347 28.3763
      vertex 167.069 -1.16353 28.6112
    endloop
  endfacet
  facet normal 0.852617 -0.108636 -0.511119
    outer loop
      vertex 165.069 -3.42193 27.6057
      vertex 164.741 -1.57691 26.6664
      vertex 165.069 -1.46564 27.1899
    endloop
  endfacet
  facet normal 0.852617 -0.108636 -0.511119
    outer loop
      vertex 164.741 -1.57691 26.6664
      vertex 165.069 -3.42193 27.6057
      vertex 164.741 -3.5332 27.0822
    endloop
  endfacet
  facet normal 0.382689 0.192074 0.903691
    outer loop
      vertex 166.489 -4.65177 21.8198
      vertex 167.069 -2.74541 21.169
      vertex 166.489 -2.69547 21.404
    endloop
  endfacet
  facet normal 0.382689 0.192074 0.903691
    outer loop
      vertex 167.069 -2.74541 21.169
      vertex 166.489 -4.65177 21.8198
      vertex 167.069 -4.70171 21.5848
    endloop
  endfacet
  facet normal -0.923987 -0.0795062 -0.374067
    outer loop
      vertex 172.109 -1.69748 26.0992
      vertex 171.869 -3.5332 27.0822
      vertex 171.869 -1.57691 26.6664
    endloop
  endfacet
  facet normal -0.923987 -0.0795062 -0.374067
    outer loop
      vertex 171.869 -3.5332 27.0822
      vertex 172.109 -1.69748 26.0992
      vertex 172.109 -3.65377 26.515
    endloop
  endfacet
  facet normal -0.382689 0.192074 0.903691
    outer loop
      vertex 169.541 -2.74541 21.169
      vertex 170.121 -4.65177 21.8198
      vertex 170.121 -2.69547 21.404
    endloop
  endfacet
  facet normal -0.382689 0.192074 0.903691
    outer loop
      vertex 170.121 -4.65177 21.8198
      vertex 169.541 -2.74541 21.169
      vertex 169.541 -4.70171 21.5848
    endloop
  endfacet
  facet normal -0.233529 0.202152 0.951104
    outer loop
      vertex 168.931 -2.77588 21.0257
      vertex 169.541 -4.70171 21.5848
      vertex 169.541 -2.74541 21.169
    endloop
  endfacet
  facet normal -0.233526 0.202153 0.951105
    outer loop
      vertex 169.541 -4.70171 21.5848
      vertex 168.931 -2.77588 21.0257
      vertex 168.931 -4.73217 21.4415
    endloop
  endfacet
  facet normal -0.0783177 -0.207309 -0.975136
    outer loop
      vertex 168.305 -3.07912 29.2185
      vertex 168.931 -1.13306 28.7545
      vertex 168.931 -3.08936 29.1704
    endloop
  endfacet
  facet normal -0.0784725 -0.207259 -0.975134
    outer loop
      vertex 168.931 -1.13306 28.7545
      vertex 168.305 -3.07912 29.2185
      vertex 168.305 -1.12282 28.8027
    endloop
  endfacet
  facet normal 0.852617 0.108661 0.511113
    outer loop
      vertex 164.741 -4.28832 23.5297
      vertex 165.069 -2.4433 22.5903
      vertex 164.741 -2.33203 23.1138
    endloop
  endfacet
  facet normal 0.852617 0.108661 0.511113
    outer loop
      vertex 165.069 -2.4433 22.5903
      vertex 164.741 -4.28832 23.5297
      vertex 165.069 -4.39959 23.0062
    endloop
  endfacet
  facet normal 0.760086 0.13513 0.635617
    outer loop
      vertex 165.069 -4.39959 23.0062
      vertex 165.477 -2.54253 22.1235
      vertex 165.069 -2.4433 22.5903
    endloop
  endfacet
  facet normal 0.760153 0.135082 0.635547
    outer loop
      vertex 165.477 -2.54253 22.1235
      vertex 165.069 -4.39959 23.0062
      vertex 165.477 -4.49883 22.5393
    endloop
  endfacet
  facet normal 0.522636 0.177246 0.833928
    outer loop
      vertex 165.954 -4.58358 22.1406
      vertex 166.489 -2.69547 21.404
      vertex 165.954 -2.62728 21.7248
    endloop
  endfacet
  facet normal 0.522636 0.177246 0.833928
    outer loop
      vertex 166.489 -2.69547 21.404
      vertex 165.954 -4.58358 22.1406
      vertex 166.489 -4.65177 21.8198
    endloop
  endfacet
  facet normal 0.996948 -0.0162295 -0.0763584
    outer loop
      vertex 164.354 -3.78067 25.918
      vertex 164.305 -1.95447 24.8901
      vertex 164.354 -1.82437 25.5022
    endloop
  endfacet
  facet normal 0.996948 -0.0162297 -0.0763587
    outer loop
      vertex 164.305 -1.95447 24.8901
      vertex 164.354 -3.78067 25.918
      vertex 164.305 -3.91076 25.3059
    endloop
  endfacet
  facet normal -0.522636 0.177246 0.833928
    outer loop
      vertex 170.121 -2.69547 21.404
      vertex 170.656 -4.58358 22.1406
      vertex 170.656 -2.62728 21.7248
    endloop
  endfacet
  facet normal -0.522636 0.177246 0.833928
    outer loop
      vertex 170.656 -4.58358 22.1406
      vertex 170.121 -2.69547 21.404
      vertex 170.121 -4.65177 21.8198
    endloop
  endfacet
  facet normal 0.0784725 0.20726 0.975134
    outer loop
      vertex 167.679 -4.73217 21.4415
      vertex 168.305 -2.78612 20.9775
      vertex 167.679 -2.77588 21.0257
    endloop
  endfacet
  facet normal 0.0784725 0.20726 0.975134
    outer loop
      vertex 168.305 -2.78612 20.9775
      vertex 167.679 -4.73217 21.4415
      vertex 168.305 -4.74241 21.3933
    endloop
  endfacet
  facet normal -0.522636 -0.177246 -0.833928
    outer loop
      vertex 170.121 -3.16976 28.7921
      vertex 170.656 -1.28165 28.0555
      vertex 170.656 -3.23795 28.4713
    endloop
  endfacet
  facet normal -0.522634 -0.177248 -0.833929
    outer loop
      vertex 170.656 -1.28165 28.0555
      vertex 170.121 -3.16976 28.7921
      vertex 170.121 -1.21347 28.3763
    endloop
  endfacet
  facet normal -0.0784725 0.20726 0.975134
    outer loop
      vertex 168.305 -2.78612 20.9775
      vertex 168.931 -4.73217 21.4415
      vertex 168.931 -2.77588 21.0257
    endloop
  endfacet
  facet normal -0.0784725 0.20726 0.975134
    outer loop
      vertex 168.931 -4.73217 21.4415
      vertex 168.305 -2.78612 20.9775
      vertex 168.305 -4.74241 21.3933
    endloop
  endfacet
  facet normal 0.233529 0.202152 0.951104
    outer loop
      vertex 167.069 -4.70171 21.5848
      vertex 167.679 -2.77588 21.0257
      vertex 167.069 -2.74541 21.169
    endloop
  endfacet
  facet normal 0.233526 0.202153 0.951105
    outer loop
      vertex 167.679 -2.77588 21.0257
      vertex 167.069 -4.70171 21.5848
      vertex 167.679 -4.73217 21.4415
    endloop
  endfacet
  facet normal -0.852617 0.108661 0.511113
    outer loop
      vertex 171.541 -2.4433 22.5903
      vertex 171.869 -4.28832 23.5297
      vertex 171.869 -2.33203 23.1138
    endloop
  endfacet
  facet normal -0.852617 0.108661 0.511113
    outer loop
      vertex 171.869 -4.28832 23.5297
      vertex 171.541 -2.4433 22.5903
      vertex 171.541 -4.39959 23.0062
    endloop
  endfacet
  facet normal 0.760086 -0.13513 -0.635617
    outer loop
      vertex 165.477 -3.3227 28.0726
      vertex 165.069 -1.46564 27.1899
      vertex 165.477 -1.36641 27.6567
    endloop
  endfacet
  facet normal 0.760152 -0.135083 -0.635549
    outer loop
      vertex 165.069 -1.46564 27.1899
      vertex 165.477 -3.3227 28.0726
      vertex 165.069 -3.42193 27.6057
    endloop
  endfacet
  facet normal -0.972199 -0.0486811 -0.229039
    outer loop
      vertex 172.256 -1.82437 25.5022
      vertex 172.109 -3.65377 26.515
      vertex 172.109 -1.69748 26.0992
    endloop
  endfacet
  facet normal -0.972199 -0.0486807 -0.229038
    outer loop
      vertex 172.109 -3.65377 26.515
      vertex 172.256 -1.82437 25.5022
      vertex 172.256 -3.78067 25.918
    endloop
  endfacet
  facet normal 0.649643 -0.158091 -0.74362
    outer loop
      vertex 165.477 -1.36641 27.6567
      vertex 165.954 -3.23795 28.4713
      vertex 165.477 -3.3227 28.0726
    endloop
  endfacet
  facet normal 0.649735 -0.158037 -0.743551
    outer loop
      vertex 165.954 -3.23795 28.4713
      vertex 165.477 -1.36641 27.6567
      vertex 165.954 -1.28165 28.0555
    endloop
  endfacet
  facet normal -0.760086 -0.13513 -0.635617
    outer loop
      vertex 171.541 -1.46564 27.1899
      vertex 171.133 -3.3227 28.0726
      vertex 171.133 -1.36641 27.6567
    endloop
  endfacet
  facet normal -0.760152 -0.135083 -0.635549
    outer loop
      vertex 171.133 -3.3227 28.0726
      vertex 171.541 -1.46564 27.1899
      vertex 171.541 -3.42193 27.6057
    endloop
  endfacet
  facet normal -0.649643 -0.158091 -0.74362
    outer loop
      vertex 170.656 -3.23795 28.4713
      vertex 171.133 -1.36641 27.6567
      vertex 171.133 -3.3227 28.0726
    endloop
  endfacet
  facet normal -0.649735 -0.158037 -0.743551
    outer loop
      vertex 171.133 -1.36641 27.6567
      vertex 170.656 -3.23795 28.4713
      vertex 170.656 -1.28165 28.0555
    endloop
  endfacet
  facet normal 0.0783177 -0.207309 -0.975136
    outer loop
      vertex 167.679 -1.13306 28.7545
      vertex 168.305 -3.07912 29.2185
      vertex 167.679 -3.08936 29.1704
    endloop
  endfacet
  facet normal 0.0784725 -0.207259 -0.975134
    outer loop
      vertex 168.305 -3.07912 29.2185
      vertex 167.679 -1.13306 28.7545
      vertex 168.305 -1.12282 28.8027
    endloop
  endfacet
  facet normal -0.382556 -0.192087 -0.903744
    outer loop
      vertex 169.541 -3.11982 29.027
      vertex 170.121 -1.21347 28.3763
      vertex 170.121 -3.16976 28.7921
    endloop
  endfacet
  facet normal -0.382556 -0.192087 -0.903744
    outer loop
      vertex 170.121 -1.21347 28.3763
      vertex 169.541 -3.11982 29.027
      vertex 169.541 -1.16353 28.6112
    endloop
  endfacet
  facet normal 0.923987 -0.0795062 -0.374067
    outer loop
      vertex 164.741 -3.5332 27.0822
      vertex 164.501 -1.69748 26.0992
      vertex 164.741 -1.57691 26.6664
    endloop
  endfacet
  facet normal 0.923987 -0.0795062 -0.374067
    outer loop
      vertex 164.501 -1.69748 26.0992
      vertex 164.741 -3.5332 27.0822
      vertex 164.501 -3.65377 26.515
    endloop
  endfacet
  facet normal -0.92401 0.0794943 0.374013
    outer loop
      vertex 171.869 -2.33203 23.1138
      vertex 172.109 -4.16776 24.0969
      vertex 172.109 -2.21146 23.6811
    endloop
  endfacet
  facet normal -0.923987 0.0795247 0.374064
    outer loop
      vertex 172.109 -4.16776 24.0969
      vertex 171.869 -2.33203 23.1138
      vertex 171.869 -4.28832 23.5297
    endloop
  endfacet
  facet normal 0.996948 0.0162296 0.0763584
    outer loop
      vertex 164.305 -3.91076 25.3059
      vertex 164.354 -2.08457 24.278
      vertex 164.305 -1.95447 24.8901
    endloop
  endfacet
  facet normal 0.996947 0.0162359 0.0763695
    outer loop
      vertex 164.354 -2.08457 24.278
      vertex 164.305 -3.91076 25.3059
      vertex 164.354 -4.04086 24.6939
    endloop
  endfacet
  facet normal 0.707106 -0.147017 -0.691655
    outer loop
      vertex 180.305 -9.0046 1.34132
      vertex 178.805 -7.36017 -0.541727
      vertex 180.305 -7.04831 0.925494
    endloop
  endfacet
  facet normal 0.707108 -0.147015 -0.691654
    outer loop
      vertex 178.805 -7.36017 -0.541727
      vertex 180.305 -9.0046 1.34132
      vertex 178.805 -9.31647 -0.125904
    endloop
  endfacet
  facet normal -7.14862e-06 0.978146 -0.207921
    outer loop
      vertex 174.455 -6.42457 3.85994
      vertex 151.541 -2.74541 21.169
      vertex 174.472 -6.38066 4.06651
    endloop
  endfacet
  facet normal -1.98338e-05 0.978171 -0.207803
    outer loop
      vertex 99.305 -2.78612 20.9775
      vertex 9.01619 -6.14734 5.16418
      vertex 8.805 -6.14389 5.18044
    endloop
  endfacet
  facet normal -1.2962e-05 0.978144 -0.207928
    outer loop
      vertex 151.541 -2.74541 21.169
      vertex 174.455 -6.42457 3.85994
      vertex 150.931 -2.77588 21.0257
    endloop
  endfacet
  facet normal 1.75563e-05 0.978127 -0.208007
    outer loop
      vertex 99.305 -2.78612 20.9775
      vertex 9.22217 -6.15763 5.11581
      vertex 9.01619 -6.14734 5.16418
    endloop
  endfacet
  facet normal -8.27232e-06 0.978145 -0.207922
    outer loop
      vertex 174.472 -6.46848 3.65337
      vertex 150.931 -2.77588 21.0257
      vertex 174.455 -6.42457 3.85994
    endloop
  endfacet
  facet normal -8.71125e-06 0.978158 -0.207865
    outer loop
      vertex 99.305 -2.78612 20.9775
      vertex 9.41789 -6.17448 5.03651
      vertex 9.22217 -6.15763 5.11581
    endloop
  endfacet
  facet normal 7.38398e-06 0.97815 -0.207902
    outer loop
      vertex 150.931 -2.77588 21.0257
      vertex 174.472 -6.46848 3.65337
      vertex 150.305 -2.78612 20.9775
    endloop
  endfacet
  facet normal -4.3091e-06 0.978153 -0.207888
    outer loop
      vertex 99.305 -2.78612 20.9775
      vertex 9.59851 -6.19749 4.92824
      vertex 9.41789 -6.17448 5.03651
    endloop
  endfacet
  facet normal 3.39317e-05 0.978157 -0.207867
    outer loop
      vertex 174.521 -6.5113 3.45188
      vertex 150.305 -2.78612 20.9775
      vertex 174.472 -6.46848 3.65337
    endloop
  endfacet
  facet normal 6.75813e-06 0.97814 -0.207948
    outer loop
      vertex 99.305 -2.78612 20.9775
      vertex 9.75959 -6.2261 4.79367
      vertex 9.59851 -6.19749 4.92824
    endloop
  endfacet
  facet normal -9.11188e-06 0.978145 -0.207923
    outer loop
      vertex 150.305 -2.78612 20.9775
      vertex 174.521 -6.5113 3.45188
      vertex 149.679 -2.77588 21.0257
    endloop
  endfacet
  facet normal -4.06107e-07 0.978148 -0.20791
    outer loop
      vertex 99.305 -2.78612 20.9775
      vertex 9.89717 -6.25959 4.63611
      vertex 9.75959 -6.2261 4.79367
    endloop
  endfacet
  facet normal -4.27589e-05 0.978135 -0.207969
    outer loop
      vertex 174.602 -6.552 3.26044
      vertex 149.679 -2.77588 21.0257
      vertex 174.521 -6.5113 3.45188
    endloop
  endfacet
  facet normal -4.08266e-06 0.978152 -0.20789
    outer loop
      vertex 99.305 -2.78612 20.9775
      vertex 10.0079 -6.29714 4.45943
      vertex 9.89717 -6.25959 4.63611
    endloop
  endfacet
  facet normal 2.55097e-05 0.978155 -0.207877
    outer loop
      vertex 149.679 -2.77588 21.0257
      vertex 174.602 -6.552 3.26044
      vertex 149.069 -2.74541 21.169
    endloop
  endfacet
  facet normal -1.56014e-06 0.978149 -0.207903
    outer loop
      vertex 99.305 -2.78612 20.9775
      vertex 10.0889 -6.33783 4.26799
      vertex 10.0079 -6.29714 4.45943
    endloop
  endfacet
  facet normal 1.69912e-05 0.978152 -0.207889
    outer loop
      vertex 174.713 -6.58955 3.08377
      vertex 149.069 -2.74541 21.169
      vertex 174.602 -6.552 3.26044
    endloop
  endfacet
  facet normal 3.63025e-06 0.978144 -0.20793
    outer loop
      vertex 99.305 -2.78612 20.9775
      vertex 10.1384 -6.38066 4.06651
      vertex 10.0889 -6.33783 4.26799
    endloop
  endfacet
  facet normal 0 0.978148 -0.207912
    outer loop
      vertex 149.069 -2.74541 21.169
      vertex 174.713 -6.58955 3.08377
      vertex 123.541 -2.74541 21.169
    endloop
  endfacet
  facet normal 1.95856e-06 0.978146 -0.207921
    outer loop
      vertex 99.305 -2.78612 20.9775
      vertex 10.155 -6.42457 3.85994
      vertex 10.1384 -6.38066 4.06651
    endloop
  endfacet
  facet normal -1.021e-05 0.978142 -0.20794
    outer loop
      vertex 123.541 -2.74541 21.169
      vertex 174.713 -6.58955 3.08377
      vertex 122.931 -2.77588 21.0257
    endloop
  endfacet
  facet normal 2.01995e-06 0.978145 -0.207922
    outer loop
      vertex 99.305 -2.78612 20.9775
      vertex 10.1384 -6.46848 3.65337
      vertex 10.155 -6.42457 3.85994
    endloop
  endfacet
  facet normal 7.67702e-06 0.978152 -0.20789
    outer loop
      vertex 174.85 -6.62304 2.9262
      vertex 122.931 -2.77588 21.0257
      vertex 174.713 -6.58955 3.08377
    endloop
  endfacet
  facet normal -7.97394e-06 0.978156 -0.207873
    outer loop
      vertex 99.305 -2.78612 20.9775
      vertex 10.0889 -6.5113 3.45188
      vertex 10.1384 -6.46848 3.65337
    endloop
  endfacet
  facet normal 6.66339e-06 0.978152 -0.207893
    outer loop
      vertex 122.931 -2.77588 21.0257
      vertex 174.85 -6.62304 2.9262
      vertex 122.305 -2.78612 20.9775
    endloop
  endfacet
  facet normal 9.01157e-06 0.978138 -0.207955
    outer loop
      vertex 99.305 -2.78612 20.9775
      vertex 10.0079 -6.552 3.26044
      vertex 10.0889 -6.5113 3.45188
    endloop
  endfacet
  facet normal -2.66259e-05 0.978132 -0.207986
    outer loop
      vertex 175.011 -6.65165 2.79163
      vertex 122.305 -2.78612 20.9775
      vertex 174.85 -6.62304 2.9262
    endloop
  endfacet
  facet normal -3.00339e-06 0.978151 -0.207897
    outer loop
      vertex 99.305 -2.78612 20.9775
      vertex 9.89717 -6.58955 3.08377
      vertex 10.0079 -6.552 3.26044
    endloop
  endfacet
  facet normal 1.27319e-06 0.978148 -0.207908
    outer loop
      vertex 178.805 -7.36017 -0.541727
      vertex 122.305 -2.78612 20.9775
      vertex 175.011 -6.65165 2.79163
    endloop
  endfacet
  facet normal -3.82365e-06 0.978151 -0.207893
    outer loop
      vertex 99.305 -2.78612 20.9775
      vertex 9.75959 -6.62304 2.9262
      vertex 9.89717 -6.58955 3.08377
    endloop
  endfacet
  facet normal 0 0.978148 -0.207912
    outer loop
      vertex 122.305 -2.78612 20.9775
      vertex 178.805 -7.36017 -0.541727
      vertex 99.305 -2.78612 20.9775
    endloop
  endfacet
  facet normal 1.21292e-05 0.978135 -0.207969
    outer loop
      vertex 99.305 -2.78612 20.9775
      vertex 9.59851 -6.65165 2.79163
      vertex 9.75959 -6.62304 2.9262
    endloop
  endfacet
  facet normal -5.54481e-05 0.978135 -0.20797
    outer loop
      vertex 178.805 -7.36017 -0.541727
      vertex 175.011 -6.65165 2.79163
      vertex 175.192 -6.67466 2.68336
    endloop
  endfacet
  facet normal 0 0.978148 -0.207912
    outer loop
      vertex 5.805 -7.36017 -0.541727
      vertex 99.305 -2.78612 20.9775
      vertex 178.805 -7.36017 -0.541727
    endloop
  endfacet
  facet normal -3.21817e-05 0.97814 -0.207945
    outer loop
      vertex 178.805 -7.36017 -0.541727
      vertex 175.192 -6.67466 2.68336
      vertex 175.388 -6.69151 2.60407
    endloop
  endfacet
  facet normal -5.90505e-07 0.978148 -0.207909
    outer loop
      vertex 99.305 -2.78612 20.9775
      vertex 5.805 -7.36017 -0.541727
      vertex 9.59851 -6.65165 2.79163
    endloop
  endfacet
  facet normal -8.69441e-06 0.978146 -0.207921
    outer loop
      vertex 178.805 -7.36017 -0.541727
      vertex 175.388 -6.69151 2.60407
      vertex 175.594 -6.70179 2.5557
    endloop
  endfacet
  facet normal 5.57998e-05 0.978135 -0.207971
    outer loop
      vertex 9.59851 -6.65165 2.79163
      vertex 5.805 -7.36017 -0.541727
      vertex 9.41789 -6.67466 2.68336
    endloop
  endfacet
  facet normal 1.92567e-05 0.978152 -0.207893
    outer loop
      vertex 178.805 -7.36017 -0.541727
      vertex 175.594 -6.70179 2.5557
      vertex 175.805 -6.70525 2.53944
    endloop
  endfacet
  facet normal 3.22652e-05 0.97814 -0.207945
    outer loop
      vertex 9.41789 -6.67466 2.68336
      vertex 5.805 -7.36017 -0.541727
      vertex 9.22217 -6.69151 2.60407
    endloop
  endfacet
  facet normal 0 0.978169 -0.20781
    outer loop
      vertex 121.679 -1.13306 28.7545
      vertex 99.305 -1.12282 28.8027
      vertex 122.305 -1.12282 28.8027
    endloop
  endfacet
  facet normal 0 0.978169 -0.20781
    outer loop
      vertex 121.679 -1.13306 28.7545
      vertex 99.9307 -1.13306 28.7545
      vertex 99.305 -1.12282 28.8027
    endloop
  endfacet
  facet normal 0 0.978133 -0.207981
    outer loop
      vertex 121.069 -1.16353 28.6112
      vertex 99.9307 -1.13306 28.7545
      vertex 121.679 -1.13306 28.7545
    endloop
  endfacet
  facet normal 0 0.978133 -0.207981
    outer loop
      vertex 121.069 -1.16353 28.6112
      vertex 100.541 -1.16353 28.6112
      vertex 99.9307 -1.13306 28.7545
    endloop
  endfacet
  facet normal 0 0.978139 -0.207953
    outer loop
      vertex 120.489 -1.21347 28.3763
      vertex 100.541 -1.16353 28.6112
      vertex 121.069 -1.16353 28.6112
    endloop
  endfacet
  facet normal 0 0.978139 -0.207953
    outer loop
      vertex 120.489 -1.21347 28.3763
      vertex 101.121 -1.21347 28.3763
      vertex 100.541 -1.16353 28.6112
    endloop
  endfacet
  facet normal 0 0.978153 -0.207888
    outer loop
      vertex 119.954 -1.28165 28.0555
      vertex 101.121 -1.21347 28.3763
      vertex 120.489 -1.21347 28.3763
    endloop
  endfacet
  facet normal 0 0.978153 -0.207888
    outer loop
      vertex 119.954 -1.28165 28.0555
      vertex 101.656 -1.28165 28.0555
      vertex 101.121 -1.21347 28.3763
    endloop
  endfacet
  facet normal 0 0.978151 -0.207894
    outer loop
      vertex 119.477 -1.36641 27.6567
      vertex 101.656 -1.28165 28.0555
      vertex 119.954 -1.28165 28.0555
    endloop
  endfacet
  facet normal 0 0.978151 -0.207894
    outer loop
      vertex 119.477 -1.36641 27.6567
      vertex 102.133 -1.36641 27.6567
      vertex 101.656 -1.28165 28.0555
    endloop
  endfacet
  facet normal 0 0.978144 -0.207929
    outer loop
      vertex 119.069 -1.46564 27.1899
      vertex 102.133 -1.36641 27.6567
      vertex 119.477 -1.36641 27.6567
    endloop
  endfacet
  facet normal 0 0.978144 -0.207929
    outer loop
      vertex 119.069 -1.46564 27.1899
      vertex 102.541 -1.46564 27.1899
      vertex 102.133 -1.36641 27.6567
    endloop
  endfacet
  facet normal 0 0.978149 -0.207906
    outer loop
      vertex 118.741 -1.57691 26.6664
      vertex 102.541 -1.46564 27.1899
      vertex 119.069 -1.46564 27.1899
    endloop
  endfacet
  facet normal 0 0.978149 -0.207906
    outer loop
      vertex 118.741 -1.57691 26.6664
      vertex 102.869 -1.57691 26.6664
      vertex 102.541 -1.46564 27.1899
    endloop
  endfacet
  facet normal 0 0.978145 -0.207925
    outer loop
      vertex 118.501 -1.69748 26.0992
      vertex 102.869 -1.57691 26.6664
      vertex 118.741 -1.57691 26.6664
    endloop
  endfacet
  facet normal 0 0.978145 -0.207925
    outer loop
      vertex 118.501 -1.69748 26.0992
      vertex 103.109 -1.69748 26.0992
      vertex 102.869 -1.57691 26.6664
    endloop
  endfacet
  facet normal 0 0.97815 -0.207902
    outer loop
      vertex 118.354 -1.82437 25.5022
      vertex 103.109 -1.69748 26.0992
      vertex 118.501 -1.69748 26.0992
    endloop
  endfacet
  facet normal 0 0.97815 -0.207902
    outer loop
      vertex 118.354 -1.82437 25.5022
      vertex 103.256 -1.82437 25.5022
      vertex 103.109 -1.69748 26.0992
    endloop
  endfacet
  facet normal 0 0.97815 -0.207903
    outer loop
      vertex 118.305 -1.95447 24.8901
      vertex 103.256 -1.82437 25.5022
      vertex 118.354 -1.82437 25.5022
    endloop
  endfacet
  facet normal 0 0.97815 -0.207903
    outer loop
      vertex 118.305 -1.95447 24.8901
      vertex 103.305 -1.95447 24.8901
      vertex 103.256 -1.82437 25.5022
    endloop
  endfacet
  facet normal 0 0.97815 -0.207903
    outer loop
      vertex 118.354 -2.08457 24.278
      vertex 103.305 -1.95447 24.8901
      vertex 118.305 -1.95447 24.8901
    endloop
  endfacet
  facet normal 0 0.97815 -0.207903
    outer loop
      vertex 118.354 -2.08457 24.278
      vertex 103.256 -2.08457 24.278
      vertex 103.305 -1.95447 24.8901
    endloop
  endfacet
  facet normal 0 0.978143 -0.207935
    outer loop
      vertex 118.501 -2.21146 23.6811
      vertex 103.256 -2.08457 24.278
      vertex 118.354 -2.08457 24.278
    endloop
  endfacet
  facet normal 0 0.978143 -0.207935
    outer loop
      vertex 118.501 -2.21146 23.6811
      vertex 103.109 -2.21146 23.6811
      vertex 103.256 -2.08457 24.278
    endloop
  endfacet
  facet normal 0 0.978152 -0.20789
    outer loop
      vertex 118.741 -2.33203 23.1138
      vertex 103.109 -2.21146 23.6811
      vertex 118.501 -2.21146 23.6811
    endloop
  endfacet
  facet normal 0 0.978152 -0.20789
    outer loop
      vertex 118.741 -2.33203 23.1138
      vertex 102.869 -2.33203 23.1138
      vertex 103.109 -2.21146 23.6811
    endloop
  endfacet
  facet normal 0 0.978149 -0.207906
    outer loop
      vertex 119.069 -2.4433 22.5903
      vertex 102.869 -2.33203 23.1138
      vertex 118.741 -2.33203 23.1138
    endloop
  endfacet
  facet normal 0 0.978149 -0.207906
    outer loop
      vertex 119.069 -2.4433 22.5903
      vertex 102.541 -2.4433 22.5903
      vertex 102.869 -2.33203 23.1138
    endloop
  endfacet
  facet normal 0 0.978144 -0.207929
    outer loop
      vertex 119.477 -2.54253 22.1235
      vertex 102.541 -2.4433 22.5903
      vertex 119.069 -2.4433 22.5903
    endloop
  endfacet
  facet normal 0 0.978144 -0.207929
    outer loop
      vertex 119.477 -2.54253 22.1235
      vertex 102.133 -2.54253 22.1235
      vertex 102.541 -2.4433 22.5903
    endloop
  endfacet
  facet normal 0 0.978146 -0.20792
    outer loop
      vertex 119.954 -2.62728 21.7248
      vertex 102.133 -2.54253 22.1235
      vertex 119.477 -2.54253 22.1235
    endloop
  endfacet
  facet normal 0 0.978146 -0.20792
    outer loop
      vertex 119.954 -2.62728 21.7248
      vertex 101.656 -2.62728 21.7248
      vertex 102.133 -2.54253 22.1235
    endloop
  endfacet
  facet normal 0 0.978146 -0.207917
    outer loop
      vertex 120.489 -2.69547 21.404
      vertex 101.656 -2.62728 21.7248
      vertex 119.954 -2.62728 21.7248
    endloop
  endfacet
  facet normal 0 0.978146 -0.207917
    outer loop
      vertex 120.489 -2.69547 21.404
      vertex 101.121 -2.69547 21.404
      vertex 101.656 -2.62728 21.7248
    endloop
  endfacet
  facet normal 0 0.978157 -0.207869
    outer loop
      vertex 121.069 -2.74541 21.169
      vertex 101.121 -2.69547 21.404
      vertex 120.489 -2.69547 21.404
    endloop
  endfacet
  facet normal 0 0.978157 -0.207869
    outer loop
      vertex 121.069 -2.74541 21.169
      vertex 100.541 -2.74541 21.169
      vertex 101.121 -2.69547 21.404
    endloop
  endfacet
  facet normal 0 0.978133 -0.207981
    outer loop
      vertex 121.679 -2.77588 21.0257
      vertex 100.541 -2.74541 21.169
      vertex 121.069 -2.74541 21.169
    endloop
  endfacet
  facet normal 0 0.978133 -0.207981
    outer loop
      vertex 121.679 -2.77588 21.0257
      vertex 99.9307 -2.77588 21.0257
      vertex 100.541 -2.74541 21.169
    endloop
  endfacet
  facet normal 0 0.978169 -0.20781
    outer loop
      vertex 122.305 -2.78612 20.9775
      vertex 99.9307 -2.77588 21.0257
      vertex 121.679 -2.77588 21.0257
    endloop
  endfacet
  facet normal 0 0.978169 -0.20781
    outer loop
      vertex 99.9307 -2.77588 21.0257
      vertex 122.305 -2.78612 20.9775
      vertex 99.305 -2.78612 20.9775
    endloop
  endfacet
  facet normal 0 0.978148 -0.20791
    outer loop
      vertex 122.931 -1.13306 28.7545
      vertex 175.192 0.270781 35.3591
      vertex 149.679 -1.13306 28.7545
    endloop
  endfacet
  facet normal -5.00323e-06 0.978156 -0.207872
    outer loop
      vertex 175.192 0.270781 35.3591
      vertex 122.931 -1.13306 28.7545
      vertex 122.305 -1.12282 28.8027
    endloop
  endfacet
  facet normal 0 0.978133 -0.207981
    outer loop
      vertex 149.069 -1.16353 28.6112
      vertex 122.931 -1.13306 28.7545
      vertex 149.679 -1.13306 28.7545
    endloop
  endfacet
  facet normal 0 0.978133 -0.207981
    outer loop
      vertex 149.069 -1.16353 28.6112
      vertex 123.541 -1.16353 28.6112
      vertex 122.931 -1.13306 28.7545
    endloop
  endfacet
  facet normal 0 0.978139 -0.207953
    outer loop
      vertex 148.489 -1.21347 28.3763
      vertex 123.541 -1.16353 28.6112
      vertex 149.069 -1.16353 28.6112
    endloop
  endfacet
  facet normal 0 0.978139 -0.207953
    outer loop
      vertex 148.489 -1.21347 28.3763
      vertex 124.121 -1.21347 28.3763
      vertex 123.541 -1.16353 28.6112
    endloop
  endfacet
  facet normal 0 0.978153 -0.207888
    outer loop
      vertex 147.954 -1.28165 28.0555
      vertex 124.121 -1.21347 28.3763
      vertex 148.489 -1.21347 28.3763
    endloop
  endfacet
  facet normal 0 0.978153 -0.207888
    outer loop
      vertex 147.954 -1.28165 28.0555
      vertex 124.656 -1.28165 28.0555
      vertex 124.121 -1.21347 28.3763
    endloop
  endfacet
  facet normal 0 0.978151 -0.207894
    outer loop
      vertex 147.477 -1.36641 27.6567
      vertex 124.656 -1.28165 28.0555
      vertex 147.954 -1.28165 28.0555
    endloop
  endfacet
  facet normal 0 0.978151 -0.207894
    outer loop
      vertex 147.477 -1.36641 27.6567
      vertex 125.133 -1.36641 27.6567
      vertex 124.656 -1.28165 28.0555
    endloop
  endfacet
  facet normal 0 0.978144 -0.207929
    outer loop
      vertex 147.069 -1.46564 27.1899
      vertex 125.133 -1.36641 27.6567
      vertex 147.477 -1.36641 27.6567
    endloop
  endfacet
  facet normal 0 0.978144 -0.207929
    outer loop
      vertex 147.069 -1.46564 27.1899
      vertex 125.541 -1.46564 27.1899
      vertex 125.133 -1.36641 27.6567
    endloop
  endfacet
  facet normal 0 0.978149 -0.207906
    outer loop
      vertex 146.741 -1.57691 26.6664
      vertex 125.541 -1.46564 27.1899
      vertex 147.069 -1.46564 27.1899
    endloop
  endfacet
  facet normal 0 0.978149 -0.207906
    outer loop
      vertex 146.741 -1.57691 26.6664
      vertex 125.869 -1.57691 26.6664
      vertex 125.541 -1.46564 27.1899
    endloop
  endfacet
  facet normal 0 0.978145 -0.207925
    outer loop
      vertex 146.501 -1.69748 26.0992
      vertex 125.869 -1.57691 26.6664
      vertex 146.741 -1.57691 26.6664
    endloop
  endfacet
  facet normal 0 0.978145 -0.207925
    outer loop
      vertex 146.501 -1.69748 26.0992
      vertex 126.109 -1.69748 26.0992
      vertex 125.869 -1.57691 26.6664
    endloop
  endfacet
  facet normal 0 0.97815 -0.207902
    outer loop
      vertex 146.354 -1.82437 25.5022
      vertex 126.109 -1.69748 26.0992
      vertex 146.501 -1.69748 26.0992
    endloop
  endfacet
  facet normal 0 0.97815 -0.207902
    outer loop
      vertex 146.354 -1.82437 25.5022
      vertex 126.256 -1.82437 25.5022
      vertex 126.109 -1.69748 26.0992
    endloop
  endfacet
  facet normal 0 0.97815 -0.207903
    outer loop
      vertex 146.305 -1.95447 24.8901
      vertex 126.256 -1.82437 25.5022
      vertex 146.354 -1.82437 25.5022
    endloop
  endfacet
  facet normal 0 0.97815 -0.207903
    outer loop
      vertex 146.305 -1.95447 24.8901
      vertex 126.305 -1.95447 24.8901
      vertex 126.256 -1.82437 25.5022
    endloop
  endfacet
  facet normal 0 0.97815 -0.207903
    outer loop
      vertex 146.354 -2.08457 24.278
      vertex 126.305 -1.95447 24.8901
      vertex 146.305 -1.95447 24.8901
    endloop
  endfacet
  facet normal 0 0.97815 -0.207903
    outer loop
      vertex 146.354 -2.08457 24.278
      vertex 126.256 -2.08457 24.278
      vertex 126.305 -1.95447 24.8901
    endloop
  endfacet
  facet normal 0 0.978143 -0.207935
    outer loop
      vertex 146.501 -2.21146 23.6811
      vertex 126.256 -2.08457 24.278
      vertex 146.354 -2.08457 24.278
    endloop
  endfacet
  facet normal 0 0.978143 -0.207935
    outer loop
      vertex 146.501 -2.21146 23.6811
      vertex 126.109 -2.21146 23.6811
      vertex 126.256 -2.08457 24.278
    endloop
  endfacet
  facet normal 0 0.978152 -0.20789
    outer loop
      vertex 146.741 -2.33203 23.1138
      vertex 126.109 -2.21146 23.6811
      vertex 146.501 -2.21146 23.6811
    endloop
  endfacet
  facet normal 0 0.978152 -0.20789
    outer loop
      vertex 146.741 -2.33203 23.1138
      vertex 125.869 -2.33203 23.1138
      vertex 126.109 -2.21146 23.6811
    endloop
  endfacet
  facet normal 0 0.978149 -0.207906
    outer loop
      vertex 147.069 -2.4433 22.5903
      vertex 125.869 -2.33203 23.1138
      vertex 146.741 -2.33203 23.1138
    endloop
  endfacet
  facet normal 0 0.978149 -0.207906
    outer loop
      vertex 147.069 -2.4433 22.5903
      vertex 125.541 -2.4433 22.5903
      vertex 125.869 -2.33203 23.1138
    endloop
  endfacet
  facet normal 0 0.978144 -0.207929
    outer loop
      vertex 147.477 -2.54253 22.1235
      vertex 125.541 -2.4433 22.5903
      vertex 147.069 -2.4433 22.5903
    endloop
  endfacet
  facet normal 0 0.978144 -0.207929
    outer loop
      vertex 147.477 -2.54253 22.1235
      vertex 125.133 -2.54253 22.1235
      vertex 125.541 -2.4433 22.5903
    endloop
  endfacet
  facet normal 0 0.978146 -0.20792
    outer loop
      vertex 147.954 -2.62728 21.7248
      vertex 125.133 -2.54253 22.1235
      vertex 147.477 -2.54253 22.1235
    endloop
  endfacet
  facet normal 0 0.978146 -0.20792
    outer loop
      vertex 147.954 -2.62728 21.7248
      vertex 124.656 -2.62728 21.7248
      vertex 125.133 -2.54253 22.1235
    endloop
  endfacet
  facet normal 0 0.978146 -0.207917
    outer loop
      vertex 148.489 -2.69547 21.404
      vertex 124.656 -2.62728 21.7248
      vertex 147.954 -2.62728 21.7248
    endloop
  endfacet
  facet normal 0 0.978146 -0.207917
    outer loop
      vertex 148.489 -2.69547 21.404
      vertex 124.121 -2.69547 21.404
      vertex 124.656 -2.62728 21.7248
    endloop
  endfacet
  facet normal 0 0.978157 -0.207869
    outer loop
      vertex 149.069 -2.74541 21.169
      vertex 124.121 -2.69547 21.404
      vertex 148.489 -2.69547 21.404
    endloop
  endfacet
  facet normal 0 0.978157 -0.207869
    outer loop
      vertex 149.069 -2.74541 21.169
      vertex 123.541 -2.74541 21.169
      vertex 124.121 -2.69547 21.404
    endloop
  endfacet
  facet normal 1.90716e-05 0.978149 -0.207904
    outer loop
      vertex 167.679 -2.77588 21.0257
      vertex 174.602 -6.29714 4.45943
      vertex 167.069 -2.74541 21.169
    endloop
  endfacet
  facet normal 1.07724e-05 0.978149 -0.207907
    outer loop
      vertex 174.521 -6.33783 4.26799
      vertex 167.069 -2.74541 21.169
      vertex 174.602 -6.29714 4.45943
    endloop
  endfacet
  facet normal 2.32488e-05 0.97815 -0.207902
    outer loop
      vertex 174.602 -6.29714 4.45943
      vertex 167.679 -2.77588 21.0257
      vertex 174.713 -6.25959 4.63611
    endloop
  endfacet
  facet normal -2.21425e-05 0.978146 -0.207921
    outer loop
      vertex 167.069 -2.74541 21.169
      vertex 174.521 -6.33783 4.26799
      vertex 166.489 -2.69547 21.404
    endloop
  endfacet
  facet normal -4.56515e-05 0.978159 -0.207859
    outer loop
      vertex 174.602 0.148119 34.782
      vertex 167.069 -1.16353 28.6112
      vertex 174.713 0.185673 34.9587
    endloop
  endfacet
  facet normal -6.20764e-06 0.978153 -0.207887
    outer loop
      vertex 174.713 0.185673 34.9587
      vertex 150.931 -1.13306 28.7545
      vertex 150.305 -1.12282 28.8027
    endloop
  endfacet
  facet normal -3.44202e-05 0.978156 -0.207872
    outer loop
      vertex 166.489 -1.21347 28.3763
      vertex 174.713 0.185673 34.9587
      vertex 167.069 -1.16353 28.6112
    endloop
  endfacet
  facet normal 9.18438e-06 0.978141 -0.207944
    outer loop
      vertex 174.713 0.185673 34.9587
      vertex 151.541 -1.16353 28.6112
      vertex 150.931 -1.13306 28.7545
    endloop
  endfacet
  facet normal 0 0.978147 -0.207913
    outer loop
      vertex 152.121 -1.21347 28.3763
      vertex 174.713 0.185673 34.9587
      vertex 166.489 -1.21347 28.3763
    endloop
  endfacet
  facet normal 7.11421e-06 0.978142 -0.207937
    outer loop
      vertex 174.713 0.185673 34.9587
      vertex 152.121 -1.21347 28.3763
      vertex 151.541 -1.16353 28.6112
    endloop
  endfacet
  facet normal 0 0.978153 -0.207888
    outer loop
      vertex 165.954 -1.28165 28.0555
      vertex 152.121 -1.21347 28.3763
      vertex 166.489 -1.21347 28.3763
    endloop
  endfacet
  facet normal 0 0.978153 -0.207888
    outer loop
      vertex 165.954 -1.28165 28.0555
      vertex 152.656 -1.28165 28.0555
      vertex 152.121 -1.21347 28.3763
    endloop
  endfacet
  facet normal 0 0.978151 -0.207894
    outer loop
      vertex 165.477 -1.36641 27.6567
      vertex 152.656 -1.28165 28.0555
      vertex 165.954 -1.28165 28.0555
    endloop
  endfacet
  facet normal 0 0.978151 -0.207894
    outer loop
      vertex 165.477 -1.36641 27.6567
      vertex 153.133 -1.36641 27.6567
      vertex 152.656 -1.28165 28.0555
    endloop
  endfacet
  facet normal 0 0.978144 -0.207929
    outer loop
      vertex 165.069 -1.46564 27.1899
      vertex 153.133 -1.36641 27.6567
      vertex 165.477 -1.36641 27.6567
    endloop
  endfacet
  facet normal 0 0.978144 -0.207929
    outer loop
      vertex 165.069 -1.46564 27.1899
      vertex 153.541 -1.46564 27.1899
      vertex 153.133 -1.36641 27.6567
    endloop
  endfacet
  facet normal 0 0.978149 -0.207906
    outer loop
      vertex 164.741 -1.57691 26.6664
      vertex 153.541 -1.46564 27.1899
      vertex 165.069 -1.46564 27.1899
    endloop
  endfacet
  facet normal 0 0.978149 -0.207906
    outer loop
      vertex 164.741 -1.57691 26.6664
      vertex 153.869 -1.57691 26.6664
      vertex 153.541 -1.46564 27.1899
    endloop
  endfacet
  facet normal 0 0.978145 -0.207925
    outer loop
      vertex 164.501 -1.69748 26.0992
      vertex 153.869 -1.57691 26.6664
      vertex 164.741 -1.57691 26.6664
    endloop
  endfacet
  facet normal 0 0.978145 -0.207925
    outer loop
      vertex 164.501 -1.69748 26.0992
      vertex 154.109 -1.69748 26.0992
      vertex 153.869 -1.57691 26.6664
    endloop
  endfacet
  facet normal 0 0.97815 -0.207902
    outer loop
      vertex 164.354 -1.82437 25.5022
      vertex 154.109 -1.69748 26.0992
      vertex 164.501 -1.69748 26.0992
    endloop
  endfacet
  facet normal 0 0.97815 -0.207902
    outer loop
      vertex 164.354 -1.82437 25.5022
      vertex 154.256 -1.82437 25.5022
      vertex 154.109 -1.69748 26.0992
    endloop
  endfacet
  facet normal 0 0.97815 -0.207903
    outer loop
      vertex 164.305 -1.95447 24.8901
      vertex 154.256 -1.82437 25.5022
      vertex 164.354 -1.82437 25.5022
    endloop
  endfacet
  facet normal 0 0.97815 -0.207903
    outer loop
      vertex 164.305 -1.95447 24.8901
      vertex 154.305 -1.95447 24.8901
      vertex 154.256 -1.82437 25.5022
    endloop
  endfacet
  facet normal 0 0.97815 -0.207903
    outer loop
      vertex 164.354 -2.08457 24.278
      vertex 154.305 -1.95447 24.8901
      vertex 164.305 -1.95447 24.8901
    endloop
  endfacet
  facet normal 0 0.97815 -0.207903
    outer loop
      vertex 164.354 -2.08457 24.278
      vertex 154.256 -2.08457 24.278
      vertex 154.305 -1.95447 24.8901
    endloop
  endfacet
  facet normal 0 0.978143 -0.207935
    outer loop
      vertex 164.501 -2.21146 23.6811
      vertex 154.256 -2.08457 24.278
      vertex 164.354 -2.08457 24.278
    endloop
  endfacet
  facet normal 0 0.978143 -0.207935
    outer loop
      vertex 164.501 -2.21146 23.6811
      vertex 154.109 -2.21146 23.6811
      vertex 154.256 -2.08457 24.278
    endloop
  endfacet
  facet normal 0 0.978152 -0.20789
    outer loop
      vertex 164.741 -2.33203 23.1138
      vertex 154.109 -2.21146 23.6811
      vertex 164.501 -2.21146 23.6811
    endloop
  endfacet
  facet normal 0 0.978152 -0.20789
    outer loop
      vertex 164.741 -2.33203 23.1138
      vertex 153.869 -2.33203 23.1138
      vertex 154.109 -2.21146 23.6811
    endloop
  endfacet
  facet normal 0 0.978149 -0.207906
    outer loop
      vertex 165.069 -2.4433 22.5903
      vertex 153.869 -2.33203 23.1138
      vertex 164.741 -2.33203 23.1138
    endloop
  endfacet
  facet normal 0 0.978149 -0.207906
    outer loop
      vertex 165.069 -2.4433 22.5903
      vertex 153.541 -2.4433 22.5903
      vertex 153.869 -2.33203 23.1138
    endloop
  endfacet
  facet normal 0 0.978144 -0.207929
    outer loop
      vertex 165.477 -2.54253 22.1235
      vertex 153.541 -2.4433 22.5903
      vertex 165.069 -2.4433 22.5903
    endloop
  endfacet
  facet normal 0 0.978144 -0.207929
    outer loop
      vertex 165.477 -2.54253 22.1235
      vertex 153.133 -2.54253 22.1235
      vertex 153.541 -2.4433 22.5903
    endloop
  endfacet
  facet normal 0 0.978146 -0.20792
    outer loop
      vertex 165.954 -2.62728 21.7248
      vertex 153.133 -2.54253 22.1235
      vertex 165.477 -2.54253 22.1235
    endloop
  endfacet
  facet normal 0 0.978146 -0.20792
    outer loop
      vertex 165.954 -2.62728 21.7248
      vertex 152.656 -2.62728 21.7248
      vertex 153.133 -2.54253 22.1235
    endloop
  endfacet
  facet normal 0 0.978146 -0.207917
    outer loop
      vertex 166.489 -2.69547 21.404
      vertex 152.656 -2.62728 21.7248
      vertex 165.954 -2.62728 21.7248
    endloop
  endfacet
  facet normal 0 0.978146 -0.207917
    outer loop
      vertex 166.489 -2.69547 21.404
      vertex 152.121 -2.69547 21.404
      vertex 152.656 -2.62728 21.7248
    endloop
  endfacet
  facet normal 1.51053e-05 0.978149 -0.207906
    outer loop
      vertex 175.011 -6.19749 4.92824
      vertex 168.931 -2.77588 21.0257
      vertex 175.192 -6.17448 5.03651
    endloop
  endfacet
  facet normal 7.8866e-06 0.978148 -0.207908
    outer loop
      vertex 168.931 -2.77588 21.0257
      vertex 175.011 -6.19749 4.92824
      vertex 168.305 -2.78612 20.9775
    endloop
  endfacet
  facet normal -1.57265e-05 0.978146 -0.207917
    outer loop
      vertex 169.541 -2.74541 21.169
      vertex 175.192 -6.17448 5.03651
      vertex 168.931 -2.77588 21.0257
    endloop
  endfacet
  facet normal -2.8412e-05 0.978145 -0.207923
    outer loop
      vertex 174.85 -6.2261 4.79367
      vertex 168.305 -2.78612 20.9775
      vertex 175.011 -6.19749 4.92824
    endloop
  endfacet
  facet normal 2.51425e-05 0.978149 -0.207903
    outer loop
      vertex 175.192 -6.17448 5.03651
      vertex 169.541 -2.74541 21.169
      vertex 175.388 -6.15763 5.11581
    endloop
  endfacet
  facet normal 2.04219e-06 0.978148 -0.207911
    outer loop
      vertex 174.713 -6.25959 4.63611
      vertex 168.305 -2.78612 20.9775
      vertex 174.85 -6.2261 4.79367
    endloop
  endfacet
  facet normal 0 0.978148 -0.207911
    outer loop
      vertex 178.805 0.956295 38.5842
      vertex 99.305 -1.12282 28.8027
      vertex 5.805 0.956295 38.5842
    endloop
  endfacet
  facet normal 5.81738e-05 0.97816 -0.207855
    outer loop
      vertex 5.805 0.956295 38.5842
      vertex 9.01619 0.297918 35.4868
      vertex 8.805 0.301373 35.503
    endloop
  endfacet
  facet normal -3.07577e-05 0.978198 -0.207675
    outer loop
      vertex 122.305 -1.12282 28.8027
      vertex 175.594 0.297918 35.4868
      vertex 175.388 0.287636 35.4384
    endloop
  endfacet
  facet normal 4.6743e-06 0.978157 -0.207868
    outer loop
      vertex 98.6793 -1.13306 28.7545
      vertex 5.805 0.956295 38.5842
      vertex 99.305 -1.12282 28.8027
    endloop
  endfacet
  facet normal -1.4921e-06 0.97815 -0.207899
    outer loop
      vertex 122.305 -1.12282 28.8027
      vertex 175.388 0.287636 35.4384
      vertex 175.192 0.270781 35.3591
    endloop
  endfacet
  facet normal -3.64435e-05 0.97814 -0.207949
    outer loop
      vertex 5.805 0.956295 38.5842
      vertex 9.22217 0.287636 35.4384
      vertex 9.01619 0.297918 35.4868
    endloop
  endfacet
  facet normal -2.88902e-05 0.97817 -0.207806
    outer loop
      vertex 150.305 -1.12282 28.8027
      vertex 175.192 0.270781 35.3591
      vertex 175.011 0.247768 35.2508
    endloop
  endfacet
  facet normal -2.05783e-07 0.978147 -0.207912
    outer loop
      vertex 34.9933 -1.05092 29.141
      vertex 5.805 0.956295 38.5842
      vertex 98.6793 -1.13306 28.7545
    endloop
  endfacet
  facet normal -1.69745e-05 0.978161 -0.20785
    outer loop
      vertex 150.305 -1.12282 28.8027
      vertex 175.011 0.247768 35.2508
      vertex 174.85 0.219164 35.1162
    endloop
  endfacet
  facet normal -1.02624e-05 0.978141 -0.207942
    outer loop
      vertex 34.305 -1.03966 29.194
      vertex 5.805 0.956295 38.5842
      vertex 34.9933 -1.05092 29.141
    endloop
  endfacet
  facet normal 2.70367e-05 0.978126 -0.208013
    outer loop
      vertex 150.305 -1.12282 28.8027
      vertex 174.85 0.219164 35.1162
      vertex 174.713 0.185673 34.9587
    endloop
  endfacet
  facet normal -6.24177e-06 0.978146 -0.207918
    outer loop
      vertex 5.805 0.956295 38.5842
      vertex 9.41789 0.270781 35.3591
      vertex 9.22217 0.287636 35.4384
    endloop
  endfacet
  facet normal -2.36729e-05 0.978153 -0.207885
    outer loop
      vertex 167.069 -1.16353 28.6112
      vertex 174.602 0.148119 34.782
      vertex 167.679 -1.13306 28.7545
    endloop
  endfacet
  facet normal 6.37436e-06 0.978151 -0.207894
    outer loop
      vertex 33.6167 -1.05092 29.141
      vertex 5.805 0.956295 38.5842
      vertex 34.305 -1.03966 29.194
    endloop
  endfacet
  facet normal -1.35115e-05 0.978151 -0.207894
    outer loop
      vertex 174.472 0.0646009 34.3891
      vertex 167.679 -1.13306 28.7545
      vertex 174.521 0.107428 34.5906
    endloop
  endfacet
  facet normal -0.000112214 0.978122 -0.208031
    outer loop
      vertex 5.805 0.956295 38.5842
      vertex 9.59851 0.247768 35.2508
      vertex 9.41789 0.270781 35.3591
    endloop
  endfacet
  facet normal 8.85004e-06 0.978146 -0.20792
    outer loop
      vertex 167.679 -1.13306 28.7545
      vertex 174.472 0.0646009 34.3891
      vertex 168.305 -1.12282 28.8027
    endloop
  endfacet
  facet normal 1.5186e-06 0.978148 -0.207907
    outer loop
      vertex 5.805 0.956295 38.5842
      vertex 33.6167 -1.05092 29.141
      vertex 9.59851 0.247768 35.2508
    endloop
  endfacet
  facet normal -2.64054e-05 0.978154 -0.207883
    outer loop
      vertex 168.305 -1.12282 28.8027
      vertex 174.472 0.0646009 34.3891
      vertex 174.455 0.0206926 34.1825
    endloop
  endfacet
  facet normal 1.6828e-05 0.978161 -0.20785
    outer loop
      vertex 9.59851 0.247768 35.2508
      vertex 33.6167 -1.05092 29.141
      vertex 9.75959 0.219164 35.1162
    endloop
  endfacet
  facet normal -2.54704e-05 0.978153 -0.207886
    outer loop
      vertex 168.931 -1.13306 28.7545
      vertex 174.455 0.0206926 34.1825
      vertex 174.472 -0.0232155 33.9759
    endloop
  endfacet
  facet normal 7.96397e-06 0.978154 -0.207884
    outer loop
      vertex 32.9453 -1.08443 28.9833
      vertex 9.75959 0.219164 35.1162
      vertex 33.6167 -1.05092 29.141
    endloop
  endfacet
  facet normal 7.33071e-05 0.978133 -0.207978
    outer loop
      vertex 169.541 -1.16353 28.6112
      vertex 174.472 -0.0232155 33.9759
      vertex 174.521 -0.0660424 33.7745
    endloop
  endfacet
  facet normal -2.81801e-05 0.978126 -0.208015
    outer loop
      vertex 9.75959 0.219164 35.1162
      vertex 32.9453 -1.08443 28.9833
      vertex 9.89717 0.185673 34.9587
    endloop
  endfacet
  facet normal -4.70129e-05 0.978157 -0.207867
    outer loop
      vertex 169.541 -1.16353 28.6112
      vertex 174.521 -0.0660424 33.7745
      vertex 174.602 -0.106734 33.583
    endloop
  endfacet
  facet normal -9.39959e-06 0.97814 -0.207945
    outer loop
      vertex 32.3074 -1.13937 28.7249
      vertex 9.89717 0.185673 34.9587
      vertex 32.9453 -1.08443 28.9833
    endloop
  endfacet
  facet normal -2.35988e-05 0.978151 -0.207895
    outer loop
      vertex 170.121 -1.21347 28.3763
      vertex 174.602 -0.106734 33.583
      vertex 174.713 -0.144287 33.4063
    endloop
  endfacet
  facet normal 9.26599e-06 0.978154 -0.207881
    outer loop
      vertex 9.89717 0.185673 34.9587
      vertex 32.3074 -1.13937 28.7249
      vertex 10.0079 0.148119 34.782
    endloop
  endfacet
  facet normal 5.29842e-05 0.978139 -0.207953
    outer loop
      vertex 170.656 -1.28165 28.0555
      vertex 174.713 -0.144287 33.4063
      vertex 174.85 -0.177779 33.2488
    endloop
  endfacet
  facet normal 6.19021e-06 0.978152 -0.207892
    outer loop
      vertex 31.7187 -1.21437 28.372
      vertex 10.0079 0.148119 34.782
      vertex 32.3074 -1.13937 28.7249
    endloop
  endfacet
  facet normal -2.22662e-05 0.978151 -0.207895
    outer loop
      vertex 170.656 -1.28165 28.0555
      vertex 174.85 -0.177779 33.2488
      vertex 175.011 -0.206383 33.1142
    endloop
  endfacet
  facet normal -1.31581e-05 0.978138 -0.207955
    outer loop
      vertex 10.0079 0.148119 34.782
      vertex 31.7187 -1.21437 28.372
      vertex 10.0889 0.107428 34.5906
    endloop
  endfacet
  facet normal -2.60392e-05 0.978151 -0.207894
    outer loop
      vertex 171.133 -1.36641 27.6567
      vertex 175.011 -0.206383 33.1142
      vertex 175.192 -0.229396 33.0059
    endloop
  endfacet
  facet normal -1.4939e-06 0.978147 -0.207916
    outer loop
      vertex 31.1937 -1.3076 27.9334
      vertex 10.0889 0.107428 34.5906
      vertex 31.7187 -1.21437 28.372
    endloop
  endfacet
  facet normal -3.17231e-06 0.978148 -0.207911
    outer loop
      vertex 171.133 -1.36641 27.6567
      vertex 175.192 -0.229396 33.0059
      vertex 175.388 -0.246251 32.9266
    endloop
  endfacet
  facet normal 4.8799e-06 0.978151 -0.207896
    outer loop
      vertex 10.0889 0.107428 34.5906
      vertex 31.1937 -1.3076 27.9334
      vertex 10.1384 0.0646009 34.3891
    endloop
  endfacet
  facet normal 5.90243e-05 0.978139 -0.207952
    outer loop
      vertex 171.541 -1.46564 27.1899
      vertex 175.388 -0.246251 32.9266
      vertex 175.594 -0.256532 32.8783
    endloop
  endfacet
  facet normal 4.15058e-06 0.97815 -0.207899
    outer loop
      vertex 30.7453 -1.41676 27.4198
      vertex 10.1384 0.0646009 34.3891
      vertex 31.1937 -1.3076 27.9334
    endloop
  endfacet
  facet normal -3.83971e-05 0.978152 -0.207889
    outer loop
      vertex 171.869 -1.57691 26.6664
      vertex 175.594 -0.256532 32.8783
      vertex 175.805 -0.259988 32.862
    endloop
  endfacet
  facet normal 9.22176e-06 0.978153 -0.207884
    outer loop
      vertex 10.1384 0.0646009 34.3891
      vertex 30.7453 -1.41676 27.4198
      vertex 10.155 0.0206926 34.1825
    endloop
  endfacet
  facet normal 4.31126e-06 0.978148 -0.20791
    outer loop
      vertex 176.76 0.219164 35.1162
      vertex 178.805 0.956295 38.5842
      vertex 180.305 0.644428 37.117
    endloop
  endfacet
  facet normal -5.82304e-05 0.97816 -0.207855
    outer loop
      vertex 175.594 0.297918 35.4868
      vertex 178.805 0.956295 38.5842
      vertex 175.805 0.301373 35.503
    endloop
  endfacet
  facet normal 2.90594e-07 0.978147 -0.207913
    outer loop
      vertex 99.305 -1.12282 28.8027
      vertex 178.805 0.956295 38.5842
      vertex 175.594 0.297918 35.4868
    endloop
  endfacet
  facet normal 5.01289e-05 0.978138 -0.207956
    outer loop
      vertex 178.805 0.956295 38.5842
      vertex 176.016 0.297918 35.4868
      vertex 175.805 0.301373 35.503
    endloop
  endfacet
  facet normal -2.27503e-05 0.978151 -0.207893
    outer loop
      vertex 178.805 0.956295 38.5842
      vertex 176.222 0.287636 35.4384
      vertex 176.016 0.297918 35.4868
    endloop
  endfacet
  facet normal -2.61944e-06 0.978148 -0.207909
    outer loop
      vertex 178.805 0.956295 38.5842
      vertex 176.418 0.270781 35.3591
      vertex 176.222 0.287636 35.4384
    endloop
  endfacet
  facet normal -2.54799e-05 0.978152 -0.207893
    outer loop
      vertex 178.805 0.956295 38.5842
      vertex 176.599 0.247768 35.2508
      vertex 176.418 0.270781 35.3591
    endloop
  endfacet
  facet normal -2.2483e-05 0.978151 -0.207895
    outer loop
      vertex 178.805 0.956295 38.5842
      vertex 176.76 0.219164 35.1162
      vertex 176.599 0.247768 35.2508
    endloop
  endfacet
  facet normal 3.4913e-05 0.978137 -0.207962
    outer loop
      vertex 180.305 0.644428 37.117
      vertex 176.897 0.185673 34.9587
      vertex 176.76 0.219164 35.1162
    endloop
  endfacet
  facet normal -1.07026e-05 0.978152 -0.207893
    outer loop
      vertex 180.305 0.644428 37.117
      vertex 177.008 0.148119 34.782
      vertex 176.897 0.185673 34.9587
    endloop
  endfacet
  facet normal 2.37832e-05 0.978142 -0.20794
    outer loop
      vertex 180.305 0.644428 37.117
      vertex 177.089 0.107428 34.5906
      vertex 177.008 0.148119 34.782
    endloop
  endfacet
  facet normal -9.01652e-06 0.97815 -0.2079
    outer loop
      vertex 180.305 0.644428 37.117
      vertex 177.138 0.0646009 34.3891
      vertex 177.089 0.107428 34.5906
    endloop
  endfacet
  facet normal -2.06991e-05 0.978153 -0.207887
    outer loop
      vertex 180.305 0.644428 37.117
      vertex 177.155 0.0206926 34.1825
      vertex 177.138 0.0646009 34.3891
    endloop
  endfacet
  facet normal -2.50913e-05 0.978154 -0.207882
    outer loop
      vertex 180.305 0.644428 37.117
      vertex 177.138 -0.0232155 33.9759
      vertex 177.155 0.0206926 34.1825
    endloop
  endfacet
  facet normal 0.000121628 0.978124 -0.208024
    outer loop
      vertex 180.305 0.644428 37.117
      vertex 177.089 -0.0660424 33.7745
      vertex 177.138 -0.0232155 33.9759
    endloop
  endfacet
  facet normal -0.000123032 0.978172 -0.207798
    outer loop
      vertex 180.305 0.644428 37.117
      vertex 177.008 -0.106734 33.583
      vertex 177.089 -0.0660424 33.7745
    endloop
  endfacet
  facet normal -9.26397e-05 0.978166 -0.207826
    outer loop
      vertex 180.305 0.644428 37.117
      vertex 176.897 -0.144287 33.4063
      vertex 177.008 -0.106734 33.583
    endloop
  endfacet
  facet normal 5.73065e-06 0.978148 -0.207912
    outer loop
      vertex 176.897 -6.25959 4.63611
      vertex 176.897 -0.144287 33.4063
      vertex 180.305 0.644428 37.117
    endloop
  endfacet
  facet normal 9.05056e-06 0.978153 -0.207885
    outer loop
      vertex 10.155 0.0206926 34.1825
      vertex 30.7453 -1.41676 27.4198
      vertex 10.1384 -0.0232155 33.9759
    endloop
  endfacet
  facet normal 1.26758e-07 0.978148 -0.207912
    outer loop
      vertex 30.3846 -1.53915 26.844
      vertex 10.1384 -0.0232155 33.9759
      vertex 30.7453 -1.41676 27.4198
    endloop
  endfacet
  facet normal -8.12408e-06 0.978143 -0.207932
    outer loop
      vertex 30.1203 -1.67178 26.2201
      vertex 10.0889 -0.0660424 33.7745
      vertex 30.3846 -1.53915 26.844
    endloop
  endfacet
  facet normal 5.53356e-05 0.978135 -0.207972
    outer loop
      vertex 174.521 0.107428 34.5906
      vertex 167.679 -1.13306 28.7545
      vertex 174.602 0.148119 34.782
    endloop
  endfacet
  facet normal 4.23599e-05 0.978142 -0.207938
    outer loop
      vertex 171.869 -1.57691 26.6664
      vertex 175.805 -0.259988 32.862
      vertex 176.016 -0.256532 32.8783
    endloop
  endfacet
  facet normal -7.94801e-05 0.978157 -0.207869
    outer loop
      vertex 172.109 -1.69748 26.0992
      vertex 176.016 -0.256532 32.8783
      vertex 176.222 -0.246251 32.9266
    endloop
  endfacet
  facet normal 5.63789e-06 0.978147 -0.207916
    outer loop
      vertex 172.256 -1.82437 25.5022
      vertex 176.222 -0.246251 32.9266
      vertex 176.418 -0.229396 33.0059
    endloop
  endfacet
  facet normal -7.51603e-06 0.978149 -0.207904
    outer loop
      vertex 174.455 0.0206926 34.1825
      vertex 168.931 -1.13306 28.7545
      vertex 168.305 -1.12282 28.8027
    endloop
  endfacet
  facet normal 1.36041e-05 0.978145 -0.207926
    outer loop
      vertex 174.472 -0.0232155 33.9759
      vertex 169.541 -1.16353 28.6112
      vertex 168.931 -1.13306 28.7545
    endloop
  endfacet
  facet normal 5.40989e-05 0.978142 -0.207939
    outer loop
      vertex 172.305 -1.95447 24.8901
      vertex 176.418 -0.229396 33.0059
      vertex 176.599 -0.206383 33.1142
    endloop
  endfacet
  facet normal 1.20841e-05 0.978145 -0.207925
    outer loop
      vertex 174.602 -0.106734 33.583
      vertex 170.121 -1.21347 28.3763
      vertex 169.541 -1.16353 28.6112
    endloop
  endfacet
  facet normal -1.1394e-05 0.978149 -0.207906
    outer loop
      vertex 174.713 -0.144287 33.4063
      vertex 170.656 -1.28165 28.0555
      vertex 170.121 -1.21347 28.3763
    endloop
  endfacet
  facet normal 6.60134e-05 0.978141 -0.207945
    outer loop
      vertex 172.305 -1.95447 24.8901
      vertex 176.599 -0.206383 33.1142
      vertex 176.76 -0.177779 33.2488
    endloop
  endfacet
  facet normal -9.6801e-06 0.978149 -0.207905
    outer loop
      vertex 175.011 -0.206383 33.1142
      vertex 171.133 -1.36641 27.6567
      vertex 170.656 -1.28165 28.0555
    endloop
  endfacet
  facet normal 9.92151e-06 0.978146 -0.207921
    outer loop
      vertex 175.388 -0.246251 32.9266
      vertex 171.541 -1.46564 27.1899
      vertex 171.133 -1.36641 27.6567
    endloop
  endfacet
  facet normal 7.18735e-08 0.978148 -0.207912
    outer loop
      vertex 172.256 -2.08457 24.278
      vertex 176.897 -0.144287 33.4063
      vertex 176.897 -6.25959 4.63611
    endloop
  endfacet
  facet normal -4.8496e-06 0.978148 -0.207909
    outer loop
      vertex 175.594 -0.256532 32.8783
      vertex 171.869 -1.57691 26.6664
      vertex 171.541 -1.46564 27.1899
    endloop
  endfacet
  facet normal 1.28233e-05 0.978146 -0.20792
    outer loop
      vertex 176.016 -0.256532 32.8783
      vertex 172.109 -1.69748 26.0992
      vertex 171.869 -1.57691 26.6664
    endloop
  endfacet
  facet normal -1.55321e-05 0.978149 -0.207906
    outer loop
      vertex 176.222 -0.246251 32.9266
      vertex 172.256 -1.82437 25.5022
      vertex 172.109 -1.69748 26.0992
    endloop
  endfacet
  facet normal -1.75198e-05 0.978149 -0.207904
    outer loop
      vertex 176.418 -0.229396 33.0059
      vertex 172.305 -1.95447 24.8901
      vertex 172.256 -1.82437 25.5022
    endloop
  endfacet
  facet normal -1.92863e-05 0.97815 -0.207901
    outer loop
      vertex 176.76 -0.177779 33.2488
      vertex 172.256 -2.08457 24.278
      vertex 172.305 -1.95447 24.8901
    endloop
  endfacet
  facet normal -0.000245571 0.978173 -0.207793
    outer loop
      vertex 176.897 -0.144287 33.4063
      vertex 172.256 -2.08457 24.278
      vertex 176.76 -0.177779 33.2488
    endloop
  endfacet
  facet normal -5.01357e-05 0.978145 -0.207923
    outer loop
      vertex 172.256 -2.08457 24.278
      vertex 176.897 -6.25959 4.63611
      vertex 172.109 -2.21146 23.6811
    endloop
  endfacet
  facet normal -8.42204e-06 0.978147 -0.207915
    outer loop
      vertex 168.305 -2.78612 20.9775
      vertex 174.713 -6.25959 4.63611
      vertex 167.679 -2.77588 21.0257
    endloop
  endfacet
  facet normal -2.88974e-05 0.978145 -0.207924
    outer loop
      vertex 174.472 -6.38066 4.06651
      vertex 166.489 -2.69547 21.404
      vertex 174.521 -6.33783 4.26799
    endloop
  endfacet
  facet normal 0 0.978148 -0.207911
    outer loop
      vertex 166.489 -2.69547 21.404
      vertex 174.472 -6.38066 4.06651
      vertex 152.121 -2.69547 21.404
    endloop
  endfacet
  facet normal 1.18465e-05 0.978151 -0.207897
    outer loop
      vertex 152.121 -2.69547 21.404
      vertex 174.472 -6.38066 4.06651
      vertex 151.541 -2.74541 21.169
    endloop
  endfacet
  facet normal -3.54783e-08 0.978148 -0.207912
    outer loop
      vertex 99.305 -2.78612 20.9775
      vertex 8.805 -6.14389 5.18044
      vertex 35.6647 -2.82451 20.7969
    endloop
  endfacet
  facet normal 2.48328e-05 0.978139 -0.207952
    outer loop
      vertex 35.6647 -2.82451 20.7969
      vertex 8.805 -6.14389 5.18044
      vertex 34.9933 -2.85802 20.6392
    endloop
  endfacet
  facet normal 1.60562e-05 0.978149 -0.207907
    outer loop
      vertex 170.121 -2.69547 21.404
      vertex 175.388 -6.15763 5.11581
      vertex 169.541 -2.74541 21.169
    endloop
  endfacet
  facet normal -3.81479e-05 0.978145 -0.207923
    outer loop
      vertex 175.388 -6.15763 5.11581
      vertex 170.121 -2.69547 21.404
      vertex 175.594 -6.14734 5.16418
    endloop
  endfacet
  facet normal 2.78307e-05 0.97815 -0.207902
    outer loop
      vertex 175.594 -6.14734 5.16418
      vertex 170.121 -2.69547 21.404
      vertex 175.805 -6.14389 5.18044
    endloop
  endfacet
  facet normal -2.92618e-06 0.978147 -0.207912
    outer loop
      vertex 170.656 -2.62728 21.7248
      vertex 175.805 -6.14389 5.18044
      vertex 170.121 -2.69547 21.404
    endloop
  endfacet
  facet normal -6.29813e-06 0.978147 -0.207913
    outer loop
      vertex 176.016 -6.14734 5.16418
      vertex 170.656 -2.62728 21.7248
      vertex 171.133 -2.54253 22.1235
    endloop
  endfacet
  facet normal -1.51635e-05 0.978147 -0.207916
    outer loop
      vertex 176.222 -6.15763 5.11581
      vertex 171.133 -2.54253 22.1235
      vertex 171.541 -2.4433 22.5903
    endloop
  endfacet
  facet normal 7.35801e-06 0.978148 -0.20791
    outer loop
      vertex 176.418 -6.17448 5.03651
      vertex 171.541 -2.4433 22.5903
      vertex 171.869 -2.33203 23.1138
    endloop
  endfacet
  facet normal -3.5058e-06 0.978148 -0.207912
    outer loop
      vertex 176.76 -6.2261 4.79367
      vertex 172.109 -2.21146 23.6811
      vertex 176.897 -6.25959 4.63611
    endloop
  endfacet
  facet normal -2.92934e-05 0.978146 -0.20792
    outer loop
      vertex 170.656 -2.62728 21.7248
      vertex 176.016 -6.14734 5.16418
      vertex 175.805 -6.14389 5.18044
    endloop
  endfacet
  facet normal 4.40644e-05 0.97815 -0.207899
    outer loop
      vertex 171.133 -2.54253 22.1235
      vertex 176.222 -6.15763 5.11581
      vertex 176.016 -6.14734 5.16418
    endloop
  endfacet
  facet normal -3.24188e-05 0.978146 -0.207921
    outer loop
      vertex 171.541 -2.4433 22.5903
      vertex 176.418 -6.17448 5.03651
      vertex 176.222 -6.15763 5.11581
    endloop
  endfacet
  facet normal -2.23886e-05 0.978146 -0.207917
    outer loop
      vertex 171.869 -2.33203 23.1138
      vertex 176.599 -6.19749 4.92824
      vertex 176.418 -6.17448 5.03651
    endloop
  endfacet
  facet normal 3.36542e-05 0.978149 -0.207903
    outer loop
      vertex 172.109 -2.21146 23.6811
      vertex 176.599 -6.19749 4.92824
      vertex 171.869 -2.33203 23.1138
    endloop
  endfacet
  facet normal 4.83072e-05 0.97815 -0.2079
    outer loop
      vertex 176.599 -6.19749 4.92824
      vertex 172.109 -2.21146 23.6811
      vertex 176.76 -6.2261 4.79367
    endloop
  endfacet
  facet normal 1.33157e-06 0.978148 -0.207912
    outer loop
      vertex 180.305 -7.04831 0.925494
      vertex 176.897 -6.25959 4.63611
      vertex 180.305 0.644428 37.117
    endloop
  endfacet
  facet normal 8.95596e-05 0.978164 -0.207834
    outer loop
      vertex 176.897 -6.25959 4.63611
      vertex 180.305 -7.04831 0.925494
      vertex 177.008 -6.29714 4.45943
    endloop
  endfacet
  facet normal 2.30522e-05 0.978151 -0.207893
    outer loop
      vertex 177.008 -6.29714 4.45943
      vertex 180.305 -7.04831 0.925494
      vertex 177.089 -6.33783 4.26799
    endloop
  endfacet
  facet normal -2.34209e-05 0.978142 -0.207936
    outer loop
      vertex 177.089 -6.33783 4.26799
      vertex 180.305 -7.04831 0.925494
      vertex 177.138 -6.38066 4.06651
    endloop
  endfacet
  facet normal -9.039e-06 0.978145 -0.207922
    outer loop
      vertex 177.138 -6.38066 4.06651
      vertex 180.305 -7.04831 0.925494
      vertex 177.155 -6.42457 3.85994
    endloop
  endfacet
  facet normal -1.65686e-05 0.978144 -0.207926
    outer loop
      vertex 176.016 -6.70179 2.5557
      vertex 178.805 -7.36017 -0.541727
      vertex 175.805 -6.70525 2.53944
    endloop
  endfacet
  facet normal 5.43003e-06 0.978148 -0.207907
    outer loop
      vertex 176.222 -6.69151 2.60407
      vertex 178.805 -7.36017 -0.541727
      vertex 176.016 -6.70179 2.5557
    endloop
  endfacet
  facet normal 1.35424e-05 0.97815 -0.207901
    outer loop
      vertex 176.418 -6.67466 2.68336
      vertex 178.805 -7.36017 -0.541727
      vertex 176.222 -6.69151 2.60407
    endloop
  endfacet
  facet normal 1.26782e-05 0.97815 -0.207902
    outer loop
      vertex 176.599 -6.65165 2.79163
      vertex 178.805 -7.36017 -0.541727
      vertex 176.418 -6.67466 2.68336
    endloop
  endfacet
  facet normal -2.55908e-05 0.978145 -0.207926
    outer loop
      vertex 176.76 -6.62304 2.9262
      vertex 178.805 -7.36017 -0.541727
      vertex 176.599 -6.65165 2.79163
    endloop
  endfacet
  facet normal 2.96956e-06 0.978148 -0.20791
    outer loop
      vertex 178.805 -7.36017 -0.541727
      vertex 176.76 -6.62304 2.9262
      vertex 180.305 -7.04831 0.925494
    endloop
  endfacet
  facet normal 7.22434e-06 0.97815 -0.207903
    outer loop
      vertex 176.897 -6.58955 3.08377
      vertex 180.305 -7.04831 0.925494
      vertex 176.76 -6.62304 2.9262
    endloop
  endfacet
  facet normal 6.81657e-06 0.978149 -0.207903
    outer loop
      vertex 177.008 -6.552 3.26044
      vertex 180.305 -7.04831 0.925494
      vertex 176.897 -6.58955 3.08377
    endloop
  endfacet
  facet normal -2.23168e-05 0.978141 -0.207943
    outer loop
      vertex 177.089 -6.5113 3.45188
      vertex 180.305 -7.04831 0.925494
      vertex 177.008 -6.552 3.26044
    endloop
  endfacet
  facet normal 2.82583e-05 0.978154 -0.207881
    outer loop
      vertex 177.138 -6.46848 3.65337
      vertex 180.305 -7.04831 0.925494
      vertex 177.089 -6.5113 3.45188
    endloop
  endfacet
  facet normal -7.75174e-06 0.978146 -0.207921
    outer loop
      vertex 177.155 -6.42457 3.85994
      vertex 180.305 -7.04831 0.925494
      vertex 177.138 -6.46848 3.65337
    endloop
  endfacet
  facet normal -5.00869e-05 0.978138 -0.207956
    outer loop
      vertex 8.59381 0.297918 35.4868
      vertex 5.805 0.956295 38.5842
      vertex 8.805 0.301373 35.503
    endloop
  endfacet
  facet normal 2.27524e-05 0.978151 -0.207893
    outer loop
      vertex 8.38783 0.287636 35.4384
      vertex 5.805 0.956295 38.5842
      vertex 8.59381 0.297918 35.4868
    endloop
  endfacet
  facet normal 2.6223e-06 0.978148 -0.207909
    outer loop
      vertex 8.19211 0.270781 35.3591
      vertex 5.805 0.956295 38.5842
      vertex 8.38783 0.287636 35.4384
    endloop
  endfacet
  facet normal 2.55166e-05 0.978152 -0.207893
    outer loop
      vertex 8.01149 0.247768 35.2508
      vertex 5.805 0.956295 38.5842
      vertex 8.19211 0.270781 35.3591
    endloop
  endfacet
  facet normal 2.24741e-05 0.978151 -0.207895
    outer loop
      vertex 7.85041 0.219164 35.1162
      vertex 5.805 0.956295 38.5842
      vertex 8.01149 0.247768 35.2508
    endloop
  endfacet
  facet normal -4.31094e-06 0.978148 -0.20791
    outer loop
      vertex 5.805 0.956295 38.5842
      vertex 7.85041 0.219164 35.1162
      vertex 4.305 0.644428 37.117
    endloop
  endfacet
  facet normal -3.48617e-05 0.978137 -0.207962
    outer loop
      vertex 7.71283 0.185673 34.9587
      vertex 4.305 0.644428 37.117
      vertex 7.85041 0.219164 35.1162
    endloop
  endfacet
  facet normal 1.07115e-05 0.978152 -0.207893
    outer loop
      vertex 7.60214 0.148119 34.782
      vertex 4.305 0.644428 37.117
      vertex 7.71283 0.185673 34.9587
    endloop
  endfacet
  facet normal -2.37776e-05 0.978142 -0.20794
    outer loop
      vertex 7.52107 0.107428 34.5906
      vertex 4.305 0.644428 37.117
      vertex 7.60214 0.148119 34.782
    endloop
  endfacet
  facet normal 9.00309e-06 0.97815 -0.2079
    outer loop
      vertex 7.47162 0.0646009 34.3891
      vertex 4.305 0.644428 37.117
      vertex 7.52107 0.107428 34.5906
    endloop
  endfacet
  facet normal 2.07321e-05 0.978153 -0.207887
    outer loop
      vertex 7.455 0.0206926 34.1825
      vertex 4.305 0.644428 37.117
      vertex 7.47162 0.0646009 34.3891
    endloop
  endfacet
  facet normal 2.50448e-05 0.978154 -0.207882
    outer loop
      vertex 7.47162 -0.0232155 33.9759
      vertex 4.305 0.644428 37.117
      vertex 7.455 0.0206926 34.1825
    endloop
  endfacet
  facet normal -0.000122004 0.978124 -0.208024
    outer loop
      vertex 7.52107 -0.0660424 33.7745
      vertex 4.305 0.644428 37.117
      vertex 7.47162 -0.0232155 33.9759
    endloop
  endfacet
  facet normal 0.000123111 0.978172 -0.207798
    outer loop
      vertex 7.60214 -0.106734 33.583
      vertex 4.305 0.644428 37.117
      vertex 7.52107 -0.0660424 33.7745
    endloop
  endfacet
  facet normal 9.20975e-05 0.978166 -0.207826
    outer loop
      vertex 7.71283 -0.144287 33.4063
      vertex 4.305 0.644428 37.117
      vertex 7.60214 -0.106734 33.583
    endloop
  endfacet
  facet normal 0.000101561 0.978148 -0.207912
    outer loop
      vertex 7.71283 -6.25959 4.63611
      vertex 7.71283 -0.144287 33.4063
      vertex 7.85041 -0.177779 33.2488
    endloop
  endfacet
  facet normal 2.15796e-05 0.978159 -0.207857
    outer loop
      vertex 10.0889 -0.0660424 33.7745
      vertex 30.1203 -1.67178 26.2201
      vertex 10.0079 -0.106734 33.583
    endloop
  endfacet
  facet normal 3.54226e-06 0.978149 -0.207904
    outer loop
      vertex 29.9592 -1.81136 25.5634
      vertex 10.0079 -0.106734 33.583
      vertex 30.1203 -1.67178 26.2201
    endloop
  endfacet
  facet normal 1.04999e-05 0.978153 -0.207888
    outer loop
      vertex 10.0079 -0.106734 33.583
      vertex 29.9592 -1.81136 25.5634
      vertex 9.89717 -0.144287 33.4063
    endloop
  endfacet
  facet normal 3.00699e-06 0.978149 -0.207906
    outer loop
      vertex 29.905 -1.95447 24.8901
      vertex 9.89717 -0.144287 33.4063
      vertex 29.9592 -1.81136 25.5634
    endloop
  endfacet
  facet normal -2.73214e-05 0.978134 -0.207974
    outer loop
      vertex 9.89717 -0.144287 33.4063
      vertex 29.905 -1.95447 24.8901
      vertex 9.75959 -0.177779 33.2488
    endloop
  endfacet
  facet normal 1.21375e-05 0.978154 -0.207883
    outer loop
      vertex 9.75959 -0.177779 33.2488
      vertex 29.905 -1.95447 24.8901
      vertex 9.59851 -0.206383 33.1142
    endloop
  endfacet
  facet normal 2.66424e-06 0.978149 -0.207905
    outer loop
      vertex 29.9592 -2.09758 24.2168
      vertex 9.59851 -0.206383 33.1142
      vertex 29.905 -1.95447 24.8901
    endloop
  endfacet
  facet normal 1.55928e-05 0.978155 -0.207877
    outer loop
      vertex 9.59851 -0.206383 33.1142
      vertex 29.9592 -2.09758 24.2168
      vertex 9.41789 -0.229396 33.0059
    endloop
  endfacet
  facet normal 4.36309e-06 0.97815 -0.207902
    outer loop
      vertex 30.1203 -2.23716 23.5601
      vertex 9.41789 -0.229396 33.0059
      vertex 29.9592 -2.09758 24.2168
    endloop
  endfacet
  facet normal -2.86721e-07 0.978148 -0.207912
    outer loop
      vertex 8.805 -6.14389 5.18044
      vertex 9.41789 -0.229396 33.0059
      vertex 30.1203 -2.23716 23.5601
    endloop
  endfacet
  facet normal 3.85031e-06 0.978148 -0.207912
    outer loop
      vertex 9.41789 -0.229396 33.0059
      vertex 8.805 -6.14389 5.18044
      vertex 9.22217 -0.246251 32.9266
    endloop
  endfacet
  facet normal -6.90984e-05 0.978148 -0.207911
    outer loop
      vertex 9.22217 -0.246251 32.9266
      vertex 8.805 -6.14389 5.18044
      vertex 9.01619 -0.256532 32.8783
    endloop
  endfacet
  facet normal 4.01781e-05 0.978148 -0.207912
    outer loop
      vertex 9.01619 -0.256532 32.8783
      vertex 8.805 -6.14389 5.18044
      vertex 8.805 -0.259988 32.862
    endloop
  endfacet
  facet normal -4.01781e-05 0.978148 -0.207912
    outer loop
      vertex 8.805 -0.259988 32.862
      vertex 8.805 -6.14389 5.18044
      vertex 8.59381 -0.256532 32.8783
    endloop
  endfacet
  facet normal 2.85482e-05 0.978148 -0.207911
    outer loop
      vertex 8.59381 -6.14734 5.16418
      vertex 8.59381 -0.256532 32.8783
      vertex 8.805 -6.14389 5.18044
    endloop
  endfacet
  facet normal 5.4769e-06 0.978146 -0.207918
    outer loop
      vertex 8.805 -6.14389 5.18044
      vertex 30.1203 -2.23716 23.5601
      vertex 30.3846 -2.36978 22.9362
    endloop
  endfacet
  facet normal 8.95996e-06 0.978145 -0.207922
    outer loop
      vertex 8.805 -6.14389 5.18044
      vertex 30.3846 -2.36978 22.9362
      vertex 30.7453 -2.49218 22.3604
    endloop
  endfacet
  facet normal -7.93069e-06 0.97815 -0.207902
    outer loop
      vertex 8.805 -6.14389 5.18044
      vertex 30.7453 -2.49218 22.3604
      vertex 31.1937 -2.60134 21.8468
    endloop
  endfacet
  facet normal 2.22882e-06 0.978147 -0.207915
    outer loop
      vertex 8.805 -6.14389 5.18044
      vertex 31.1937 -2.60134 21.8468
      vertex 31.7187 -2.69457 21.4082
    endloop
  endfacet
  facet normal 8.97905e-06 0.978145 -0.207924
    outer loop
      vertex 8.805 -6.14389 5.18044
      vertex 31.7187 -2.69457 21.4082
      vertex 32.3074 -2.76957 21.0554
    endloop
  endfacet
  facet normal -2.56949e-05 0.978156 -0.207871
    outer loop
      vertex 34.9933 -2.85802 20.6392
      vertex 8.805 -6.14389 5.18044
      vertex 34.305 -2.86928 20.5863
    endloop
  endfacet
  facet normal 1.98949e-05 0.978141 -0.207943
    outer loop
      vertex 34.305 -2.86928 20.5863
      vertex 8.805 -6.14389 5.18044
      vertex 33.6167 -2.85802 20.6392
    endloop
  endfacet
  facet normal -1.08583e-05 0.978151 -0.207896
    outer loop
      vertex 8.805 -6.14389 5.18044
      vertex 32.9453 -2.82451 20.7969
      vertex 33.6167 -2.85802 20.6392
    endloop
  endfacet
  facet normal -5.51907e-06 0.978149 -0.207903
    outer loop
      vertex 8.805 -6.14389 5.18044
      vertex 32.3074 -2.76957 21.0554
      vertex 32.9453 -2.82451 20.7969
    endloop
  endfacet
  facet normal 6.90259e-05 0.978148 -0.207911
    outer loop
      vertex 8.59381 -0.256532 32.8783
      vertex 8.59381 -6.14734 5.16418
      vertex 8.38783 -0.246251 32.9266
    endloop
  endfacet
  facet normal -4.09168e-05 0.978148 -0.207912
    outer loop
      vertex 8.38783 -6.15763 5.11581
      vertex 8.38783 -0.246251 32.9266
      vertex 8.59381 -6.14734 5.16418
    endloop
  endfacet
  facet normal -3.86169e-06 0.978148 -0.207912
    outer loop
      vertex 8.38783 -0.246251 32.9266
      vertex 8.38783 -6.15763 5.11581
      vertex 8.19211 -0.229396 33.0059
    endloop
  endfacet
  facet normal 2.87574e-05 0.978148 -0.207912
    outer loop
      vertex 8.19211 -6.17448 5.03651
      vertex 8.19211 -0.229396 33.0059
      vertex 8.38783 -6.15763 5.11581
    endloop
  endfacet
  facet normal -3.7374e-05 0.978148 -0.207912
    outer loop
      vertex 8.19211 -0.229396 33.0059
      vertex 8.19211 -6.17448 5.03651
      vertex 8.01149 -0.206383 33.1142
    endloop
  endfacet
  facet normal 1.88706e-05 0.978148 -0.207912
    outer loop
      vertex 8.01149 -6.19749 4.92824
      vertex 8.01149 -0.206383 33.1142
      vertex 8.19211 -6.17448 5.03651
    endloop
  endfacet
  facet normal -3.70134e-05 0.978148 -0.207912
    outer loop
      vertex 8.01149 -0.206383 33.1142
      vertex 8.01149 -6.19749 4.92824
      vertex 7.85041 -0.177779 33.2488
    endloop
  endfacet
  facet normal -3.81379e-05 0.978148 -0.207912
    outer loop
      vertex 7.85041 -6.2261 4.79367
      vertex 7.85041 -0.177779 33.2488
      vertex 8.01149 -6.19749 4.92824
    endloop
  endfacet
  facet normal 2.78665e-06 0.978148 -0.207912
    outer loop
      vertex 7.71283 -6.25959 4.63611
      vertex 7.85041 -0.177779 33.2488
      vertex 7.85041 -6.2261 4.79367
    endloop
  endfacet
  facet normal -5.73094e-06 0.978148 -0.207912
    outer loop
      vertex 7.71283 -0.144287 33.4063
      vertex 7.71283 -6.25959 4.63611
      vertex 4.305 0.644428 37.117
    endloop
  endfacet
  facet normal -8.90353e-05 0.978164 -0.207835
    outer loop
      vertex 4.305 -7.04831 0.925494
      vertex 7.71283 -6.25959 4.63611
      vertex 7.60214 -6.29714 4.45943
    endloop
  endfacet
  facet normal -2.30669e-05 0.978151 -0.207893
    outer loop
      vertex 4.305 -7.04831 0.925494
      vertex 7.60214 -6.29714 4.45943
      vertex 7.52107 -6.33783 4.26799
    endloop
  endfacet
  facet normal 2.34932e-05 0.978142 -0.207936
    outer loop
      vertex 4.305 -7.04831 0.925494
      vertex 7.52107 -6.33783 4.26799
      vertex 7.47162 -6.38066 4.06651
    endloop
  endfacet
  facet normal 9.02226e-06 0.978145 -0.207922
    outer loop
      vertex 4.305 -7.04831 0.925494
      vertex 7.47162 -6.38066 4.06651
      vertex 7.455 -6.42457 3.85994
    endloop
  endfacet
  facet normal 7.7641e-06 0.978146 -0.207921
    outer loop
      vertex 4.305 -7.04831 0.925494
      vertex 7.455 -6.42457 3.85994
      vertex 7.47162 -6.46848 3.65337
    endloop
  endfacet
  facet normal -1.33164e-06 0.978148 -0.207912
    outer loop
      vertex 7.71283 -6.25959 4.63611
      vertex 4.305 -7.04831 0.925494
      vertex 4.305 0.644428 37.117
    endloop
  endfacet
  facet normal -2.82162e-05 0.978154 -0.207881
    outer loop
      vertex 7.52107 -6.5113 3.45188
      vertex 4.305 -7.04831 0.925494
      vertex 7.47162 -6.46848 3.65337
    endloop
  endfacet
  facet normal 2.23117e-05 0.978141 -0.207943
    outer loop
      vertex 7.60214 -6.552 3.26044
      vertex 4.305 -7.04831 0.925494
      vertex 7.52107 -6.5113 3.45188
    endloop
  endfacet
  facet normal -6.82224e-06 0.978149 -0.207903
    outer loop
      vertex 7.71283 -6.58955 3.08377
      vertex 4.305 -7.04831 0.925494
      vertex 7.60214 -6.552 3.26044
    endloop
  endfacet
  facet normal -7.21373e-06 0.97815 -0.207903
    outer loop
      vertex 7.85041 -6.62304 2.9262
      vertex 4.305 -7.04831 0.925494
      vertex 7.71283 -6.58955 3.08377
    endloop
  endfacet
  facet normal 2.55806e-05 0.978145 -0.207926
    outer loop
      vertex 5.805 -7.36017 -0.541727
      vertex 7.85041 -6.62304 2.9262
      vertex 8.01149 -6.65165 2.79163
    endloop
  endfacet
  facet normal -1.26965e-05 0.97815 -0.207902
    outer loop
      vertex 5.805 -7.36017 -0.541727
      vertex 8.01149 -6.65165 2.79163
      vertex 8.19211 -6.67466 2.68336
    endloop
  endfacet
  facet normal -1.35571e-05 0.97815 -0.207901
    outer loop
      vertex 5.805 -7.36017 -0.541727
      vertex 8.19211 -6.67466 2.68336
      vertex 8.38783 -6.69151 2.60407
    endloop
  endfacet
  facet normal -5.43053e-06 0.978148 -0.207907
    outer loop
      vertex 5.805 -7.36017 -0.541727
      vertex 8.38783 -6.69151 2.60407
      vertex 8.59381 -6.70179 2.5557
    endloop
  endfacet
  facet normal 1.65547e-05 0.978144 -0.207926
    outer loop
      vertex 5.805 -7.36017 -0.541727
      vertex 8.59381 -6.70179 2.5557
      vertex 8.805 -6.70525 2.53944
    endloop
  endfacet
  facet normal 8.6957e-06 0.978146 -0.207921
    outer loop
      vertex 9.22217 -6.69151 2.60407
      vertex 5.805 -7.36017 -0.541727
      vertex 9.01619 -6.70179 2.5557
    endloop
  endfacet
  facet normal -1.9238e-05 0.978152 -0.207893
    outer loop
      vertex 9.01619 -6.70179 2.5557
      vertex 5.805 -7.36017 -0.541727
      vertex 8.805 -6.70525 2.53944
    endloop
  endfacet
  facet normal -2.96934e-06 0.978148 -0.20791
    outer loop
      vertex 7.85041 -6.62304 2.9262
      vertex 5.805 -7.36017 -0.541727
      vertex 4.305 -7.04831 0.925494
    endloop
  endfacet
  facet normal 1.14599e-05 0.978139 -0.207953
    outer loop
      vertex 149.679 -1.13306 28.7545
      vertex 175.192 0.270781 35.3591
      vertex 150.305 -1.12282 28.8027
    endloop
  endfacet
  facet normal 0 0.978148 -0.20791
    outer loop
      vertex 175.594 0.297918 35.4868
      vertex 122.305 -1.12282 28.8027
      vertex 99.305 -1.12282 28.8027
    endloop
  endfacet
  facet normal -2.82492e-05 0.978131 -0.207989
    outer loop
      vertex 10.1384 -0.0232155 33.9759
      vertex 30.3846 -1.53915 26.844
      vertex 10.0889 -0.0660424 33.7745
    endloop
  endfacet
  facet normal 1.86258e-07 0.978161 -0.207851
    outer loop
      vertex 34.9933 -1.05092 29.141
      vertex 98.6793 -1.13306 28.7545
      vertex 35.6647 -1.08443 28.9833
    endloop
  endfacet
  facet normal -3.04758e-07 0.978133 -0.20798
    outer loop
      vertex 98.0689 -1.16353 28.6112
      vertex 35.6647 -1.08443 28.9833
      vertex 98.6793 -1.13306 28.7545
    endloop
  endfacet
  facet normal -2.29883e-07 0.978136 -0.207968
    outer loop
      vertex 35.6647 -1.08443 28.9833
      vertex 98.0689 -1.16353 28.6112
      vertex 36.3026 -1.13937 28.7249
    endloop
  endfacet
  facet normal -2.00932e-07 0.978139 -0.207953
    outer loop
      vertex 97.489 -1.21347 28.3763
      vertex 36.3026 -1.13937 28.7249
      vertex 98.0689 -1.16353 28.6112
    endloop
  endfacet
  facet normal 2.23644e-07 0.978154 -0.207882
    outer loop
      vertex 97.489 -1.21347 28.3763
      vertex 36.8913 -1.21437 28.372
      vertex 36.3026 -1.13937 28.7249
    endloop
  endfacet
  facet normal 2.24139e-07 0.978153 -0.207888
    outer loop
      vertex 96.9539 -1.28165 28.0555
      vertex 36.8913 -1.21437 28.372
      vertex 97.489 -1.21347 28.3763
    endloop
  endfacet
  facet normal 6.40083e-08 0.978146 -0.207917
    outer loop
      vertex 96.9539 -1.28165 28.0555
      vertex 37.4163 -1.3076 27.9334
      vertex 36.8913 -1.21437 28.372
    endloop
  endfacet
  facet normal 1.38761e-08 0.978151 -0.207894
    outer loop
      vertex 96.4766 -1.36641 27.6567
      vertex 37.4163 -1.3076 27.9334
      vertex 96.9539 -1.28165 28.0555
    endloop
  endfacet
  facet normal 7.90051e-09 0.978151 -0.207895
    outer loop
      vertex 96.4766 -1.36641 27.6567
      vertex 37.8647 -1.41676 27.4198
      vertex 37.4163 -1.3076 27.9334
    endloop
  endfacet
  facet normal 1.50937e-07 0.978144 -0.207929
    outer loop
      vertex 96.0689 -1.46564 27.1899
      vertex 37.8647 -1.41676 27.4198
      vertex 96.4766 -1.36641 27.6567
    endloop
  endfacet
  facet normal 2.23624e-07 0.978148 -0.207911
    outer loop
      vertex 96.0689 -1.46564 27.1899
      vertex 38.2254 -1.53915 26.844
      vertex 37.8647 -1.41676 27.4198
    endloop
  endfacet
  facet normal 1.88317e-07 0.978149 -0.207906
    outer loop
      vertex 95.741 -1.57691 26.6664
      vertex 38.2254 -1.53915 26.844
      vertex 96.0689 -1.46564 27.1899
    endloop
  endfacet
  facet normal 9.21451e-08 0.978143 -0.207936
    outer loop
      vertex 95.741 -1.57691 26.6664
      vertex 38.4896 -1.67178 26.2201
      vertex 38.2254 -1.53915 26.844
    endloop
  endfacet
  facet normal 3.83814e-09 0.978145 -0.207925
    outer loop
      vertex 95.5008 -1.69748 26.0992
      vertex 38.4896 -1.67178 26.2201
      vertex 95.741 -1.57691 26.6664
    endloop
  endfacet
  facet normal 5.14433e-08 0.978149 -0.207903
    outer loop
      vertex 95.5008 -1.69748 26.0992
      vertex 38.6508 -1.81136 25.5634
      vertex 38.4896 -1.67178 26.2201
    endloop
  endfacet
  facet normal 3.76113e-08 0.97815 -0.207902
    outer loop
      vertex 95.3542 -1.82437 25.5022
      vertex 38.6508 -1.81136 25.5634
      vertex 95.5008 -1.69748 26.0992
    endloop
  endfacet
  facet normal 3.66618e-08 0.97815 -0.207903
    outer loop
      vertex 95.305 -1.95447 24.8901
      vertex 38.6508 -1.81136 25.5634
      vertex 95.3542 -1.82437 25.5022
    endloop
  endfacet
  facet normal 0 0.978149 -0.207906
    outer loop
      vertex 95.305 -1.95447 24.8901
      vertex 38.705 -1.95447 24.8901
      vertex 38.6508 -1.81136 25.5634
    endloop
  endfacet
  facet normal 0 0.97815 -0.207903
    outer loop
      vertex 95.3542 -2.08457 24.278
      vertex 38.705 -1.95447 24.8901
      vertex 95.305 -1.95447 24.8901
    endloop
  endfacet
  facet normal -3.33351e-08 0.978149 -0.207906
    outer loop
      vertex 95.3542 -2.08457 24.278
      vertex 38.6508 -2.09758 24.2168
      vertex 38.705 -1.95447 24.8901
    endloop
  endfacet
  facet normal -2.88919e-11 0.978143 -0.207935
    outer loop
      vertex 95.5008 -2.21146 23.6811
      vertex 38.6508 -2.09758 24.2168
      vertex 95.3542 -2.08457 24.278
    endloop
  endfacet
  facet normal 3.13418e-07 0.978149 -0.207903
    outer loop
      vertex 95.5008 -2.21146 23.6811
      vertex 38.4896 -2.23716 23.5601
      vertex 38.6508 -2.09758 24.2168
    endloop
  endfacet
  facet normal 2.82826e-07 0.978152 -0.20789
    outer loop
      vertex 95.741 -2.33203 23.1138
      vertex 38.4896 -2.23716 23.5601
      vertex 95.5008 -2.21146 23.6811
    endloop
  endfacet
  facet normal 2.96688e-08 0.978146 -0.207921
    outer loop
      vertex 95.741 -2.33203 23.1138
      vertex 38.2254 -2.36978 22.9362
      vertex 38.4896 -2.23716 23.5601
    endloop
  endfacet
  facet normal -1.85788e-08 0.978149 -0.207906
    outer loop
      vertex 96.0689 -2.4433 22.5903
      vertex 38.2254 -2.36978 22.9362
      vertex 95.741 -2.33203 23.1138
    endloop
  endfacet
  facet normal -1.56358e-07 0.978144 -0.207928
    outer loop
      vertex 96.0689 -2.4433 22.5903
      vertex 37.8647 -2.49218 22.3604
      vertex 38.2254 -2.36978 22.9362
    endloop
  endfacet
  facet normal -1.50937e-07 0.978144 -0.207929
    outer loop
      vertex 96.4766 -2.54253 22.1235
      vertex 37.8647 -2.49218 22.3604
      vertex 96.0689 -2.4433 22.5903
    endloop
  endfacet
  facet normal -7.90051e-09 0.978151 -0.207895
    outer loop
      vertex 96.4766 -2.54253 22.1235
      vertex 37.4163 -2.60134 21.8468
      vertex 37.8647 -2.49218 22.3604
    endloop
  endfacet
  facet normal 1.14753e-07 0.978146 -0.20792
    outer loop
      vertex 96.9539 -2.62728 21.7248
      vertex 37.4163 -2.60134 21.8468
      vertex 96.4766 -2.54253 22.1235
    endloop
  endfacet
  facet normal 1.20469e-07 0.978146 -0.207918
    outer loop
      vertex 96.9539 -2.62728 21.7248
      vertex 36.8913 -2.69457 21.4082
      vertex 37.4163 -2.60134 21.8468
    endloop
  endfacet
  facet normal 1.16849e-07 0.978146 -0.207917
    outer loop
      vertex 97.489 -2.69547 21.404
      vertex 36.8913 -2.69457 21.4082
      vertex 96.9539 -2.62728 21.7248
    endloop
  endfacet
  facet normal -2.96245e-07 0.978157 -0.207869
    outer loop
      vertex 36.3026 -2.76957 21.0554
      vertex 97.489 -2.69547 21.404
      vertex 98.0689 -2.74541 21.169
    endloop
  endfacet
  facet normal 1.15284e-07 0.978142 -0.207939
    outer loop
      vertex 97.489 -2.69547 21.404
      vertex 36.3026 -2.76957 21.0554
      vertex 36.8913 -2.69457 21.4082
    endloop
  endfacet
  facet normal 3.04758e-07 0.978133 -0.20798
    outer loop
      vertex 35.6647 -2.82451 20.7969
      vertex 98.0689 -2.74541 21.169
      vertex 98.6793 -2.77588 21.0257
    endloop
  endfacet
  facet normal -3.24163e-07 0.978168 -0.207814
    outer loop
      vertex 35.6647 -2.82451 20.7969
      vertex 98.6793 -2.77588 21.0257
      vertex 99.305 -2.78612 20.9775
    endloop
  endfacet
  facet normal -2.56998e-07 0.978152 -0.20789
    outer loop
      vertex 98.0689 -2.74541 21.169
      vertex 35.6647 -2.82451 20.7969
      vertex 36.3026 -2.76957 21.0554
    endloop
  endfacet
  facet normal -0.707102 0.147009 0.691661
    outer loop
      vertex 4.305 0.644428 37.117
      vertex 5.805 -1 39
      vertex 5.805 0.956295 38.5842
    endloop
  endfacet
  facet normal -0.707102 0.147009 0.691661
    outer loop
      vertex 5.805 -1 39
      vertex 4.305 0.644428 37.117
      vertex 4.305 -1.31187 37.5328
    endloop
  endfacet
  facet normal 1 0 0
    outer loop
      vertex 180.305 -1.31187 37.5328
      vertex 180.305 -7.04831 0.925494
      vertex 180.305 0.644428 37.117
    endloop
  endfacet
  facet normal 1 0 -0
    outer loop
      vertex 180.305 -7.04831 0.925494
      vertex 180.305 -1.31187 37.5328
      vertex 180.305 -9.0046 1.34132
    endloop
  endfacet
  facet normal -0.707106 -0.147017 -0.691655
    outer loop
      vertex 5.805 -7.36017 -0.541727
      vertex 4.305 -9.0046 1.34132
      vertex 4.305 -7.04831 0.925494
    endloop
  endfacet
  facet normal -0.707108 -0.147015 -0.691654
    outer loop
      vertex 4.305 -9.0046 1.34132
      vertex 5.805 -7.36017 -0.541727
      vertex 5.805 -9.31647 -0.125904
    endloop
  endfacet
  facet normal -7.18975e-06 -0.978142 0.207936
    outer loop
      vertex 152.121 -3.16976 28.7921
      vertex 174.713 -1.77062 35.3745
      vertex 151.541 -3.11982 29.027
    endloop
  endfacet
  facet normal 2.72443e-05 -0.978153 0.207884
    outer loop
      vertex 174.602 -1.80818 35.1978
      vertex 167.679 -3.08936 29.1704
      vertex 168.305 -3.07912 29.2185
    endloop
  endfacet
  facet normal 0 -0.978147 0.207913
    outer loop
      vertex 166.489 -3.16976 28.7921
      vertex 174.713 -1.77062 35.3745
      vertex 152.121 -3.16976 28.7921
    endloop
  endfacet
  facet normal -4.61408e-05 -0.978136 0.207965
    outer loop
      vertex 174.602 -1.80818 35.1978
      vertex 167.069 -3.11982 29.027
      vertex 167.679 -3.08936 29.1704
    endloop
  endfacet
  facet normal 3.47857e-05 -0.978156 0.207871
    outer loop
      vertex 167.069 -3.11982 29.027
      vertex 174.713 -1.77062 35.3745
      vertex 166.489 -3.16976 28.7921
    endloop
  endfacet
  facet normal -1.28073e-05 -0.978145 0.207926
    outer loop
      vertex 174.713 -1.77062 35.3745
      vertex 167.069 -3.11982 29.027
      vertex 174.602 -1.80818 35.1978
    endloop
  endfacet
  facet normal 0 -0.978146 0.207917
    outer loop
      vertex 152.656 -3.23795 28.4713
      vertex 166.489 -3.16976 28.7921
      vertex 152.121 -3.16976 28.7921
    endloop
  endfacet
  facet normal 0 -0.978146 0.207917
    outer loop
      vertex 152.656 -3.23795 28.4713
      vertex 165.954 -3.23795 28.4713
      vertex 166.489 -3.16976 28.7921
    endloop
  endfacet
  facet normal 0 -0.978146 0.20792
    outer loop
      vertex 153.133 -3.3227 28.0726
      vertex 165.954 -3.23795 28.4713
      vertex 152.656 -3.23795 28.4713
    endloop
  endfacet
  facet normal 0 -0.978146 0.20792
    outer loop
      vertex 153.133 -3.3227 28.0726
      vertex 165.477 -3.3227 28.0726
      vertex 165.954 -3.23795 28.4713
    endloop
  endfacet
  facet normal 0 -0.978153 0.207886
    outer loop
      vertex 153.541 -3.42193 27.6057
      vertex 165.477 -3.3227 28.0726
      vertex 153.133 -3.3227 28.0726
    endloop
  endfacet
  facet normal 0 -0.978153 0.207886
    outer loop
      vertex 153.541 -3.42193 27.6057
      vertex 165.069 -3.42193 27.6057
      vertex 165.477 -3.3227 28.0726
    endloop
  endfacet
  facet normal 0 -0.978149 0.207906
    outer loop
      vertex 153.869 -3.5332 27.0822
      vertex 165.069 -3.42193 27.6057
      vertex 153.541 -3.42193 27.6057
    endloop
  endfacet
  facet normal 0 -0.978149 0.207906
    outer loop
      vertex 153.869 -3.5332 27.0822
      vertex 164.741 -3.5332 27.0822
      vertex 165.069 -3.42193 27.6057
    endloop
  endfacet
  facet normal 0 -0.978145 0.207925
    outer loop
      vertex 154.109 -3.65377 26.515
      vertex 164.741 -3.5332 27.0822
      vertex 153.869 -3.5332 27.0822
    endloop
  endfacet
  facet normal 0 -0.978145 0.207925
    outer loop
      vertex 154.109 -3.65377 26.515
      vertex 164.501 -3.65377 26.515
      vertex 164.741 -3.5332 27.0822
    endloop
  endfacet
  facet normal 0 -0.978146 0.207918
    outer loop
      vertex 154.256 -3.78067 25.918
      vertex 164.501 -3.65377 26.515
      vertex 154.109 -3.65377 26.515
    endloop
  endfacet
  facet normal 0 -0.978146 0.207918
    outer loop
      vertex 154.256 -3.78067 25.918
      vertex 164.354 -3.78067 25.918
      vertex 164.501 -3.65377 26.515
    endloop
  endfacet
  facet normal 0 -0.978153 0.207887
    outer loop
      vertex 154.305 -3.91076 25.3059
      vertex 164.354 -3.78067 25.918
      vertex 154.256 -3.78067 25.918
    endloop
  endfacet
  facet normal 0 -0.978153 0.207887
    outer loop
      vertex 154.305 -3.91076 25.3059
      vertex 164.305 -3.91076 25.3059
      vertex 164.354 -3.78067 25.918
    endloop
  endfacet
  facet normal 0 -0.978143 0.207935
    outer loop
      vertex 154.256 -4.04086 24.6939
      vertex 164.305 -3.91076 25.3059
      vertex 154.305 -3.91076 25.3059
    endloop
  endfacet
  facet normal 0 -0.978143 0.207935
    outer loop
      vertex 154.256 -4.04086 24.6939
      vertex 164.354 -4.04086 24.6939
      vertex 164.305 -3.91076 25.3059
    endloop
  endfacet
  facet normal 0 -0.978146 0.207918
    outer loop
      vertex 154.109 -4.16776 24.0969
      vertex 164.354 -4.04086 24.6939
      vertex 154.256 -4.04086 24.6939
    endloop
  endfacet
  facet normal 0 -0.978146 0.207918
    outer loop
      vertex 154.109 -4.16776 24.0969
      vertex 164.501 -4.16776 24.0969
      vertex 164.354 -4.04086 24.6939
    endloop
  endfacet
  facet normal 0 -0.978148 0.207908
    outer loop
      vertex 153.869 -4.28832 23.5297
      vertex 164.501 -4.16776 24.0969
      vertex 154.109 -4.16776 24.0969
    endloop
  endfacet
  facet normal 0 -0.978148 0.207908
    outer loop
      vertex 153.869 -4.28832 23.5297
      vertex 164.741 -4.28832 23.5297
      vertex 164.501 -4.16776 24.0969
    endloop
  endfacet
  facet normal 0 -0.978149 0.207906
    outer loop
      vertex 153.541 -4.39959 23.0062
      vertex 164.741 -4.28832 23.5297
      vertex 153.869 -4.28832 23.5297
    endloop
  endfacet
  facet normal 0 -0.978149 0.207906
    outer loop
      vertex 153.541 -4.39959 23.0062
      vertex 165.069 -4.39959 23.0062
      vertex 164.741 -4.28832 23.5297
    endloop
  endfacet
  facet normal 0 -0.978149 0.207906
    outer loop
      vertex 153.133 -4.49883 22.5393
      vertex 165.069 -4.39959 23.0062
      vertex 153.541 -4.39959 23.0062
    endloop
  endfacet
  facet normal 0 -0.978149 0.207906
    outer loop
      vertex 153.133 -4.49883 22.5393
      vertex 165.477 -4.49883 22.5393
      vertex 165.069 -4.39959 23.0062
    endloop
  endfacet
  facet normal 0 -0.978146 0.20792
    outer loop
      vertex 152.656 -4.58358 22.1406
      vertex 165.477 -4.49883 22.5393
      vertex 153.133 -4.49883 22.5393
    endloop
  endfacet
  facet normal 0 -0.978146 0.20792
    outer loop
      vertex 152.656 -4.58358 22.1406
      vertex 165.954 -4.58358 22.1406
      vertex 165.477 -4.49883 22.5393
    endloop
  endfacet
  facet normal 0 -0.978146 0.207917
    outer loop
      vertex 152.121 -4.65177 21.8198
      vertex 165.954 -4.58358 22.1406
      vertex 152.656 -4.58358 22.1406
    endloop
  endfacet
  facet normal 0 -0.978146 0.207917
    outer loop
      vertex 152.121 -4.65177 21.8198
      vertex 166.489 -4.65177 21.8198
      vertex 165.954 -4.58358 22.1406
    endloop
  endfacet
  facet normal -1.19103e-05 -0.978151 0.207897
    outer loop
      vertex 174.472 -8.33696 4.48233
      vertex 152.121 -4.65177 21.8198
      vertex 151.541 -4.70171 21.5848
    endloop
  endfacet
  facet normal 0 -0.978148 0.207912
    outer loop
      vertex 152.121 -4.65177 21.8198
      vertex 174.472 -8.33696 4.48233
      vertex 166.489 -4.65177 21.8198
    endloop
  endfacet
  facet normal 6.87596e-07 -0.978147 0.207913
    outer loop
      vertex 174.455 -8.38087 4.27576
      vertex 151.541 -4.70171 21.5848
      vertex 150.931 -4.73217 21.4415
    endloop
  endfacet
  facet normal 1.38909e-05 -0.978146 0.207918
    outer loop
      vertex 174.521 -8.29413 4.68382
      vertex 166.489 -4.65177 21.8198
      vertex 174.472 -8.33696 4.48233
    endloop
  endfacet
  facet normal -7.40067e-06 -0.97815 0.207902
    outer loop
      vertex 174.472 -8.42477 4.06919
      vertex 150.931 -4.73217 21.4415
      vertex 150.305 -4.74241 21.3933
    endloop
  endfacet
  facet normal 2.23246e-05 -0.978146 0.207921
    outer loop
      vertex 166.489 -4.65177 21.8198
      vertex 174.521 -8.29413 4.68382
      vertex 167.069 -4.70171 21.5848
    endloop
  endfacet
  facet normal 0 -0.978147 0.207913
    outer loop
      vertex 149.679 -3.08936 29.1704
      vertex 178.805 -1 39
      vertex 122.931 -3.08936 29.1704
    endloop
  endfacet
  facet normal 3.22918e-05 -0.978167 0.207821
    outer loop
      vertex 178.805 -1 39
      vertex 149.679 -3.08936 29.1704
      vertex 150.305 -3.07912 29.2185
    endloop
  endfacet
  facet normal 0 -0.978176 0.207777
    outer loop
      vertex 123.541 -3.11982 29.027
      vertex 149.679 -3.08936 29.1704
      vertex 122.931 -3.08936 29.1704
    endloop
  endfacet
  facet normal 0 -0.978176 0.207777
    outer loop
      vertex 123.541 -3.11982 29.027
      vertex 149.069 -3.11982 29.027
      vertex 149.679 -3.08936 29.1704
    endloop
  endfacet
  facet normal 0 -0.978139 0.207953
    outer loop
      vertex 124.121 -3.16976 28.7921
      vertex 149.069 -3.11982 29.027
      vertex 123.541 -3.11982 29.027
    endloop
  endfacet
  facet normal 0 -0.978139 0.207953
    outer loop
      vertex 124.121 -3.16976 28.7921
      vertex 148.489 -3.16976 28.7921
      vertex 149.069 -3.11982 29.027
    endloop
  endfacet
  facet normal 0 -0.978146 0.207917
    outer loop
      vertex 124.656 -3.23795 28.4713
      vertex 148.489 -3.16976 28.7921
      vertex 124.121 -3.16976 28.7921
    endloop
  endfacet
  facet normal 0 -0.978146 0.207917
    outer loop
      vertex 124.656 -3.23795 28.4713
      vertex 147.954 -3.23795 28.4713
      vertex 148.489 -3.16976 28.7921
    endloop
  endfacet
  facet normal 0 -0.978146 0.20792
    outer loop
      vertex 125.133 -3.3227 28.0726
      vertex 147.954 -3.23795 28.4713
      vertex 124.656 -3.23795 28.4713
    endloop
  endfacet
  facet normal 0 -0.978146 0.20792
    outer loop
      vertex 125.133 -3.3227 28.0726
      vertex 147.477 -3.3227 28.0726
      vertex 147.954 -3.23795 28.4713
    endloop
  endfacet
  facet normal 0 -0.978153 0.207886
    outer loop
      vertex 125.541 -3.42193 27.6057
      vertex 147.477 -3.3227 28.0726
      vertex 125.133 -3.3227 28.0726
    endloop
  endfacet
  facet normal 0 -0.978153 0.207886
    outer loop
      vertex 125.541 -3.42193 27.6057
      vertex 147.069 -3.42193 27.6057
      vertex 147.477 -3.3227 28.0726
    endloop
  endfacet
  facet normal 0 -0.978149 0.207906
    outer loop
      vertex 125.869 -3.5332 27.0822
      vertex 147.069 -3.42193 27.6057
      vertex 125.541 -3.42193 27.6057
    endloop
  endfacet
  facet normal 0 -0.978149 0.207906
    outer loop
      vertex 125.869 -3.5332 27.0822
      vertex 146.741 -3.5332 27.0822
      vertex 147.069 -3.42193 27.6057
    endloop
  endfacet
  facet normal 0 -0.978145 0.207925
    outer loop
      vertex 126.109 -3.65377 26.515
      vertex 146.741 -3.5332 27.0822
      vertex 125.869 -3.5332 27.0822
    endloop
  endfacet
  facet normal 0 -0.978145 0.207925
    outer loop
      vertex 126.109 -3.65377 26.515
      vertex 146.501 -3.65377 26.515
      vertex 146.741 -3.5332 27.0822
    endloop
  endfacet
  facet normal 0 -0.978146 0.207918
    outer loop
      vertex 126.256 -3.78067 25.918
      vertex 146.501 -3.65377 26.515
      vertex 126.109 -3.65377 26.515
    endloop
  endfacet
  facet normal 0 -0.978146 0.207918
    outer loop
      vertex 126.256 -3.78067 25.918
      vertex 146.354 -3.78067 25.918
      vertex 146.501 -3.65377 26.515
    endloop
  endfacet
  facet normal 0 -0.978153 0.207887
    outer loop
      vertex 126.305 -3.91076 25.3059
      vertex 146.354 -3.78067 25.918
      vertex 126.256 -3.78067 25.918
    endloop
  endfacet
  facet normal 0 -0.978153 0.207887
    outer loop
      vertex 126.305 -3.91076 25.3059
      vertex 146.305 -3.91076 25.3059
      vertex 146.354 -3.78067 25.918
    endloop
  endfacet
  facet normal 0 -0.978143 0.207935
    outer loop
      vertex 126.256 -4.04086 24.6939
      vertex 146.305 -3.91076 25.3059
      vertex 126.305 -3.91076 25.3059
    endloop
  endfacet
  facet normal 0 -0.978143 0.207935
    outer loop
      vertex 126.256 -4.04086 24.6939
      vertex 146.354 -4.04086 24.6939
      vertex 146.305 -3.91076 25.3059
    endloop
  endfacet
  facet normal 0 -0.978146 0.207918
    outer loop
      vertex 126.109 -4.16776 24.0969
      vertex 146.354 -4.04086 24.6939
      vertex 126.256 -4.04086 24.6939
    endloop
  endfacet
  facet normal 0 -0.978146 0.207918
    outer loop
      vertex 126.109 -4.16776 24.0969
      vertex 146.501 -4.16776 24.0969
      vertex 146.354 -4.04086 24.6939
    endloop
  endfacet
  facet normal 0 -0.978148 0.207908
    outer loop
      vertex 125.869 -4.28832 23.5297
      vertex 146.501 -4.16776 24.0969
      vertex 126.109 -4.16776 24.0969
    endloop
  endfacet
  facet normal 0 -0.978148 0.207908
    outer loop
      vertex 125.869 -4.28832 23.5297
      vertex 146.741 -4.28832 23.5297
      vertex 146.501 -4.16776 24.0969
    endloop
  endfacet
  facet normal 0 -0.978149 0.207906
    outer loop
      vertex 125.541 -4.39959 23.0062
      vertex 146.741 -4.28832 23.5297
      vertex 125.869 -4.28832 23.5297
    endloop
  endfacet
  facet normal 0 -0.978149 0.207906
    outer loop
      vertex 125.541 -4.39959 23.0062
      vertex 147.069 -4.39959 23.0062
      vertex 146.741 -4.28832 23.5297
    endloop
  endfacet
  facet normal 0 -0.978149 0.207906
    outer loop
      vertex 125.133 -4.49883 22.5393
      vertex 147.069 -4.39959 23.0062
      vertex 125.541 -4.39959 23.0062
    endloop
  endfacet
  facet normal 0 -0.978149 0.207906
    outer loop
      vertex 125.133 -4.49883 22.5393
      vertex 147.477 -4.49883 22.5393
      vertex 147.069 -4.39959 23.0062
    endloop
  endfacet
  facet normal 0 -0.978146 0.20792
    outer loop
      vertex 124.656 -4.58358 22.1406
      vertex 147.477 -4.49883 22.5393
      vertex 125.133 -4.49883 22.5393
    endloop
  endfacet
  facet normal 0 -0.978146 0.20792
    outer loop
      vertex 124.656 -4.58358 22.1406
      vertex 147.954 -4.58358 22.1406
      vertex 147.477 -4.49883 22.5393
    endloop
  endfacet
  facet normal 0 -0.978146 0.207917
    outer loop
      vertex 124.121 -4.65177 21.8198
      vertex 147.954 -4.58358 22.1406
      vertex 124.656 -4.58358 22.1406
    endloop
  endfacet
  facet normal 0 -0.978146 0.207917
    outer loop
      vertex 124.121 -4.65177 21.8198
      vertex 148.489 -4.65177 21.8198
      vertex 147.954 -4.58358 22.1406
    endloop
  endfacet
  facet normal 0 -0.978157 0.207869
    outer loop
      vertex 123.541 -4.70171 21.5848
      vertex 148.489 -4.65177 21.8198
      vertex 124.121 -4.65177 21.8198
    endloop
  endfacet
  facet normal 0 -0.978157 0.207869
    outer loop
      vertex 123.541 -4.70171 21.5848
      vertex 149.069 -4.70171 21.5848
      vertex 148.489 -4.65177 21.8198
    endloop
  endfacet
  facet normal 5.45112e-07 -0.978147 0.207914
    outer loop
      vertex 174.713 -8.54585 3.49959
      vertex 123.541 -4.70171 21.5848
      vertex 122.931 -4.73217 21.4415
    endloop
  endfacet
  facet normal 0 -0.978147 0.207912
    outer loop
      vertex 123.541 -4.70171 21.5848
      vertex 174.713 -8.54585 3.49959
      vertex 149.069 -4.70171 21.5848
    endloop
  endfacet
  facet normal -6.7192e-06 -0.978151 0.207894
    outer loop
      vertex 174.85 -8.57934 3.34203
      vertex 122.931 -4.73217 21.4415
      vertex 122.305 -4.74241 21.3933
    endloop
  endfacet
  facet normal -1.3607e-06 -0.978148 0.20791
    outer loop
      vertex 149.069 -4.70171 21.5848
      vertex 174.713 -8.54585 3.49959
      vertex 149.679 -4.73217 21.4415
    endloop
  endfacet
  facet normal 0 -0.978081 0.208224
    outer loop
      vertex 99.9307 -3.08936 29.1704
      vertex 122.305 -3.07912 29.2185
      vertex 99.305 -3.07912 29.2185
    endloop
  endfacet
  facet normal 0 -0.978081 0.208224
    outer loop
      vertex 99.9307 -3.08936 29.1704
      vertex 121.679 -3.08936 29.1704
      vertex 122.305 -3.07912 29.2185
    endloop
  endfacet
  facet normal 0 -0.978176 0.207777
    outer loop
      vertex 100.541 -3.11982 29.027
      vertex 121.679 -3.08936 29.1704
      vertex 99.9307 -3.08936 29.1704
    endloop
  endfacet
  facet normal 0 -0.978176 0.207777
    outer loop
      vertex 100.541 -3.11982 29.027
      vertex 121.069 -3.11982 29.027
      vertex 121.679 -3.08936 29.1704
    endloop
  endfacet
  facet normal 0 -0.978139 0.207953
    outer loop
      vertex 101.121 -3.16976 28.7921
      vertex 121.069 -3.11982 29.027
      vertex 100.541 -3.11982 29.027
    endloop
  endfacet
  facet normal 0 -0.978139 0.207953
    outer loop
      vertex 101.121 -3.16976 28.7921
      vertex 120.489 -3.16976 28.7921
      vertex 121.069 -3.11982 29.027
    endloop
  endfacet
  facet normal 0 -0.978146 0.207917
    outer loop
      vertex 101.656 -3.23795 28.4713
      vertex 120.489 -3.16976 28.7921
      vertex 101.121 -3.16976 28.7921
    endloop
  endfacet
  facet normal 0 -0.978146 0.207917
    outer loop
      vertex 101.656 -3.23795 28.4713
      vertex 119.954 -3.23795 28.4713
      vertex 120.489 -3.16976 28.7921
    endloop
  endfacet
  facet normal 0 -0.978146 0.20792
    outer loop
      vertex 102.133 -3.3227 28.0726
      vertex 119.954 -3.23795 28.4713
      vertex 101.656 -3.23795 28.4713
    endloop
  endfacet
  facet normal 0 -0.978146 0.20792
    outer loop
      vertex 102.133 -3.3227 28.0726
      vertex 119.477 -3.3227 28.0726
      vertex 119.954 -3.23795 28.4713
    endloop
  endfacet
  facet normal 0 -0.978153 0.207886
    outer loop
      vertex 102.541 -3.42193 27.6057
      vertex 119.477 -3.3227 28.0726
      vertex 102.133 -3.3227 28.0726
    endloop
  endfacet
  facet normal 0 -0.978153 0.207886
    outer loop
      vertex 102.541 -3.42193 27.6057
      vertex 119.069 -3.42193 27.6057
      vertex 119.477 -3.3227 28.0726
    endloop
  endfacet
  facet normal 0 -0.978149 0.207906
    outer loop
      vertex 102.869 -3.5332 27.0822
      vertex 119.069 -3.42193 27.6057
      vertex 102.541 -3.42193 27.6057
    endloop
  endfacet
  facet normal 0 -0.978149 0.207906
    outer loop
      vertex 102.869 -3.5332 27.0822
      vertex 118.741 -3.5332 27.0822
      vertex 119.069 -3.42193 27.6057
    endloop
  endfacet
  facet normal 0 -0.978145 0.207925
    outer loop
      vertex 103.109 -3.65377 26.515
      vertex 118.741 -3.5332 27.0822
      vertex 102.869 -3.5332 27.0822
    endloop
  endfacet
  facet normal 0 -0.978145 0.207925
    outer loop
      vertex 103.109 -3.65377 26.515
      vertex 118.501 -3.65377 26.515
      vertex 118.741 -3.5332 27.0822
    endloop
  endfacet
  facet normal 0 -0.978146 0.207918
    outer loop
      vertex 103.256 -3.78067 25.918
      vertex 118.501 -3.65377 26.515
      vertex 103.109 -3.65377 26.515
    endloop
  endfacet
  facet normal 0 -0.978146 0.207918
    outer loop
      vertex 103.256 -3.78067 25.918
      vertex 118.354 -3.78067 25.918
      vertex 118.501 -3.65377 26.515
    endloop
  endfacet
  facet normal 0 -0.978153 0.207887
    outer loop
      vertex 103.305 -3.91076 25.3059
      vertex 118.354 -3.78067 25.918
      vertex 103.256 -3.78067 25.918
    endloop
  endfacet
  facet normal 0 -0.978153 0.207887
    outer loop
      vertex 103.305 -3.91076 25.3059
      vertex 118.305 -3.91076 25.3059
      vertex 118.354 -3.78067 25.918
    endloop
  endfacet
  facet normal 0 -0.978143 0.207935
    outer loop
      vertex 103.256 -4.04086 24.6939
      vertex 118.305 -3.91076 25.3059
      vertex 103.305 -3.91076 25.3059
    endloop
  endfacet
  facet normal 0 -0.978143 0.207935
    outer loop
      vertex 103.256 -4.04086 24.6939
      vertex 118.354 -4.04086 24.6939
      vertex 118.305 -3.91076 25.3059
    endloop
  endfacet
  facet normal 0 -0.978146 0.207918
    outer loop
      vertex 103.109 -4.16776 24.0969
      vertex 118.354 -4.04086 24.6939
      vertex 103.256 -4.04086 24.6939
    endloop
  endfacet
  facet normal 0 -0.978146 0.207918
    outer loop
      vertex 103.109 -4.16776 24.0969
      vertex 118.501 -4.16776 24.0969
      vertex 118.354 -4.04086 24.6939
    endloop
  endfacet
  facet normal 0 -0.978148 0.207908
    outer loop
      vertex 102.869 -4.28832 23.5297
      vertex 118.501 -4.16776 24.0969
      vertex 103.109 -4.16776 24.0969
    endloop
  endfacet
  facet normal 0 -0.978148 0.207908
    outer loop
      vertex 102.869 -4.28832 23.5297
      vertex 118.741 -4.28832 23.5297
      vertex 118.501 -4.16776 24.0969
    endloop
  endfacet
  facet normal 0 -0.978149 0.207906
    outer loop
      vertex 102.541 -4.39959 23.0062
      vertex 118.741 -4.28832 23.5297
      vertex 102.869 -4.28832 23.5297
    endloop
  endfacet
  facet normal 0 -0.978149 0.207906
    outer loop
      vertex 102.541 -4.39959 23.0062
      vertex 119.069 -4.39959 23.0062
      vertex 118.741 -4.28832 23.5297
    endloop
  endfacet
  facet normal 0 -0.978149 0.207906
    outer loop
      vertex 102.133 -4.49883 22.5393
      vertex 119.069 -4.39959 23.0062
      vertex 102.541 -4.39959 23.0062
    endloop
  endfacet
  facet normal 0 -0.978149 0.207906
    outer loop
      vertex 102.133 -4.49883 22.5393
      vertex 119.477 -4.49883 22.5393
      vertex 119.069 -4.39959 23.0062
    endloop
  endfacet
  facet normal 0 -0.978146 0.20792
    outer loop
      vertex 101.656 -4.58358 22.1406
      vertex 119.477 -4.49883 22.5393
      vertex 102.133 -4.49883 22.5393
    endloop
  endfacet
  facet normal 0 -0.978146 0.20792
    outer loop
      vertex 101.656 -4.58358 22.1406
      vertex 119.954 -4.58358 22.1406
      vertex 119.477 -4.49883 22.5393
    endloop
  endfacet
  facet normal 0 -0.978146 0.207917
    outer loop
      vertex 101.121 -4.65177 21.8198
      vertex 119.954 -4.58358 22.1406
      vertex 101.656 -4.58358 22.1406
    endloop
  endfacet
  facet normal 0 -0.978146 0.207917
    outer loop
      vertex 101.121 -4.65177 21.8198
      vertex 120.489 -4.65177 21.8198
      vertex 119.954 -4.58358 22.1406
    endloop
  endfacet
  facet normal 0 -0.978157 0.207869
    outer loop
      vertex 100.541 -4.70171 21.5848
      vertex 120.489 -4.65177 21.8198
      vertex 101.121 -4.65177 21.8198
    endloop
  endfacet
  facet normal 0 -0.978157 0.207869
    outer loop
      vertex 100.541 -4.70171 21.5848
      vertex 121.069 -4.70171 21.5848
      vertex 120.489 -4.65177 21.8198
    endloop
  endfacet
  facet normal 0 -0.978147 0.207916
    outer loop
      vertex 99.9307 -4.73217 21.4415
      vertex 121.069 -4.70171 21.5848
      vertex 100.541 -4.70171 21.5848
    endloop
  endfacet
  facet normal 0 -0.978147 0.207916
    outer loop
      vertex 99.9307 -4.73217 21.4415
      vertex 121.679 -4.73217 21.4415
      vertex 121.069 -4.70171 21.5848
    endloop
  endfacet
  facet normal -6.39283e-06 -0.978152 0.20789
    outer loop
      vertex 178.805 -9.31647 -0.125904
      vertex 99.9307 -4.73217 21.4415
      vertex 99.305 -4.74241 21.3933
    endloop
  endfacet
  facet normal 0 -0.978148 0.207912
    outer loop
      vertex 99.9307 -4.73217 21.4415
      vertex 178.805 -9.31647 -0.125904
      vertex 121.679 -4.73217 21.4415
    endloop
  endfacet
  facet normal 1.22703e-05 -0.978114 0.208071
    outer loop
      vertex 9.22217 -1.66866 35.8542
      vertex 98.6793 -3.08936 29.1704
      vertex 99.305 -3.07912 29.2185
    endloop
  endfacet
  facet normal 1.59885e-07 -0.978143 0.207932
    outer loop
      vertex 98.0689 -3.11982 29.027
      vertex 35.6647 -3.04073 29.3991
      vertex 36.3026 -3.09566 29.1407
    endloop
  endfacet
  facet normal -7.82464e-07 -0.978176 0.20778
    outer loop
      vertex 35.6647 -3.04073 29.3991
      vertex 98.0689 -3.11982 29.027
      vertex 98.6793 -3.08936 29.1704
    endloop
  endfacet
  facet normal 2.00932e-07 -0.978139 0.207953
    outer loop
      vertex 36.3026 -3.09566 29.1407
      vertex 97.489 -3.16976 28.7921
      vertex 98.0689 -3.11982 29.027
    endloop
  endfacet
  facet normal -6.42115e-08 -0.978148 0.207908
    outer loop
      vertex 36.8913 -3.17067 28.7878
      vertex 97.489 -3.16976 28.7921
      vertex 36.3026 -3.09566 29.1407
    endloop
  endfacet
  facet normal -6.48661e-08 -0.978146 0.207917
    outer loop
      vertex 36.8913 -3.17067 28.7878
      vertex 96.9539 -3.23795 28.4713
      vertex 97.489 -3.16976 28.7921
    endloop
  endfacet
  facet normal -1.82273e-07 -0.978151 0.207896
    outer loop
      vertex 37.4163 -3.26389 28.3492
      vertex 96.9539 -3.23795 28.4713
      vertex 36.8913 -3.17067 28.7878
    endloop
  endfacet
  facet normal -2.35331e-07 -0.978146 0.207921
    outer loop
      vertex 37.4163 -3.26389 28.3492
      vertex 96.4766 -3.3227 28.0726
      vertex 96.9539 -3.23795 28.4713
    endloop
  endfacet
  facet normal -1.70961e-07 -0.978143 0.207934
    outer loop
      vertex 37.8647 -3.37305 27.8357
      vertex 96.4766 -3.3227 28.0726
      vertex 37.4163 -3.26389 28.3492
    endloop
  endfacet
  facet normal 2.97004e-08 -0.978153 0.207886
    outer loop
      vertex 37.8647 -3.37305 27.8357
      vertex 96.0689 -3.42193 27.6057
      vertex 96.4766 -3.3227 28.0726
    endloop
  endfacet
  facet normal 5.87414e-08 -0.978152 0.207893
    outer loop
      vertex 38.2254 -3.49545 27.2598
      vertex 96.0689 -3.42193 27.6057
      vertex 37.8647 -3.37305 27.8357
    endloop
  endfacet
  facet normal -1.85788e-08 -0.978149 0.207906
    outer loop
      vertex 38.2254 -3.49545 27.2598
      vertex 95.741 -3.5332 27.0822
      vertex 96.0689 -3.42193 27.6057
    endloop
  endfacet
  facet normal 2.96688e-08 -0.978146 0.207921
    outer loop
      vertex 38.4896 -3.62807 26.6359
      vertex 95.741 -3.5332 27.0822
      vertex 38.2254 -3.49545 27.2598
    endloop
  endfacet
  facet normal -3.83814e-09 -0.978145 0.207925
    outer loop
      vertex 38.4896 -3.62807 26.6359
      vertex 95.5008 -3.65377 26.515
      vertex 95.741 -3.5332 27.0822
    endloop
  endfacet
  facet normal -1.98401e-08 -0.978146 0.207918
    outer loop
      vertex 38.6508 -3.76766 25.9792
      vertex 95.5008 -3.65377 26.515
      vertex 38.4896 -3.62807 26.6359
    endloop
  endfacet
  facet normal -1.99322e-08 -0.978146 0.207918
    outer loop
      vertex 38.6508 -3.76766 25.9792
      vertex 95.3542 -3.78067 25.918
      vertex 95.5008 -3.65377 26.515
    endloop
  endfacet
  facet normal -4.90164e-08 -0.978152 0.207892
    outer loop
      vertex 38.705 -3.91076 25.3059
      vertex 95.3542 -3.78067 25.918
      vertex 38.6508 -3.76766 25.9792
    endloop
  endfacet
  facet normal 0 -0.978153 0.207887
    outer loop
      vertex 38.705 -3.91076 25.3059
      vertex 95.305 -3.91076 25.3059
      vertex 95.3542 -3.78067 25.918
    endloop
  endfacet
  facet normal 0 -0.978143 0.207935
    outer loop
      vertex 38.705 -3.91076 25.3059
      vertex 95.3542 -4.04086 24.6939
      vertex 95.305 -3.91076 25.3059
    endloop
  endfacet
  facet normal -6.00137e-18 -0.978143 0.207935
    outer loop
      vertex 38.6508 -4.05387 24.6327
      vertex 95.3542 -4.04086 24.6939
      vertex 38.705 -3.91076 25.3059
    endloop
  endfacet
  facet normal 1.99322e-08 -0.978146 0.207918
    outer loop
      vertex 38.6508 -4.05387 24.6327
      vertex 95.5008 -4.16776 24.0969
      vertex 95.3542 -4.04086 24.6939
    endloop
  endfacet
  facet normal 1.98401e-08 -0.978146 0.207918
    outer loop
      vertex 38.4896 -4.19346 23.976
      vertex 95.5008 -4.16776 24.0969
      vertex 38.6508 -4.05387 24.6327
    endloop
  endfacet
  facet normal 4.03762e-08 -0.978148 0.207908
    outer loop
      vertex 38.4896 -4.19346 23.976
      vertex 95.741 -4.28832 23.5297
      vertex 95.5008 -4.16776 24.0969
    endloop
  endfacet
  facet normal -1.18275e-07 -0.978152 0.207889
    outer loop
      vertex 38.2254 -4.32608 23.352
      vertex 95.741 -4.28832 23.5297
      vertex 38.4896 -4.19346 23.976
    endloop
  endfacet
  facet normal -1.72462e-07 -0.978149 0.207906
    outer loop
      vertex 38.2254 -4.32608 23.352
      vertex 96.0689 -4.39959 23.0062
      vertex 95.741 -4.28832 23.5297
    endloop
  endfacet
  facet normal -3.32963e-08 -0.978144 0.207928
    outer loop
      vertex 37.8647 -4.44848 22.7762
      vertex 96.0689 -4.39959 23.0062
      vertex 38.2254 -4.32608 23.352
    endloop
  endfacet
  facet normal 5.52756e-08 -0.978149 0.207906
    outer loop
      vertex 37.8647 -4.44848 22.7762
      vertex 96.4766 -4.49883 22.5393
      vertex 96.0689 -4.39959 23.0062
    endloop
  endfacet
  facet normal 9.42412e-08 -0.978147 0.207916
    outer loop
      vertex 37.4163 -4.55763 22.2627
      vertex 96.4766 -4.49883 22.5393
      vertex 37.8647 -4.44848 22.7762
    endloop
  endfacet
  facet normal 7.06366e-08 -0.978146 0.20792
    outer loop
      vertex 37.4163 -4.55763 22.2627
      vertex 96.9539 -4.58358 22.1406
      vertex 96.4766 -4.49883 22.5393
    endloop
  endfacet
  facet normal -3.29498e-08 -0.978156 0.207872
    outer loop
      vertex 36.8913 -4.65086 21.824
      vertex 96.9539 -4.58358 22.1406
      vertex 37.4163 -4.55763 22.2627
    endloop
  endfacet
  facet normal -2.78284e-07 -0.978147 0.207917
    outer loop
      vertex 36.8913 -4.65086 21.824
      vertex 97.489 -4.65177 21.8198
      vertex 96.9539 -4.58358 22.1406
    endloop
  endfacet
  facet normal -2.74758e-07 -0.978136 0.207965
    outer loop
      vertex 36.3026 -4.72587 21.4712
      vertex 97.489 -4.65177 21.8198
      vertex 36.8913 -4.65086 21.824
    endloop
  endfacet
  facet normal 2.96245e-07 -0.978157 0.207869
    outer loop
      vertex 97.489 -4.65177 21.8198
      vertex 36.3026 -4.72587 21.4712
      vertex 98.0689 -4.70171 21.5848
    endloop
  endfacet
  facet normal 2.15953e-07 -0.978148 0.207911
    outer loop
      vertex 9.75959 -8.57934 3.34203
      vertex 98.0689 -4.70171 21.5848
      vertex 36.3026 -4.72587 21.4712
    endloop
  endfacet
  facet normal 1.1833e-05 -0.978159 0.207857
    outer loop
      vertex 9.59851 -8.60794 3.20745
      vertex 98.0689 -4.70171 21.5848
      vertex 9.75959 -8.57934 3.34203
    endloop
  endfacet
  facet normal 1.0288e-05 -0.978142 0.207938
    outer loop
      vertex 121.679 -4.73217 21.4415
      vertex 178.805 -9.31647 -0.125904
      vertex 122.305 -4.74241 21.3933
    endloop
  endfacet
  facet normal 3.90848e-05 -0.978136 0.207964
    outer loop
      vertex 174.602 -8.50829 3.67627
      vertex 149.679 -4.73217 21.4415
      vertex 174.713 -8.54585 3.49959
    endloop
  endfacet
  facet normal -2.44984e-07 -0.978147 0.207913
    outer loop
      vertex 5.805 -9.31647 -0.125904
      vertex 98.0689 -4.70171 21.5848
      vertex 9.59851 -8.60794 3.20745
    endloop
  endfacet
  facet normal -5.96222e-05 -0.97813 0.207995
    outer loop
      vertex 9.75959 -8.57934 3.34203
      vertex 36.3026 -4.72587 21.4712
      vertex 35.6647 -4.7808 21.2127
    endloop
  endfacet
  facet normal 0 -0.978148 0.207911
    outer loop
      vertex 5.805 -1 39
      vertex 99.305 -3.07912 29.2185
      vertex 178.805 -1 39
    endloop
  endfacet
  facet normal 8.33354e-05 -0.978165 0.207831
    outer loop
      vertex 178.805 -1 39
      vertex 175.594 -1.65838 35.9026
      vertex 175.805 -1.65492 35.9188
    endloop
  endfacet
  facet normal -1.67547e-05 -0.978194 0.207694
    outer loop
      vertex 99.305 -3.07912 29.2185
      vertex 9.01619 -1.65838 35.9026
      vertex 9.22217 -1.66866 35.8542
    endloop
  endfacet
  facet normal 0 -0.978148 0.207911
    outer loop
      vertex 122.305 -3.07912 29.2185
      vertex 178.805 -1 39
      vertex 99.305 -3.07912 29.2185
    endloop
  endfacet
  facet normal -4.41599e-05 -0.978184 0.20774
    outer loop
      vertex 34.9933 -3.00722 29.5568
      vertex 9.22217 -1.66866 35.8542
      vertex 9.41789 -1.68551 35.7749
    endloop
  endfacet
  facet normal -1.73576e-05 -0.978127 0.208007
    outer loop
      vertex 122.931 -3.08936 29.1704
      vertex 178.805 -1 39
      vertex 122.305 -3.07912 29.2185
    endloop
  endfacet
  facet normal -3.09201e-08 -0.978147 0.207913
    outer loop
      vertex 34.305 -2.99595 29.6098
      vertex 9.41789 -1.68551 35.7749
      vertex 9.59851 -1.70853 35.6666
    endloop
  endfacet
  facet normal -4.92866e-05 -0.978137 0.207963
    outer loop
      vertex 178.805 -1 39
      vertex 175.388 -1.66866 35.8542
      vertex 175.594 -1.65838 35.9026
    endloop
  endfacet
  facet normal 2.8946e-05 -0.978124 0.208022
    outer loop
      vertex 33.6167 -3.00722 29.5568
      vertex 9.59851 -1.70853 35.6666
      vertex 9.75959 -1.73713 35.5321
    endloop
  endfacet
  facet normal -5.0966e-05 -0.978136 0.207965
    outer loop
      vertex 178.805 -1 39
      vertex 175.192 -1.68551 35.7749
      vertex 175.388 -1.66866 35.8542
    endloop
  endfacet
  facet normal -1.85136e-05 -0.978162 0.207843
    outer loop
      vertex 32.9453 -3.04073 29.3991
      vertex 9.75959 -1.73713 35.5321
      vertex 9.89717 -1.77062 35.3745
    endloop
  endfacet
  facet normal -2.04772e-05 -0.978136 0.207969
    outer loop
      vertex 150.931 -3.08936 29.1704
      vertex 178.805 -1 39
      vertex 150.305 -3.07912 29.2185
    endloop
  endfacet
  facet normal 2.08217e-06 -0.978146 0.20792
    outer loop
      vertex 32.3074 -3.09566 29.1407
      vertex 9.89717 -1.77062 35.3745
      vertex 10.0079 -1.80818 35.1978
    endloop
  endfacet
  facet normal 5.43317e-06 -0.978149 0.207904
    outer loop
      vertex 178.805 -1 39
      vertex 175.011 -1.70853 35.6666
      vertex 175.192 -1.68551 35.7749
    endloop
  endfacet
  facet normal 1.13824e-05 -0.97814 0.207949
    outer loop
      vertex 31.7187 -3.17067 28.7878
      vertex 10.0079 -1.80818 35.1978
      vertex 10.0889 -1.84887 35.0064
    endloop
  endfacet
  facet normal 1.86648e-06 -0.978148 0.207908
    outer loop
      vertex 178.805 -1 39
      vertex 150.931 -3.08936 29.1704
      vertex 175.011 -1.70853 35.6666
    endloop
  endfacet
  facet normal -1.62631e-05 -0.978158 0.207861
    outer loop
      vertex 31.1937 -3.26389 28.3492
      vertex 10.0889 -1.84887 35.0064
      vertex 10.1384 -1.89169 34.8049
    endloop
  endfacet
  facet normal -3.10828e-05 -0.978124 0.208025
    outer loop
      vertex 175.011 -1.70853 35.6666
      vertex 150.931 -3.08936 29.1704
      vertex 174.85 -1.73713 35.5321
    endloop
  endfacet
  facet normal -7.41674e-06 -0.978152 0.207892
    outer loop
      vertex 30.7453 -3.37305 27.8357
      vertex 10.1384 -1.89169 34.8049
      vertex 10.155 -1.9356 34.5983
    endloop
  endfacet
  facet normal 1.77151e-05 -0.978161 0.207849
    outer loop
      vertex 151.541 -3.11982 29.027
      vertex 174.85 -1.73713 35.5321
      vertex 150.931 -3.08936 29.1704
    endloop
  endfacet
  facet normal 2.51788e-05 -0.978132 0.207987
    outer loop
      vertex 30.7453 -3.37305 27.8357
      vertex 10.155 -1.9356 34.5983
      vertex 10.1384 -1.97951 34.3918
    endloop
  endfacet
  facet normal 1.97387e-05 -0.978162 0.207842
    outer loop
      vertex 174.85 -1.73713 35.5321
      vertex 151.541 -3.11982 29.027
      vertex 174.713 -1.77062 35.3745
    endloop
  endfacet
  facet normal 3.64104e-07 -0.978148 0.207911
    outer loop
      vertex 30.3846 -3.49545 27.2598
      vertex 10.1384 -1.97951 34.3918
      vertex 10.0889 -2.02234 34.1903
    endloop
  endfacet
  facet normal -5.40014e-05 -0.978136 0.207966
    outer loop
      vertex 174.602 -1.80818 35.1978
      vertex 168.305 -3.07912 29.2185
      vertex 174.521 -1.84887 35.0064
    endloop
  endfacet
  facet normal -2.39176e-05 -0.978161 0.20785
    outer loop
      vertex 30.1203 -3.62807 26.6359
      vertex 10.0889 -2.02234 34.1903
      vertex 10.0079 -2.06303 33.9988
    endloop
  endfacet
  facet normal 5.80455e-05 -0.97816 0.207851
    outer loop
      vertex 174.521 -1.84887 35.0064
      vertex 168.305 -3.07912 29.2185
      vertex 174.472 -1.89169 34.8049
    endloop
  endfacet
  facet normal 2.18008e-05 -0.978136 0.207965
    outer loop
      vertex 29.9592 -3.76766 25.9792
      vertex 10.0079 -2.06303 33.9988
      vertex 9.89717 -2.10058 33.8222
    endloop
  endfacet
  facet normal 2.00868e-05 -0.978152 0.207891
    outer loop
      vertex 174.472 -1.89169 34.8049
      vertex 168.305 -3.07912 29.2185
      vertex 174.455 -1.9356 34.5983
    endloop
  endfacet
  facet normal -1.66191e-05 -0.978156 0.207873
    outer loop
      vertex 29.905 -3.91076 25.3059
      vertex 9.89717 -2.10058 33.8222
      vertex 9.75959 -2.13407 33.6646
    endloop
  endfacet
  facet normal -2.29185e-05 -0.978142 0.207938
    outer loop
      vertex 168.931 -3.08936 29.1704
      vertex 174.455 -1.9356 34.5983
      vertex 168.305 -3.07912 29.2185
    endloop
  endfacet
  facet normal -1.61498e-08 -0.978148 0.207911
    outer loop
      vertex 29.905 -3.91076 25.3059
      vertex 9.75959 -2.13407 33.6646
      vertex 9.59851 -2.16268 33.53
    endloop
  endfacet
  facet normal -6.95326e-05 -0.978132 0.207984
    outer loop
      vertex 174.455 -1.9356 34.5983
      vertex 168.931 -3.08936 29.1704
      vertex 174.472 -1.97951 34.3918
    endloop
  endfacet
  facet normal 2.5702e-05 -0.978135 0.207969
    outer loop
      vertex 29.9592 -4.05387 24.6327
      vertex 9.59851 -2.16268 33.53
      vertex 9.41789 -2.18569 33.4218
    endloop
  endfacet
  facet normal 2.67041e-05 -0.978153 0.207886
    outer loop
      vertex 169.541 -3.11982 29.027
      vertex 174.472 -1.97951 34.3918
      vertex 168.931 -3.08936 29.1704
    endloop
  endfacet
  facet normal 2.13754e-05 -0.978148 0.207912
    outer loop
      vertex 9.41789 -8.13078 5.45233
      vertex 9.41789 -2.18569 33.4218
      vertex 9.22217 -2.20255 33.3425
    endloop
  endfacet
  facet normal -1.49392e-06 -0.978148 0.207911
    outer loop
      vertex 174.472 -1.97951 34.3918
      vertex 169.541 -3.11982 29.027
      vertex 174.521 -2.02234 34.1903
    endloop
  endfacet
  facet normal -3.66372e-05 -0.978148 0.207911
    outer loop
      vertex 9.22217 -8.11392 5.53163
      vertex 9.22217 -2.20255 33.3425
      vertex 9.01619 -2.21283 33.2941
    endloop
  endfacet
  facet normal 5.18655e-05 -0.978158 0.207861
    outer loop
      vertex 174.521 -2.02234 34.1903
      vertex 169.541 -3.11982 29.027
      vertex 174.602 -2.06303 33.9988
    endloop
  endfacet
  facet normal -6.79443e-05 -0.978148 0.207912
    outer loop
      vertex 9.01619 -8.10364 5.58
      vertex 9.01619 -2.21283 33.2941
      vertex 8.805 -2.21628 33.2778
    endloop
  endfacet
  facet normal -1.24226e-05 -0.978145 0.207924
    outer loop
      vertex 170.121 -3.16976 28.7921
      vertex 174.602 -2.06303 33.9988
      vertex 169.541 -3.11982 29.027
    endloop
  endfacet
  facet normal 2.00772e-06 -0.978147 0.207914
    outer loop
      vertex 7.85041 -1.73713 35.5321
      vertex 5.805 -1 39
      vertex 4.305 -1.31187 37.5328
    endloop
  endfacet
  facet normal -8.32543e-05 -0.978165 0.207831
    outer loop
      vertex 9.01619 -1.65838 35.9026
      vertex 5.805 -1 39
      vertex 8.805 -1.65492 35.9188
    endloop
  endfacet
  facet normal 2.94289e-07 -0.978147 0.207914
    outer loop
      vertex 99.305 -3.07912 29.2185
      vertex 5.805 -1 39
      vertex 9.01619 -1.65838 35.9026
    endloop
  endfacet
  facet normal 7.16804e-05 -0.978134 0.207976
    outer loop
      vertex 5.805 -1 39
      vertex 8.59381 -1.65838 35.9026
      vertex 8.805 -1.65492 35.9188
    endloop
  endfacet
  facet normal -3.07752e-05 -0.978153 0.207887
    outer loop
      vertex 5.805 -1 39
      vertex 8.38783 -1.66866 35.8542
      vertex 8.59381 -1.65838 35.9026
    endloop
  endfacet
  facet normal -2.14677e-05 -0.978151 0.207895
    outer loop
      vertex 5.805 -1 39
      vertex 8.19211 -1.68551 35.7749
      vertex 8.38783 -1.66866 35.8542
    endloop
  endfacet
  facet normal 1.24327e-06 -0.978148 0.207911
    outer loop
      vertex 5.805 -1 39
      vertex 8.01149 -1.70853 35.6666
      vertex 8.19211 -1.68551 35.7749
    endloop
  endfacet
  facet normal 4.453e-05 -0.978142 0.207938
    outer loop
      vertex 5.805 -1 39
      vertex 7.85041 -1.73713 35.5321
      vertex 8.01149 -1.70853 35.6666
    endloop
  endfacet
  facet normal -2.05632e-05 -0.978155 0.207876
    outer loop
      vertex 4.305 -1.31187 37.5328
      vertex 7.71283 -1.77062 35.3745
      vertex 7.85041 -1.73713 35.5321
    endloop
  endfacet
  facet normal 5.37648e-06 -0.978147 0.207915
    outer loop
      vertex 4.305 -1.31187 37.5328
      vertex 7.60214 -1.80818 35.1978
      vertex 7.71283 -1.77062 35.3745
    endloop
  endfacet
  facet normal 2.07654e-05 -0.978142 0.207936
    outer loop
      vertex 4.305 -1.31187 37.5328
      vertex 7.52107 -1.84887 35.0064
      vertex 7.60214 -1.80818 35.1978
    endloop
  endfacet
  facet normal -3.17021e-05 -0.978156 0.207872
    outer loop
      vertex 4.305 -1.31187 37.5328
      vertex 7.47162 -1.89169 34.8049
      vertex 7.52107 -1.84887 35.0064
    endloop
  endfacet
  facet normal -1.21968e-05 -0.978151 0.207894
    outer loop
      vertex 4.305 -1.31187 37.5328
      vertex 7.455 -1.9356 34.5983
      vertex 7.47162 -1.89169 34.8049
    endloop
  endfacet
  facet normal 8.72135e-05 -0.97813 0.207996
    outer loop
      vertex 4.305 -1.31187 37.5328
      vertex 7.47162 -1.97951 34.3918
      vertex 7.455 -1.9356 34.5983
    endloop
  endfacet
  facet normal -8.71263e-07 -0.978148 0.207911
    outer loop
      vertex 4.305 -1.31187 37.5328
      vertex 7.52107 -2.02234 34.1903
      vertex 7.47162 -1.97951 34.3918
    endloop
  endfacet
  facet normal -0.000138062 -0.978175 0.207785
    outer loop
      vertex 4.305 -1.31187 37.5328
      vertex 7.60214 -2.06303 33.9988
      vertex 7.52107 -2.02234 34.1903
    endloop
  endfacet
  facet normal 0.000239765 -0.978103 0.208122
    outer loop
      vertex 4.305 -1.31187 37.5328
      vertex 7.71283 -2.10058 33.8222
      vertex 7.60214 -2.06303 33.9988
    endloop
  endfacet
  facet normal 6.94714e-07 -0.978148 0.207912
    outer loop
      vertex 7.71283 -8.21589 5.05193
      vertex 7.71283 -2.10058 33.8222
      vertex 4.305 -1.31187 37.5328
    endloop
  endfacet
  facet normal -9.15032e-06 -0.978155 0.207877
    outer loop
      vertex 9.41789 -1.68551 35.7749
      vertex 34.305 -2.99595 29.6098
      vertex 34.9933 -3.00722 29.5568
    endloop
  endfacet
  facet normal 6.79738e-05 -0.978148 0.207912
    outer loop
      vertex 8.805 -8.10018 5.59626
      vertex 8.805 -2.21628 33.2778
      vertex 8.59381 -2.21283 33.2941
    endloop
  endfacet
  facet normal 4.79864e-06 -0.978143 0.207932
    outer loop
      vertex 9.59851 -1.70853 35.6666
      vertex 33.6167 -3.00722 29.5568
      vertex 34.305 -2.99595 29.6098
    endloop
  endfacet
  facet normal -7.66133e-06 -0.978154 0.207883
    outer loop
      vertex 9.75959 -1.73713 35.5321
      vertex 32.9453 -3.04073 29.3991
      vertex 33.6167 -3.00722 29.5568
    endloop
  endfacet
  facet normal 3.23446e-06 -0.978145 0.207924
    outer loop
      vertex 9.89717 -1.77062 35.3745
      vertex 32.3074 -3.09566 29.1407
      vertex 32.9453 -3.04073 29.3991
    endloop
  endfacet
  facet normal -7.37419e-07 -0.978148 0.20791
    outer loop
      vertex 10.0079 -1.80818 35.1978
      vertex 31.7187 -3.17067 28.7878
      vertex 32.3074 -3.09566 29.1407
    endloop
  endfacet
  facet normal -3.34355e-06 -0.97815 0.2079
    outer loop
      vertex 10.0889 -1.84887 35.0064
      vertex 31.1937 -3.26389 28.3492
      vertex 31.7187 -3.17067 28.7878
    endloop
  endfacet
  facet normal 5.6742e-06 -0.978144 0.207929
    outer loop
      vertex 10.1384 -1.89169 34.8049
      vertex 30.7453 -3.37305 27.8357
      vertex 31.1937 -3.26389 28.3492
    endloop
  endfacet
  facet normal 3.67123e-05 -0.978148 0.207912
    outer loop
      vertex 8.59381 -8.10364 5.58
      vertex 8.59381 -2.21283 33.2941
      vertex 8.38783 -2.20255 33.3425
    endloop
  endfacet
  facet normal -5.02027e-06 -0.978151 0.207896
    outer loop
      vertex 10.1384 -1.97951 34.3918
      vertex 30.3846 -3.49545 27.2598
      vertex 30.7453 -3.37305 27.8357
    endloop
  endfacet
  facet normal 3.34599e-06 -0.978146 0.207919
    outer loop
      vertex 10.0889 -2.02234 34.1903
      vertex 30.1203 -3.62807 26.6359
      vertex 30.3846 -3.49545 27.2598
    endloop
  endfacet
  facet normal 1.72899e-06 -0.978146 0.207917
    outer loop
      vertex 10.0079 -2.06303 33.9988
      vertex 29.9592 -3.76766 25.9792
      vertex 30.1203 -3.62807 26.6359
    endloop
  endfacet
  facet normal -7.83934e-06 -0.978152 0.207892
    outer loop
      vertex 9.89717 -2.10058 33.8222
      vertex 29.905 -3.91076 25.3059
      vertex 29.9592 -3.76766 25.9792
    endloop
  endfacet
  facet normal 1.06135e-05 -0.978142 0.207936
    outer loop
      vertex 9.59851 -2.16268 33.53
      vertex 29.9592 -4.05387 24.6327
      vertex 29.905 -3.91076 25.3059
    endloop
  endfacet
  facet normal 2.97027e-06 -0.978146 0.207918
    outer loop
      vertex 9.41789 -2.18569 33.4218
      vertex 30.1203 -4.19346 23.976
      vertex 29.9592 -4.05387 24.6327
    endloop
  endfacet
  facet normal -2.14973e-05 -0.978148 0.207911
    outer loop
      vertex 8.38783 -8.11392 5.53163
      vertex 8.38783 -2.20255 33.3425
      vertex 8.19211 -2.18569 33.4218
    endloop
  endfacet
  facet normal -2.22409e-07 -0.978148 0.207912
    outer loop
      vertex 9.41789 -2.18569 33.4218
      vertex 9.41789 -8.13078 5.45233
      vertex 30.1203 -4.19346 23.976
    endloop
  endfacet
  facet normal 1.52956e-05 -0.978151 0.207895
    outer loop
      vertex 30.1203 -4.19346 23.976
      vertex 9.41789 -8.13078 5.45233
      vertex 30.3846 -4.32608 23.352
    endloop
  endfacet
  facet normal 4.51761e-06 -0.978149 0.207907
    outer loop
      vertex 9.59851 -8.15379 5.34407
      vertex 30.3846 -4.32608 23.352
      vertex 9.41789 -8.13078 5.45233
    endloop
  endfacet
  facet normal 1.82673e-05 -0.978152 0.207892
    outer loop
      vertex 9.75959 -8.18239 5.20949
      vertex 30.3846 -4.32608 23.352
      vertex 9.59851 -8.15379 5.34407
    endloop
  endfacet
  facet normal -9.55455e-06 -0.978145 0.207922
    outer loop
      vertex 30.3846 -4.32608 23.352
      vertex 9.75959 -8.18239 5.20949
      vertex 30.7453 -4.44848 22.7762
    endloop
  endfacet
  facet normal -2.90409e-05 -0.978141 0.207944
    outer loop
      vertex 9.89717 -8.21589 5.05193
      vertex 30.7453 -4.44848 22.7762
      vertex 9.75959 -8.18239 5.20949
    endloop
  endfacet
  facet normal -2.14973e-05 -0.978148 0.207911
    outer loop
      vertex 9.22217 -2.20255 33.3425
      vertex 9.22217 -8.11392 5.53163
      vertex 9.41789 -8.13078 5.45233
    endloop
  endfacet
  facet normal 6.43097e-06 -0.978148 0.207912
    outer loop
      vertex 9.01619 -2.21283 33.2941
      vertex 9.01619 -8.10364 5.58
      vertex 9.22217 -8.11392 5.53163
    endloop
  endfacet
  facet normal -1.77213e-05 -0.978148 0.207912
    outer loop
      vertex 8.805 -2.21628 33.2778
      vertex 8.805 -8.10018 5.59626
      vertex 9.01619 -8.10364 5.58
    endloop
  endfacet
  facet normal -6.17202e-05 -0.978148 0.207912
    outer loop
      vertex 8.19211 -8.13078 5.45233
      vertex 8.19211 -2.18569 33.4218
      vertex 8.01149 -2.16268 33.53
    endloop
  endfacet
  facet normal 8.50716e-07 -0.978148 0.207912
    outer loop
      vertex 8.01149 -8.15379 5.34407
      vertex 8.01149 -2.16268 33.53
      vertex 7.85041 -2.13407 33.6646
    endloop
  endfacet
  facet normal 6.33893e-05 -0.978148 0.207912
    outer loop
      vertex 7.71283 -2.10058 33.8222
      vertex 7.71283 -8.21589 5.05193
      vertex 7.85041 -2.13407 33.6646
    endloop
  endfacet
  facet normal 1.77508e-05 -0.978148 0.207912
    outer loop
      vertex 8.59381 -2.21283 33.2941
      vertex 8.59381 -8.10364 5.58
      vertex 8.805 -8.10018 5.59626
    endloop
  endfacet
  facet normal -6.35594e-06 -0.978148 0.207911
    outer loop
      vertex 8.38783 -2.20255 33.3425
      vertex 8.38783 -8.11392 5.53163
      vertex 8.59381 -8.10364 5.58
    endloop
  endfacet
  facet normal 2.13754e-05 -0.978148 0.207912
    outer loop
      vertex 8.19211 -2.18569 33.4218
      vertex 8.19211 -8.13078 5.45233
      vertex 8.38783 -8.11392 5.53163
    endloop
  endfacet
  facet normal -7.55461e-06 -0.978148 0.207912
    outer loop
      vertex 8.01149 -2.16268 33.53
      vertex 8.01149 -8.15379 5.34407
      vertex 8.19211 -8.13078 5.45233
    endloop
  endfacet
  facet normal -3.55872e-05 -0.978148 0.207912
    outer loop
      vertex 7.85041 -2.13407 33.6646
      vertex 7.85041 -8.18239 5.20949
      vertex 8.01149 -8.15379 5.34407
    endloop
  endfacet
  facet normal 6.8182e-05 -0.978148 0.207912
    outer loop
      vertex 7.85041 -2.13407 33.6646
      vertex 7.71283 -8.21589 5.05193
      vertex 7.85041 -8.18239 5.20949
    endloop
  endfacet
  facet normal -1.09981e-06 -0.978148 0.207912
    outer loop
      vertex 4.305 -9.0046 1.34132
      vertex 7.71283 -8.21589 5.05193
      vertex 4.305 -1.31187 37.5328
    endloop
  endfacet
  facet normal 8.11556e-05 -0.978163 0.207839
    outer loop
      vertex 7.71283 -8.21589 5.05193
      vertex 4.305 -9.0046 1.34132
      vertex 7.60214 -8.25344 4.87525
    endloop
  endfacet
  facet normal -2.988e-06 -0.978147 0.207914
    outer loop
      vertex 7.60214 -8.25344 4.87525
      vertex 4.305 -9.0046 1.34132
      vertex 7.52107 -8.29413 4.68382
    endloop
  endfacet
  facet normal -1.35251e-05 -0.978145 0.207924
    outer loop
      vertex 7.52107 -8.29413 4.68382
      vertex 4.305 -9.0046 1.34132
      vertex 7.47162 -8.33696 4.48233
    endloop
  endfacet
  facet normal -1.19509e-05 -0.978145 0.207923
    outer loop
      vertex 7.47162 -8.33696 4.48233
      vertex 4.305 -9.0046 1.34132
      vertex 7.455 -8.38087 4.27576
    endloop
  endfacet
  facet normal -3.77806e-05 -0.978156 0.207873
    outer loop
      vertex 175.192 -8.63095 3.09919
      vertex 178.805 -9.31647 -0.125904
      vertex 175.388 -8.64781 3.01989
    endloop
  endfacet
  facet normal 5.46957e-06 -0.978148 0.207908
    outer loop
      vertex 8.38783 -8.64781 3.01989
      vertex 5.805 -9.31647 -0.125904
      vertex 8.59381 -8.65809 2.97152
    endloop
  endfacet
  facet normal -1.59133e-05 -0.978145 0.207924
    outer loop
      vertex 8.19211 -8.63095 3.09919
      vertex 5.805 -9.31647 -0.125904
      vertex 8.38783 -8.64781 3.01989
    endloop
  endfacet
  facet normal 5.79513e-06 -0.978148 0.207909
    outer loop
      vertex 8.01149 -8.60794 3.20745
      vertex 5.805 -9.31647 -0.125904
      vertex 8.19211 -8.63095 3.09919
    endloop
  endfacet
  facet normal 2.35105e-05 -0.978151 0.207898
    outer loop
      vertex 7.85041 -8.57934 3.34203
      vertex 5.805 -9.31647 -0.125904
      vertex 8.01149 -8.60794 3.20745
    endloop
  endfacet
  facet normal -1.16256e-06 -0.978148 0.207912
    outer loop
      vertex 5.805 -9.31647 -0.125904
      vertex 7.85041 -8.57934 3.34203
      vertex 4.305 -9.0046 1.34132
    endloop
  endfacet
  facet normal 2.20176e-07 -0.978148 0.207909
    outer loop
      vertex 7.71283 -8.54585 3.49959
      vertex 4.305 -9.0046 1.34132
      vertex 7.85041 -8.57934 3.34203
    endloop
  endfacet
  facet normal -1.47376e-05 -0.978143 0.207932
    outer loop
      vertex 7.60214 -8.50829 3.67627
      vertex 4.305 -9.0046 1.34132
      vertex 7.71283 -8.54585 3.49959
    endloop
  endfacet
  facet normal -5.86794e-07 -0.978147 0.207913
    outer loop
      vertex 7.52107 -8.4676 3.8677
      vertex 4.305 -9.0046 1.34132
      vertex 7.60214 -8.50829 3.67627
    endloop
  endfacet
  facet normal -5.97997e-06 -0.978146 0.207919
    outer loop
      vertex 7.47162 -8.42477 4.06919
      vertex 4.305 -9.0046 1.34132
      vertex 7.52107 -8.4676 3.8677
    endloop
  endfacet
  facet normal 3.07516e-05 -0.978155 0.207879
    outer loop
      vertex 7.455 -8.38087 4.27576
      vertex 4.305 -9.0046 1.34132
      vertex 7.47162 -8.42477 4.06919
    endloop
  endfacet
  facet normal -7.17404e-05 -0.978134 0.207976
    outer loop
      vertex 176.016 -1.65838 35.9026
      vertex 178.805 -1 39
      vertex 175.805 -1.65492 35.9188
    endloop
  endfacet
  facet normal 3.07724e-05 -0.978153 0.207887
    outer loop
      vertex 176.222 -1.66866 35.8542
      vertex 178.805 -1 39
      vertex 176.016 -1.65838 35.9026
    endloop
  endfacet
  facet normal 2.14443e-05 -0.978151 0.207895
    outer loop
      vertex 176.418 -1.68551 35.7749
      vertex 178.805 -1 39
      vertex 176.222 -1.66866 35.8542
    endloop
  endfacet
  facet normal -1.24148e-06 -0.978148 0.207911
    outer loop
      vertex 176.599 -1.70853 35.6666
      vertex 178.805 -1 39
      vertex 176.418 -1.68551 35.7749
    endloop
  endfacet
  facet normal -4.45477e-05 -0.978142 0.207938
    outer loop
      vertex 176.76 -1.73713 35.5321
      vertex 178.805 -1 39
      vertex 176.599 -1.70853 35.6666
    endloop
  endfacet
  facet normal -2.00787e-06 -0.978147 0.207914
    outer loop
      vertex 178.805 -1 39
      vertex 176.76 -1.73713 35.5321
      vertex 180.305 -1.31187 37.5328
    endloop
  endfacet
  facet normal 2.05935e-05 -0.978155 0.207876
    outer loop
      vertex 176.897 -1.77062 35.3745
      vertex 180.305 -1.31187 37.5328
      vertex 176.76 -1.73713 35.5321
    endloop
  endfacet
  facet normal -5.37201e-06 -0.978147 0.207915
    outer loop
      vertex 177.008 -1.80818 35.1978
      vertex 180.305 -1.31187 37.5328
      vertex 176.897 -1.77062 35.3745
    endloop
  endfacet
  facet normal -2.07702e-05 -0.978142 0.207936
    outer loop
      vertex 177.089 -1.84887 35.0064
      vertex 180.305 -1.31187 37.5328
      vertex 177.008 -1.80818 35.1978
    endloop
  endfacet
  facet normal 3.17494e-05 -0.978156 0.207872
    outer loop
      vertex 177.138 -1.89169 34.8049
      vertex 180.305 -1.31187 37.5328
      vertex 177.089 -1.84887 35.0064
    endloop
  endfacet
  facet normal 1.21774e-05 -0.978151 0.207894
    outer loop
      vertex 177.155 -1.9356 34.5983
      vertex 180.305 -1.31187 37.5328
      vertex 177.138 -1.89169 34.8049
    endloop
  endfacet
  facet normal -8.73754e-05 -0.97813 0.207996
    outer loop
      vertex 177.138 -1.97951 34.3918
      vertex 180.305 -1.31187 37.5328
      vertex 177.155 -1.9356 34.5983
    endloop
  endfacet
  facet normal 8.68582e-07 -0.978148 0.207911
    outer loop
      vertex 177.089 -2.02234 34.1903
      vertex 180.305 -1.31187 37.5328
      vertex 177.138 -1.97951 34.3918
    endloop
  endfacet
  facet normal 0.000137973 -0.978175 0.207785
    outer loop
      vertex 177.008 -2.06303 33.9988
      vertex 180.305 -1.31187 37.5328
      vertex 177.089 -2.02234 34.1903
    endloop
  endfacet
  facet normal -0.000241179 -0.978103 0.208123
    outer loop
      vertex 176.897 -2.10058 33.8222
      vertex 180.305 -1.31187 37.5328
      vertex 177.008 -2.06303 33.9988
    endloop
  endfacet
  facet normal -0.000153291 -0.978132 0.207986
    outer loop
      vertex 172.256 -4.04086 24.6939
      vertex 176.897 -2.10058 33.8222
      vertex 176.76 -2.13407 33.6646
    endloop
  endfacet
  facet normal -1.2218e-07 -0.978148 0.207912
    outer loop
      vertex 98.6793 -3.08936 29.1704
      vertex 9.22217 -1.66866 35.8542
      vertex 34.9933 -3.00722 29.5568
    endloop
  endfacet
  facet normal -5.2128e-07 -0.978161 0.207849
    outer loop
      vertex 98.6793 -3.08936 29.1704
      vertex 34.9933 -3.00722 29.5568
      vertex 35.6647 -3.04073 29.3991
    endloop
  endfacet
  facet normal -4.50514e-05 -0.978139 0.207951
    outer loop
      vertex 174.602 -2.06303 33.9988
      vertex 170.121 -3.16976 28.7921
      vertex 174.713 -2.10058 33.8222
    endloop
  endfacet
  facet normal -2.2491e-06 -0.978147 0.207914
    outer loop
      vertex 170.656 -3.23795 28.4713
      vertex 174.713 -2.10058 33.8222
      vertex 170.121 -3.16976 28.7921
    endloop
  endfacet
  facet normal 3.41178e-05 -0.978153 0.207887
    outer loop
      vertex 174.713 -2.10058 33.8222
      vertex 170.656 -3.23795 28.4713
      vertex 174.85 -2.13407 33.6646
    endloop
  endfacet
  facet normal 1.35133e-06 -0.978147 0.207912
    outer loop
      vertex 174.85 -2.13407 33.6646
      vertex 170.656 -3.23795 28.4713
      vertex 175.011 -2.16268 33.53
    endloop
  endfacet
  facet normal -3.45966e-06 -0.978147 0.207916
    outer loop
      vertex 171.133 -3.3227 28.0726
      vertex 175.011 -2.16268 33.53
      vertex 170.656 -3.23795 28.4713
    endloop
  endfacet
  facet normal -4.21242e-05 -0.978141 0.207943
    outer loop
      vertex 175.011 -2.16268 33.53
      vertex 171.133 -3.3227 28.0726
      vertex 175.192 -2.18569 33.4218
    endloop
  endfacet
  facet normal -1.61456e-05 -0.978145 0.207924
    outer loop
      vertex 175.192 -2.18569 33.4218
      vertex 171.133 -3.3227 28.0726
      vertex 175.388 -2.20255 33.3425
    endloop
  endfacet
  facet normal 1.55723e-05 -0.97815 0.207899
    outer loop
      vertex 171.541 -3.42193 27.6057
      vertex 175.388 -2.20255 33.3425
      vertex 171.133 -3.3227 28.0726
    endloop
  endfacet
  facet normal 3.12385e-05 -0.978152 0.207889
    outer loop
      vertex 175.388 -2.20255 33.3425
      vertex 171.541 -3.42193 27.6057
      vertex 175.594 -2.21283 33.2941
    endloop
  endfacet
  facet normal 3.82228e-06 -0.978148 0.207908
    outer loop
      vertex 171.869 -3.5332 27.0822
      vertex 175.594 -2.21283 33.2941
      vertex 171.541 -3.42193 27.6057
    endloop
  endfacet
  facet normal 6.48876e-05 -0.978156 0.207873
    outer loop
      vertex 175.594 -2.21283 33.2941
      vertex 171.869 -3.5332 27.0822
      vertex 175.805 -2.21628 33.2778
    endloop
  endfacet
  facet normal -7.1584e-05 -0.978138 0.207956
    outer loop
      vertex 175.805 -2.21628 33.2778
      vertex 171.869 -3.5332 27.0822
      vertex 176.016 -2.21283 33.2941
    endloop
  endfacet
  facet normal -1.39782e-05 -0.978146 0.207919
    outer loop
      vertex 172.109 -3.65377 26.515
      vertex 176.016 -2.21283 33.2941
      vertex 171.869 -3.5332 27.0822
    endloop
  endfacet
  facet normal -4.24085e-05 -0.978143 0.207935
    outer loop
      vertex 176.016 -2.21283 33.2941
      vertex 172.109 -3.65377 26.515
      vertex 176.222 -2.20255 33.3425
    endloop
  endfacet
  facet normal -8.88195e-06 -0.978147 0.207915
    outer loop
      vertex 172.256 -3.78067 25.918
      vertex 176.222 -2.20255 33.3425
      vertex 172.109 -3.65377 26.515
    endloop
  endfacet
  facet normal 2.75721e-05 -0.978151 0.207897
    outer loop
      vertex 176.222 -2.20255 33.3425
      vertex 172.256 -3.78067 25.918
      vertex 176.418 -2.18569 33.4218
    endloop
  endfacet
  facet normal 3.95643e-05 -0.978152 0.20789
    outer loop
      vertex 172.305 -3.91076 25.3059
      vertex 176.418 -2.18569 33.4218
      vertex 172.256 -3.78067 25.918
    endloop
  endfacet
  facet normal 9.00683e-05 -0.978157 0.207866
    outer loop
      vertex 176.418 -2.18569 33.4218
      vertex 172.305 -3.91076 25.3059
      vertex 176.599 -2.16268 33.53
    endloop
  endfacet
  facet normal -8.7837e-08 -0.978148 0.207911
    outer loop
      vertex 176.599 -2.16268 33.53
      vertex 172.305 -3.91076 25.3059
      vertex 176.76 -2.13407 33.6646
    endloop
  endfacet
  facet normal -5.59768e-05 -0.978142 0.20794
    outer loop
      vertex 172.256 -4.04086 24.6939
      vertex 176.76 -2.13407 33.6646
      vertex 172.305 -3.91076 25.3059
    endloop
  endfacet
  facet normal -3.51443e-08 -0.978148 0.207912
    outer loop
      vertex 176.897 -2.10058 33.8222
      vertex 172.256 -4.04086 24.6939
      vertex 176.897 -8.21589 5.05193
    endloop
  endfacet
  facet normal 1.26344e-05 -0.978147 0.207915
    outer loop
      vertex 176.897 -8.21589 5.05193
      vertex 172.256 -4.04086 24.6939
      vertex 172.109 -4.16776 24.0969
    endloop
  endfacet
  facet normal -4.86217e-06 -0.978148 0.20791
    outer loop
      vertex 176.599 -8.15379 5.34407
      vertex 172.109 -4.16776 24.0969
      vertex 171.869 -4.28832 23.5297
    endloop
  endfacet
  facet normal 2.42847e-05 -0.978155 0.207879
    outer loop
      vertex 9.89717 -8.54585 3.49959
      vertex 35.6647 -4.7808 21.2127
      vertex 34.9933 -4.81431 21.0551
    endloop
  endfacet
  facet normal -8.76428e-06 -0.978145 0.207924
    outer loop
      vertex 10.0079 -8.50829 3.67627
      vertex 34.9933 -4.81431 21.0551
      vertex 34.305 -4.82557 21.0021
    endloop
  endfacet
  facet normal -2.04698e-06 -0.978147 0.207914
    outer loop
      vertex 30.7453 -4.44848 22.7762
      vertex 9.89717 -8.21589 5.05193
      vertex 31.1937 -4.55763 22.2627
    endloop
  endfacet
  facet normal 1.32809e-05 -0.978151 0.207896
    outer loop
      vertex 10.0079 -8.25344 4.87525
      vertex 31.1937 -4.55763 22.2627
      vertex 9.89717 -8.21589 5.05193
    endloop
  endfacet
  facet normal 1.69843e-05 -0.978152 0.207892
    outer loop
      vertex 31.1937 -4.55763 22.2627
      vertex 10.0079 -8.25344 4.87525
      vertex 31.7187 -4.65086 21.824
    endloop
  endfacet
  facet normal 8.86931e-07 -0.978147 0.207912
    outer loop
      vertex 175.594 -8.10364 5.58
      vertex 169.541 -4.70171 21.5848
      vertex 168.931 -4.73217 21.4415
    endloop
  endfacet
  facet normal -1.58838e-05 -0.978149 0.207906
    outer loop
      vertex 175.594 -8.10364 5.58
      vertex 170.121 -4.65177 21.8198
      vertex 169.541 -4.70171 21.5848
    endloop
  endfacet
  facet normal 3.09794e-06 -0.978148 0.207912
    outer loop
      vertex 175.805 -8.10018 5.59626
      vertex 170.656 -4.58358 22.1406
      vertex 170.121 -4.65177 21.8198
    endloop
  endfacet
  facet normal -1.82302e-05 -0.978149 0.207906
    outer loop
      vertex 176.016 -8.10364 5.58
      vertex 170.656 -4.58358 22.1406
      vertex 175.805 -8.10018 5.59626
    endloop
  endfacet
  facet normal 6.13294e-06 -0.978147 0.207913
    outer loop
      vertex 170.656 -4.58358 22.1406
      vertex 176.016 -8.10364 5.58
      vertex 171.133 -4.49883 22.5393
    endloop
  endfacet
  facet normal 6.92322e-06 -0.978147 0.207914
    outer loop
      vertex 176.222 -8.11392 5.53163
      vertex 171.133 -4.49883 22.5393
      vertex 176.016 -8.10364 5.58
    endloop
  endfacet
  facet normal -4.65703e-06 -0.978148 0.20791
    outer loop
      vertex 171.133 -4.49883 22.5393
      vertex 176.222 -8.11392 5.53163
      vertex 171.541 -4.39959 23.0062
    endloop
  endfacet
  facet normal -2.39848e-05 -0.978149 0.207905
    outer loop
      vertex 176.418 -8.13078 5.45233
      vertex 171.541 -4.39959 23.0062
      vertex 176.222 -8.11392 5.53163
    endloop
  endfacet
  facet normal -6.92644e-06 -0.978148 0.20791
    outer loop
      vertex 171.541 -4.39959 23.0062
      vertex 176.418 -8.13078 5.45233
      vertex 171.869 -4.28832 23.5297
    endloop
  endfacet
  facet normal 8.59926e-06 -0.978147 0.207914
    outer loop
      vertex 176.599 -8.15379 5.34407
      vertex 171.869 -4.28832 23.5297
      vertex 176.418 -8.13078 5.45233
    endloop
  endfacet
  facet normal 4.41409e-05 -0.978146 0.207921
    outer loop
      vertex 172.109 -4.16776 24.0969
      vertex 176.599 -8.15379 5.34407
      vertex 176.76 -8.18239 5.20949
    endloop
  endfacet
  facet normal -9.6579e-05 -0.978153 0.207888
    outer loop
      vertex 172.109 -4.16776 24.0969
      vertex 176.76 -8.18239 5.20949
      vertex 176.897 -8.21589 5.05193
    endloop
  endfacet
  facet normal -6.94679e-07 -0.978148 0.207912
    outer loop
      vertex 176.897 -2.10058 33.8222
      vertex 176.897 -8.21589 5.05193
      vertex 180.305 -1.31187 37.5328
    endloop
  endfacet
  facet normal -8.16335e-05 -0.978163 0.207839
    outer loop
      vertex 180.305 -9.0046 1.34132
      vertex 176.897 -8.21589 5.05193
      vertex 177.008 -8.25344 4.87525
    endloop
  endfacet
  facet normal 2.98609e-06 -0.978147 0.207914
    outer loop
      vertex 180.305 -9.0046 1.34132
      vertex 177.008 -8.25344 4.87525
      vertex 177.089 -8.29413 4.68382
    endloop
  endfacet
  facet normal 1.34835e-05 -0.978145 0.207924
    outer loop
      vertex 180.305 -9.0046 1.34132
      vertex 177.089 -8.29413 4.68382
      vertex 177.138 -8.33696 4.48233
    endloop
  endfacet
  facet normal 1.19731e-05 -0.978145 0.207923
    outer loop
      vertex 180.305 -9.0046 1.34132
      vertex 177.138 -8.33696 4.48233
      vertex 177.155 -8.38087 4.27576
    endloop
  endfacet
  facet normal -3.07027e-05 -0.978155 0.207879
    outer loop
      vertex 180.305 -9.0046 1.34132
      vertex 177.155 -8.38087 4.27576
      vertex 177.138 -8.42477 4.06919
    endloop
  endfacet
  facet normal 1.09975e-06 -0.978148 0.207912
    outer loop
      vertex 176.897 -8.21589 5.05193
      vertex 180.305 -9.0046 1.34132
      vertex 180.305 -1.31187 37.5328
    endloop
  endfacet
  facet normal 5.98889e-06 -0.978146 0.207919
    outer loop
      vertex 177.089 -8.4676 3.8677
      vertex 180.305 -9.0046 1.34132
      vertex 177.138 -8.42477 4.06919
    endloop
  endfacet
  facet normal 5.8693e-07 -0.978147 0.207913
    outer loop
      vertex 177.008 -8.50829 3.67627
      vertex 180.305 -9.0046 1.34132
      vertex 177.089 -8.4676 3.8677
    endloop
  endfacet
  facet normal 1.47254e-05 -0.978143 0.207932
    outer loop
      vertex 176.897 -8.54585 3.49959
      vertex 180.305 -9.0046 1.34132
      vertex 177.008 -8.50829 3.67627
    endloop
  endfacet
  facet normal -2.205e-07 -0.978148 0.207909
    outer loop
      vertex 176.76 -8.57934 3.34203
      vertex 180.305 -9.0046 1.34132
      vertex 176.897 -8.54585 3.49959
    endloop
  endfacet
  facet normal -2.35199e-05 -0.978151 0.207898
    outer loop
      vertex 178.805 -9.31647 -0.125904
      vertex 176.76 -8.57934 3.34203
      vertex 176.599 -8.60794 3.20745
    endloop
  endfacet
  facet normal -5.78678e-06 -0.978148 0.207909
    outer loop
      vertex 178.805 -9.31647 -0.125904
      vertex 176.599 -8.60794 3.20745
      vertex 176.418 -8.63095 3.09919
    endloop
  endfacet
  facet normal 1.5896e-05 -0.978145 0.207924
    outer loop
      vertex 178.805 -9.31647 -0.125904
      vertex 176.418 -8.63095 3.09919
      vertex 176.222 -8.64781 3.01989
    endloop
  endfacet
  facet normal -5.46906e-06 -0.978148 0.207908
    outer loop
      vertex 178.805 -9.31647 -0.125904
      vertex 176.222 -8.64781 3.01989
      vertex 176.016 -8.65809 2.97152
    endloop
  endfacet
  facet normal 1.65541e-05 -0.978144 0.207927
    outer loop
      vertex 178.805 -9.31647 -0.125904
      vertex 176.016 -8.65809 2.97152
      vertex 175.805 -8.66155 2.95526
    endloop
  endfacet
  facet normal 8.75691e-06 -0.978146 0.207921
    outer loop
      vertex 175.388 -8.64781 3.01989
      vertex 178.805 -9.31647 -0.125904
      vertex 175.594 -8.65809 2.97152
    endloop
  endfacet
  facet normal -1.92399e-05 -0.978152 0.207893
    outer loop
      vertex 175.594 -8.65809 2.97152
      vertex 178.805 -9.31647 -0.125904
      vertex 175.805 -8.66155 2.95526
    endloop
  endfacet
  facet normal 1.16264e-06 -0.978148 0.207912
    outer loop
      vertex 176.76 -8.57934 3.34203
      vertex 178.805 -9.31647 -0.125904
      vertex 180.305 -9.0046 1.34132
    endloop
  endfacet
  facet normal -4.86177e-07 -0.978147 0.207913
    outer loop
      vertex 10.0889 -8.29413 4.68382
      vertex 31.7187 -4.65086 21.824
      vertex 10.0079 -8.25344 4.87525
    endloop
  endfacet
  facet normal 1.73343e-05 -0.978146 0.207917
    outer loop
      vertex 170.121 -4.65177 21.8198
      vertex 175.594 -8.10364 5.58
      vertex 175.805 -8.10018 5.59626
    endloop
  endfacet
  facet normal -1.87248e-05 -0.978143 0.207935
    outer loop
      vertex 31.7187 -4.65086 21.824
      vertex 10.0889 -8.29413 4.68382
      vertex 32.3074 -4.72587 21.4712
    endloop
  endfacet
  facet normal -5.93574e-06 -0.978148 0.20791
    outer loop
      vertex 168.931 -4.73217 21.4415
      vertex 175.388 -8.11392 5.53163
      vertex 175.594 -8.10364 5.58
    endloop
  endfacet
  facet normal -6.40907e-06 -0.978146 0.207919
    outer loop
      vertex 10.1384 -8.33696 4.48233
      vertex 32.3074 -4.72587 21.4712
      vertex 10.0889 -8.29413 4.68382
    endloop
  endfacet
  facet normal 1.82227e-05 -0.978146 0.207919
    outer loop
      vertex 168.931 -4.73217 21.4415
      vertex 175.192 -8.13078 5.45233
      vertex 175.388 -8.11392 5.53163
    endloop
  endfacet
  facet normal 1.58305e-05 -0.978152 0.207892
    outer loop
      vertex 32.3074 -4.72587 21.4712
      vertex 10.1384 -8.33696 4.48233
      vertex 32.9453 -4.7808 21.2127
    endloop
  endfacet
  facet normal -6.22099e-06 -0.978148 0.20791
    outer loop
      vertex 168.931 -4.73217 21.4415
      vertex 175.011 -8.15379 5.34407
      vertex 175.192 -8.13078 5.45233
    endloop
  endfacet
  facet normal -6.77896e-06 -0.978146 0.207921
    outer loop
      vertex 10.155 -8.38087 4.27576
      vertex 32.9453 -4.7808 21.2127
      vertex 10.1384 -8.33696 4.48233
    endloop
  endfacet
  facet normal -7.96105e-06 -0.978148 0.207909
    outer loop
      vertex 168.305 -4.74241 21.3933
      vertex 175.011 -8.15379 5.34407
      vertex 168.931 -4.73217 21.4415
    endloop
  endfacet
  facet normal -1.21475e-05 -0.978144 0.207928
    outer loop
      vertex 32.9453 -4.7808 21.2127
      vertex 10.155 -8.38087 4.27576
      vertex 33.6167 -4.81431 21.0551
    endloop
  endfacet
  facet normal -2.68054e-05 -0.97815 0.207902
    outer loop
      vertex 175.011 -8.15379 5.34407
      vertex 168.305 -4.74241 21.3933
      vertex 174.85 -8.18239 5.20949
    endloop
  endfacet
  facet normal 2.81101e-05 -0.978156 0.207874
    outer loop
      vertex 10.1384 -8.42477 4.06919
      vertex 33.6167 -4.81431 21.0551
      vertex 10.155 -8.38087 4.27576
    endloop
  endfacet
  facet normal 4.64879e-05 -0.978144 0.20793
    outer loop
      vertex 174.85 -8.18239 5.20949
      vertex 168.305 -4.74241 21.3933
      vertex 174.713 -8.21589 5.05193
    endloop
  endfacet
  facet normal -8.78604e-06 -0.978145 0.207923
    outer loop
      vertex 10.0889 -8.4676 3.8677
      vertex 33.6167 -4.81431 21.0551
      vertex 10.1384 -8.42477 4.06919
    endloop
  endfacet
  facet normal 8.48976e-06 -0.978147 0.207916
    outer loop
      vertex 167.679 -4.73217 21.4415
      vertex 174.713 -8.21589 5.05193
      vertex 168.305 -4.74241 21.3933
    endloop
  endfacet
  facet normal 7.0495e-06 -0.97815 0.207902
    outer loop
      vertex 33.6167 -4.81431 21.0551
      vertex 10.0889 -8.4676 3.8677
      vertex 34.305 -4.82557 21.0021
    endloop
  endfacet
  facet normal -2.40531e-05 -0.97815 0.207902
    outer loop
      vertex 174.713 -8.21589 5.05193
      vertex 167.679 -4.73217 21.4415
      vertex 174.602 -8.25344 4.87525
    endloop
  endfacet
  facet normal -2.91192e-05 -0.978156 0.207874
    outer loop
      vertex 150.931 -4.73217 21.4415
      vertex 174.472 -8.42477 4.06919
      vertex 174.455 -8.38087 4.27576
    endloop
  endfacet
  facet normal -1.0716e-06 -0.978148 0.207912
    outer loop
      vertex 167.069 -4.70171 21.5848
      vertex 174.602 -8.25344 4.87525
      vertex 167.679 -4.73217 21.4415
    endloop
  endfacet
  facet normal 6.97776e-06 -0.978146 0.207921
    outer loop
      vertex 151.541 -4.70171 21.5848
      vertex 174.455 -8.38087 4.27576
      vertex 174.472 -8.33696 4.48233
    endloop
  endfacet
  facet normal 1.37006e-06 -0.978147 0.207913
    outer loop
      vertex 174.602 -8.25344 4.87525
      vertex 167.069 -4.70171 21.5848
      vertex 174.521 -8.29413 4.68382
    endloop
  endfacet
  facet normal -1.48571e-06 -0.978147 0.207914
    outer loop
      vertex 10.0079 -8.50829 3.67627
      vertex 34.305 -4.82557 21.0021
      vertex 10.0889 -8.4676 3.8677
    endloop
  endfacet
  facet normal 8.00779e-06 -0.978145 0.207923
    outer loop
      vertex 150.305 -4.74241 21.3933
      vertex 174.521 -8.4676 3.8677
      vertex 174.472 -8.42477 4.06919
    endloop
  endfacet
  facet normal -3.78943e-05 -0.978137 0.207964
    outer loop
      vertex 34.9933 -4.81431 21.0551
      vertex 10.0079 -8.50829 3.67627
      vertex 9.89717 -8.54585 3.49959
    endloop
  endfacet
  facet normal 1.07736e-06 -0.978147 0.207914
    outer loop
      vertex 150.305 -4.74241 21.3933
      vertex 174.602 -8.50829 3.67627
      vertex 174.521 -8.4676 3.8677
    endloop
  endfacet
  facet normal 5.55931e-06 -0.978149 0.207905
    outer loop
      vertex 35.6647 -4.7808 21.2127
      vertex 9.89717 -8.54585 3.49959
      vertex 9.75959 -8.57934 3.34203
    endloop
  endfacet
  facet normal 9.17318e-06 -0.978145 0.207924
    outer loop
      vertex 149.679 -4.73217 21.4415
      vertex 174.602 -8.50829 3.67627
      vertex 150.305 -4.74241 21.3933
    endloop
  endfacet
  facet normal -4.77953e-07 -0.978147 0.207914
    outer loop
      vertex 98.0689 -4.70171 21.5848
      vertex 5.805 -9.31647 -0.125904
      vertex 98.6793 -4.73217 21.4415
    endloop
  endfacet
  facet normal -1.51935e-06 -0.978148 0.207908
    outer loop
      vertex 122.931 -4.73217 21.4415
      vertex 174.85 -8.57934 3.34203
      vertex 174.713 -8.54585 3.49959
    endloop
  endfacet
  facet normal 6.15279e-06 -0.978153 0.207887
    outer loop
      vertex 98.6793 -4.73217 21.4415
      vertex 5.805 -9.31647 -0.125904
      vertex 99.305 -4.74241 21.3933
    endloop
  endfacet
  facet normal -2.52962e-05 -0.978162 0.207842
    outer loop
      vertex 122.305 -4.74241 21.3933
      vertex 175.011 -8.60794 3.20745
      vertex 174.85 -8.57934 3.34203
    endloop
  endfacet
  facet normal -2.54636e-05 -0.978141 0.20794
    outer loop
      vertex 5.805 -9.31647 -0.125904
      vertex 9.59851 -8.60794 3.20745
      vertex 9.41789 -8.63095 3.09919
    endloop
  endfacet
  facet normal 0 -0.978147 0.207912
    outer loop
      vertex 178.805 -9.31647 -0.125904
      vertex 99.305 -4.74241 21.3933
      vertex 5.805 -9.31647 -0.125904
    endloop
  endfacet
  facet normal 3.78786e-05 -0.978156 0.207873
    outer loop
      vertex 5.805 -9.31647 -0.125904
      vertex 9.41789 -8.63095 3.09919
      vertex 9.22217 -8.64781 3.01989
    endloop
  endfacet
  facet normal 3.70508e-07 -0.978147 0.207913
    outer loop
      vertex 122.305 -4.74241 21.3933
      vertex 178.805 -9.31647 -0.125904
      vertex 175.011 -8.60794 3.20745
    endloop
  endfacet
  facet normal 1.92212e-05 -0.978152 0.207893
    outer loop
      vertex 8.805 -8.66155 2.95526
      vertex 5.805 -9.31647 -0.125904
      vertex 9.01619 -8.65809 2.97152
    endloop
  endfacet
  facet normal -8.7582e-06 -0.978146 0.207921
    outer loop
      vertex 9.01619 -8.65809 2.97152
      vertex 5.805 -9.31647 -0.125904
      vertex 9.22217 -8.64781 3.01989
    endloop
  endfacet
  facet normal -1.65402e-05 -0.978144 0.207927
    outer loop
      vertex 8.59381 -8.65809 2.97152
      vertex 5.805 -9.31647 -0.125904
      vertex 8.805 -8.66155 2.95526
    endloop
  endfacet
  facet normal 2.53032e-05 -0.978142 0.20794
    outer loop
      vertex 175.011 -8.60794 3.20745
      vertex 178.805 -9.31647 -0.125904
      vertex 175.192 -8.63095 3.09919
    endloop
  endfacet
  facet normal 0 -0.207911 -0.978148
    outer loop
      vertex 5.805 -9.31647 -0.125904
      vertex 178.805 -7.36017 -0.541727
      vertex 178.805 -9.31647 -0.125904
    endloop
  endfacet
  facet normal -0 -0.207911 -0.978148
    outer loop
      vertex 178.805 -7.36017 -0.541727
      vertex 5.805 -9.31647 -0.125904
      vertex 5.805 -7.36017 -0.541727
    endloop
  endfacet
  facet normal -1 0 0
    outer loop
      vertex 4.305 -7.04831 0.925494
      vertex 4.305 -1.31187 37.5328
      vertex 4.305 0.644428 37.117
    endloop
  endfacet
  facet normal -1 0 0
    outer loop
      vertex 4.305 -1.31187 37.5328
      vertex 4.305 -7.04831 0.925494
      vertex 4.305 -9.0046 1.34132
    endloop
  endfacet
  facet normal -0 0.207901 0.97815
    outer loop
      vertex 5.805 0.956295 38.5842
      vertex 178.805 -1 39
      vertex 178.805 0.956295 38.5842
    endloop
  endfacet
  facet normal 0 0.207901 0.97815
    outer loop
      vertex 178.805 -1 39
      vertex 5.805 0.956295 38.5842
      vertex 5.805 -1 39
    endloop
  endfacet
  facet normal 0.707102 0.147009 0.691661
    outer loop
      vertex 178.805 -1 39
      vertex 180.305 0.644428 37.117
      vertex 178.805 0.956295 38.5842
    endloop
  endfacet
  facet normal 0.707102 0.147009 0.691661
    outer loop
      vertex 180.305 0.644428 37.117
      vertex 178.805 -1 39
      vertex 180.305 -1.31187 37.5328
    endloop
  endfacet
endsolid OpenSCAD_Model
