solid OpenSCAD_Model
  facet normal 0.194885 0 -0.980826
    outer loop
      vertex 100.617 71.2 99.9239
      vertex 101 72.8 100
      vertex 101 71.2 100
    endloop
  endfacet
  facet normal 0.194885 0 -0.980826
    outer loop
      vertex 101 72.8 100
      vertex 100.617 71.2 99.9239
      vertex 100.617 72.8 99.9239
    endloop
  endfacet
  facet normal -0.194885 0 0.980826
    outer loop
      vertex 101 72.8 85
      vertex 101.383 71.2 85.0761
      vertex 101.383 72.8 85.0761
    endloop
  endfacet
  facet normal -0.194885 0 0.980826
    outer loop
      vertex 101.383 71.2 85.0761
      vertex 101 72.8 85
      vertex 101 71.2 85
    endloop
  endfacet
  facet normal 1 -0 0
    outer loop
      vertex 100 71.2 99
      vertex 100 72.8 86
      vertex 100 72.8 99
    endloop
  endfacet
  facet normal 1 0 0
    outer loop
      vertex 100 72.8 86
      vertex 100 71.2 99
      vertex 100 71.2 86
    endloop
  endfacet
  facet normal -0.194885 0 -0.980826
    outer loop
      vertex 101 71.2 100
      vertex 101.383 72.8 99.9239
      vertex 101.383 71.2 99.9239
    endloop
  endfacet
  facet normal -0.194885 0 -0.980826
    outer loop
      vertex 101.383 72.8 99.9239
      vertex 101 71.2 100
      vertex 101 72.8 100
    endloop
  endfacet
  facet normal -0.831182 0 0.556
    outer loop
      vertex 101.707 71.2 85.2929
      vertex 101.924 72.8 85.6173
      vertex 101.707 72.8 85.2929
    endloop
  endfacet
  facet normal -0.831182 0 0.556
    outer loop
      vertex 101.924 72.8 85.6173
      vertex 101.707 71.2 85.2929
      vertex 101.924 71.2 85.6173
    endloop
  endfacet
  facet normal 0.980846 -0 0.194785
    outer loop
      vertex 100 71.2 86
      vertex 100.076 72.8 85.6173
      vertex 100 72.8 86
    endloop
  endfacet
  facet normal 0.980846 0 0.194785
    outer loop
      vertex 100.076 72.8 85.6173
      vertex 100 71.2 86
      vertex 100.076 71.2 85.6173
    endloop
  endfacet
  facet normal 0.980846 0 -0.194785
    outer loop
      vertex 100.076 71.2 99.3827
      vertex 100 72.8 99
      vertex 100.076 72.8 99.3827
    endloop
  endfacet
  facet normal 0.980846 0 -0.194785
    outer loop
      vertex 100 72.8 99
      vertex 100.076 71.2 99.3827
      vertex 100 71.2 99
    endloop
  endfacet
  facet normal -1 0 0
    outer loop
      vertex 102 71.2 86
      vertex 102 72.8 99
      vertex 102 72.8 86
    endloop
  endfacet
  facet normal -1 -0 0
    outer loop
      vertex 102 72.8 99
      vertex 102 71.2 86
      vertex 102 71.2 99
    endloop
  endfacet
  facet normal -0.55612 0 0.831102
    outer loop
      vertex 101.383 72.8 85.0761
      vertex 101.707 71.2 85.2929
      vertex 101.707 72.8 85.2929
    endloop
  endfacet
  facet normal -0.55612 0 0.831102
    outer loop
      vertex 101.707 71.2 85.2929
      vertex 101.383 72.8 85.0761
      vertex 101.383 71.2 85.0761
    endloop
  endfacet
  facet normal -0.980846 0 0.194785
    outer loop
      vertex 101.924 71.2 85.6173
      vertex 102 72.8 86
      vertex 101.924 72.8 85.6173
    endloop
  endfacet
  facet normal -0.980846 0 0.194785
    outer loop
      vertex 102 72.8 86
      vertex 101.924 71.2 85.6173
      vertex 102 71.2 86
    endloop
  endfacet
  facet normal 0.831182 0 -0.556
    outer loop
      vertex 100.293 71.2 99.7071
      vertex 100.076 72.8 99.3827
      vertex 100.293 72.8 99.7071
    endloop
  endfacet
  facet normal 0.831182 0 -0.556
    outer loop
      vertex 100.076 72.8 99.3827
      vertex 100.293 71.2 99.7071
      vertex 100.076 71.2 99.3827
    endloop
  endfacet
  facet normal 0.55612 0 -0.831102
    outer loop
      vertex 100.293 71.2 99.7071
      vertex 100.617 72.8 99.9239
      vertex 100.617 71.2 99.9239
    endloop
  endfacet
  facet normal 0.55612 0 -0.831102
    outer loop
      vertex 100.617 72.8 99.9239
      vertex 100.293 71.2 99.7071
      vertex 100.293 72.8 99.7071
    endloop
  endfacet
  facet normal 0.831182 -0 0.556
    outer loop
      vertex 100.076 71.2 85.6173
      vertex 100.293 72.8 85.2929
      vertex 100.076 72.8 85.6173
    endloop
  endfacet
  facet normal 0.831182 0 0.556
    outer loop
      vertex 100.293 72.8 85.2929
      vertex 100.076 71.2 85.6173
      vertex 100.293 71.2 85.2929
    endloop
  endfacet
  facet normal 0.55612 0 0.831102
    outer loop
      vertex 100.293 72.8 85.2929
      vertex 100.617 71.2 85.0761
      vertex 100.617 72.8 85.0761
    endloop
  endfacet
  facet normal 0.55612 0 0.831102
    outer loop
      vertex 100.617 71.2 85.0761
      vertex 100.293 72.8 85.2929
      vertex 100.293 71.2 85.2929
    endloop
  endfacet
  facet normal 0.194885 0 0.980826
    outer loop
      vertex 100.617 72.8 85.0761
      vertex 101 71.2 85
      vertex 101 72.8 85
    endloop
  endfacet
  facet normal 0.194885 0 0.980826
    outer loop
      vertex 101 71.2 85
      vertex 100.617 72.8 85.0761
      vertex 100.617 71.2 85.0761
    endloop
  endfacet
  facet normal -0.980846 0 -0.194785
    outer loop
      vertex 102 71.2 99
      vertex 101.924 72.8 99.3827
      vertex 102 72.8 99
    endloop
  endfacet
  facet normal -0.980846 -0 -0.194785
    outer loop
      vertex 101.924 72.8 99.3827
      vertex 102 71.2 99
      vertex 101.924 71.2 99.3827
    endloop
  endfacet
  facet normal -0.831182 0 -0.556
    outer loop
      vertex 101.924 71.2 99.3827
      vertex 101.707 72.8 99.7071
      vertex 101.924 72.8 99.3827
    endloop
  endfacet
  facet normal -0.831182 -0 -0.556
    outer loop
      vertex 101.707 72.8 99.7071
      vertex 101.924 71.2 99.3827
      vertex 101.707 71.2 99.7071
    endloop
  endfacet
  facet normal -0.55612 0 -0.831102
    outer loop
      vertex 101.383 71.2 99.9239
      vertex 101.707 72.8 99.7071
      vertex 101.707 71.2 99.7071
    endloop
  endfacet
  facet normal -0.55612 0 -0.831102
    outer loop
      vertex 101.707 72.8 99.7071
      vertex 101.383 71.2 99.9239
      vertex 101.383 72.8 99.9239
    endloop
  endfacet
  facet normal 0.194885 0 -0.980826
    outer loop
      vertex 105.117 71.2 99.9239
      vertex 105.5 72.8 100
      vertex 105.5 71.2 100
    endloop
  endfacet
  facet normal 0.194885 0 -0.980826
    outer loop
      vertex 105.5 72.8 100
      vertex 105.117 71.2 99.9239
      vertex 105.117 72.8 99.9239
    endloop
  endfacet
  facet normal -0.831182 0 -0.556
    outer loop
      vertex 106.424 71.2 99.3827
      vertex 106.207 72.8 99.7071
      vertex 106.424 72.8 99.3827
    endloop
  endfacet
  facet normal -0.831182 -0 -0.556
    outer loop
      vertex 106.207 72.8 99.7071
      vertex 106.424 71.2 99.3827
      vertex 106.207 71.2 99.7071
    endloop
  endfacet
  facet normal 0.831182 0 -0.556
    outer loop
      vertex 104.793 71.2 99.7071
      vertex 104.576 72.8 99.3827
      vertex 104.793 72.8 99.7071
    endloop
  endfacet
  facet normal 0.831182 0 -0.556
    outer loop
      vertex 104.576 72.8 99.3827
      vertex 104.793 71.2 99.7071
      vertex 104.576 71.2 99.3827
    endloop
  endfacet
  facet normal -0.980846 0 -0.194785
    outer loop
      vertex 106.5 71.2 99
      vertex 106.424 72.8 99.3827
      vertex 106.5 72.8 99
    endloop
  endfacet
  facet normal -0.980846 -0 -0.194785
    outer loop
      vertex 106.424 72.8 99.3827
      vertex 106.5 71.2 99
      vertex 106.424 71.2 99.3827
    endloop
  endfacet
  facet normal 0.980846 0 -0.194785
    outer loop
      vertex 104.576 71.2 99.3827
      vertex 104.5 72.8 99
      vertex 104.576 72.8 99.3827
    endloop
  endfacet
  facet normal 0.980846 0 -0.194785
    outer loop
      vertex 104.5 72.8 99
      vertex 104.576 71.2 99.3827
      vertex 104.5 71.2 99
    endloop
  endfacet
  facet normal 1 -0 0
    outer loop
      vertex 104.5 71.2 99
      vertex 104.5 72.8 86
      vertex 104.5 72.8 99
    endloop
  endfacet
  facet normal 1 0 0
    outer loop
      vertex 104.5 72.8 86
      vertex 104.5 71.2 99
      vertex 104.5 71.2 86
    endloop
  endfacet
  facet normal 0.980846 -0 0.194785
    outer loop
      vertex 104.5 71.2 86
      vertex 104.576 72.8 85.6173
      vertex 104.5 72.8 86
    endloop
  endfacet
  facet normal 0.980846 0 0.194785
    outer loop
      vertex 104.576 72.8 85.6173
      vertex 104.5 71.2 86
      vertex 104.576 71.2 85.6173
    endloop
  endfacet
  facet normal 0.55612 0 -0.831102
    outer loop
      vertex 104.793 71.2 99.7071
      vertex 105.117 72.8 99.9239
      vertex 105.117 71.2 99.9239
    endloop
  endfacet
  facet normal 0.55612 0 -0.831102
    outer loop
      vertex 105.117 72.8 99.9239
      vertex 104.793 71.2 99.7071
      vertex 104.793 72.8 99.7071
    endloop
  endfacet
  facet normal 0.194885 0 0.980826
    outer loop
      vertex 105.117 72.8 85.0761
      vertex 105.5 71.2 85
      vertex 105.5 72.8 85
    endloop
  endfacet
  facet normal 0.194885 0 0.980826
    outer loop
      vertex 105.5 71.2 85
      vertex 105.117 72.8 85.0761
      vertex 105.117 71.2 85.0761
    endloop
  endfacet
  facet normal -0.980846 0 0.194785
    outer loop
      vertex 106.424 71.2 85.6173
      vertex 106.5 72.8 86
      vertex 106.424 72.8 85.6173
    endloop
  endfacet
  facet normal -0.980846 0 0.194785
    outer loop
      vertex 106.5 72.8 86
      vertex 106.424 71.2 85.6173
      vertex 106.5 71.2 86
    endloop
  endfacet
  facet normal -0.55612 0 -0.831102
    outer loop
      vertex 105.883 71.2 99.9239
      vertex 106.207 72.8 99.7071
      vertex 106.207 71.2 99.7071
    endloop
  endfacet
  facet normal -0.55612 0 -0.831102
    outer loop
      vertex 106.207 72.8 99.7071
      vertex 105.883 71.2 99.9239
      vertex 105.883 72.8 99.9239
    endloop
  endfacet
  facet normal -1 0 0
    outer loop
      vertex 106.5 71.2 86
      vertex 106.5 72.8 99
      vertex 106.5 72.8 86
    endloop
  endfacet
  facet normal -1 -0 0
    outer loop
      vertex 106.5 72.8 99
      vertex 106.5 71.2 86
      vertex 106.5 71.2 99
    endloop
  endfacet
  facet normal 0.55612 0 0.831102
    outer loop
      vertex 104.793 72.8 85.2929
      vertex 105.117 71.2 85.0761
      vertex 105.117 72.8 85.0761
    endloop
  endfacet
  facet normal 0.55612 0 0.831102
    outer loop
      vertex 105.117 71.2 85.0761
      vertex 104.793 72.8 85.2929
      vertex 104.793 71.2 85.2929
    endloop
  endfacet
  facet normal 0.831182 -0 0.556
    outer loop
      vertex 104.576 71.2 85.6173
      vertex 104.793 72.8 85.2929
      vertex 104.576 72.8 85.6173
    endloop
  endfacet
  facet normal 0.831182 0 0.556
    outer loop
      vertex 104.793 72.8 85.2929
      vertex 104.576 71.2 85.6173
      vertex 104.793 71.2 85.2929
    endloop
  endfacet
  facet normal -0.194885 0 -0.980826
    outer loop
      vertex 105.5 71.2 100
      vertex 105.883 72.8 99.9239
      vertex 105.883 71.2 99.9239
    endloop
  endfacet
  facet normal -0.194885 0 -0.980826
    outer loop
      vertex 105.883 72.8 99.9239
      vertex 105.5 71.2 100
      vertex 105.5 72.8 100
    endloop
  endfacet
  facet normal -0.194885 0 0.980826
    outer loop
      vertex 105.5 72.8 85
      vertex 105.883 71.2 85.0761
      vertex 105.883 72.8 85.0761
    endloop
  endfacet
  facet normal -0.194885 0 0.980826
    outer loop
      vertex 105.883 71.2 85.0761
      vertex 105.5 72.8 85
      vertex 105.5 71.2 85
    endloop
  endfacet
  facet normal -0.831182 0 0.556
    outer loop
      vertex 106.207 71.2 85.2929
      vertex 106.424 72.8 85.6173
      vertex 106.207 72.8 85.2929
    endloop
  endfacet
  facet normal -0.831182 0 0.556
    outer loop
      vertex 106.424 72.8 85.6173
      vertex 106.207 71.2 85.2929
      vertex 106.424 71.2 85.6173
    endloop
  endfacet
  facet normal -0.55612 0 0.831102
    outer loop
      vertex 105.883 72.8 85.0761
      vertex 106.207 71.2 85.2929
      vertex 106.207 72.8 85.2929
    endloop
  endfacet
  facet normal -0.55612 0 0.831102
    outer loop
      vertex 106.207 71.2 85.2929
      vertex 105.883 72.8 85.0761
      vertex 105.883 71.2 85.0761
    endloop
  endfacet
  facet normal 0.194885 0 -0.980826
    outer loop
      vertex 109.617 71.2 99.9239
      vertex 110 72.8 100
      vertex 110 71.2 100
    endloop
  endfacet
  facet normal 0.194885 0 -0.980826
    outer loop
      vertex 110 72.8 100
      vertex 109.617 71.2 99.9239
      vertex 109.617 72.8 99.9239
    endloop
  endfacet
  facet normal -0.831182 0 -0.556
    outer loop
      vertex 110.924 71.2 99.3827
      vertex 110.707 72.8 99.7071
      vertex 110.924 72.8 99.3827
    endloop
  endfacet
  facet normal -0.831182 -0 -0.556
    outer loop
      vertex 110.707 72.8 99.7071
      vertex 110.924 71.2 99.3827
      vertex 110.707 71.2 99.7071
    endloop
  endfacet
  facet normal 0.831182 0 -0.556
    outer loop
      vertex 109.293 71.2 99.7071
      vertex 109.076 72.8 99.3827
      vertex 109.293 72.8 99.7071
    endloop
  endfacet
  facet normal 0.831182 0 -0.556
    outer loop
      vertex 109.076 72.8 99.3827
      vertex 109.293 71.2 99.7071
      vertex 109.076 71.2 99.3827
    endloop
  endfacet
  facet normal -0.980846 0 -0.194785
    outer loop
      vertex 111 71.2 99
      vertex 110.924 72.8 99.3827
      vertex 111 72.8 99
    endloop
  endfacet
  facet normal -0.980846 -0 -0.194785
    outer loop
      vertex 110.924 72.8 99.3827
      vertex 111 71.2 99
      vertex 110.924 71.2 99.3827
    endloop
  endfacet
  facet normal 0.980846 0 -0.194785
    outer loop
      vertex 109.076 71.2 99.3827
      vertex 109 72.8 99
      vertex 109.076 72.8 99.3827
    endloop
  endfacet
  facet normal 0.980846 0 -0.194785
    outer loop
      vertex 109 72.8 99
      vertex 109.076 71.2 99.3827
      vertex 109 71.2 99
    endloop
  endfacet
  facet normal 0.980846 -0 0.194785
    outer loop
      vertex 109 71.2 86
      vertex 109.076 72.8 85.6173
      vertex 109 72.8 86
    endloop
  endfacet
  facet normal 0.980846 0 0.194785
    outer loop
      vertex 109.076 72.8 85.6173
      vertex 109 71.2 86
      vertex 109.076 71.2 85.6173
    endloop
  endfacet
  facet normal 0.55612 0 -0.831102
    outer loop
      vertex 109.293 71.2 99.7071
      vertex 109.617 72.8 99.9239
      vertex 109.617 71.2 99.9239
    endloop
  endfacet
  facet normal 0.55612 0 -0.831102
    outer loop
      vertex 109.617 72.8 99.9239
      vertex 109.293 71.2 99.7071
      vertex 109.293 72.8 99.7071
    endloop
  endfacet
  facet normal 0.194885 0 0.980826
    outer loop
      vertex 109.617 72.8 85.0761
      vertex 110 71.2 85
      vertex 110 72.8 85
    endloop
  endfacet
  facet normal 0.194885 0 0.980826
    outer loop
      vertex 110 71.2 85
      vertex 109.617 72.8 85.0761
      vertex 109.617 71.2 85.0761
    endloop
  endfacet
  facet normal -0.980846 0 0.194785
    outer loop
      vertex 110.924 71.2 85.6173
      vertex 111 72.8 86
      vertex 110.924 72.8 85.6173
    endloop
  endfacet
  facet normal -0.980846 0 0.194785
    outer loop
      vertex 111 72.8 86
      vertex 110.924 71.2 85.6173
      vertex 111 71.2 86
    endloop
  endfacet
  facet normal -0.55612 0 -0.831102
    outer loop
      vertex 110.383 71.2 99.9239
      vertex 110.707 72.8 99.7071
      vertex 110.707 71.2 99.7071
    endloop
  endfacet
  facet normal -0.55612 0 -0.831102
    outer loop
      vertex 110.707 72.8 99.7071
      vertex 110.383 71.2 99.9239
      vertex 110.383 72.8 99.9239
    endloop
  endfacet
  facet normal -1 0 0
    outer loop
      vertex 111 71.2 86
      vertex 111 72.8 99
      vertex 111 72.8 86
    endloop
  endfacet
  facet normal -1 -0 0
    outer loop
      vertex 111 72.8 99
      vertex 111 71.2 86
      vertex 111 71.2 99
    endloop
  endfacet
  facet normal 0.55612 0 0.831102
    outer loop
      vertex 109.293 72.8 85.2929
      vertex 109.617 71.2 85.0761
      vertex 109.617 72.8 85.0761
    endloop
  endfacet
  facet normal 0.55612 0 0.831102
    outer loop
      vertex 109.617 71.2 85.0761
      vertex 109.293 72.8 85.2929
      vertex 109.293 71.2 85.2929
    endloop
  endfacet
  facet normal 1 -0 0
    outer loop
      vertex 109 71.2 99
      vertex 109 72.8 86
      vertex 109 72.8 99
    endloop
  endfacet
  facet normal 1 0 0
    outer loop
      vertex 109 72.8 86
      vertex 109 71.2 99
      vertex 109 71.2 86
    endloop
  endfacet
  facet normal 0.831182 -0 0.556
    outer loop
      vertex 109.076 71.2 85.6173
      vertex 109.293 72.8 85.2929
      vertex 109.076 72.8 85.6173
    endloop
  endfacet
  facet normal 0.831182 0 0.556
    outer loop
      vertex 109.293 72.8 85.2929
      vertex 109.076 71.2 85.6173
      vertex 109.293 71.2 85.2929
    endloop
  endfacet
  facet normal -0.194885 0 -0.980826
    outer loop
      vertex 110 71.2 100
      vertex 110.383 72.8 99.9239
      vertex 110.383 71.2 99.9239
    endloop
  endfacet
  facet normal -0.194885 0 -0.980826
    outer loop
      vertex 110.383 72.8 99.9239
      vertex 110 71.2 100
      vertex 110 72.8 100
    endloop
  endfacet
  facet normal -0.194885 0 0.980826
    outer loop
      vertex 110 72.8 85
      vertex 110.383 71.2 85.0761
      vertex 110.383 72.8 85.0761
    endloop
  endfacet
  facet normal -0.194885 0 0.980826
    outer loop
      vertex 110.383 71.2 85.0761
      vertex 110 72.8 85
      vertex 110 71.2 85
    endloop
  endfacet
  facet normal -0.831182 0 0.556
    outer loop
      vertex 110.707 71.2 85.2929
      vertex 110.924 72.8 85.6173
      vertex 110.707 72.8 85.2929
    endloop
  endfacet
  facet normal -0.831182 0 0.556
    outer loop
      vertex 110.924 72.8 85.6173
      vertex 110.707 71.2 85.2929
      vertex 110.924 71.2 85.6173
    endloop
  endfacet
  facet normal -0.55612 0 0.831102
    outer loop
      vertex 110.383 72.8 85.0761
      vertex 110.707 71.2 85.2929
      vertex 110.707 72.8 85.2929
    endloop
  endfacet
  facet normal -0.55612 0 0.831102
    outer loop
      vertex 110.707 71.2 85.2929
      vertex 110.383 72.8 85.0761
      vertex 110.383 71.2 85.0761
    endloop
  endfacet
  facet normal 0.194885 0 -0.980826
    outer loop
      vertex 114.117 71.2 99.9239
      vertex 114.5 72.8 100
      vertex 114.5 71.2 100
    endloop
  endfacet
  facet normal 0.194885 0 -0.980826
    outer loop
      vertex 114.5 72.8 100
      vertex 114.117 71.2 99.9239
      vertex 114.117 72.8 99.9239
    endloop
  endfacet
  facet normal -0.831182 0 -0.556
    outer loop
      vertex 115.424 71.2 99.3827
      vertex 115.207 72.8 99.7071
      vertex 115.424 72.8 99.3827
    endloop
  endfacet
  facet normal -0.831182 -0 -0.556
    outer loop
      vertex 115.207 72.8 99.7071
      vertex 115.424 71.2 99.3827
      vertex 115.207 71.2 99.7071
    endloop
  endfacet
  facet normal 0.831182 0 -0.556
    outer loop
      vertex 113.793 71.2 99.7071
      vertex 113.576 72.8 99.3827
      vertex 113.793 72.8 99.7071
    endloop
  endfacet
  facet normal 0.831182 0 -0.556
    outer loop
      vertex 113.576 72.8 99.3827
      vertex 113.793 71.2 99.7071
      vertex 113.576 71.2 99.3827
    endloop
  endfacet
  facet normal -0.980846 0 -0.194785
    outer loop
      vertex 115.5 71.2 99
      vertex 115.424 72.8 99.3827
      vertex 115.5 72.8 99
    endloop
  endfacet
  facet normal -0.980846 -0 -0.194785
    outer loop
      vertex 115.424 72.8 99.3827
      vertex 115.5 71.2 99
      vertex 115.424 71.2 99.3827
    endloop
  endfacet
  facet normal 0.980846 0 -0.194785
    outer loop
      vertex 113.576 71.2 99.3827
      vertex 113.5 72.8 99
      vertex 113.576 72.8 99.3827
    endloop
  endfacet
  facet normal 0.980846 0 -0.194785
    outer loop
      vertex 113.5 72.8 99
      vertex 113.576 71.2 99.3827
      vertex 113.5 71.2 99
    endloop
  endfacet
  facet normal 0.980846 -0 0.194785
    outer loop
      vertex 113.5 71.2 86
      vertex 113.576 72.8 85.6173
      vertex 113.5 72.8 86
    endloop
  endfacet
  facet normal 0.980846 0 0.194785
    outer loop
      vertex 113.576 72.8 85.6173
      vertex 113.5 71.2 86
      vertex 113.576 71.2 85.6173
    endloop
  endfacet
  facet normal 0.55612 0 -0.831102
    outer loop
      vertex 113.793 71.2 99.7071
      vertex 114.117 72.8 99.9239
      vertex 114.117 71.2 99.9239
    endloop
  endfacet
  facet normal 0.55612 0 -0.831102
    outer loop
      vertex 114.117 72.8 99.9239
      vertex 113.793 71.2 99.7071
      vertex 113.793 72.8 99.7071
    endloop
  endfacet
  facet normal 0.194885 0 0.980826
    outer loop
      vertex 114.117 72.8 85.0761
      vertex 114.5 71.2 85
      vertex 114.5 72.8 85
    endloop
  endfacet
  facet normal 0.194885 0 0.980826
    outer loop
      vertex 114.5 71.2 85
      vertex 114.117 72.8 85.0761
      vertex 114.117 71.2 85.0761
    endloop
  endfacet
  facet normal -0.980846 0 0.194785
    outer loop
      vertex 115.424 71.2 85.6173
      vertex 115.5 72.8 86
      vertex 115.424 72.8 85.6173
    endloop
  endfacet
  facet normal -0.980846 0 0.194785
    outer loop
      vertex 115.5 72.8 86
      vertex 115.424 71.2 85.6173
      vertex 115.5 71.2 86
    endloop
  endfacet
  facet normal -0.55612 0 -0.831102
    outer loop
      vertex 114.883 71.2 99.9239
      vertex 115.207 72.8 99.7071
      vertex 115.207 71.2 99.7071
    endloop
  endfacet
  facet normal -0.55612 0 -0.831102
    outer loop
      vertex 115.207 72.8 99.7071
      vertex 114.883 71.2 99.9239
      vertex 114.883 72.8 99.9239
    endloop
  endfacet
  facet normal -1 0 0
    outer loop
      vertex 115.5 71.2 86
      vertex 115.5 72.8 99
      vertex 115.5 72.8 86
    endloop
  endfacet
  facet normal -1 -0 0
    outer loop
      vertex 115.5 72.8 99
      vertex 115.5 71.2 86
      vertex 115.5 71.2 99
    endloop
  endfacet
  facet normal 0.55612 0 0.831102
    outer loop
      vertex 113.793 72.8 85.2929
      vertex 114.117 71.2 85.0761
      vertex 114.117 72.8 85.0761
    endloop
  endfacet
  facet normal 0.55612 0 0.831102
    outer loop
      vertex 114.117 71.2 85.0761
      vertex 113.793 72.8 85.2929
      vertex 113.793 71.2 85.2929
    endloop
  endfacet
  facet normal 1 -0 0
    outer loop
      vertex 113.5 71.2 99
      vertex 113.5 72.8 86
      vertex 113.5 72.8 99
    endloop
  endfacet
  facet normal 1 0 0
    outer loop
      vertex 113.5 72.8 86
      vertex 113.5 71.2 99
      vertex 113.5 71.2 86
    endloop
  endfacet
  facet normal 0.831182 -0 0.556
    outer loop
      vertex 113.576 71.2 85.6173
      vertex 113.793 72.8 85.2929
      vertex 113.576 72.8 85.6173
    endloop
  endfacet
  facet normal 0.831182 0 0.556
    outer loop
      vertex 113.793 72.8 85.2929
      vertex 113.576 71.2 85.6173
      vertex 113.793 71.2 85.2929
    endloop
  endfacet
  facet normal -0.194885 0 -0.980826
    outer loop
      vertex 114.5 71.2 100
      vertex 114.883 72.8 99.9239
      vertex 114.883 71.2 99.9239
    endloop
  endfacet
  facet normal -0.194885 0 -0.980826
    outer loop
      vertex 114.883 72.8 99.9239
      vertex 114.5 71.2 100
      vertex 114.5 72.8 100
    endloop
  endfacet
  facet normal -0.194885 0 0.980826
    outer loop
      vertex 114.5 72.8 85
      vertex 114.883 71.2 85.0761
      vertex 114.883 72.8 85.0761
    endloop
  endfacet
  facet normal -0.194885 0 0.980826
    outer loop
      vertex 114.883 71.2 85.0761
      vertex 114.5 72.8 85
      vertex 114.5 71.2 85
    endloop
  endfacet
  facet normal -0.831182 0 0.556
    outer loop
      vertex 115.207 71.2 85.2929
      vertex 115.424 72.8 85.6173
      vertex 115.207 72.8 85.2929
    endloop
  endfacet
  facet normal -0.831182 0 0.556
    outer loop
      vertex 115.424 72.8 85.6173
      vertex 115.207 71.2 85.2929
      vertex 115.424 71.2 85.6173
    endloop
  endfacet
  facet normal -0.55612 0 0.831102
    outer loop
      vertex 114.883 72.8 85.0761
      vertex 115.207 71.2 85.2929
      vertex 115.207 72.8 85.2929
    endloop
  endfacet
  facet normal -0.55612 0 0.831102
    outer loop
      vertex 115.207 71.2 85.2929
      vertex 114.883 72.8 85.0761
      vertex 114.883 71.2 85.0761
    endloop
  endfacet
  facet normal 1 -0 0
    outer loop
      vertex 118 71.2 99
      vertex 118 72.8 86
      vertex 118 72.8 99
    endloop
  endfacet
  facet normal 1 0 0
    outer loop
      vertex 118 72.8 86
      vertex 118 71.2 99
      vertex 118 71.2 86
    endloop
  endfacet
  facet normal 0.55612 0 -0.831102
    outer loop
      vertex 118.293 71.2 99.7071
      vertex 118.617 72.8 99.9239
      vertex 118.617 71.2 99.9239
    endloop
  endfacet
  facet normal 0.55612 0 -0.831102
    outer loop
      vertex 118.617 72.8 99.9239
      vertex 118.293 71.2 99.7071
      vertex 118.293 72.8 99.7071
    endloop
  endfacet
  facet normal -1 0 0
    outer loop
      vertex 120 71.2 86
      vertex 120 72.8 99
      vertex 120 72.8 86
    endloop
  endfacet
  facet normal -1 -0 0
    outer loop
      vertex 120 72.8 99
      vertex 120 71.2 86
      vertex 120 71.2 99
    endloop
  endfacet
  facet normal 0.55612 0 0.831102
    outer loop
      vertex 118.293 72.8 85.2929
      vertex 118.617 71.2 85.0761
      vertex 118.617 72.8 85.0761
    endloop
  endfacet
  facet normal 0.55612 0 0.831102
    outer loop
      vertex 118.617 71.2 85.0761
      vertex 118.293 72.8 85.2929
      vertex 118.293 71.2 85.2929
    endloop
  endfacet
  facet normal -0.194885 0 0.980826
    outer loop
      vertex 119 72.8 85
      vertex 119.383 71.2 85.0761
      vertex 119.383 72.8 85.0761
    endloop
  endfacet
  facet normal -0.194885 0 0.980826
    outer loop
      vertex 119.383 71.2 85.0761
      vertex 119 72.8 85
      vertex 119 71.2 85
    endloop
  endfacet
  facet normal -0.55612 0 -0.831102
    outer loop
      vertex 119.383 71.2 99.9239
      vertex 119.707 72.8 99.7071
      vertex 119.707 71.2 99.7071
    endloop
  endfacet
  facet normal -0.55612 0 -0.831102
    outer loop
      vertex 119.707 72.8 99.7071
      vertex 119.383 71.2 99.9239
      vertex 119.383 72.8 99.9239
    endloop
  endfacet
  facet normal 0.194885 0 -0.980826
    outer loop
      vertex 118.617 71.2 99.9239
      vertex 119 72.8 100
      vertex 119 71.2 100
    endloop
  endfacet
  facet normal 0.194885 0 -0.980826
    outer loop
      vertex 119 72.8 100
      vertex 118.617 71.2 99.9239
      vertex 118.617 72.8 99.9239
    endloop
  endfacet
  facet normal 0.980846 -0 0.194785
    outer loop
      vertex 118 71.2 86
      vertex 118.076 72.8 85.6173
      vertex 118 72.8 86
    endloop
  endfacet
  facet normal 0.980846 0 0.194785
    outer loop
      vertex 118.076 72.8 85.6173
      vertex 118 71.2 86
      vertex 118.076 71.2 85.6173
    endloop
  endfacet
  facet normal -0.980846 0 0.194785
    outer loop
      vertex 119.924 71.2 85.6173
      vertex 120 72.8 86
      vertex 119.924 72.8 85.6173
    endloop
  endfacet
  facet normal -0.980846 0 0.194785
    outer loop
      vertex 120 72.8 86
      vertex 119.924 71.2 85.6173
      vertex 120 71.2 86
    endloop
  endfacet
  facet normal 0.194885 0 0.980826
    outer loop
      vertex 118.617 72.8 85.0761
      vertex 119 71.2 85
      vertex 119 72.8 85
    endloop
  endfacet
  facet normal 0.194885 0 0.980826
    outer loop
      vertex 119 71.2 85
      vertex 118.617 72.8 85.0761
      vertex 118.617 71.2 85.0761
    endloop
  endfacet
  facet normal 0.831182 0 -0.556
    outer loop
      vertex 118.293 71.2 99.7071
      vertex 118.076 72.8 99.3827
      vertex 118.293 72.8 99.7071
    endloop
  endfacet
  facet normal 0.831182 0 -0.556
    outer loop
      vertex 118.076 72.8 99.3827
      vertex 118.293 71.2 99.7071
      vertex 118.076 71.2 99.3827
    endloop
  endfacet
  facet normal 0.980846 0 -0.194785
    outer loop
      vertex 118.076 71.2 99.3827
      vertex 118 72.8 99
      vertex 118.076 72.8 99.3827
    endloop
  endfacet
  facet normal 0.980846 0 -0.194785
    outer loop
      vertex 118 72.8 99
      vertex 118.076 71.2 99.3827
      vertex 118 71.2 99
    endloop
  endfacet
  facet normal -0.980846 0 -0.194785
    outer loop
      vertex 120 71.2 99
      vertex 119.924 72.8 99.3827
      vertex 120 72.8 99
    endloop
  endfacet
  facet normal -0.980846 -0 -0.194785
    outer loop
      vertex 119.924 72.8 99.3827
      vertex 120 71.2 99
      vertex 119.924 71.2 99.3827
    endloop
  endfacet
  facet normal -0.831182 0 -0.556
    outer loop
      vertex 119.924 71.2 99.3827
      vertex 119.707 72.8 99.7071
      vertex 119.924 72.8 99.3827
    endloop
  endfacet
  facet normal -0.831182 -0 -0.556
    outer loop
      vertex 119.707 72.8 99.7071
      vertex 119.924 71.2 99.3827
      vertex 119.707 71.2 99.7071
    endloop
  endfacet
  facet normal 0.831182 -0 0.556
    outer loop
      vertex 118.076 71.2 85.6173
      vertex 118.293 72.8 85.2929
      vertex 118.076 72.8 85.6173
    endloop
  endfacet
  facet normal 0.831182 0 0.556
    outer loop
      vertex 118.293 72.8 85.2929
      vertex 118.076 71.2 85.6173
      vertex 118.293 71.2 85.2929
    endloop
  endfacet
  facet normal -0.831182 0 0.556
    outer loop
      vertex 119.707 71.2 85.2929
      vertex 119.924 72.8 85.6173
      vertex 119.707 72.8 85.2929
    endloop
  endfacet
  facet normal -0.831182 0 0.556
    outer loop
      vertex 119.924 72.8 85.6173
      vertex 119.707 71.2 85.2929
      vertex 119.924 71.2 85.6173
    endloop
  endfacet
  facet normal -0.194885 0 -0.980826
    outer loop
      vertex 119 71.2 100
      vertex 119.383 72.8 99.9239
      vertex 119.383 71.2 99.9239
    endloop
  endfacet
  facet normal -0.194885 0 -0.980826
    outer loop
      vertex 119.383 72.8 99.9239
      vertex 119 71.2 100
      vertex 119 72.8 100
    endloop
  endfacet
  facet normal -0.55612 0 0.831102
    outer loop
      vertex 119.383 72.8 85.0761
      vertex 119.707 71.2 85.2929
      vertex 119.707 72.8 85.2929
    endloop
  endfacet
  facet normal -0.55612 0 0.831102
    outer loop
      vertex 119.707 71.2 85.2929
      vertex 119.383 72.8 85.0761
      vertex 119.383 71.2 85.0761
    endloop
  endfacet
  facet normal 0.194885 0 -0.980826
    outer loop
      vertex 123.117 71.2 99.9239
      vertex 123.5 72.8 100
      vertex 123.5 71.2 100
    endloop
  endfacet
  facet normal 0.194885 0 -0.980826
    outer loop
      vertex 123.5 72.8 100
      vertex 123.117 71.2 99.9239
      vertex 123.117 72.8 99.9239
    endloop
  endfacet
  facet normal -0.194885 0 0.980826
    outer loop
      vertex 123.5 72.8 85
      vertex 123.883 71.2 85.0761
      vertex 123.883 72.8 85.0761
    endloop
  endfacet
  facet normal -0.194885 0 0.980826
    outer loop
      vertex 123.883 71.2 85.0761
      vertex 123.5 72.8 85
      vertex 123.5 71.2 85
    endloop
  endfacet
  facet normal 1 -0 0
    outer loop
      vertex 122.5 71.2 99
      vertex 122.5 72.8 86
      vertex 122.5 72.8 99
    endloop
  endfacet
  facet normal 1 0 0
    outer loop
      vertex 122.5 72.8 86
      vertex 122.5 71.2 99
      vertex 122.5 71.2 86
    endloop
  endfacet
  facet normal -0.194885 0 -0.980826
    outer loop
      vertex 123.5 71.2 100
      vertex 123.883 72.8 99.9239
      vertex 123.883 71.2 99.9239
    endloop
  endfacet
  facet normal -0.194885 0 -0.980826
    outer loop
      vertex 123.883 72.8 99.9239
      vertex 123.5 71.2 100
      vertex 123.5 72.8 100
    endloop
  endfacet
  facet normal -0.831182 0 0.556
    outer loop
      vertex 124.207 71.2 85.2929
      vertex 124.424 72.8 85.6173
      vertex 124.207 72.8 85.2929
    endloop
  endfacet
  facet normal -0.831182 0 0.556
    outer loop
      vertex 124.424 72.8 85.6173
      vertex 124.207 71.2 85.2929
      vertex 124.424 71.2 85.6173
    endloop
  endfacet
  facet normal 0.980846 -0 0.194785
    outer loop
      vertex 122.5 71.2 86
      vertex 122.576 72.8 85.6173
      vertex 122.5 72.8 86
    endloop
  endfacet
  facet normal 0.980846 0 0.194785
    outer loop
      vertex 122.576 72.8 85.6173
      vertex 122.5 71.2 86
      vertex 122.576 71.2 85.6173
    endloop
  endfacet
  facet normal 0.55612 0 0.831102
    outer loop
      vertex 122.793 72.8 85.2929
      vertex 123.117 71.2 85.0761
      vertex 123.117 72.8 85.0761
    endloop
  endfacet
  facet normal 0.55612 0 0.831102
    outer loop
      vertex 123.117 71.2 85.0761
      vertex 122.793 72.8 85.2929
      vertex 122.793 71.2 85.2929
    endloop
  endfacet
  facet normal 0.980846 0 -0.194785
    outer loop
      vertex 122.576 71.2 99.3827
      vertex 122.5 72.8 99
      vertex 122.576 72.8 99.3827
    endloop
  endfacet
  facet normal 0.980846 0 -0.194785
    outer loop
      vertex 122.5 72.8 99
      vertex 122.576 71.2 99.3827
      vertex 122.5 71.2 99
    endloop
  endfacet
  facet normal -1 0 0
    outer loop
      vertex 124.5 71.2 86
      vertex 124.5 72.8 99
      vertex 124.5 72.8 86
    endloop
  endfacet
  facet normal -1 -0 0
    outer loop
      vertex 124.5 72.8 99
      vertex 124.5 71.2 86
      vertex 124.5 71.2 99
    endloop
  endfacet
  facet normal -0.55612 0 0.831102
    outer loop
      vertex 123.883 72.8 85.0761
      vertex 124.207 71.2 85.2929
      vertex 124.207 72.8 85.2929
    endloop
  endfacet
  facet normal -0.55612 0 0.831102
    outer loop
      vertex 124.207 71.2 85.2929
      vertex 123.883 72.8 85.0761
      vertex 123.883 71.2 85.0761
    endloop
  endfacet
  facet normal -0.980846 0 0.194785
    outer loop
      vertex 124.424 71.2 85.6173
      vertex 124.5 72.8 86
      vertex 124.424 72.8 85.6173
    endloop
  endfacet
  facet normal -0.980846 0 0.194785
    outer loop
      vertex 124.5 72.8 86
      vertex 124.424 71.2 85.6173
      vertex 124.5 71.2 86
    endloop
  endfacet
  facet normal 0.831182 0 -0.556
    outer loop
      vertex 122.793 71.2 99.7071
      vertex 122.576 72.8 99.3827
      vertex 122.793 72.8 99.7071
    endloop
  endfacet
  facet normal 0.831182 0 -0.556
    outer loop
      vertex 122.576 72.8 99.3827
      vertex 122.793 71.2 99.7071
      vertex 122.576 71.2 99.3827
    endloop
  endfacet
  facet normal 0.55612 0 -0.831102
    outer loop
      vertex 122.793 71.2 99.7071
      vertex 123.117 72.8 99.9239
      vertex 123.117 71.2 99.9239
    endloop
  endfacet
  facet normal 0.55612 0 -0.831102
    outer loop
      vertex 123.117 72.8 99.9239
      vertex 122.793 71.2 99.7071
      vertex 122.793 72.8 99.7071
    endloop
  endfacet
  facet normal 0.831182 -0 0.556
    outer loop
      vertex 122.576 71.2 85.6173
      vertex 122.793 72.8 85.2929
      vertex 122.576 72.8 85.6173
    endloop
  endfacet
  facet normal 0.831182 0 0.556
    outer loop
      vertex 122.793 72.8 85.2929
      vertex 122.576 71.2 85.6173
      vertex 122.793 71.2 85.2929
    endloop
  endfacet
  facet normal 0.194885 0 0.980826
    outer loop
      vertex 123.117 72.8 85.0761
      vertex 123.5 71.2 85
      vertex 123.5 72.8 85
    endloop
  endfacet
  facet normal 0.194885 0 0.980826
    outer loop
      vertex 123.5 71.2 85
      vertex 123.117 72.8 85.0761
      vertex 123.117 71.2 85.0761
    endloop
  endfacet
  facet normal -0.980846 0 -0.194785
    outer loop
      vertex 124.5 71.2 99
      vertex 124.424 72.8 99.3827
      vertex 124.5 72.8 99
    endloop
  endfacet
  facet normal -0.980846 -0 -0.194785
    outer loop
      vertex 124.424 72.8 99.3827
      vertex 124.5 71.2 99
      vertex 124.424 71.2 99.3827
    endloop
  endfacet
  facet normal -0.831182 0 -0.556
    outer loop
      vertex 124.424 71.2 99.3827
      vertex 124.207 72.8 99.7071
      vertex 124.424 72.8 99.3827
    endloop
  endfacet
  facet normal -0.831182 -0 -0.556
    outer loop
      vertex 124.207 72.8 99.7071
      vertex 124.424 71.2 99.3827
      vertex 124.207 71.2 99.7071
    endloop
  endfacet
  facet normal -0.55612 0 -0.831102
    outer loop
      vertex 123.883 71.2 99.9239
      vertex 124.207 72.8 99.7071
      vertex 124.207 71.2 99.7071
    endloop
  endfacet
  facet normal -0.55612 0 -0.831102
    outer loop
      vertex 124.207 72.8 99.7071
      vertex 123.883 71.2 99.9239
      vertex 123.883 72.8 99.9239
    endloop
  endfacet
  facet normal 0.194885 0 -0.980826
    outer loop
      vertex 127.617 71.2 99.9239
      vertex 128 72.8 100
      vertex 128 71.2 100
    endloop
  endfacet
  facet normal 0.194885 0 -0.980826
    outer loop
      vertex 128 72.8 100
      vertex 127.617 71.2 99.9239
      vertex 127.617 72.8 99.9239
    endloop
  endfacet
  facet normal -0.831182 0 0.556
    outer loop
      vertex 128.707 71.2 85.2929
      vertex 128.924 72.8 85.6173
      vertex 128.707 72.8 85.2929
    endloop
  endfacet
  facet normal -0.831182 0 0.556
    outer loop
      vertex 128.924 72.8 85.6173
      vertex 128.707 71.2 85.2929
      vertex 128.924 71.2 85.6173
    endloop
  endfacet
  facet normal -1 0 0
    outer loop
      vertex 129 71.2 86
      vertex 129 72.8 99
      vertex 129 72.8 86
    endloop
  endfacet
  facet normal -1 -0 0
    outer loop
      vertex 129 72.8 99
      vertex 129 71.2 86
      vertex 129 71.2 99
    endloop
  endfacet
  facet normal -0.980846 0 0.194785
    outer loop
      vertex 128.924 71.2 85.6173
      vertex 129 72.8 86
      vertex 128.924 72.8 85.6173
    endloop
  endfacet
  facet normal -0.980846 0 0.194785
    outer loop
      vertex 129 72.8 86
      vertex 128.924 71.2 85.6173
      vertex 129 71.2 86
    endloop
  endfacet
  facet normal 0.831182 0 -0.556
    outer loop
      vertex 127.293 71.2 99.7071
      vertex 127.076 72.8 99.3827
      vertex 127.293 72.8 99.7071
    endloop
  endfacet
  facet normal 0.831182 0 -0.556
    outer loop
      vertex 127.076 72.8 99.3827
      vertex 127.293 71.2 99.7071
      vertex 127.076 71.2 99.3827
    endloop
  endfacet
  facet normal -0.194885 0 -0.980826
    outer loop
      vertex 128 71.2 100
      vertex 128.383 72.8 99.9239
      vertex 128.383 71.2 99.9239
    endloop
  endfacet
  facet normal -0.194885 0 -0.980826
    outer loop
      vertex 128.383 72.8 99.9239
      vertex 128 71.2 100
      vertex 128 72.8 100
    endloop
  endfacet
  facet normal -0.831182 0 -0.556
    outer loop
      vertex 128.924 71.2 99.3827
      vertex 128.707 72.8 99.7071
      vertex 128.924 72.8 99.3827
    endloop
  endfacet
  facet normal -0.831182 -0 -0.556
    outer loop
      vertex 128.707 72.8 99.7071
      vertex 128.924 71.2 99.3827
      vertex 128.707 71.2 99.7071
    endloop
  endfacet
  facet normal 0.55612 0 0.831102
    outer loop
      vertex 127.293 72.8 85.2929
      vertex 127.617 71.2 85.0761
      vertex 127.617 72.8 85.0761
    endloop
  endfacet
  facet normal 0.55612 0 0.831102
    outer loop
      vertex 127.617 71.2 85.0761
      vertex 127.293 72.8 85.2929
      vertex 127.293 71.2 85.2929
    endloop
  endfacet
  facet normal -0.980846 0 -0.194785
    outer loop
      vertex 129 71.2 99
      vertex 128.924 72.8 99.3827
      vertex 129 72.8 99
    endloop
  endfacet
  facet normal -0.980846 -0 -0.194785
    outer loop
      vertex 128.924 72.8 99.3827
      vertex 129 71.2 99
      vertex 128.924 71.2 99.3827
    endloop
  endfacet
  facet normal -0.55612 0 -0.831102
    outer loop
      vertex 128.383 71.2 99.9239
      vertex 128.707 72.8 99.7071
      vertex 128.707 71.2 99.7071
    endloop
  endfacet
  facet normal -0.55612 0 -0.831102
    outer loop
      vertex 128.707 72.8 99.7071
      vertex 128.383 71.2 99.9239
      vertex 128.383 72.8 99.9239
    endloop
  endfacet
  facet normal 1 -0 0
    outer loop
      vertex 127 71.2 99
      vertex 127 72.8 86
      vertex 127 72.8 99
    endloop
  endfacet
  facet normal 1 0 0
    outer loop
      vertex 127 72.8 86
      vertex 127 71.2 99
      vertex 127 71.2 86
    endloop
  endfacet
  facet normal 0.55612 0 -0.831102
    outer loop
      vertex 127.293 71.2 99.7071
      vertex 127.617 72.8 99.9239
      vertex 127.617 71.2 99.9239
    endloop
  endfacet
  facet normal 0.55612 0 -0.831102
    outer loop
      vertex 127.617 72.8 99.9239
      vertex 127.293 71.2 99.7071
      vertex 127.293 72.8 99.7071
    endloop
  endfacet
  facet normal -0.194885 0 0.980826
    outer loop
      vertex 128 72.8 85
      vertex 128.383 71.2 85.0761
      vertex 128.383 72.8 85.0761
    endloop
  endfacet
  facet normal -0.194885 0 0.980826
    outer loop
      vertex 128.383 71.2 85.0761
      vertex 128 72.8 85
      vertex 128 71.2 85
    endloop
  endfacet
  facet normal 0.831182 -0 0.556
    outer loop
      vertex 127.076 71.2 85.6173
      vertex 127.293 72.8 85.2929
      vertex 127.076 72.8 85.6173
    endloop
  endfacet
  facet normal 0.831182 0 0.556
    outer loop
      vertex 127.293 72.8 85.2929
      vertex 127.076 71.2 85.6173
      vertex 127.293 71.2 85.2929
    endloop
  endfacet
  facet normal 0.194885 0 0.980826
    outer loop
      vertex 127.617 72.8 85.0761
      vertex 128 71.2 85
      vertex 128 72.8 85
    endloop
  endfacet
  facet normal 0.194885 0 0.980826
    outer loop
      vertex 128 71.2 85
      vertex 127.617 72.8 85.0761
      vertex 127.617 71.2 85.0761
    endloop
  endfacet
  facet normal -0.55612 0 0.831102
    outer loop
      vertex 128.383 72.8 85.0761
      vertex 128.707 71.2 85.2929
      vertex 128.707 72.8 85.2929
    endloop
  endfacet
  facet normal -0.55612 0 0.831102
    outer loop
      vertex 128.707 71.2 85.2929
      vertex 128.383 72.8 85.0761
      vertex 128.383 71.2 85.0761
    endloop
  endfacet
  facet normal 0.980846 0 -0.194785
    outer loop
      vertex 127.076 71.2 99.3827
      vertex 127 72.8 99
      vertex 127.076 72.8 99.3827
    endloop
  endfacet
  facet normal 0.980846 0 -0.194785
    outer loop
      vertex 127 72.8 99
      vertex 127.076 71.2 99.3827
      vertex 127 71.2 99
    endloop
  endfacet
  facet normal 0.980846 -0 0.194785
    outer loop
      vertex 127 71.2 86
      vertex 127.076 72.8 85.6173
      vertex 127 72.8 86
    endloop
  endfacet
  facet normal 0.980846 0 0.194785
    outer loop
      vertex 127.076 72.8 85.6173
      vertex 127 71.2 86
      vertex 127.076 71.2 85.6173
    endloop
  endfacet
  facet normal -0.972371 0 0.233439
    outer loop
      vertex -2.21607 71.2 -2.71717
      vertex -2.16662 72.8 -2.51119
      vertex -2.21607 72.8 -2.71717
    endloop
  endfacet
  facet normal -0.972371 0 0.233439
    outer loop
      vertex -2.16662 72.8 -2.51119
      vertex -2.21607 71.2 -2.71717
      vertex -2.16662 71.2 -2.51119
    endloop
  endfacet
  facet normal -0.996918 0 0.0784543
    outer loop
      vertex -2.16662 71.2 -2.51119
      vertex -2.15 72.8 -2.3
      vertex -2.16662 72.8 -2.51119
    endloop
  endfacet
  facet normal -0.996918 0 0.0784543
    outer loop
      vertex -2.15 72.8 -2.3
      vertex -2.16662 71.2 -2.51119
      vertex -2.15 71.2 -2.3
    endloop
  endfacet
  facet normal 0.233439 0 0.972371
    outer loop
      vertex -3.91717 72.8 -3.58393
      vertex -3.71119 71.2 -3.63338
      vertex -3.71119 72.8 -3.63338
    endloop
  endfacet
  facet normal 0.233439 0 0.972371
    outer loop
      vertex -3.71119 71.2 -3.63338
      vertex -3.91717 72.8 -3.58393
      vertex -3.91717 71.2 -3.58393
    endloop
  endfacet
  facet normal -0.760395 0 -0.649461
    outer loop
      vertex -2.40783 71.2 -1.50649
      vertex -2.54541 72.8 -1.34541
      vertex -2.40783 72.8 -1.50649
    endloop
  endfacet
  facet normal -0.760395 -0 -0.649461
    outer loop
      vertex -2.54541 72.8 -1.34541
      vertex -2.40783 71.2 -1.50649
      vertex -2.54541 71.2 -1.34541
    endloop
  endfacet
  facet normal -0.760395 0 0.649461
    outer loop
      vertex -2.54541 71.2 -3.25459
      vertex -2.40783 72.8 -3.09351
      vertex -2.54541 72.8 -3.25459
    endloop
  endfacet
  facet normal -0.760395 0 0.649461
    outer loop
      vertex -2.40783 72.8 -3.09351
      vertex -2.54541 71.2 -3.25459
      vertex -2.40783 71.2 -3.09351
    endloop
  endfacet
  facet normal 0.522519 0 0.852628
    outer loop
      vertex -4.29351 72.8 -3.39217
      vertex -4.11289 71.2 -3.50286
      vertex -4.11289 72.8 -3.50286
    endloop
  endfacet
  facet normal 0.522519 0 0.852628
    outer loop
      vertex -4.11289 71.2 -3.50286
      vertex -4.29351 72.8 -3.39217
      vertex -4.29351 71.2 -3.39217
    endloop
  endfacet
  facet normal 0.760395 -0 0.649461
    outer loop
      vertex -4.59217 71.2 -3.09351
      vertex -4.45459 72.8 -3.25459
      vertex -4.59217 72.8 -3.09351
    endloop
  endfacet
  facet normal 0.760395 0 0.649461
    outer loop
      vertex -4.45459 72.8 -3.25459
      vertex -4.59217 71.2 -3.09351
      vertex -4.45459 71.2 -3.25459
    endloop
  endfacet
  facet normal -0.852628 0 -0.522519
    outer loop
      vertex -2.29714 71.2 -1.68711
      vertex -2.40783 72.8 -1.50649
      vertex -2.29714 72.8 -1.68711
    endloop
  endfacet
  facet normal -0.852628 -0 -0.522519
    outer loop
      vertex -2.40783 72.8 -1.50649
      vertex -2.29714 71.2 -1.68711
      vertex -2.40783 71.2 -1.50649
    endloop
  endfacet
  facet normal -0.923879 0 -0.382684
    outer loop
      vertex -2.21607 71.2 -1.88283
      vertex -2.29714 72.8 -1.68711
      vertex -2.21607 72.8 -1.88283
    endloop
  endfacet
  facet normal -0.923879 -0 -0.382684
    outer loop
      vertex -2.29714 72.8 -1.68711
      vertex -2.21607 71.2 -1.88283
      vertex -2.29714 71.2 -1.68711
    endloop
  endfacet
  facet normal 0.996918 0 -0.0784543
    outer loop
      vertex -4.83338 71.2 -2.08881
      vertex -4.85 72.8 -2.3
      vertex -4.83338 72.8 -2.08881
    endloop
  endfacet
  facet normal 0.996918 0 -0.0784543
    outer loop
      vertex -4.85 72.8 -2.3
      vertex -4.83338 71.2 -2.08881
      vertex -4.85 71.2 -2.3
    endloop
  endfacet
  facet normal -0.233439 0 -0.972371
    outer loop
      vertex -3.28881 71.2 -0.96662
      vertex -3.08283 72.8 -1.01607
      vertex -3.08283 71.2 -1.01607
    endloop
  endfacet
  facet normal -0.233439 0 -0.972371
    outer loop
      vertex -3.08283 72.8 -1.01607
      vertex -3.28881 71.2 -0.96662
      vertex -3.28881 72.8 -0.96662
    endloop
  endfacet
  facet normal -0.233439 0 0.972371
    outer loop
      vertex -3.28881 72.8 -3.63338
      vertex -3.08283 71.2 -3.58393
      vertex -3.08283 72.8 -3.58393
    endloop
  endfacet
  facet normal -0.233439 0 0.972371
    outer loop
      vertex -3.08283 71.2 -3.58393
      vertex -3.28881 72.8 -3.63338
      vertex -3.28881 71.2 -3.63338
    endloop
  endfacet
  facet normal 0.0784543 0 0.996918
    outer loop
      vertex -3.71119 72.8 -3.63338
      vertex -3.5 71.2 -3.65
      vertex -3.5 72.8 -3.65
    endloop
  endfacet
  facet normal 0.0784543 0 0.996918
    outer loop
      vertex -3.5 71.2 -3.65
      vertex -3.71119 72.8 -3.63338
      vertex -3.71119 71.2 -3.63338
    endloop
  endfacet
  facet normal -0.0784543 0 0.996918
    outer loop
      vertex -3.5 72.8 -3.65
      vertex -3.28881 71.2 -3.63338
      vertex -3.28881 72.8 -3.63338
    endloop
  endfacet
  facet normal -0.0784543 0 0.996918
    outer loop
      vertex -3.28881 71.2 -3.63338
      vertex -3.5 72.8 -3.65
      vertex -3.5 71.2 -3.65
    endloop
  endfacet
  facet normal -0.382684 0 0.923879
    outer loop
      vertex -3.08283 72.8 -3.58393
      vertex -2.88711 71.2 -3.50286
      vertex -2.88711 72.8 -3.50286
    endloop
  endfacet
  facet normal -0.382684 0 0.923879
    outer loop
      vertex -2.88711 71.2 -3.50286
      vertex -3.08283 72.8 -3.58393
      vertex -3.08283 71.2 -3.58393
    endloop
  endfacet
  facet normal -0.972371 0 -0.233439
    outer loop
      vertex -2.16662 71.2 -2.08881
      vertex -2.21607 72.8 -1.88283
      vertex -2.16662 72.8 -2.08881
    endloop
  endfacet
  facet normal -0.972371 -0 -0.233439
    outer loop
      vertex -2.21607 72.8 -1.88283
      vertex -2.16662 71.2 -2.08881
      vertex -2.21607 71.2 -1.88283
    endloop
  endfacet
  facet normal -0.996918 0 -0.0784543
    outer loop
      vertex -2.15 71.2 -2.3
      vertex -2.16662 72.8 -2.08881
      vertex -2.15 72.8 -2.3
    endloop
  endfacet
  facet normal -0.996918 -0 -0.0784543
    outer loop
      vertex -2.16662 72.8 -2.08881
      vertex -2.15 71.2 -2.3
      vertex -2.16662 71.2 -2.08881
    endloop
  endfacet
  facet normal 0.649461 0 0.760395
    outer loop
      vertex -4.45459 72.8 -3.25459
      vertex -4.29351 71.2 -3.39217
      vertex -4.29351 72.8 -3.39217
    endloop
  endfacet
  facet normal 0.649461 0 0.760395
    outer loop
      vertex -4.29351 71.2 -3.39217
      vertex -4.45459 72.8 -3.25459
      vertex -4.45459 71.2 -3.25459
    endloop
  endfacet
  facet normal -0.852628 0 0.522519
    outer loop
      vertex -2.40783 71.2 -3.09351
      vertex -2.29714 72.8 -2.91289
      vertex -2.40783 72.8 -3.09351
    endloop
  endfacet
  facet normal -0.852628 0 0.522519
    outer loop
      vertex -2.29714 72.8 -2.91289
      vertex -2.40783 71.2 -3.09351
      vertex -2.29714 71.2 -2.91289
    endloop
  endfacet
  facet normal 0.760395 0 -0.649461
    outer loop
      vertex -4.45459 71.2 -1.34541
      vertex -4.59217 72.8 -1.50649
      vertex -4.45459 72.8 -1.34541
    endloop
  endfacet
  facet normal 0.760395 0 -0.649461
    outer loop
      vertex -4.59217 72.8 -1.50649
      vertex -4.45459 71.2 -1.34541
      vertex -4.59217 71.2 -1.50649
    endloop
  endfacet
  facet normal 0.233439 0 -0.972371
    outer loop
      vertex -3.91717 71.2 -1.01607
      vertex -3.71119 72.8 -0.96662
      vertex -3.71119 71.2 -0.96662
    endloop
  endfacet
  facet normal 0.233439 0 -0.972371
    outer loop
      vertex -3.71119 72.8 -0.96662
      vertex -3.91717 71.2 -1.01607
      vertex -3.91717 72.8 -1.01607
    endloop
  endfacet
  facet normal 0.852628 0 -0.522519
    outer loop
      vertex -4.59217 71.2 -1.50649
      vertex -4.70286 72.8 -1.68711
      vertex -4.59217 72.8 -1.50649
    endloop
  endfacet
  facet normal 0.852628 0 -0.522519
    outer loop
      vertex -4.70286 72.8 -1.68711
      vertex -4.59217 71.2 -1.50649
      vertex -4.70286 71.2 -1.68711
    endloop
  endfacet
  facet normal 0.972371 0 -0.233439
    outer loop
      vertex -4.78393 71.2 -1.88283
      vertex -4.83338 72.8 -2.08881
      vertex -4.78393 72.8 -1.88283
    endloop
  endfacet
  facet normal 0.972371 0 -0.233439
    outer loop
      vertex -4.83338 72.8 -2.08881
      vertex -4.78393 71.2 -1.88283
      vertex -4.83338 71.2 -2.08881
    endloop
  endfacet
  facet normal -0.649461 0 0.760395
    outer loop
      vertex -2.70649 72.8 -3.39217
      vertex -2.54541 71.2 -3.25459
      vertex -2.54541 72.8 -3.25459
    endloop
  endfacet
  facet normal -0.649461 0 0.760395
    outer loop
      vertex -2.54541 71.2 -3.25459
      vertex -2.70649 72.8 -3.39217
      vertex -2.70649 71.2 -3.39217
    endloop
  endfacet
  facet normal -0.522519 0 0.852628
    outer loop
      vertex -2.88711 72.8 -3.50286
      vertex -2.70649 71.2 -3.39217
      vertex -2.70649 72.8 -3.39217
    endloop
  endfacet
  facet normal -0.522519 0 0.852628
    outer loop
      vertex -2.70649 71.2 -3.39217
      vertex -2.88711 72.8 -3.50286
      vertex -2.88711 71.2 -3.50286
    endloop
  endfacet
  facet normal 0.522519 0 -0.852628
    outer loop
      vertex -4.29351 71.2 -1.20783
      vertex -4.11289 72.8 -1.09714
      vertex -4.11289 71.2 -1.09714
    endloop
  endfacet
  facet normal 0.522519 0 -0.852628
    outer loop
      vertex -4.11289 72.8 -1.09714
      vertex -4.29351 71.2 -1.20783
      vertex -4.29351 72.8 -1.20783
    endloop
  endfacet
  facet normal -0.522519 0 -0.852628
    outer loop
      vertex -2.88711 71.2 -1.09714
      vertex -2.70649 72.8 -1.20783
      vertex -2.70649 71.2 -1.20783
    endloop
  endfacet
  facet normal -0.522519 0 -0.852628
    outer loop
      vertex -2.70649 72.8 -1.20783
      vertex -2.88711 71.2 -1.09714
      vertex -2.88711 72.8 -1.09714
    endloop
  endfacet
  facet normal -0.0784543 0 -0.996918
    outer loop
      vertex -3.5 71.2 -0.95
      vertex -3.28881 72.8 -0.96662
      vertex -3.28881 71.2 -0.96662
    endloop
  endfacet
  facet normal -0.0784543 0 -0.996918
    outer loop
      vertex -3.28881 72.8 -0.96662
      vertex -3.5 71.2 -0.95
      vertex -3.5 72.8 -0.95
    endloop
  endfacet
  facet normal 0.923879 0 -0.382684
    outer loop
      vertex -4.70286 71.2 -1.68711
      vertex -4.78393 72.8 -1.88283
      vertex -4.70286 72.8 -1.68711
    endloop
  endfacet
  facet normal 0.923879 0 -0.382684
    outer loop
      vertex -4.78393 72.8 -1.88283
      vertex -4.70286 71.2 -1.68711
      vertex -4.78393 71.2 -1.88283
    endloop
  endfacet
  facet normal -0.382684 0 -0.923879
    outer loop
      vertex -3.08283 71.2 -1.01607
      vertex -2.88711 72.8 -1.09714
      vertex -2.88711 71.2 -1.09714
    endloop
  endfacet
  facet normal -0.382684 0 -0.923879
    outer loop
      vertex -2.88711 72.8 -1.09714
      vertex -3.08283 71.2 -1.01607
      vertex -3.08283 72.8 -1.01607
    endloop
  endfacet
  facet normal -0.923879 0 0.382684
    outer loop
      vertex -2.29714 71.2 -2.91289
      vertex -2.21607 72.8 -2.71717
      vertex -2.29714 72.8 -2.91289
    endloop
  endfacet
  facet normal -0.923879 0 0.382684
    outer loop
      vertex -2.21607 72.8 -2.71717
      vertex -2.29714 71.2 -2.91289
      vertex -2.21607 71.2 -2.71717
    endloop
  endfacet
  facet normal 0.649461 0 -0.760395
    outer loop
      vertex -4.45459 71.2 -1.34541
      vertex -4.29351 72.8 -1.20783
      vertex -4.29351 71.2 -1.20783
    endloop
  endfacet
  facet normal 0.649461 0 -0.760395
    outer loop
      vertex -4.29351 72.8 -1.20783
      vertex -4.45459 71.2 -1.34541
      vertex -4.45459 72.8 -1.34541
    endloop
  endfacet
  facet normal 0.382684 0 0.923879
    outer loop
      vertex -4.11289 72.8 -3.50286
      vertex -3.91717 71.2 -3.58393
      vertex -3.91717 72.8 -3.58393
    endloop
  endfacet
  facet normal 0.382684 0 0.923879
    outer loop
      vertex -3.91717 71.2 -3.58393
      vertex -4.11289 72.8 -3.50286
      vertex -4.11289 71.2 -3.50286
    endloop
  endfacet
  facet normal 0.972371 -0 0.233439
    outer loop
      vertex -4.83338 71.2 -2.51119
      vertex -4.78393 72.8 -2.71717
      vertex -4.83338 72.8 -2.51119
    endloop
  endfacet
  facet normal 0.972371 0 0.233439
    outer loop
      vertex -4.78393 72.8 -2.71717
      vertex -4.83338 71.2 -2.51119
      vertex -4.78393 71.2 -2.71717
    endloop
  endfacet
  facet normal 0.923879 -0 0.382684
    outer loop
      vertex -4.78393 71.2 -2.71717
      vertex -4.70286 72.8 -2.91289
      vertex -4.78393 72.8 -2.71717
    endloop
  endfacet
  facet normal 0.923879 0 0.382684
    outer loop
      vertex -4.70286 72.8 -2.91289
      vertex -4.78393 71.2 -2.71717
      vertex -4.70286 71.2 -2.91289
    endloop
  endfacet
  facet normal 0.382684 0 -0.923879
    outer loop
      vertex -4.11289 71.2 -1.09714
      vertex -3.91717 72.8 -1.01607
      vertex -3.91717 71.2 -1.01607
    endloop
  endfacet
  facet normal 0.382684 0 -0.923879
    outer loop
      vertex -3.91717 72.8 -1.01607
      vertex -4.11289 71.2 -1.09714
      vertex -4.11289 72.8 -1.09714
    endloop
  endfacet
  facet normal 0.996918 -0 0.0784543
    outer loop
      vertex -4.85 71.2 -2.3
      vertex -4.83338 72.8 -2.51119
      vertex -4.85 72.8 -2.3
    endloop
  endfacet
  facet normal 0.996918 0 0.0784543
    outer loop
      vertex -4.83338 72.8 -2.51119
      vertex -4.85 71.2 -2.3
      vertex -4.83338 71.2 -2.51119
    endloop
  endfacet
  facet normal 0.0784543 0 -0.996918
    outer loop
      vertex -3.71119 71.2 -0.96662
      vertex -3.5 72.8 -0.95
      vertex -3.5 71.2 -0.95
    endloop
  endfacet
  facet normal 0.0784543 0 -0.996918
    outer loop
      vertex -3.5 72.8 -0.95
      vertex -3.71119 71.2 -0.96662
      vertex -3.71119 72.8 -0.96662
    endloop
  endfacet
  facet normal -0.649461 0 -0.760395
    outer loop
      vertex -2.70649 71.2 -1.20783
      vertex -2.54541 72.8 -1.34541
      vertex -2.54541 71.2 -1.34541
    endloop
  endfacet
  facet normal -0.649461 0 -0.760395
    outer loop
      vertex -2.54541 72.8 -1.34541
      vertex -2.70649 71.2 -1.20783
      vertex -2.70649 72.8 -1.20783
    endloop
  endfacet
  facet normal 0.852628 -0 0.522519
    outer loop
      vertex -4.70286 71.2 -2.91289
      vertex -4.59217 72.8 -3.09351
      vertex -4.70286 72.8 -2.91289
    endloop
  endfacet
  facet normal 0.852628 0 0.522519
    outer loop
      vertex -4.59217 72.8 -3.09351
      vertex -4.70286 71.2 -2.91289
      vertex -4.59217 71.2 -3.09351
    endloop
  endfacet
  facet normal -0.972377 0 0.233418
    outer loop
      vertex -2.21607 71.2 104.583
      vertex -2.16662 72.8 104.789
      vertex -2.21607 72.8 104.583
    endloop
  endfacet
  facet normal -0.972377 0 0.233418
    outer loop
      vertex -2.16662 72.8 104.789
      vertex -2.21607 71.2 104.583
      vertex -2.16662 71.2 104.789
    endloop
  endfacet
  facet normal -0.996912 0 0.0785246
    outer loop
      vertex -2.16662 71.2 104.789
      vertex -2.15 72.8 105
      vertex -2.16662 72.8 104.789
    endloop
  endfacet
  facet normal -0.996912 0 0.0785246
    outer loop
      vertex -2.15 72.8 105
      vertex -2.16662 71.2 104.789
      vertex -2.15 71.2 105
    endloop
  endfacet
  facet normal -0.523582 0 -0.851976
    outer loop
      vertex -2.88711 71.2 106.203
      vertex -2.70649 72.8 106.092
      vertex -2.70649 71.2 106.092
    endloop
  endfacet
  facet normal -0.523582 0 -0.851976
    outer loop
      vertex -2.70649 72.8 106.092
      vertex -2.88711 71.2 106.203
      vertex -2.88711 72.8 106.203
    endloop
  endfacet
  facet normal -0.760236 0 0.649647
    outer loop
      vertex -2.54541 71.2 104.045
      vertex -2.40783 72.8 104.206
      vertex -2.54541 72.8 104.045
    endloop
  endfacet
  facet normal -0.760236 0 0.649647
    outer loop
      vertex -2.40783 72.8 104.206
      vertex -2.54541 71.2 104.045
      vertex -2.40783 71.2 104.206
    endloop
  endfacet
  facet normal -0.0802367 0 -0.996776
    outer loop
      vertex -3.5 71.2 106.35
      vertex -3.28881 72.8 106.333
      vertex -3.28881 71.2 106.333
    endloop
  endfacet
  facet normal -0.0802367 0 -0.996776
    outer loop
      vertex -3.28881 72.8 106.333
      vertex -3.5 71.2 106.35
      vertex -3.5 72.8 106.35
    endloop
  endfacet
  facet normal -0.996912 0 -0.0785246
    outer loop
      vertex -2.15 71.2 105
      vertex -2.16662 72.8 105.211
      vertex -2.15 72.8 105
    endloop
  endfacet
  facet normal -0.996912 -0 -0.0785246
    outer loop
      vertex -2.16662 72.8 105.211
      vertex -2.15 71.2 105
      vertex -2.16662 71.2 105.211
    endloop
  endfacet
  facet normal 0.853116 0 -0.521721
    outer loop
      vertex -4.59217 71.2 105.794
      vertex -4.70286 72.8 105.613
      vertex -4.59217 72.8 105.794
    endloop
  endfacet
  facet normal 0.853116 0 -0.521721
    outer loop
      vertex -4.70286 72.8 105.613
      vertex -4.59217 71.2 105.794
      vertex -4.70286 71.2 105.613
    endloop
  endfacet
  facet normal -0.231429 0 -0.972852
    outer loop
      vertex -3.28881 71.2 106.333
      vertex -3.08283 72.8 106.284
      vertex -3.08283 71.2 106.284
    endloop
  endfacet
  facet normal -0.231429 0 -0.972852
    outer loop
      vertex -3.08283 72.8 106.284
      vertex -3.28881 71.2 106.333
      vertex -3.28881 72.8 106.333
    endloop
  endfacet
  facet normal 0.972377 0 -0.233418
    outer loop
      vertex -4.78393 71.2 105.417
      vertex -4.83338 72.8 105.211
      vertex -4.78393 72.8 105.417
    endloop
  endfacet
  facet normal 0.972377 0 -0.233418
    outer loop
      vertex -4.83338 72.8 105.211
      vertex -4.78393 71.2 105.417
      vertex -4.83338 71.2 105.211
    endloop
  endfacet
  facet normal 0.647874 0 0.761748
    outer loop
      vertex -4.45459 72.8 104.045
      vertex -4.29351 71.2 103.908
      vertex -4.29351 72.8 103.908
    endloop
  endfacet
  facet normal 0.647874 0 0.761748
    outer loop
      vertex -4.29351 71.2 103.908
      vertex -4.45459 72.8 104.045
      vertex -4.45459 71.2 104.045
    endloop
  endfacet
  facet normal -0.382402 0 0.923996
    outer loop
      vertex -3.08283 72.8 103.716
      vertex -2.88711 71.2 103.797
      vertex -2.88711 72.8 103.797
    endloop
  endfacet
  facet normal -0.382402 0 0.923996
    outer loop
      vertex -2.88711 71.2 103.797
      vertex -3.08283 72.8 103.716
      vertex -3.08283 71.2 103.716
    endloop
  endfacet
  facet normal -0.972377 0 -0.233418
    outer loop
      vertex -2.16662 71.2 105.211
      vertex -2.21607 72.8 105.417
      vertex -2.16662 72.8 105.211
    endloop
  endfacet
  facet normal -0.972377 -0 -0.233418
    outer loop
      vertex -2.21607 72.8 105.417
      vertex -2.16662 71.2 105.211
      vertex -2.21607 71.2 105.417
    endloop
  endfacet
  facet normal -0.647874 0 -0.761748
    outer loop
      vertex -2.70649 71.2 106.092
      vertex -2.54541 72.8 105.955
      vertex -2.54541 71.2 105.955
    endloop
  endfacet
  facet normal -0.647874 0 -0.761748
    outer loop
      vertex -2.54541 72.8 105.955
      vertex -2.70649 71.2 106.092
      vertex -2.70649 72.8 106.092
    endloop
  endfacet
  facet normal -0.0802367 0 0.996776
    outer loop
      vertex -3.5 72.8 103.65
      vertex -3.28881 71.2 103.667
      vertex -3.28881 72.8 103.667
    endloop
  endfacet
  facet normal -0.0802367 0 0.996776
    outer loop
      vertex -3.28881 71.2 103.667
      vertex -3.5 72.8 103.65
      vertex -3.5 71.2 103.65
    endloop
  endfacet
  facet normal 0.853116 -0 0.521721
    outer loop
      vertex -4.70286 71.2 104.387
      vertex -4.59217 72.8 104.206
      vertex -4.70286 72.8 104.387
    endloop
  endfacet
  facet normal 0.853116 0 0.521721
    outer loop
      vertex -4.59217 72.8 104.206
      vertex -4.70286 71.2 104.387
      vertex -4.59217 71.2 104.206
    endloop
  endfacet
  facet normal 0.996912 -0 0.0785246
    outer loop
      vertex -4.85 71.2 105
      vertex -4.83338 72.8 104.789
      vertex -4.85 72.8 105
    endloop
  endfacet
  facet normal 0.996912 0 0.0785246
    outer loop
      vertex -4.83338 72.8 104.789
      vertex -4.85 71.2 105
      vertex -4.83338 71.2 104.789
    endloop
  endfacet
  facet normal -0.760236 0 -0.649647
    outer loop
      vertex -2.40783 71.2 105.794
      vertex -2.54541 72.8 105.955
      vertex -2.40783 72.8 105.794
    endloop
  endfacet
  facet normal -0.760236 -0 -0.649647
    outer loop
      vertex -2.54541 72.8 105.955
      vertex -2.40783 71.2 105.794
      vertex -2.54541 71.2 105.955
    endloop
  endfacet
  facet normal 0.760236 0 -0.649647
    outer loop
      vertex -4.45459 71.2 105.955
      vertex -4.59217 72.8 105.794
      vertex -4.45459 72.8 105.955
    endloop
  endfacet
  facet normal 0.760236 0 -0.649647
    outer loop
      vertex -4.59217 72.8 105.794
      vertex -4.45459 71.2 105.955
      vertex -4.59217 71.2 105.794
    endloop
  endfacet
  facet normal -0.853116 0 0.521721
    outer loop
      vertex -2.40783 71.2 104.206
      vertex -2.29714 72.8 104.387
      vertex -2.40783 72.8 104.206
    endloop
  endfacet
  facet normal -0.853116 0 0.521721
    outer loop
      vertex -2.29714 72.8 104.387
      vertex -2.40783 71.2 104.206
      vertex -2.29714 71.2 104.387
    endloop
  endfacet
  facet normal 0.231429 0 -0.972852
    outer loop
      vertex -3.91717 71.2 106.284
      vertex -3.71119 72.8 106.333
      vertex -3.71119 71.2 106.333
    endloop
  endfacet
  facet normal 0.231429 0 -0.972852
    outer loop
      vertex -3.71119 72.8 106.333
      vertex -3.91717 71.2 106.284
      vertex -3.91717 72.8 106.284
    endloop
  endfacet
  facet normal 0.647874 0 -0.761748
    outer loop
      vertex -4.45459 71.2 105.955
      vertex -4.29351 72.8 106.092
      vertex -4.29351 71.2 106.092
    endloop
  endfacet
  facet normal 0.647874 0 -0.761748
    outer loop
      vertex -4.29351 72.8 106.092
      vertex -4.45459 71.2 105.955
      vertex -4.45459 72.8 105.955
    endloop
  endfacet
  facet normal 0.924073 -0 0.382217
    outer loop
      vertex -4.78393 71.2 104.583
      vertex -4.70286 72.8 104.387
      vertex -4.78393 72.8 104.583
    endloop
  endfacet
  facet normal 0.924073 0 0.382217
    outer loop
      vertex -4.70286 72.8 104.387
      vertex -4.78393 71.2 104.583
      vertex -4.70286 71.2 104.387
    endloop
  endfacet
  facet normal 0.996912 0 -0.0785246
    outer loop
      vertex -4.83338 71.2 105.211
      vertex -4.85 72.8 105
      vertex -4.83338 72.8 105.211
    endloop
  endfacet
  facet normal 0.996912 0 -0.0785246
    outer loop
      vertex -4.85 72.8 105
      vertex -4.83338 71.2 105.211
      vertex -4.85 71.2 105
    endloop
  endfacet
  facet normal -0.231429 0 0.972852
    outer loop
      vertex -3.28881 72.8 103.667
      vertex -3.08283 71.2 103.716
      vertex -3.08283 72.8 103.716
    endloop
  endfacet
  facet normal -0.231429 0 0.972852
    outer loop
      vertex -3.08283 71.2 103.716
      vertex -3.28881 72.8 103.667
      vertex -3.28881 71.2 103.667
    endloop
  endfacet
  facet normal -0.853116 0 -0.521721
    outer loop
      vertex -2.29714 71.2 105.613
      vertex -2.40783 72.8 105.794
      vertex -2.29714 72.8 105.613
    endloop
  endfacet
  facet normal -0.853116 -0 -0.521721
    outer loop
      vertex -2.40783 72.8 105.794
      vertex -2.29714 71.2 105.613
      vertex -2.40783 71.2 105.794
    endloop
  endfacet
  facet normal 0.972377 -0 0.233418
    outer loop
      vertex -4.83338 71.2 104.789
      vertex -4.78393 72.8 104.583
      vertex -4.83338 72.8 104.789
    endloop
  endfacet
  facet normal 0.972377 0 0.233418
    outer loop
      vertex -4.78393 72.8 104.583
      vertex -4.83338 71.2 104.789
      vertex -4.78393 71.2 104.583
    endloop
  endfacet
  facet normal 0.760236 -0 0.649647
    outer loop
      vertex -4.59217 71.2 104.206
      vertex -4.45459 72.8 104.045
      vertex -4.59217 72.8 104.206
    endloop
  endfacet
  facet normal 0.760236 0 0.649647
    outer loop
      vertex -4.45459 72.8 104.045
      vertex -4.59217 71.2 104.206
      vertex -4.45459 71.2 104.045
    endloop
  endfacet
  facet normal -0.647874 0 0.761748
    outer loop
      vertex -2.70649 72.8 103.908
      vertex -2.54541 71.2 104.045
      vertex -2.54541 72.8 104.045
    endloop
  endfacet
  facet normal -0.647874 0 0.761748
    outer loop
      vertex -2.54541 71.2 104.045
      vertex -2.70649 72.8 103.908
      vertex -2.70649 71.2 103.908
    endloop
  endfacet
  facet normal -0.382402 0 -0.923996
    outer loop
      vertex -3.08283 71.2 106.284
      vertex -2.88711 72.8 106.203
      vertex -2.88711 71.2 106.203
    endloop
  endfacet
  facet normal -0.382402 0 -0.923996
    outer loop
      vertex -2.88711 72.8 106.203
      vertex -3.08283 71.2 106.284
      vertex -3.08283 72.8 106.284
    endloop
  endfacet
  facet normal -0.523582 0 0.851976
    outer loop
      vertex -2.88711 72.8 103.797
      vertex -2.70649 71.2 103.908
      vertex -2.70649 72.8 103.908
    endloop
  endfacet
  facet normal -0.523582 0 0.851976
    outer loop
      vertex -2.70649 71.2 103.908
      vertex -2.88711 72.8 103.797
      vertex -2.88711 71.2 103.797
    endloop
  endfacet
  facet normal 0.382402 0 -0.923996
    outer loop
      vertex -4.11289 71.2 106.203
      vertex -3.91717 72.8 106.284
      vertex -3.91717 71.2 106.284
    endloop
  endfacet
  facet normal 0.382402 0 -0.923996
    outer loop
      vertex -3.91717 72.8 106.284
      vertex -4.11289 71.2 106.203
      vertex -4.11289 72.8 106.203
    endloop
  endfacet
  facet normal 0.231429 0 0.972852
    outer loop
      vertex -3.91717 72.8 103.716
      vertex -3.71119 71.2 103.667
      vertex -3.71119 72.8 103.667
    endloop
  endfacet
  facet normal 0.231429 0 0.972852
    outer loop
      vertex -3.71119 71.2 103.667
      vertex -3.91717 72.8 103.716
      vertex -3.91717 71.2 103.716
    endloop
  endfacet
  facet normal -0.924073 0 -0.382217
    outer loop
      vertex -2.21607 71.2 105.417
      vertex -2.29714 72.8 105.613
      vertex -2.21607 72.8 105.417
    endloop
  endfacet
  facet normal -0.924073 -0 -0.382217
    outer loop
      vertex -2.29714 72.8 105.613
      vertex -2.21607 71.2 105.417
      vertex -2.29714 71.2 105.613
    endloop
  endfacet
  facet normal 0.382402 0 0.923996
    outer loop
      vertex -4.11289 72.8 103.797
      vertex -3.91717 71.2 103.716
      vertex -3.91717 72.8 103.716
    endloop
  endfacet
  facet normal 0.382402 0 0.923996
    outer loop
      vertex -3.91717 71.2 103.716
      vertex -4.11289 72.8 103.797
      vertex -4.11289 71.2 103.797
    endloop
  endfacet
  facet normal 0.523582 0 0.851976
    outer loop
      vertex -4.29351 72.8 103.908
      vertex -4.11289 71.2 103.797
      vertex -4.11289 72.8 103.797
    endloop
  endfacet
  facet normal 0.523582 0 0.851976
    outer loop
      vertex -4.11289 71.2 103.797
      vertex -4.29351 72.8 103.908
      vertex -4.29351 71.2 103.908
    endloop
  endfacet
  facet normal 0.924073 0 -0.382217
    outer loop
      vertex -4.70286 71.2 105.613
      vertex -4.78393 72.8 105.417
      vertex -4.70286 72.8 105.613
    endloop
  endfacet
  facet normal 0.924073 0 -0.382217
    outer loop
      vertex -4.78393 72.8 105.417
      vertex -4.70286 71.2 105.613
      vertex -4.78393 71.2 105.417
    endloop
  endfacet
  facet normal 0.0802367 0 0.996776
    outer loop
      vertex -3.71119 72.8 103.667
      vertex -3.5 71.2 103.65
      vertex -3.5 72.8 103.65
    endloop
  endfacet
  facet normal 0.0802367 0 0.996776
    outer loop
      vertex -3.5 71.2 103.65
      vertex -3.71119 72.8 103.667
      vertex -3.71119 71.2 103.667
    endloop
  endfacet
  facet normal -0.924073 0 0.382217
    outer loop
      vertex -2.29714 71.2 104.387
      vertex -2.21607 72.8 104.583
      vertex -2.29714 72.8 104.387
    endloop
  endfacet
  facet normal -0.924073 0 0.382217
    outer loop
      vertex -2.21607 72.8 104.583
      vertex -2.29714 71.2 104.387
      vertex -2.21607 71.2 104.583
    endloop
  endfacet
  facet normal 0.0802367 0 -0.996776
    outer loop
      vertex -3.71119 71.2 106.333
      vertex -3.5 72.8 106.35
      vertex -3.5 71.2 106.35
    endloop
  endfacet
  facet normal 0.0802367 0 -0.996776
    outer loop
      vertex -3.5 72.8 106.35
      vertex -3.71119 71.2 106.333
      vertex -3.71119 72.8 106.333
    endloop
  endfacet
  facet normal 0.523582 0 -0.851976
    outer loop
      vertex -4.29351 71.2 106.092
      vertex -4.11289 72.8 106.203
      vertex -4.11289 71.2 106.203
    endloop
  endfacet
  facet normal 0.523582 0 -0.851976
    outer loop
      vertex -4.11289 72.8 106.203
      vertex -4.29351 71.2 106.092
      vertex -4.29351 72.8 106.092
    endloop
  endfacet
  facet normal -0.972852 0 0.231429
    outer loop
      vertex 180.784 71.2 -2.71717
      vertex 180.833 72.8 -2.51119
      vertex 180.784 72.8 -2.71717
    endloop
  endfacet
  facet normal -0.972852 0 0.231429
    outer loop
      vertex 180.833 72.8 -2.51119
      vertex 180.784 71.2 -2.71717
      vertex 180.833 71.2 -2.51119
    endloop
  endfacet
  facet normal -0.996776 0 0.0802367
    outer loop
      vertex 180.833 71.2 -2.51119
      vertex 180.85 72.8 -2.3
      vertex 180.833 72.8 -2.51119
    endloop
  endfacet
  facet normal -0.996776 0 0.0802367
    outer loop
      vertex 180.85 72.8 -2.3
      vertex 180.833 71.2 -2.51119
      vertex 180.85 71.2 -2.3
    endloop
  endfacet
  facet normal 0.233418 0 0.972377
    outer loop
      vertex 179.083 72.8 -3.58393
      vertex 179.289 71.2 -3.63338
      vertex 179.289 72.8 -3.63338
    endloop
  endfacet
  facet normal 0.233418 0 0.972377
    outer loop
      vertex 179.289 71.2 -3.63338
      vertex 179.083 72.8 -3.58393
      vertex 179.083 71.2 -3.58393
    endloop
  endfacet
  facet normal -0.761748 0 -0.647874
    outer loop
      vertex 180.592 71.2 -1.50649
      vertex 180.455 72.8 -1.34541
      vertex 180.592 72.8 -1.50649
    endloop
  endfacet
  facet normal -0.761748 -0 -0.647874
    outer loop
      vertex 180.455 72.8 -1.34541
      vertex 180.592 71.2 -1.50649
      vertex 180.455 71.2 -1.34541
    endloop
  endfacet
  facet normal -0.761748 0 0.647874
    outer loop
      vertex 180.455 71.2 -3.25459
      vertex 180.592 72.8 -3.09351
      vertex 180.455 72.8 -3.25459
    endloop
  endfacet
  facet normal -0.761748 0 0.647874
    outer loop
      vertex 180.592 72.8 -3.09351
      vertex 180.455 71.2 -3.25459
      vertex 180.592 71.2 -3.09351
    endloop
  endfacet
  facet normal 0.521721 0 0.853116
    outer loop
      vertex 178.706 72.8 -3.39217
      vertex 178.887 71.2 -3.50286
      vertex 178.887 72.8 -3.50286
    endloop
  endfacet
  facet normal 0.521721 0 0.853116
    outer loop
      vertex 178.887 71.2 -3.50286
      vertex 178.706 72.8 -3.39217
      vertex 178.706 71.2 -3.39217
    endloop
  endfacet
  facet normal 0.761748 -0 0.647874
    outer loop
      vertex 178.408 71.2 -3.09351
      vertex 178.545 72.8 -3.25459
      vertex 178.408 72.8 -3.09351
    endloop
  endfacet
  facet normal 0.761748 0 0.647874
    outer loop
      vertex 178.545 72.8 -3.25459
      vertex 178.408 71.2 -3.09351
      vertex 178.545 71.2 -3.25459
    endloop
  endfacet
  facet normal -0.851976 0 -0.523582
    outer loop
      vertex 180.703 71.2 -1.68711
      vertex 180.592 72.8 -1.50649
      vertex 180.703 72.8 -1.68711
    endloop
  endfacet
  facet normal -0.851976 -0 -0.523582
    outer loop
      vertex 180.592 72.8 -1.50649
      vertex 180.703 71.2 -1.68711
      vertex 180.592 71.2 -1.50649
    endloop
  endfacet
  facet normal -0.923996 0 -0.382402
    outer loop
      vertex 180.784 71.2 -1.88283
      vertex 180.703 72.8 -1.68711
      vertex 180.784 72.8 -1.88283
    endloop
  endfacet
  facet normal -0.923996 -0 -0.382402
    outer loop
      vertex 180.703 72.8 -1.68711
      vertex 180.784 71.2 -1.88283
      vertex 180.703 71.2 -1.68711
    endloop
  endfacet
  facet normal 0.996776 0 -0.0802367
    outer loop
      vertex 178.167 71.2 -2.08881
      vertex 178.15 72.8 -2.3
      vertex 178.167 72.8 -2.08881
    endloop
  endfacet
  facet normal 0.996776 0 -0.0802367
    outer loop
      vertex 178.15 72.8 -2.3
      vertex 178.167 71.2 -2.08881
      vertex 178.15 71.2 -2.3
    endloop
  endfacet
  facet normal -0.233418 0 -0.972377
    outer loop
      vertex 179.711 71.2 -0.96662
      vertex 179.917 72.8 -1.01607
      vertex 179.917 71.2 -1.01607
    endloop
  endfacet
  facet normal -0.233418 0 -0.972377
    outer loop
      vertex 179.917 72.8 -1.01607
      vertex 179.711 71.2 -0.96662
      vertex 179.711 72.8 -0.96662
    endloop
  endfacet
  facet normal -0.233418 0 0.972377
    outer loop
      vertex 179.711 72.8 -3.63338
      vertex 179.917 71.2 -3.58393
      vertex 179.917 72.8 -3.58393
    endloop
  endfacet
  facet normal -0.233418 0 0.972377
    outer loop
      vertex 179.917 71.2 -3.58393
      vertex 179.711 72.8 -3.63338
      vertex 179.711 71.2 -3.63338
    endloop
  endfacet
  facet normal 0.0785246 0 0.996912
    outer loop
      vertex 179.289 72.8 -3.63338
      vertex 179.5 71.2 -3.65
      vertex 179.5 72.8 -3.65
    endloop
  endfacet
  facet normal 0.0785246 0 0.996912
    outer loop
      vertex 179.5 71.2 -3.65
      vertex 179.289 72.8 -3.63338
      vertex 179.289 71.2 -3.63338
    endloop
  endfacet
  facet normal -0.0785246 0 0.996912
    outer loop
      vertex 179.5 72.8 -3.65
      vertex 179.711 71.2 -3.63338
      vertex 179.711 72.8 -3.63338
    endloop
  endfacet
  facet normal -0.0785246 0 0.996912
    outer loop
      vertex 179.711 71.2 -3.63338
      vertex 179.5 72.8 -3.65
      vertex 179.5 71.2 -3.65
    endloop
  endfacet
  facet normal -0.382217 0 0.924073
    outer loop
      vertex 179.917 72.8 -3.58393
      vertex 180.113 71.2 -3.50286
      vertex 180.113 72.8 -3.50286
    endloop
  endfacet
  facet normal -0.382217 0 0.924073
    outer loop
      vertex 180.113 71.2 -3.50286
      vertex 179.917 72.8 -3.58393
      vertex 179.917 71.2 -3.58393
    endloop
  endfacet
  facet normal -0.972852 0 -0.231429
    outer loop
      vertex 180.833 71.2 -2.08881
      vertex 180.784 72.8 -1.88283
      vertex 180.833 72.8 -2.08881
    endloop
  endfacet
  facet normal -0.972852 -0 -0.231429
    outer loop
      vertex 180.784 72.8 -1.88283
      vertex 180.833 71.2 -2.08881
      vertex 180.784 71.2 -1.88283
    endloop
  endfacet
  facet normal -0.996776 0 -0.0802367
    outer loop
      vertex 180.85 71.2 -2.3
      vertex 180.833 72.8 -2.08881
      vertex 180.85 72.8 -2.3
    endloop
  endfacet
  facet normal -0.996776 -0 -0.0802367
    outer loop
      vertex 180.833 72.8 -2.08881
      vertex 180.85 71.2 -2.3
      vertex 180.833 71.2 -2.08881
    endloop
  endfacet
  facet normal 0.649647 0 0.760236
    outer loop
      vertex 178.545 72.8 -3.25459
      vertex 178.706 71.2 -3.39217
      vertex 178.706 72.8 -3.39217
    endloop
  endfacet
  facet normal 0.649647 0 0.760236
    outer loop
      vertex 178.706 71.2 -3.39217
      vertex 178.545 72.8 -3.25459
      vertex 178.545 71.2 -3.25459
    endloop
  endfacet
  facet normal -0.851976 0 0.523582
    outer loop
      vertex 180.592 71.2 -3.09351
      vertex 180.703 72.8 -2.91289
      vertex 180.592 72.8 -3.09351
    endloop
  endfacet
  facet normal -0.851976 0 0.523582
    outer loop
      vertex 180.703 72.8 -2.91289
      vertex 180.592 71.2 -3.09351
      vertex 180.703 71.2 -2.91289
    endloop
  endfacet
  facet normal 0.761748 0 -0.647874
    outer loop
      vertex 178.545 71.2 -1.34541
      vertex 178.408 72.8 -1.50649
      vertex 178.545 72.8 -1.34541
    endloop
  endfacet
  facet normal 0.761748 0 -0.647874
    outer loop
      vertex 178.408 72.8 -1.50649
      vertex 178.545 71.2 -1.34541
      vertex 178.408 71.2 -1.50649
    endloop
  endfacet
  facet normal 0.233418 0 -0.972377
    outer loop
      vertex 179.083 71.2 -1.01607
      vertex 179.289 72.8 -0.96662
      vertex 179.289 71.2 -0.96662
    endloop
  endfacet
  facet normal 0.233418 0 -0.972377
    outer loop
      vertex 179.289 72.8 -0.96662
      vertex 179.083 71.2 -1.01607
      vertex 179.083 72.8 -1.01607
    endloop
  endfacet
  facet normal 0.851976 0 -0.523582
    outer loop
      vertex 178.408 71.2 -1.50649
      vertex 178.297 72.8 -1.68711
      vertex 178.408 72.8 -1.50649
    endloop
  endfacet
  facet normal 0.851976 0 -0.523582
    outer loop
      vertex 178.297 72.8 -1.68711
      vertex 178.408 71.2 -1.50649
      vertex 178.297 71.2 -1.68711
    endloop
  endfacet
  facet normal 0.972852 0 -0.231429
    outer loop
      vertex 178.216 71.2 -1.88283
      vertex 178.167 72.8 -2.08881
      vertex 178.216 72.8 -1.88283
    endloop
  endfacet
  facet normal 0.972852 0 -0.231429
    outer loop
      vertex 178.167 72.8 -2.08881
      vertex 178.216 71.2 -1.88283
      vertex 178.167 71.2 -2.08881
    endloop
  endfacet
  facet normal -0.649647 0 0.760236
    outer loop
      vertex 180.294 72.8 -3.39217
      vertex 180.455 71.2 -3.25459
      vertex 180.455 72.8 -3.25459
    endloop
  endfacet
  facet normal -0.649647 0 0.760236
    outer loop
      vertex 180.455 71.2 -3.25459
      vertex 180.294 72.8 -3.39217
      vertex 180.294 71.2 -3.39217
    endloop
  endfacet
  facet normal -0.521721 0 0.853116
    outer loop
      vertex 180.113 72.8 -3.50286
      vertex 180.294 71.2 -3.39217
      vertex 180.294 72.8 -3.39217
    endloop
  endfacet
  facet normal -0.521721 0 0.853116
    outer loop
      vertex 180.294 71.2 -3.39217
      vertex 180.113 72.8 -3.50286
      vertex 180.113 71.2 -3.50286
    endloop
  endfacet
  facet normal 0.521721 0 -0.853116
    outer loop
      vertex 178.706 71.2 -1.20783
      vertex 178.887 72.8 -1.09714
      vertex 178.887 71.2 -1.09714
    endloop
  endfacet
  facet normal 0.521721 0 -0.853116
    outer loop
      vertex 178.887 72.8 -1.09714
      vertex 178.706 71.2 -1.20783
      vertex 178.706 72.8 -1.20783
    endloop
  endfacet
  facet normal -0.521721 0 -0.853116
    outer loop
      vertex 180.113 71.2 -1.09714
      vertex 180.294 72.8 -1.20783
      vertex 180.294 71.2 -1.20783
    endloop
  endfacet
  facet normal -0.521721 0 -0.853116
    outer loop
      vertex 180.294 72.8 -1.20783
      vertex 180.113 71.2 -1.09714
      vertex 180.113 72.8 -1.09714
    endloop
  endfacet
  facet normal -0.0785246 0 -0.996912
    outer loop
      vertex 179.5 71.2 -0.95
      vertex 179.711 72.8 -0.96662
      vertex 179.711 71.2 -0.96662
    endloop
  endfacet
  facet normal -0.0785246 0 -0.996912
    outer loop
      vertex 179.711 72.8 -0.96662
      vertex 179.5 71.2 -0.95
      vertex 179.5 72.8 -0.95
    endloop
  endfacet
  facet normal 0.923996 0 -0.382402
    outer loop
      vertex 178.297 71.2 -1.68711
      vertex 178.216 72.8 -1.88283
      vertex 178.297 72.8 -1.68711
    endloop
  endfacet
  facet normal 0.923996 0 -0.382402
    outer loop
      vertex 178.216 72.8 -1.88283
      vertex 178.297 71.2 -1.68711
      vertex 178.216 71.2 -1.88283
    endloop
  endfacet
  facet normal -0.382217 0 -0.924073
    outer loop
      vertex 179.917 71.2 -1.01607
      vertex 180.113 72.8 -1.09714
      vertex 180.113 71.2 -1.09714
    endloop
  endfacet
  facet normal -0.382217 0 -0.924073
    outer loop
      vertex 180.113 72.8 -1.09714
      vertex 179.917 71.2 -1.01607
      vertex 179.917 72.8 -1.01607
    endloop
  endfacet
  facet normal -0.923996 0 0.382402
    outer loop
      vertex 180.703 71.2 -2.91289
      vertex 180.784 72.8 -2.71717
      vertex 180.703 72.8 -2.91289
    endloop
  endfacet
  facet normal -0.923996 0 0.382402
    outer loop
      vertex 180.784 72.8 -2.71717
      vertex 180.703 71.2 -2.91289
      vertex 180.784 71.2 -2.71717
    endloop
  endfacet
  facet normal 0.649647 0 -0.760236
    outer loop
      vertex 178.545 71.2 -1.34541
      vertex 178.706 72.8 -1.20783
      vertex 178.706 71.2 -1.20783
    endloop
  endfacet
  facet normal 0.649647 0 -0.760236
    outer loop
      vertex 178.706 72.8 -1.20783
      vertex 178.545 71.2 -1.34541
      vertex 178.545 72.8 -1.34541
    endloop
  endfacet
  facet normal 0.382217 0 0.924073
    outer loop
      vertex 178.887 72.8 -3.50286
      vertex 179.083 71.2 -3.58393
      vertex 179.083 72.8 -3.58393
    endloop
  endfacet
  facet normal 0.382217 0 0.924073
    outer loop
      vertex 179.083 71.2 -3.58393
      vertex 178.887 72.8 -3.50286
      vertex 178.887 71.2 -3.50286
    endloop
  endfacet
  facet normal 0.972852 -0 0.231429
    outer loop
      vertex 178.167 71.2 -2.51119
      vertex 178.216 72.8 -2.71717
      vertex 178.167 72.8 -2.51119
    endloop
  endfacet
  facet normal 0.972852 0 0.231429
    outer loop
      vertex 178.216 72.8 -2.71717
      vertex 178.167 71.2 -2.51119
      vertex 178.216 71.2 -2.71717
    endloop
  endfacet
  facet normal 0.923996 -0 0.382402
    outer loop
      vertex 178.216 71.2 -2.71717
      vertex 178.297 72.8 -2.91289
      vertex 178.216 72.8 -2.71717
    endloop
  endfacet
  facet normal 0.923996 0 0.382402
    outer loop
      vertex 178.297 72.8 -2.91289
      vertex 178.216 71.2 -2.71717
      vertex 178.297 71.2 -2.91289
    endloop
  endfacet
  facet normal 0.382217 0 -0.924073
    outer loop
      vertex 178.887 71.2 -1.09714
      vertex 179.083 72.8 -1.01607
      vertex 179.083 71.2 -1.01607
    endloop
  endfacet
  facet normal 0.382217 0 -0.924073
    outer loop
      vertex 179.083 72.8 -1.01607
      vertex 178.887 71.2 -1.09714
      vertex 178.887 72.8 -1.09714
    endloop
  endfacet
  facet normal 0.996776 -0 0.0802367
    outer loop
      vertex 178.15 71.2 -2.3
      vertex 178.167 72.8 -2.51119
      vertex 178.15 72.8 -2.3
    endloop
  endfacet
  facet normal 0.996776 0 0.0802367
    outer loop
      vertex 178.167 72.8 -2.51119
      vertex 178.15 71.2 -2.3
      vertex 178.167 71.2 -2.51119
    endloop
  endfacet
  facet normal 0.0785246 0 -0.996912
    outer loop
      vertex 179.289 71.2 -0.96662
      vertex 179.5 72.8 -0.95
      vertex 179.5 71.2 -0.95
    endloop
  endfacet
  facet normal 0.0785246 0 -0.996912
    outer loop
      vertex 179.5 72.8 -0.95
      vertex 179.289 71.2 -0.96662
      vertex 179.289 72.8 -0.96662
    endloop
  endfacet
  facet normal -0.649647 0 -0.760236
    outer loop
      vertex 180.294 71.2 -1.20783
      vertex 180.455 72.8 -1.34541
      vertex 180.455 71.2 -1.34541
    endloop
  endfacet
  facet normal -0.649647 0 -0.760236
    outer loop
      vertex 180.455 72.8 -1.34541
      vertex 180.294 71.2 -1.20783
      vertex 180.294 72.8 -1.20783
    endloop
  endfacet
  facet normal 0.851976 -0 0.523582
    outer loop
      vertex 178.297 71.2 -2.91289
      vertex 178.408 72.8 -3.09351
      vertex 178.297 72.8 -2.91289
    endloop
  endfacet
  facet normal 0.851976 0 0.523582
    outer loop
      vertex 178.408 72.8 -3.09351
      vertex 178.297 71.2 -2.91289
      vertex 178.408 71.2 -3.09351
    endloop
  endfacet
  facet normal -0.972857 0 0.231408
    outer loop
      vertex 180.784 71.2 104.583
      vertex 180.833 72.8 104.789
      vertex 180.784 72.8 104.583
    endloop
  endfacet
  facet normal -0.972857 0 0.231408
    outer loop
      vertex 180.833 72.8 104.789
      vertex 180.784 71.2 104.583
      vertex 180.833 71.2 104.789
    endloop
  endfacet
  facet normal -0.99677 0 0.0803085
    outer loop
      vertex 180.833 71.2 104.789
      vertex 180.85 72.8 105
      vertex 180.833 72.8 104.789
    endloop
  endfacet
  facet normal -0.99677 0 0.0803085
    outer loop
      vertex 180.85 72.8 105
      vertex 180.833 71.2 104.789
      vertex 180.85 71.2 105
    endloop
  endfacet
  facet normal -0.522783 0 -0.852466
    outer loop
      vertex 180.113 71.2 106.203
      vertex 180.294 72.8 106.092
      vertex 180.294 71.2 106.092
    endloop
  endfacet
  facet normal -0.522783 0 -0.852466
    outer loop
      vertex 180.294 72.8 106.092
      vertex 180.113 71.2 106.203
      vertex 180.113 72.8 106.203
    endloop
  endfacet
  facet normal -0.761589 0 0.64806
    outer loop
      vertex 180.455 71.2 104.045
      vertex 180.592 72.8 104.206
      vertex 180.455 72.8 104.045
    endloop
  endfacet
  facet normal -0.761589 0 0.64806
    outer loop
      vertex 180.592 72.8 104.206
      vertex 180.455 71.2 104.045
      vertex 180.592 71.2 104.206
    endloop
  endfacet
  facet normal -0.0803085 0 -0.99677
    outer loop
      vertex 179.5 71.2 106.35
      vertex 179.711 72.8 106.333
      vertex 179.711 71.2 106.333
    endloop
  endfacet
  facet normal -0.0803085 0 -0.99677
    outer loop
      vertex 179.711 72.8 106.333
      vertex 179.5 71.2 106.35
      vertex 179.5 72.8 106.35
    endloop
  endfacet
  facet normal -0.99677 0 -0.0803085
    outer loop
      vertex 180.85 71.2 105
      vertex 180.833 72.8 105.211
      vertex 180.85 72.8 105
    endloop
  endfacet
  facet normal -0.99677 -0 -0.0803085
    outer loop
      vertex 180.833 72.8 105.211
      vertex 180.85 71.2 105
      vertex 180.833 71.2 105.211
    endloop
  endfacet
  facet normal 0.852466 0 -0.522783
    outer loop
      vertex 178.408 71.2 105.794
      vertex 178.297 72.8 105.613
      vertex 178.408 72.8 105.794
    endloop
  endfacet
  facet normal 0.852466 0 -0.522783
    outer loop
      vertex 178.297 72.8 105.613
      vertex 178.408 71.2 105.794
      vertex 178.297 71.2 105.613
    endloop
  endfacet
  facet normal -0.231408 0 -0.972857
    outer loop
      vertex 179.711 71.2 106.333
      vertex 179.917 72.8 106.284
      vertex 179.917 71.2 106.284
    endloop
  endfacet
  facet normal -0.231408 0 -0.972857
    outer loop
      vertex 179.917 72.8 106.284
      vertex 179.711 71.2 106.333
      vertex 179.711 72.8 106.333
    endloop
  endfacet
  facet normal 0.972857 0 -0.231408
    outer loop
      vertex 178.216 71.2 105.417
      vertex 178.167 72.8 105.211
      vertex 178.216 72.8 105.417
    endloop
  endfacet
  facet normal 0.972857 0 -0.231408
    outer loop
      vertex 178.167 72.8 105.211
      vertex 178.216 71.2 105.417
      vertex 178.167 71.2 105.211
    endloop
  endfacet
  facet normal 0.64806 0 0.761589
    outer loop
      vertex 178.545 72.8 104.045
      vertex 178.706 71.2 103.908
      vertex 178.706 72.8 103.908
    endloop
  endfacet
  facet normal 0.64806 0 0.761589
    outer loop
      vertex 178.706 71.2 103.908
      vertex 178.545 72.8 104.045
      vertex 178.545 71.2 104.045
    endloop
  endfacet
  facet normal -0.381935 0 0.924189
    outer loop
      vertex 179.917 72.8 103.716
      vertex 180.113 71.2 103.797
      vertex 180.113 72.8 103.797
    endloop
  endfacet
  facet normal -0.381935 0 0.924189
    outer loop
      vertex 180.113 71.2 103.797
      vertex 179.917 72.8 103.716
      vertex 179.917 71.2 103.716
    endloop
  endfacet
  facet normal -0.972857 0 -0.231408
    outer loop
      vertex 180.833 71.2 105.211
      vertex 180.784 72.8 105.417
      vertex 180.833 72.8 105.211
    endloop
  endfacet
  facet normal -0.972857 -0 -0.231408
    outer loop
      vertex 180.784 72.8 105.417
      vertex 180.833 71.2 105.211
      vertex 180.784 71.2 105.417
    endloop
  endfacet
  facet normal -0.64806 0 -0.761589
    outer loop
      vertex 180.294 71.2 106.092
      vertex 180.455 72.8 105.955
      vertex 180.455 71.2 105.955
    endloop
  endfacet
  facet normal -0.64806 0 -0.761589
    outer loop
      vertex 180.455 72.8 105.955
      vertex 180.294 71.2 106.092
      vertex 180.294 72.8 106.092
    endloop
  endfacet
  facet normal -0.0803085 0 0.99677
    outer loop
      vertex 179.5 72.8 103.65
      vertex 179.711 71.2 103.667
      vertex 179.711 72.8 103.667
    endloop
  endfacet
  facet normal -0.0803085 0 0.99677
    outer loop
      vertex 179.711 71.2 103.667
      vertex 179.5 72.8 103.65
      vertex 179.5 71.2 103.65
    endloop
  endfacet
  facet normal 0.852466 -0 0.522783
    outer loop
      vertex 178.297 71.2 104.387
      vertex 178.408 72.8 104.206
      vertex 178.297 72.8 104.387
    endloop
  endfacet
  facet normal 0.852466 0 0.522783
    outer loop
      vertex 178.408 72.8 104.206
      vertex 178.297 71.2 104.387
      vertex 178.408 71.2 104.206
    endloop
  endfacet
  facet normal 0.99677 -0 0.0803085
    outer loop
      vertex 178.15 71.2 105
      vertex 178.167 72.8 104.789
      vertex 178.15 72.8 105
    endloop
  endfacet
  facet normal 0.99677 0 0.0803085
    outer loop
      vertex 178.167 72.8 104.789
      vertex 178.15 71.2 105
      vertex 178.167 71.2 104.789
    endloop
  endfacet
  facet normal -0.761589 0 -0.64806
    outer loop
      vertex 180.592 71.2 105.794
      vertex 180.455 72.8 105.955
      vertex 180.592 72.8 105.794
    endloop
  endfacet
  facet normal -0.761589 -0 -0.64806
    outer loop
      vertex 180.455 72.8 105.955
      vertex 180.592 71.2 105.794
      vertex 180.455 71.2 105.955
    endloop
  endfacet
  facet normal 0.761589 0 -0.64806
    outer loop
      vertex 178.545 71.2 105.955
      vertex 178.408 72.8 105.794
      vertex 178.545 72.8 105.955
    endloop
  endfacet
  facet normal 0.761589 0 -0.64806
    outer loop
      vertex 178.408 72.8 105.794
      vertex 178.545 71.2 105.955
      vertex 178.408 71.2 105.794
    endloop
  endfacet
  facet normal -0.852466 0 0.522783
    outer loop
      vertex 180.592 71.2 104.206
      vertex 180.703 72.8 104.387
      vertex 180.592 72.8 104.206
    endloop
  endfacet
  facet normal -0.852466 0 0.522783
    outer loop
      vertex 180.703 72.8 104.387
      vertex 180.592 71.2 104.206
      vertex 180.703 71.2 104.387
    endloop
  endfacet
  facet normal 0.0803085 0 0.99677
    outer loop
      vertex 179.289 72.8 103.667
      vertex 179.5 71.2 103.65
      vertex 179.5 72.8 103.65
    endloop
  endfacet
  facet normal 0.0803085 0 0.99677
    outer loop
      vertex 179.5 71.2 103.65
      vertex 179.289 72.8 103.667
      vertex 179.289 71.2 103.667
    endloop
  endfacet
  facet normal 0.231408 0 -0.972857
    outer loop
      vertex 179.083 71.2 106.284
      vertex 179.289 72.8 106.333
      vertex 179.289 71.2 106.333
    endloop
  endfacet
  facet normal 0.231408 0 -0.972857
    outer loop
      vertex 179.289 72.8 106.333
      vertex 179.083 71.2 106.284
      vertex 179.083 72.8 106.284
    endloop
  endfacet
  facet normal 0.64806 0 -0.761589
    outer loop
      vertex 178.545 71.2 105.955
      vertex 178.706 72.8 106.092
      vertex 178.706 71.2 106.092
    endloop
  endfacet
  facet normal 0.64806 0 -0.761589
    outer loop
      vertex 178.706 72.8 106.092
      vertex 178.545 71.2 105.955
      vertex 178.545 72.8 105.955
    endloop
  endfacet
  facet normal 0.924189 -0 0.381935
    outer loop
      vertex 178.216 71.2 104.583
      vertex 178.297 72.8 104.387
      vertex 178.216 72.8 104.583
    endloop
  endfacet
  facet normal 0.924189 0 0.381935
    outer loop
      vertex 178.297 72.8 104.387
      vertex 178.216 71.2 104.583
      vertex 178.297 71.2 104.387
    endloop
  endfacet
  facet normal 0.99677 0 -0.0803085
    outer loop
      vertex 178.167 71.2 105.211
      vertex 178.15 72.8 105
      vertex 178.167 72.8 105.211
    endloop
  endfacet
  facet normal 0.99677 0 -0.0803085
    outer loop
      vertex 178.15 72.8 105
      vertex 178.167 71.2 105.211
      vertex 178.15 71.2 105
    endloop
  endfacet
  facet normal -0.231408 0 0.972857
    outer loop
      vertex 179.711 72.8 103.667
      vertex 179.917 71.2 103.716
      vertex 179.917 72.8 103.716
    endloop
  endfacet
  facet normal -0.231408 0 0.972857
    outer loop
      vertex 179.917 71.2 103.716
      vertex 179.711 72.8 103.667
      vertex 179.711 71.2 103.667
    endloop
  endfacet
  facet normal -0.852466 0 -0.522783
    outer loop
      vertex 180.703 71.2 105.613
      vertex 180.592 72.8 105.794
      vertex 180.703 72.8 105.613
    endloop
  endfacet
  facet normal -0.852466 -0 -0.522783
    outer loop
      vertex 180.592 72.8 105.794
      vertex 180.703 71.2 105.613
      vertex 180.592 71.2 105.794
    endloop
  endfacet
  facet normal 0.972857 -0 0.231408
    outer loop
      vertex 178.167 71.2 104.789
      vertex 178.216 72.8 104.583
      vertex 178.167 72.8 104.789
    endloop
  endfacet
  facet normal 0.972857 0 0.231408
    outer loop
      vertex 178.216 72.8 104.583
      vertex 178.167 71.2 104.789
      vertex 178.216 71.2 104.583
    endloop
  endfacet
  facet normal 0.761589 -0 0.64806
    outer loop
      vertex 178.408 71.2 104.206
      vertex 178.545 72.8 104.045
      vertex 178.408 72.8 104.206
    endloop
  endfacet
  facet normal 0.761589 0 0.64806
    outer loop
      vertex 178.545 72.8 104.045
      vertex 178.408 71.2 104.206
      vertex 178.545 71.2 104.045
    endloop
  endfacet
  facet normal -0.64806 0 0.761589
    outer loop
      vertex 180.294 72.8 103.908
      vertex 180.455 71.2 104.045
      vertex 180.455 72.8 104.045
    endloop
  endfacet
  facet normal -0.64806 0 0.761589
    outer loop
      vertex 180.455 71.2 104.045
      vertex 180.294 72.8 103.908
      vertex 180.294 71.2 103.908
    endloop
  endfacet
  facet normal -0.381935 0 -0.924189
    outer loop
      vertex 179.917 71.2 106.284
      vertex 180.113 72.8 106.203
      vertex 180.113 71.2 106.203
    endloop
  endfacet
  facet normal -0.381935 0 -0.924189
    outer loop
      vertex 180.113 72.8 106.203
      vertex 179.917 71.2 106.284
      vertex 179.917 72.8 106.284
    endloop
  endfacet
  facet normal -0.522783 0 0.852466
    outer loop
      vertex 180.113 72.8 103.797
      vertex 180.294 71.2 103.908
      vertex 180.294 72.8 103.908
    endloop
  endfacet
  facet normal -0.522783 0 0.852466
    outer loop
      vertex 180.294 71.2 103.908
      vertex 180.113 72.8 103.797
      vertex 180.113 71.2 103.797
    endloop
  endfacet
  facet normal 0.381935 0 -0.924189
    outer loop
      vertex 178.887 71.2 106.203
      vertex 179.083 72.8 106.284
      vertex 179.083 71.2 106.284
    endloop
  endfacet
  facet normal 0.381935 0 -0.924189
    outer loop
      vertex 179.083 72.8 106.284
      vertex 178.887 71.2 106.203
      vertex 178.887 72.8 106.203
    endloop
  endfacet
  facet normal 0.231408 0 0.972857
    outer loop
      vertex 179.083 72.8 103.716
      vertex 179.289 71.2 103.667
      vertex 179.289 72.8 103.667
    endloop
  endfacet
  facet normal 0.231408 0 0.972857
    outer loop
      vertex 179.289 71.2 103.667
      vertex 179.083 72.8 103.716
      vertex 179.083 71.2 103.716
    endloop
  endfacet
  facet normal -0.924189 0 -0.381935
    outer loop
      vertex 180.784 71.2 105.417
      vertex 180.703 72.8 105.613
      vertex 180.784 72.8 105.417
    endloop
  endfacet
  facet normal -0.924189 -0 -0.381935
    outer loop
      vertex 180.703 72.8 105.613
      vertex 180.784 71.2 105.417
      vertex 180.703 71.2 105.613
    endloop
  endfacet
  facet normal 0.381935 0 0.924189
    outer loop
      vertex 178.887 72.8 103.797
      vertex 179.083 71.2 103.716
      vertex 179.083 72.8 103.716
    endloop
  endfacet
  facet normal 0.381935 0 0.924189
    outer loop
      vertex 179.083 71.2 103.716
      vertex 178.887 72.8 103.797
      vertex 178.887 71.2 103.797
    endloop
  endfacet
  facet normal 0.522783 0 0.852466
    outer loop
      vertex 178.706 72.8 103.908
      vertex 178.887 71.2 103.797
      vertex 178.887 72.8 103.797
    endloop
  endfacet
  facet normal 0.522783 0 0.852466
    outer loop
      vertex 178.887 71.2 103.797
      vertex 178.706 72.8 103.908
      vertex 178.706 71.2 103.908
    endloop
  endfacet
  facet normal 0.924189 0 -0.381935
    outer loop
      vertex 178.297 71.2 105.613
      vertex 178.216 72.8 105.417
      vertex 178.297 72.8 105.613
    endloop
  endfacet
  facet normal 0.924189 0 -0.381935
    outer loop
      vertex 178.216 72.8 105.417
      vertex 178.297 71.2 105.613
      vertex 178.216 71.2 105.417
    endloop
  endfacet
  facet normal -0.924189 0 0.381935
    outer loop
      vertex 180.703 71.2 104.387
      vertex 180.784 72.8 104.583
      vertex 180.703 72.8 104.387
    endloop
  endfacet
  facet normal -0.924189 0 0.381935
    outer loop
      vertex 180.784 72.8 104.583
      vertex 180.703 71.2 104.387
      vertex 180.784 71.2 104.583
    endloop
  endfacet
  facet normal 0.0803085 0 -0.99677
    outer loop
      vertex 179.289 71.2 106.333
      vertex 179.5 72.8 106.35
      vertex 179.5 71.2 106.35
    endloop
  endfacet
  facet normal 0.0803085 0 -0.99677
    outer loop
      vertex 179.5 72.8 106.35
      vertex 179.289 71.2 106.333
      vertex 179.289 72.8 106.333
    endloop
  endfacet
  facet normal 0.522783 0 -0.852466
    outer loop
      vertex 178.706 71.2 106.092
      vertex 178.887 72.8 106.203
      vertex 178.887 71.2 106.203
    endloop
  endfacet
  facet normal 0.522783 0 -0.852466
    outer loop
      vertex 178.887 72.8 106.203
      vertex 178.706 71.2 106.092
      vertex 178.706 72.8 106.092
    endloop
  endfacet
  facet normal 1 -0 0
    outer loop
      vertex 182.5 71.2 110
      vertex 182.5 72.8 -10.3
      vertex 182.5 72.8 110
    endloop
  endfacet
  facet normal 1 0 0
    outer loop
      vertex 182.5 72.8 -10.3
      vertex 182.5 71.2 110
      vertex 182.5 71.2 -10.3
    endloop
  endfacet
  facet normal -0 0 1
    outer loop
      vertex -6.5 72.8 110
      vertex 182.5 71.2 110
      vertex 182.5 72.8 110
    endloop
  endfacet
  facet normal 0 0 1
    outer loop
      vertex 182.5 71.2 110
      vertex -6.5 72.8 110
      vertex -6.5 71.2 110
    endloop
  endfacet
  facet normal 0 0 -1
    outer loop
      vertex -6.5 71.2 -10.3
      vertex 182.5 72.8 -10.3
      vertex 182.5 71.2 -10.3
    endloop
  endfacet
  facet normal -0 0 -1
    outer loop
      vertex 182.5 72.8 -10.3
      vertex -6.5 71.2 -10.3
      vertex -6.5 72.8 -10.3
    endloop
  endfacet
  facet normal -1 0 0
    outer loop
      vertex -6.5 71.2 -10.3
      vertex -6.5 72.8 110
      vertex -6.5 72.8 -10.3
    endloop
  endfacet
  facet normal -1 -0 0
    outer loop
      vertex -6.5 72.8 110
      vertex -6.5 71.2 -10.3
      vertex -6.5 71.2 110
    endloop
  endfacet
  facet normal 0 1 0
    outer loop
      vertex 128 72.8 85
      vertex 178.297 72.8 -1.68711
      vertex 123.5 72.8 85
    endloop
  endfacet
  facet normal 0 1 0
    outer loop
      vertex 101 72.8 85
      vertex -3.28881 72.8 -0.96662
      vertex -3.5 72.8 -0.95
    endloop
  endfacet
  facet normal 0 1 0
    outer loop
      vertex 123.5 72.8 85
      vertex 178.297 72.8 -1.68711
      vertex 119 72.8 85
    endloop
  endfacet
  facet normal 0 1 0
    outer loop
      vertex 101 72.8 85
      vertex -3.08283 72.8 -1.01607
      vertex -3.28881 72.8 -0.96662
    endloop
  endfacet
  facet normal 0 1 -0
    outer loop
      vertex 178.216 72.8 -1.88283
      vertex 119 72.8 85
      vertex 178.297 72.8 -1.68711
    endloop
  endfacet
  facet normal 0 1 0
    outer loop
      vertex 101 72.8 85
      vertex -2.88711 72.8 -1.09714
      vertex -3.08283 72.8 -1.01607
    endloop
  endfacet
  facet normal 0 1 0
    outer loop
      vertex 119 72.8 85
      vertex 178.216 72.8 -1.88283
      vertex 114.5 72.8 85
    endloop
  endfacet
  facet normal 0 1 0
    outer loop
      vertex 101 72.8 85
      vertex -2.70649 72.8 -1.20783
      vertex -2.88711 72.8 -1.09714
    endloop
  endfacet
  facet normal 0 1 0
    outer loop
      vertex 114.5 72.8 85
      vertex 178.216 72.8 -1.88283
      vertex 110 72.8 85
    endloop
  endfacet
  facet normal 0 1 0
    outer loop
      vertex 101 72.8 85
      vertex -2.54541 72.8 -1.34541
      vertex -2.70649 72.8 -1.20783
    endloop
  endfacet
  facet normal 0 1 -0
    outer loop
      vertex 178.167 72.8 -2.08881
      vertex 110 72.8 85
      vertex 178.216 72.8 -1.88283
    endloop
  endfacet
  facet normal 0 1 0
    outer loop
      vertex 101 72.8 85
      vertex -2.40783 72.8 -1.50649
      vertex -2.54541 72.8 -1.34541
    endloop
  endfacet
  facet normal 0 1 0
    outer loop
      vertex 110 72.8 85
      vertex 178.167 72.8 -2.08881
      vertex 105.5 72.8 85
    endloop
  endfacet
  facet normal 0 1 0
    outer loop
      vertex 101 72.8 85
      vertex -2.29714 72.8 -1.68711
      vertex -2.40783 72.8 -1.50649
    endloop
  endfacet
  facet normal 0 1 0
    outer loop
      vertex 105.5 72.8 85
      vertex 178.167 72.8 -2.08881
      vertex 101 72.8 85
    endloop
  endfacet
  facet normal 0 1 0
    outer loop
      vertex 101 72.8 85
      vertex -2.21607 72.8 -1.88283
      vertex -2.29714 72.8 -1.68711
    endloop
  endfacet
  facet normal 0 1 -0
    outer loop
      vertex 178.15 72.8 -2.3
      vertex 101 72.8 85
      vertex 178.167 72.8 -2.08881
    endloop
  endfacet
  facet normal 0 1 0
    outer loop
      vertex 101 72.8 85
      vertex -2.16662 72.8 -2.08881
      vertex -2.21607 72.8 -1.88283
    endloop
  endfacet
  facet normal 0 1 0
    outer loop
      vertex -2.15 72.8 -2.3
      vertex 101 72.8 85
      vertex 178.15 72.8 -2.3
    endloop
  endfacet
  facet normal 0 1 0
    outer loop
      vertex 101 72.8 85
      vertex -2.15 72.8 -2.3
      vertex -2.16662 72.8 -2.08881
    endloop
  endfacet
  facet normal 0 1 0
    outer loop
      vertex 178.167 72.8 -2.51119
      vertex -2.15 72.8 -2.3
      vertex 178.15 72.8 -2.3
    endloop
  endfacet
  facet normal 0 1 0
    outer loop
      vertex 178.167 72.8 -2.51119
      vertex -2.16662 72.8 -2.51119
      vertex -2.15 72.8 -2.3
    endloop
  endfacet
  facet normal 0 1 0
    outer loop
      vertex 178.216 72.8 -2.71717
      vertex -2.16662 72.8 -2.51119
      vertex 178.167 72.8 -2.51119
    endloop
  endfacet
  facet normal 0 1 0
    outer loop
      vertex 178.216 72.8 -2.71717
      vertex -2.21607 72.8 -2.71717
      vertex -2.16662 72.8 -2.51119
    endloop
  endfacet
  facet normal 0 1 0
    outer loop
      vertex 178.297 72.8 -2.91289
      vertex -2.21607 72.8 -2.71717
      vertex 178.216 72.8 -2.71717
    endloop
  endfacet
  facet normal 0 1 0
    outer loop
      vertex 178.297 72.8 -2.91289
      vertex -2.29714 72.8 -2.91289
      vertex -2.21607 72.8 -2.71717
    endloop
  endfacet
  facet normal 0 1 0
    outer loop
      vertex 178.408 72.8 -3.09351
      vertex -2.29714 72.8 -2.91289
      vertex 178.297 72.8 -2.91289
    endloop
  endfacet
  facet normal 0 1 0
    outer loop
      vertex 178.408 72.8 -3.09351
      vertex -2.40783 72.8 -3.09351
      vertex -2.29714 72.8 -2.91289
    endloop
  endfacet
  facet normal 0 1 0
    outer loop
      vertex 182.5 72.8 -10.3
      vertex 178.408 72.8 -3.09351
      vertex 178.545 72.8 -3.25459
    endloop
  endfacet
  facet normal 0 1 0
    outer loop
      vertex 178.408 72.8 -3.09351
      vertex 182.5 72.8 -10.3
      vertex -2.40783 72.8 -3.09351
    endloop
  endfacet
  facet normal 0 1 0
    outer loop
      vertex 182.5 72.8 -10.3
      vertex 178.545 72.8 -3.25459
      vertex 178.706 72.8 -3.39217
    endloop
  endfacet
  facet normal 0 1 0
    outer loop
      vertex -6.5 72.8 -10.3
      vertex -2.40783 72.8 -3.09351
      vertex 182.5 72.8 -10.3
    endloop
  endfacet
  facet normal 0 1 0
    outer loop
      vertex 182.5 72.8 -10.3
      vertex 178.706 72.8 -3.39217
      vertex 178.887 72.8 -3.50286
    endloop
  endfacet
  facet normal 0 1 0
    outer loop
      vertex -2.40783 72.8 -3.09351
      vertex -6.5 72.8 -10.3
      vertex -2.54541 72.8 -3.25459
    endloop
  endfacet
  facet normal 0 1 0
    outer loop
      vertex 182.5 72.8 -10.3
      vertex 178.887 72.8 -3.50286
      vertex 179.083 72.8 -3.58393
    endloop
  endfacet
  facet normal 0 1 0
    outer loop
      vertex -2.54541 72.8 -3.25459
      vertex -6.5 72.8 -10.3
      vertex -2.70649 72.8 -3.39217
    endloop
  endfacet
  facet normal 0 1 0
    outer loop
      vertex 182.5 72.8 -10.3
      vertex 179.083 72.8 -3.58393
      vertex 179.289 72.8 -3.63338
    endloop
  endfacet
  facet normal 0 1 0
    outer loop
      vertex -2.70649 72.8 -3.39217
      vertex -6.5 72.8 -10.3
      vertex -2.88711 72.8 -3.50286
    endloop
  endfacet
  facet normal 0 1 0
    outer loop
      vertex 182.5 72.8 -10.3
      vertex 179.289 72.8 -3.63338
      vertex 179.5 72.8 -3.65
    endloop
  endfacet
  facet normal 0 1 0
    outer loop
      vertex -2.88711 72.8 -3.50286
      vertex -6.5 72.8 -10.3
      vertex -3.08283 72.8 -3.58393
    endloop
  endfacet
  facet normal 0 1 -0
    outer loop
      vertex 105.117 72.8 99.9239
      vertex 101 72.8 100
      vertex 105.5 72.8 100
    endloop
  endfacet
  facet normal 0 1 0
    outer loop
      vertex 105.117 72.8 99.9239
      vertex 101.383 72.8 99.9239
      vertex 101 72.8 100
    endloop
  endfacet
  facet normal 0 1 -0
    outer loop
      vertex 104.793 72.8 99.7071
      vertex 101.383 72.8 99.9239
      vertex 105.117 72.8 99.9239
    endloop
  endfacet
  facet normal 0 1 0
    outer loop
      vertex 104.793 72.8 99.7071
      vertex 101.707 72.8 99.7071
      vertex 101.383 72.8 99.9239
    endloop
  endfacet
  facet normal 0 1 -0
    outer loop
      vertex 104.576 72.8 99.3827
      vertex 101.707 72.8 99.7071
      vertex 104.793 72.8 99.7071
    endloop
  endfacet
  facet normal 0 1 0
    outer loop
      vertex 104.576 72.8 99.3827
      vertex 101.924 72.8 99.3827
      vertex 101.707 72.8 99.7071
    endloop
  endfacet
  facet normal 0 1 -0
    outer loop
      vertex 104.5 72.8 99
      vertex 101.924 72.8 99.3827
      vertex 104.576 72.8 99.3827
    endloop
  endfacet
  facet normal 0 1 0
    outer loop
      vertex 104.5 72.8 99
      vertex 102 72.8 99
      vertex 101.924 72.8 99.3827
    endloop
  endfacet
  facet normal 0 1 -0
    outer loop
      vertex 104.5 72.8 86
      vertex 102 72.8 99
      vertex 104.5 72.8 99
    endloop
  endfacet
  facet normal 0 1 0
    outer loop
      vertex 104.5 72.8 86
      vertex 102 72.8 86
      vertex 102 72.8 99
    endloop
  endfacet
  facet normal 0 1 0
    outer loop
      vertex 104.576 72.8 85.6173
      vertex 102 72.8 86
      vertex 104.5 72.8 86
    endloop
  endfacet
  facet normal 0 1 0
    outer loop
      vertex 104.576 72.8 85.6173
      vertex 101.924 72.8 85.6173
      vertex 102 72.8 86
    endloop
  endfacet
  facet normal 0 1 0
    outer loop
      vertex 104.793 72.8 85.2929
      vertex 101.924 72.8 85.6173
      vertex 104.576 72.8 85.6173
    endloop
  endfacet
  facet normal 0 1 0
    outer loop
      vertex 104.793 72.8 85.2929
      vertex 101.707 72.8 85.2929
      vertex 101.924 72.8 85.6173
    endloop
  endfacet
  facet normal 0 1 0
    outer loop
      vertex 105.117 72.8 85.0761
      vertex 101.707 72.8 85.2929
      vertex 104.793 72.8 85.2929
    endloop
  endfacet
  facet normal 0 1 0
    outer loop
      vertex 105.117 72.8 85.0761
      vertex 101.383 72.8 85.0761
      vertex 101.707 72.8 85.2929
    endloop
  endfacet
  facet normal 0 1 0
    outer loop
      vertex 105.5 72.8 85
      vertex 101.383 72.8 85.0761
      vertex 105.117 72.8 85.0761
    endloop
  endfacet
  facet normal 0 1 0
    outer loop
      vertex 101.383 72.8 85.0761
      vertex 105.5 72.8 85
      vertex 101 72.8 85
    endloop
  endfacet
  facet normal 0 1 -0
    outer loop
      vertex 109.617 72.8 99.9239
      vertex 105.5 72.8 100
      vertex 110 72.8 100
    endloop
  endfacet
  facet normal 0 1 0
    outer loop
      vertex 109.617 72.8 99.9239
      vertex 105.883 72.8 99.9239
      vertex 105.5 72.8 100
    endloop
  endfacet
  facet normal 0 1 -0
    outer loop
      vertex 109.293 72.8 99.7071
      vertex 105.883 72.8 99.9239
      vertex 109.617 72.8 99.9239
    endloop
  endfacet
  facet normal 0 1 0
    outer loop
      vertex 109.293 72.8 99.7071
      vertex 106.207 72.8 99.7071
      vertex 105.883 72.8 99.9239
    endloop
  endfacet
  facet normal 0 1 -0
    outer loop
      vertex 109.076 72.8 99.3827
      vertex 106.207 72.8 99.7071
      vertex 109.293 72.8 99.7071
    endloop
  endfacet
  facet normal 0 1 0
    outer loop
      vertex 109.076 72.8 99.3827
      vertex 106.424 72.8 99.3827
      vertex 106.207 72.8 99.7071
    endloop
  endfacet
  facet normal 0 1 -0
    outer loop
      vertex 109 72.8 99
      vertex 106.424 72.8 99.3827
      vertex 109.076 72.8 99.3827
    endloop
  endfacet
  facet normal 0 1 0
    outer loop
      vertex 109 72.8 99
      vertex 106.5 72.8 99
      vertex 106.424 72.8 99.3827
    endloop
  endfacet
  facet normal 0 1 -0
    outer loop
      vertex 109 72.8 86
      vertex 106.5 72.8 99
      vertex 109 72.8 99
    endloop
  endfacet
  facet normal 0 1 0
    outer loop
      vertex 109 72.8 86
      vertex 106.5 72.8 86
      vertex 106.5 72.8 99
    endloop
  endfacet
  facet normal 0 1 0
    outer loop
      vertex 109.076 72.8 85.6173
      vertex 106.5 72.8 86
      vertex 109 72.8 86
    endloop
  endfacet
  facet normal 0 1 0
    outer loop
      vertex 109.076 72.8 85.6173
      vertex 106.424 72.8 85.6173
      vertex 106.5 72.8 86
    endloop
  endfacet
  facet normal 0 1 0
    outer loop
      vertex 109.293 72.8 85.2929
      vertex 106.424 72.8 85.6173
      vertex 109.076 72.8 85.6173
    endloop
  endfacet
  facet normal 0 1 0
    outer loop
      vertex 109.293 72.8 85.2929
      vertex 106.207 72.8 85.2929
      vertex 106.424 72.8 85.6173
    endloop
  endfacet
  facet normal 0 1 0
    outer loop
      vertex 109.617 72.8 85.0761
      vertex 106.207 72.8 85.2929
      vertex 109.293 72.8 85.2929
    endloop
  endfacet
  facet normal 0 1 0
    outer loop
      vertex 109.617 72.8 85.0761
      vertex 105.883 72.8 85.0761
      vertex 106.207 72.8 85.2929
    endloop
  endfacet
  facet normal 0 1 0
    outer loop
      vertex 110 72.8 85
      vertex 105.883 72.8 85.0761
      vertex 109.617 72.8 85.0761
    endloop
  endfacet
  facet normal 0 1 0
    outer loop
      vertex 105.883 72.8 85.0761
      vertex 110 72.8 85
      vertex 105.5 72.8 85
    endloop
  endfacet
  facet normal 0 1 -0
    outer loop
      vertex 114.117 72.8 99.9239
      vertex 110 72.8 100
      vertex 114.5 72.8 100
    endloop
  endfacet
  facet normal 0 1 0
    outer loop
      vertex 114.117 72.8 99.9239
      vertex 110.383 72.8 99.9239
      vertex 110 72.8 100
    endloop
  endfacet
  facet normal 0 1 -0
    outer loop
      vertex 113.793 72.8 99.7071
      vertex 110.383 72.8 99.9239
      vertex 114.117 72.8 99.9239
    endloop
  endfacet
  facet normal 0 1 0
    outer loop
      vertex 113.793 72.8 99.7071
      vertex 110.707 72.8 99.7071
      vertex 110.383 72.8 99.9239
    endloop
  endfacet
  facet normal 0 1 -0
    outer loop
      vertex 113.576 72.8 99.3827
      vertex 110.707 72.8 99.7071
      vertex 113.793 72.8 99.7071
    endloop
  endfacet
  facet normal 0 1 0
    outer loop
      vertex 113.576 72.8 99.3827
      vertex 110.924 72.8 99.3827
      vertex 110.707 72.8 99.7071
    endloop
  endfacet
  facet normal 0 1 -0
    outer loop
      vertex 113.5 72.8 99
      vertex 110.924 72.8 99.3827
      vertex 113.576 72.8 99.3827
    endloop
  endfacet
  facet normal 0 1 0
    outer loop
      vertex 113.5 72.8 99
      vertex 111 72.8 99
      vertex 110.924 72.8 99.3827
    endloop
  endfacet
  facet normal 0 1 -0
    outer loop
      vertex 113.5 72.8 86
      vertex 111 72.8 99
      vertex 113.5 72.8 99
    endloop
  endfacet
  facet normal 0 1 0
    outer loop
      vertex 113.5 72.8 86
      vertex 111 72.8 86
      vertex 111 72.8 99
    endloop
  endfacet
  facet normal 0 1 0
    outer loop
      vertex 113.576 72.8 85.6173
      vertex 111 72.8 86
      vertex 113.5 72.8 86
    endloop
  endfacet
  facet normal 0 1 0
    outer loop
      vertex 113.576 72.8 85.6173
      vertex 110.924 72.8 85.6173
      vertex 111 72.8 86
    endloop
  endfacet
  facet normal 0 1 0
    outer loop
      vertex 113.793 72.8 85.2929
      vertex 110.924 72.8 85.6173
      vertex 113.576 72.8 85.6173
    endloop
  endfacet
  facet normal 0 1 0
    outer loop
      vertex 113.793 72.8 85.2929
      vertex 110.707 72.8 85.2929
      vertex 110.924 72.8 85.6173
    endloop
  endfacet
  facet normal 0 1 0
    outer loop
      vertex 114.117 72.8 85.0761
      vertex 110.707 72.8 85.2929
      vertex 113.793 72.8 85.2929
    endloop
  endfacet
  facet normal 0 1 0
    outer loop
      vertex 114.117 72.8 85.0761
      vertex 110.383 72.8 85.0761
      vertex 110.707 72.8 85.2929
    endloop
  endfacet
  facet normal 0 1 0
    outer loop
      vertex 114.5 72.8 85
      vertex 110.383 72.8 85.0761
      vertex 114.117 72.8 85.0761
    endloop
  endfacet
  facet normal 0 1 0
    outer loop
      vertex 110.383 72.8 85.0761
      vertex 114.5 72.8 85
      vertex 110 72.8 85
    endloop
  endfacet
  facet normal 0 1 -0
    outer loop
      vertex 118.617 72.8 99.9239
      vertex 114.5 72.8 100
      vertex 119 72.8 100
    endloop
  endfacet
  facet normal 0 1 0
    outer loop
      vertex 118.617 72.8 99.9239
      vertex 114.883 72.8 99.9239
      vertex 114.5 72.8 100
    endloop
  endfacet
  facet normal 0 1 -0
    outer loop
      vertex 118.293 72.8 99.7071
      vertex 114.883 72.8 99.9239
      vertex 118.617 72.8 99.9239
    endloop
  endfacet
  facet normal 0 1 0
    outer loop
      vertex 118.293 72.8 99.7071
      vertex 115.207 72.8 99.7071
      vertex 114.883 72.8 99.9239
    endloop
  endfacet
  facet normal 0 1 -0
    outer loop
      vertex 118.076 72.8 99.3827
      vertex 115.207 72.8 99.7071
      vertex 118.293 72.8 99.7071
    endloop
  endfacet
  facet normal 0 1 0
    outer loop
      vertex 118.076 72.8 99.3827
      vertex 115.424 72.8 99.3827
      vertex 115.207 72.8 99.7071
    endloop
  endfacet
  facet normal 0 1 -0
    outer loop
      vertex 118 72.8 99
      vertex 115.424 72.8 99.3827
      vertex 118.076 72.8 99.3827
    endloop
  endfacet
  facet normal 0 1 0
    outer loop
      vertex 118 72.8 99
      vertex 115.5 72.8 99
      vertex 115.424 72.8 99.3827
    endloop
  endfacet
  facet normal 0 1 -0
    outer loop
      vertex 118 72.8 86
      vertex 115.5 72.8 99
      vertex 118 72.8 99
    endloop
  endfacet
  facet normal 0 1 0
    outer loop
      vertex 118 72.8 86
      vertex 115.5 72.8 86
      vertex 115.5 72.8 99
    endloop
  endfacet
  facet normal 0 1 0
    outer loop
      vertex 118.076 72.8 85.6173
      vertex 115.5 72.8 86
      vertex 118 72.8 86
    endloop
  endfacet
  facet normal 0 1 0
    outer loop
      vertex 118.076 72.8 85.6173
      vertex 115.424 72.8 85.6173
      vertex 115.5 72.8 86
    endloop
  endfacet
  facet normal 0 1 0
    outer loop
      vertex 118.293 72.8 85.2929
      vertex 115.424 72.8 85.6173
      vertex 118.076 72.8 85.6173
    endloop
  endfacet
  facet normal 0 1 0
    outer loop
      vertex 118.293 72.8 85.2929
      vertex 115.207 72.8 85.2929
      vertex 115.424 72.8 85.6173
    endloop
  endfacet
  facet normal 0 1 0
    outer loop
      vertex 118.617 72.8 85.0761
      vertex 115.207 72.8 85.2929
      vertex 118.293 72.8 85.2929
    endloop
  endfacet
  facet normal 0 1 0
    outer loop
      vertex 118.617 72.8 85.0761
      vertex 114.883 72.8 85.0761
      vertex 115.207 72.8 85.2929
    endloop
  endfacet
  facet normal 0 1 0
    outer loop
      vertex 119 72.8 85
      vertex 114.883 72.8 85.0761
      vertex 118.617 72.8 85.0761
    endloop
  endfacet
  facet normal 0 1 0
    outer loop
      vertex 114.883 72.8 85.0761
      vertex 119 72.8 85
      vertex 114.5 72.8 85
    endloop
  endfacet
  facet normal 0 1 -0
    outer loop
      vertex 123.117 72.8 99.9239
      vertex 119 72.8 100
      vertex 123.5 72.8 100
    endloop
  endfacet
  facet normal 0 1 0
    outer loop
      vertex 123.117 72.8 99.9239
      vertex 119.383 72.8 99.9239
      vertex 119 72.8 100
    endloop
  endfacet
  facet normal 0 1 -0
    outer loop
      vertex 122.793 72.8 99.7071
      vertex 119.383 72.8 99.9239
      vertex 123.117 72.8 99.9239
    endloop
  endfacet
  facet normal 0 1 0
    outer loop
      vertex 122.793 72.8 99.7071
      vertex 119.707 72.8 99.7071
      vertex 119.383 72.8 99.9239
    endloop
  endfacet
  facet normal 0 1 -0
    outer loop
      vertex 122.576 72.8 99.3827
      vertex 119.707 72.8 99.7071
      vertex 122.793 72.8 99.7071
    endloop
  endfacet
  facet normal 0 1 0
    outer loop
      vertex 122.576 72.8 99.3827
      vertex 119.924 72.8 99.3827
      vertex 119.707 72.8 99.7071
    endloop
  endfacet
  facet normal 0 1 -0
    outer loop
      vertex 122.5 72.8 99
      vertex 119.924 72.8 99.3827
      vertex 122.576 72.8 99.3827
    endloop
  endfacet
  facet normal 0 1 0
    outer loop
      vertex 122.5 72.8 99
      vertex 120 72.8 99
      vertex 119.924 72.8 99.3827
    endloop
  endfacet
  facet normal 0 1 -0
    outer loop
      vertex 122.5 72.8 86
      vertex 120 72.8 99
      vertex 122.5 72.8 99
    endloop
  endfacet
  facet normal 0 1 0
    outer loop
      vertex 122.5 72.8 86
      vertex 120 72.8 86
      vertex 120 72.8 99
    endloop
  endfacet
  facet normal 0 1 0
    outer loop
      vertex 122.576 72.8 85.6173
      vertex 120 72.8 86
      vertex 122.5 72.8 86
    endloop
  endfacet
  facet normal 0 1 0
    outer loop
      vertex 122.576 72.8 85.6173
      vertex 119.924 72.8 85.6173
      vertex 120 72.8 86
    endloop
  endfacet
  facet normal 0 1 0
    outer loop
      vertex 122.793 72.8 85.2929
      vertex 119.924 72.8 85.6173
      vertex 122.576 72.8 85.6173
    endloop
  endfacet
  facet normal 0 1 0
    outer loop
      vertex 122.793 72.8 85.2929
      vertex 119.707 72.8 85.2929
      vertex 119.924 72.8 85.6173
    endloop
  endfacet
  facet normal 0 1 0
    outer loop
      vertex 123.117 72.8 85.0761
      vertex 119.707 72.8 85.2929
      vertex 122.793 72.8 85.2929
    endloop
  endfacet
  facet normal 0 1 0
    outer loop
      vertex 123.117 72.8 85.0761
      vertex 119.383 72.8 85.0761
      vertex 119.707 72.8 85.2929
    endloop
  endfacet
  facet normal 0 1 0
    outer loop
      vertex 123.5 72.8 85
      vertex 119.383 72.8 85.0761
      vertex 123.117 72.8 85.0761
    endloop
  endfacet
  facet normal 0 1 0
    outer loop
      vertex 119.383 72.8 85.0761
      vertex 123.5 72.8 85
      vertex 119 72.8 85
    endloop
  endfacet
  facet normal 0 1 -0
    outer loop
      vertex 127.617 72.8 99.9239
      vertex 123.5 72.8 100
      vertex 128 72.8 100
    endloop
  endfacet
  facet normal 0 1 0
    outer loop
      vertex 127.617 72.8 99.9239
      vertex 123.883 72.8 99.9239
      vertex 123.5 72.8 100
    endloop
  endfacet
  facet normal 0 1 -0
    outer loop
      vertex 127.293 72.8 99.7071
      vertex 123.883 72.8 99.9239
      vertex 127.617 72.8 99.9239
    endloop
  endfacet
  facet normal 0 1 0
    outer loop
      vertex 127.293 72.8 99.7071
      vertex 124.207 72.8 99.7071
      vertex 123.883 72.8 99.9239
    endloop
  endfacet
  facet normal 0 1 -0
    outer loop
      vertex 127.076 72.8 99.3827
      vertex 124.207 72.8 99.7071
      vertex 127.293 72.8 99.7071
    endloop
  endfacet
  facet normal 0 1 0
    outer loop
      vertex 127.076 72.8 99.3827
      vertex 124.424 72.8 99.3827
      vertex 124.207 72.8 99.7071
    endloop
  endfacet
  facet normal 0 1 -0
    outer loop
      vertex 127 72.8 99
      vertex 124.424 72.8 99.3827
      vertex 127.076 72.8 99.3827
    endloop
  endfacet
  facet normal 0 1 0
    outer loop
      vertex 127 72.8 99
      vertex 124.5 72.8 99
      vertex 124.424 72.8 99.3827
    endloop
  endfacet
  facet normal 0 1 -0
    outer loop
      vertex 127 72.8 86
      vertex 124.5 72.8 99
      vertex 127 72.8 99
    endloop
  endfacet
  facet normal 0 1 0
    outer loop
      vertex 127 72.8 86
      vertex 124.5 72.8 86
      vertex 124.5 72.8 99
    endloop
  endfacet
  facet normal 0 1 0
    outer loop
      vertex 127.076 72.8 85.6173
      vertex 124.5 72.8 86
      vertex 127 72.8 86
    endloop
  endfacet
  facet normal 0 1 0
    outer loop
      vertex 127.076 72.8 85.6173
      vertex 124.424 72.8 85.6173
      vertex 124.5 72.8 86
    endloop
  endfacet
  facet normal 0 1 0
    outer loop
      vertex 127.293 72.8 85.2929
      vertex 124.424 72.8 85.6173
      vertex 127.076 72.8 85.6173
    endloop
  endfacet
  facet normal 0 1 0
    outer loop
      vertex 127.293 72.8 85.2929
      vertex 124.207 72.8 85.2929
      vertex 124.424 72.8 85.6173
    endloop
  endfacet
  facet normal 0 1 0
    outer loop
      vertex 127.617 72.8 85.0761
      vertex 124.207 72.8 85.2929
      vertex 127.293 72.8 85.2929
    endloop
  endfacet
  facet normal 0 1 0
    outer loop
      vertex 127.617 72.8 85.0761
      vertex 123.883 72.8 85.0761
      vertex 124.207 72.8 85.2929
    endloop
  endfacet
  facet normal 0 1 0
    outer loop
      vertex 128 72.8 85
      vertex 123.883 72.8 85.0761
      vertex 127.617 72.8 85.0761
    endloop
  endfacet
  facet normal 0 1 0
    outer loop
      vertex 123.883 72.8 85.0761
      vertex 128 72.8 85
      vertex 123.5 72.8 85
    endloop
  endfacet
  facet normal 0 1 0
    outer loop
      vertex 182.5 72.8 110
      vertex 101 72.8 100
      vertex -6.5 72.8 110
    endloop
  endfacet
  facet normal 0 1 0
    outer loop
      vertex -6.5 72.8 110
      vertex -3.28881 72.8 106.333
      vertex -3.5 72.8 106.35
    endloop
  endfacet
  facet normal 0 1 0
    outer loop
      vertex 123.5 72.8 100
      vertex 179.289 72.8 106.333
      vertex 179.083 72.8 106.284
    endloop
  endfacet
  facet normal 0 1 -0
    outer loop
      vertex 100.617 72.8 99.9239
      vertex -6.5 72.8 110
      vertex 101 72.8 100
    endloop
  endfacet
  facet normal 0 1 0
    outer loop
      vertex 128 72.8 100
      vertex 179.083 72.8 106.284
      vertex 178.887 72.8 106.203
    endloop
  endfacet
  facet normal 0 1 0
    outer loop
      vertex -6.5 72.8 110
      vertex -3.08283 72.8 106.284
      vertex -3.28881 72.8 106.333
    endloop
  endfacet
  facet normal 0 1 0
    outer loop
      vertex 128.383 72.8 99.9239
      vertex 178.887 72.8 106.203
      vertex 178.706 72.8 106.092
    endloop
  endfacet
  facet normal 0 1 -0
    outer loop
      vertex 100.293 72.8 99.7071
      vertex -6.5 72.8 110
      vertex 100.617 72.8 99.9239
    endloop
  endfacet
  facet normal 0 1 0
    outer loop
      vertex 128.383 72.8 99.9239
      vertex 178.706 72.8 106.092
      vertex 178.545 72.8 105.955
    endloop
  endfacet
  facet normal 0 1 0
    outer loop
      vertex -6.5 72.8 110
      vertex -2.88711 72.8 106.203
      vertex -3.08283 72.8 106.284
    endloop
  endfacet
  facet normal 0 1 0
    outer loop
      vertex 128.707 72.8 99.7071
      vertex 178.545 72.8 105.955
      vertex 178.408 72.8 105.794
    endloop
  endfacet
  facet normal 0 1 0
    outer loop
      vertex -6.5 72.8 110
      vertex -2.70649 72.8 106.092
      vertex -2.88711 72.8 106.203
    endloop
  endfacet
  facet normal 0 1 0
    outer loop
      vertex 128.707 72.8 99.7071
      vertex 178.408 72.8 105.794
      vertex 178.297 72.8 105.613
    endloop
  endfacet
  facet normal 0 1 0
    outer loop
      vertex -6.5 72.8 110
      vertex -2.54541 72.8 105.955
      vertex -2.70649 72.8 106.092
    endloop
  endfacet
  facet normal 0 1 0
    outer loop
      vertex 128.707 72.8 99.7071
      vertex 178.297 72.8 105.613
      vertex 178.216 72.8 105.417
    endloop
  endfacet
  facet normal 0 1 0
    outer loop
      vertex -6.5 72.8 110
      vertex 100.293 72.8 99.7071
      vertex -2.54541 72.8 105.955
    endloop
  endfacet
  facet normal 0 1 0
    outer loop
      vertex 128.924 72.8 99.3827
      vertex 178.216 72.8 105.417
      vertex 178.167 72.8 105.211
    endloop
  endfacet
  facet normal 0 1 0
    outer loop
      vertex -2.54541 72.8 105.955
      vertex 100.293 72.8 99.7071
      vertex -2.40783 72.8 105.794
    endloop
  endfacet
  facet normal 0 1 0
    outer loop
      vertex 128.924 72.8 99.3827
      vertex 178.167 72.8 105.211
      vertex 178.15 72.8 105
    endloop
  endfacet
  facet normal 0 1 0
    outer loop
      vertex -2.40783 72.8 105.794
      vertex 100.293 72.8 99.7071
      vertex -2.29714 72.8 105.613
    endloop
  endfacet
  facet normal 0 1 0
    outer loop
      vertex 129 72.8 99
      vertex 178.15 72.8 105
      vertex 178.167 72.8 104.789
    endloop
  endfacet
  facet normal 0 1 -0
    outer loop
      vertex 100.076 72.8 99.3827
      vertex -2.29714 72.8 105.613
      vertex 100.293 72.8 99.7071
    endloop
  endfacet
  facet normal 0 1 0
    outer loop
      vertex 129 72.8 99
      vertex 178.167 72.8 104.789
      vertex 178.216 72.8 104.583
    endloop
  endfacet
  facet normal 0 1 0
    outer loop
      vertex -2.29714 72.8 105.613
      vertex 100.076 72.8 99.3827
      vertex -2.21607 72.8 105.417
    endloop
  endfacet
  facet normal 0 1 0
    outer loop
      vertex 129 72.8 99
      vertex 178.216 72.8 104.583
      vertex 178.297 72.8 104.387
    endloop
  endfacet
  facet normal 0 1 0
    outer loop
      vertex -2.21607 72.8 105.417
      vertex 100.076 72.8 99.3827
      vertex -2.16662 72.8 105.211
    endloop
  endfacet
  facet normal 0 1 0
    outer loop
      vertex 129 72.8 86
      vertex 178.297 72.8 104.387
      vertex 178.408 72.8 104.206
    endloop
  endfacet
  facet normal 0 1 0
    outer loop
      vertex -2.16662 72.8 105.211
      vertex 100.076 72.8 99.3827
      vertex -2.15 72.8 105
    endloop
  endfacet
  facet normal 0 1 0
    outer loop
      vertex 129 72.8 86
      vertex 178.408 72.8 104.206
      vertex 178.545 72.8 104.045
    endloop
  endfacet
  facet normal 0 1 -0
    outer loop
      vertex 100 72.8 99
      vertex -2.15 72.8 105
      vertex 100.076 72.8 99.3827
    endloop
  endfacet
  facet normal 0 1 0
    outer loop
      vertex 129 72.8 86
      vertex 178.545 72.8 104.045
      vertex 178.706 72.8 103.908
    endloop
  endfacet
  facet normal 0 1 0
    outer loop
      vertex -2.15 72.8 105
      vertex 100 72.8 99
      vertex -2.16662 72.8 104.789
    endloop
  endfacet
  facet normal 0 1 0
    outer loop
      vertex 128.924 72.8 85.6173
      vertex 178.706 72.8 103.908
      vertex 178.887 72.8 103.797
    endloop
  endfacet
  facet normal 0 1 0
    outer loop
      vertex -2.16662 72.8 104.789
      vertex 100 72.8 99
      vertex -2.21607 72.8 104.583
    endloop
  endfacet
  facet normal 0 1 0
    outer loop
      vertex 128.924 72.8 85.6173
      vertex 178.887 72.8 103.797
      vertex 179.083 72.8 103.716
    endloop
  endfacet
  facet normal 0 1 -0
    outer loop
      vertex 100 72.8 86
      vertex -2.21607 72.8 104.583
      vertex 100 72.8 99
    endloop
  endfacet
  facet normal 0 1 0
    outer loop
      vertex 128.707 72.8 85.2929
      vertex 179.083 72.8 103.716
      vertex 179.289 72.8 103.667
    endloop
  endfacet
  facet normal 0 1 0
    outer loop
      vertex -2.21607 72.8 104.583
      vertex 100 72.8 86
      vertex -2.29714 72.8 104.387
    endloop
  endfacet
  facet normal 0 1 -0
    outer loop
      vertex 179.5 72.8 -0.95
      vertex 179.289 72.8 103.667
      vertex 179.5 72.8 103.65
    endloop
  endfacet
  facet normal 0 1 0
    outer loop
      vertex -2.29714 72.8 104.387
      vertex 100 72.8 86
      vertex -2.40783 72.8 104.206
    endloop
  endfacet
  facet normal 0 1 0
    outer loop
      vertex 179.289 72.8 106.333
      vertex 182.5 72.8 110
      vertex 179.5 72.8 106.35
    endloop
  endfacet
  facet normal 0 1 0
    outer loop
      vertex 182.5 72.8 110
      vertex 179.711 72.8 106.333
      vertex 179.5 72.8 106.35
    endloop
  endfacet
  facet normal 0 1 0
    outer loop
      vertex 182.5 72.8 110
      vertex 179.917 72.8 106.284
      vertex 179.711 72.8 106.333
    endloop
  endfacet
  facet normal 0 1 0
    outer loop
      vertex 182.5 72.8 110
      vertex 180.113 72.8 106.203
      vertex 179.917 72.8 106.284
    endloop
  endfacet
  facet normal 0 1 0
    outer loop
      vertex 182.5 72.8 110
      vertex 180.294 72.8 106.092
      vertex 180.113 72.8 106.203
    endloop
  endfacet
  facet normal 0 1 0
    outer loop
      vertex 182.5 72.8 110
      vertex 180.455 72.8 105.955
      vertex 180.294 72.8 106.092
    endloop
  endfacet
  facet normal 0 1 0
    outer loop
      vertex 182.5 72.8 110
      vertex 180.592 72.8 105.794
      vertex 180.455 72.8 105.955
    endloop
  endfacet
  facet normal 0 1 0
    outer loop
      vertex 182.5 72.8 110
      vertex 180.703 72.8 105.613
      vertex 180.592 72.8 105.794
    endloop
  endfacet
  facet normal 0 1 0
    outer loop
      vertex 182.5 72.8 110
      vertex 180.784 72.8 105.417
      vertex 180.703 72.8 105.613
    endloop
  endfacet
  facet normal 0 1 0
    outer loop
      vertex 182.5 72.8 110
      vertex 180.833 72.8 105.211
      vertex 180.784 72.8 105.417
    endloop
  endfacet
  facet normal 0 1 0
    outer loop
      vertex 182.5 72.8 110
      vertex 180.85 72.8 105
      vertex 180.833 72.8 105.211
    endloop
  endfacet
  facet normal 0 1 0
    outer loop
      vertex 182.5 72.8 110
      vertex 180.833 72.8 104.789
      vertex 180.85 72.8 105
    endloop
  endfacet
  facet normal 0 1 0
    outer loop
      vertex 182.5 72.8 110
      vertex 180.784 72.8 104.583
      vertex 180.833 72.8 104.789
    endloop
  endfacet
  facet normal 0 1 0
    outer loop
      vertex 179.083 72.8 106.284
      vertex 128 72.8 100
      vertex 123.5 72.8 100
    endloop
  endfacet
  facet normal 0 1 0
    outer loop
      vertex 178.887 72.8 106.203
      vertex 128.383 72.8 99.9239
      vertex 128 72.8 100
    endloop
  endfacet
  facet normal 0 1 0
    outer loop
      vertex 178.545 72.8 105.955
      vertex 128.707 72.8 99.7071
      vertex 128.383 72.8 99.9239
    endloop
  endfacet
  facet normal 0 1 0
    outer loop
      vertex 178.216 72.8 105.417
      vertex 128.924 72.8 99.3827
      vertex 128.707 72.8 99.7071
    endloop
  endfacet
  facet normal 0 1 0
    outer loop
      vertex 179.5 72.8 -0.95
      vertex 179.5 72.8 103.65
      vertex 179.711 72.8 103.667
    endloop
  endfacet
  facet normal 0 1 0
    outer loop
      vertex 178.15 72.8 105
      vertex 129 72.8 99
      vertex 128.924 72.8 99.3827
    endloop
  endfacet
  facet normal 0 1 0
    outer loop
      vertex 178.297 72.8 104.387
      vertex 129 72.8 86
      vertex 129 72.8 99
    endloop
  endfacet
  facet normal 0 1 0
    outer loop
      vertex 179.711 72.8 -0.96662
      vertex 179.711 72.8 103.667
      vertex 179.917 72.8 103.716
    endloop
  endfacet
  facet normal 0 1 0
    outer loop
      vertex 178.706 72.8 103.908
      vertex 128.924 72.8 85.6173
      vertex 129 72.8 86
    endloop
  endfacet
  facet normal 0 1 0
    outer loop
      vertex 179.083 72.8 103.716
      vertex 128.707 72.8 85.2929
      vertex 128.924 72.8 85.6173
    endloop
  endfacet
  facet normal 0 1 0
    outer loop
      vertex 179.289 72.8 -0.96662
      vertex 179.289 72.8 103.667
      vertex 179.5 72.8 -0.95
    endloop
  endfacet
  facet normal 0 1 -0
    outer loop
      vertex 178.887 72.8 -1.09714
      vertex 128.707 72.8 85.2929
      vertex 179.083 72.8 -1.01607
    endloop
  endfacet
  facet normal 0 1 0
    outer loop
      vertex 128.707 72.8 85.2929
      vertex 178.887 72.8 -1.09714
      vertex 128.383 72.8 85.0761
    endloop
  endfacet
  facet normal 0 1 -0
    outer loop
      vertex 178.706 72.8 -1.20783
      vertex 128.383 72.8 85.0761
      vertex 178.887 72.8 -1.09714
    endloop
  endfacet
  facet normal 0 1 -0
    outer loop
      vertex 178.545 72.8 -1.34541
      vertex 128.383 72.8 85.0761
      vertex 178.706 72.8 -1.20783
    endloop
  endfacet
  facet normal 0 1 0
    outer loop
      vertex 128.383 72.8 85.0761
      vertex 178.545 72.8 -1.34541
      vertex 128 72.8 85
    endloop
  endfacet
  facet normal 0 1 -0
    outer loop
      vertex 178.408 72.8 -1.50649
      vertex 128 72.8 85
      vertex 178.545 72.8 -1.34541
    endloop
  endfacet
  facet normal 0 1 -0
    outer loop
      vertex 179.083 72.8 -1.01607
      vertex 128.707 72.8 85.2929
      vertex 179.289 72.8 -0.96662
    endloop
  endfacet
  facet normal 0 1 0
    outer loop
      vertex 179.289 72.8 103.667
      vertex 179.289 72.8 -0.96662
      vertex 128.707 72.8 85.2929
    endloop
  endfacet
  facet normal 0 1 0
    outer loop
      vertex 179.917 72.8 -1.01607
      vertex 179.917 72.8 103.716
      vertex 180.113 72.8 103.797
    endloop
  endfacet
  facet normal 0 1 0
    outer loop
      vertex 180.113 72.8 -1.09714
      vertex 180.113 72.8 103.797
      vertex 180.294 72.8 103.908
    endloop
  endfacet
  facet normal 0 1 0
    outer loop
      vertex 180.294 72.8 -1.20783
      vertex 180.294 72.8 103.908
      vertex 180.455 72.8 104.045
    endloop
  endfacet
  facet normal 0 1 0
    outer loop
      vertex 180.455 72.8 -1.34541
      vertex 180.455 72.8 104.045
      vertex 180.592 72.8 104.206
    endloop
  endfacet
  facet normal 0 1 0
    outer loop
      vertex 180.592 72.8 -1.50649
      vertex 180.592 72.8 104.206
      vertex 180.703 72.8 104.387
    endloop
  endfacet
  facet normal 0 1 0
    outer loop
      vertex 180.703 72.8 -1.68711
      vertex 180.703 72.8 104.387
      vertex 180.784 72.8 104.583
    endloop
  endfacet
  facet normal 0 1 0
    outer loop
      vertex 180.784 72.8 -1.88283
      vertex 180.784 72.8 104.583
      vertex 182.5 72.8 110
    endloop
  endfacet
  facet normal 0 1 0
    outer loop
      vertex 179.711 72.8 103.667
      vertex 179.711 72.8 -0.96662
      vertex 179.5 72.8 -0.95
    endloop
  endfacet
  facet normal 0 1 0
    outer loop
      vertex 179.917 72.8 103.716
      vertex 179.917 72.8 -1.01607
      vertex 179.711 72.8 -0.96662
    endloop
  endfacet
  facet normal 0 1 0
    outer loop
      vertex 180.113 72.8 103.797
      vertex 180.113 72.8 -1.09714
      vertex 179.917 72.8 -1.01607
    endloop
  endfacet
  facet normal 0 1 0
    outer loop
      vertex 180.294 72.8 103.908
      vertex 180.294 72.8 -1.20783
      vertex 180.113 72.8 -1.09714
    endloop
  endfacet
  facet normal 0 1 0
    outer loop
      vertex 180.455 72.8 104.045
      vertex 180.455 72.8 -1.34541
      vertex 180.294 72.8 -1.20783
    endloop
  endfacet
  facet normal 0 1 0
    outer loop
      vertex 180.592 72.8 104.206
      vertex 180.592 72.8 -1.50649
      vertex 180.455 72.8 -1.34541
    endloop
  endfacet
  facet normal 0 1 0
    outer loop
      vertex 180.703 72.8 104.387
      vertex 180.703 72.8 -1.68711
      vertex 180.592 72.8 -1.50649
    endloop
  endfacet
  facet normal 0 1 0
    outer loop
      vertex 180.784 72.8 104.583
      vertex 180.784 72.8 -1.88283
      vertex 180.703 72.8 -1.68711
    endloop
  endfacet
  facet normal 0 1 0
    outer loop
      vertex 182.5 72.8 110
      vertex 180.833 72.8 -2.08881
      vertex 180.784 72.8 -1.88283
    endloop
  endfacet
  facet normal 0 1 -0
    outer loop
      vertex 182.5 72.8 -10.3
      vertex 180.833 72.8 -2.08881
      vertex 182.5 72.8 110
    endloop
  endfacet
  facet normal 0 1 0
    outer loop
      vertex -3.08283 72.8 -3.58393
      vertex -6.5 72.8 -10.3
      vertex -3.28881 72.8 -3.63338
    endloop
  endfacet
  facet normal 0 1 0
    outer loop
      vertex 179.711 72.8 -3.63338
      vertex 182.5 72.8 -10.3
      vertex 179.5 72.8 -3.65
    endloop
  endfacet
  facet normal 0 1 0
    outer loop
      vertex 179.917 72.8 -3.58393
      vertex 182.5 72.8 -10.3
      vertex 179.711 72.8 -3.63338
    endloop
  endfacet
  facet normal 0 1 0
    outer loop
      vertex 180.113 72.8 -3.50286
      vertex 182.5 72.8 -10.3
      vertex 179.917 72.8 -3.58393
    endloop
  endfacet
  facet normal 0 1 0
    outer loop
      vertex 180.294 72.8 -3.39217
      vertex 182.5 72.8 -10.3
      vertex 180.113 72.8 -3.50286
    endloop
  endfacet
  facet normal 0 1 0
    outer loop
      vertex 180.455 72.8 -3.25459
      vertex 182.5 72.8 -10.3
      vertex 180.294 72.8 -3.39217
    endloop
  endfacet
  facet normal 0 1 0
    outer loop
      vertex 180.592 72.8 -3.09351
      vertex 182.5 72.8 -10.3
      vertex 180.455 72.8 -3.25459
    endloop
  endfacet
  facet normal 0 1 0
    outer loop
      vertex 180.703 72.8 -2.91289
      vertex 182.5 72.8 -10.3
      vertex 180.592 72.8 -3.09351
    endloop
  endfacet
  facet normal 0 1 0
    outer loop
      vertex 180.784 72.8 -2.71717
      vertex 182.5 72.8 -10.3
      vertex 180.703 72.8 -2.91289
    endloop
  endfacet
  facet normal 0 1 0
    outer loop
      vertex 180.833 72.8 -2.51119
      vertex 182.5 72.8 -10.3
      vertex 180.784 72.8 -2.71717
    endloop
  endfacet
  facet normal 0 1 0
    outer loop
      vertex 180.85 72.8 -2.3
      vertex 182.5 72.8 -10.3
      vertex 180.833 72.8 -2.51119
    endloop
  endfacet
  facet normal 0 1 0
    outer loop
      vertex 180.833 72.8 -2.08881
      vertex 182.5 72.8 -10.3
      vertex 180.85 72.8 -2.3
    endloop
  endfacet
  facet normal 0 1 0
    outer loop
      vertex 101 72.8 100
      vertex 182.5 72.8 110
      vertex 179.289 72.8 106.333
    endloop
  endfacet
  facet normal 0 1 -0
    outer loop
      vertex -3.71119 72.8 106.333
      vertex -6.5 72.8 110
      vertex -3.5 72.8 106.35
    endloop
  endfacet
  facet normal 0 1 -0
    outer loop
      vertex -3.91717 72.8 106.284
      vertex -6.5 72.8 110
      vertex -3.71119 72.8 106.333
    endloop
  endfacet
  facet normal 0 1 -0
    outer loop
      vertex -4.11289 72.8 106.203
      vertex -6.5 72.8 110
      vertex -3.91717 72.8 106.284
    endloop
  endfacet
  facet normal 0 1 -0
    outer loop
      vertex -4.29351 72.8 106.092
      vertex -6.5 72.8 110
      vertex -4.11289 72.8 106.203
    endloop
  endfacet
  facet normal 0 1 -0
    outer loop
      vertex -4.45459 72.8 105.955
      vertex -6.5 72.8 110
      vertex -4.29351 72.8 106.092
    endloop
  endfacet
  facet normal 0 1 -0
    outer loop
      vertex -4.59217 72.8 105.794
      vertex -6.5 72.8 110
      vertex -4.45459 72.8 105.955
    endloop
  endfacet
  facet normal 0 1 -0
    outer loop
      vertex -4.70286 72.8 105.613
      vertex -6.5 72.8 110
      vertex -4.59217 72.8 105.794
    endloop
  endfacet
  facet normal 0 1 -0
    outer loop
      vertex -4.78393 72.8 105.417
      vertex -6.5 72.8 110
      vertex -4.70286 72.8 105.613
    endloop
  endfacet
  facet normal 0 1 -0
    outer loop
      vertex -4.83338 72.8 105.211
      vertex -6.5 72.8 110
      vertex -4.78393 72.8 105.417
    endloop
  endfacet
  facet normal 0 1 -0
    outer loop
      vertex -4.85 72.8 105
      vertex -6.5 72.8 110
      vertex -4.83338 72.8 105.211
    endloop
  endfacet
  facet normal 0 1 0
    outer loop
      vertex -4.83338 72.8 104.789
      vertex -6.5 72.8 110
      vertex -4.85 72.8 105
    endloop
  endfacet
  facet normal 0 1 0
    outer loop
      vertex -4.78393 72.8 104.583
      vertex -6.5 72.8 110
      vertex -4.83338 72.8 104.789
    endloop
  endfacet
  facet normal 0 1 0
    outer loop
      vertex 179.289 72.8 106.333
      vertex 123.5 72.8 100
      vertex 119 72.8 100
    endloop
  endfacet
  facet normal 0 1 0
    outer loop
      vertex 179.289 72.8 106.333
      vertex 119 72.8 100
      vertex 114.5 72.8 100
    endloop
  endfacet
  facet normal 0 1 0
    outer loop
      vertex 179.289 72.8 106.333
      vertex 114.5 72.8 100
      vertex 110 72.8 100
    endloop
  endfacet
  facet normal 0 1 0
    outer loop
      vertex 179.289 72.8 106.333
      vertex 110 72.8 100
      vertex 105.5 72.8 100
    endloop
  endfacet
  facet normal 0 1 0
    outer loop
      vertex 179.289 72.8 106.333
      vertex 105.5 72.8 100
      vertex 101 72.8 100
    endloop
  endfacet
  facet normal 0 1 0
    outer loop
      vertex 100.076 72.8 85.6173
      vertex -2.40783 72.8 104.206
      vertex 100 72.8 86
    endloop
  endfacet
  facet normal 0 1 0
    outer loop
      vertex -2.40783 72.8 104.206
      vertex 100.076 72.8 85.6173
      vertex -2.54541 72.8 104.045
    endloop
  endfacet
  facet normal 0 1 0
    outer loop
      vertex -2.54541 72.8 104.045
      vertex 100.076 72.8 85.6173
      vertex -2.70649 72.8 103.908
    endloop
  endfacet
  facet normal 0 1 0
    outer loop
      vertex -3.5 72.8 -0.95
      vertex -2.70649 72.8 103.908
      vertex 100.076 72.8 85.6173
    endloop
  endfacet
  facet normal 0 1 0
    outer loop
      vertex -2.70649 72.8 103.908
      vertex -3.5 72.8 -0.95
      vertex -2.88711 72.8 103.797
    endloop
  endfacet
  facet normal 0 1 0
    outer loop
      vertex -2.88711 72.8 103.797
      vertex -3.5 72.8 -0.95
      vertex -3.08283 72.8 103.716
    endloop
  endfacet
  facet normal 0 1 0
    outer loop
      vertex -3.08283 72.8 103.716
      vertex -3.5 72.8 -0.95
      vertex -3.28881 72.8 103.667
    endloop
  endfacet
  facet normal 0 1 0
    outer loop
      vertex -3.28881 72.8 103.667
      vertex -3.5 72.8 -0.95
      vertex -3.5 72.8 103.65
    endloop
  endfacet
  facet normal 0 1 0
    outer loop
      vertex -3.5 72.8 -0.95
      vertex 100.076 72.8 85.6173
      vertex 100.293 72.8 85.2929
    endloop
  endfacet
  facet normal 0 1 0
    outer loop
      vertex -3.5 72.8 -0.95
      vertex 100.293 72.8 85.2929
      vertex 100.617 72.8 85.0761
    endloop
  endfacet
  facet normal 0 1 0
    outer loop
      vertex -3.5 72.8 -0.95
      vertex 100.617 72.8 85.0761
      vertex 101 72.8 85
    endloop
  endfacet
  facet normal 0 1 -0
    outer loop
      vertex 178.297 72.8 -1.68711
      vertex 128 72.8 85
      vertex 178.408 72.8 -1.50649
    endloop
  endfacet
  facet normal 0 1 0
    outer loop
      vertex -3.5 72.8 103.65
      vertex -3.5 72.8 -0.95
      vertex -3.71119 72.8 103.667
    endloop
  endfacet
  facet normal 0 1 0
    outer loop
      vertex -3.71119 72.8 -0.96662
      vertex -3.71119 72.8 103.667
      vertex -3.5 72.8 -0.95
    endloop
  endfacet
  facet normal 0 1 0
    outer loop
      vertex -3.71119 72.8 103.667
      vertex -3.71119 72.8 -0.96662
      vertex -3.91717 72.8 103.716
    endloop
  endfacet
  facet normal 0 1 0
    outer loop
      vertex -3.91717 72.8 -1.01607
      vertex -3.91717 72.8 103.716
      vertex -3.71119 72.8 -0.96662
    endloop
  endfacet
  facet normal 0 1 0
    outer loop
      vertex -3.91717 72.8 103.716
      vertex -3.91717 72.8 -1.01607
      vertex -4.11289 72.8 103.797
    endloop
  endfacet
  facet normal 0 1 0
    outer loop
      vertex -4.11289 72.8 -1.09714
      vertex -4.11289 72.8 103.797
      vertex -3.91717 72.8 -1.01607
    endloop
  endfacet
  facet normal 0 1 0
    outer loop
      vertex -4.11289 72.8 103.797
      vertex -4.11289 72.8 -1.09714
      vertex -4.29351 72.8 103.908
    endloop
  endfacet
  facet normal 0 1 0
    outer loop
      vertex -4.29351 72.8 -1.20783
      vertex -4.29351 72.8 103.908
      vertex -4.11289 72.8 -1.09714
    endloop
  endfacet
  facet normal 0 1 0
    outer loop
      vertex -4.29351 72.8 103.908
      vertex -4.29351 72.8 -1.20783
      vertex -4.45459 72.8 104.045
    endloop
  endfacet
  facet normal 0 1 0
    outer loop
      vertex -4.45459 72.8 -1.34541
      vertex -4.45459 72.8 104.045
      vertex -4.29351 72.8 -1.20783
    endloop
  endfacet
  facet normal 0 1 0
    outer loop
      vertex -4.45459 72.8 104.045
      vertex -4.45459 72.8 -1.34541
      vertex -4.59217 72.8 104.206
    endloop
  endfacet
  facet normal 0 1 0
    outer loop
      vertex -4.59217 72.8 -1.50649
      vertex -4.59217 72.8 104.206
      vertex -4.45459 72.8 -1.34541
    endloop
  endfacet
  facet normal 0 1 0
    outer loop
      vertex -4.59217 72.8 104.206
      vertex -4.59217 72.8 -1.50649
      vertex -4.70286 72.8 104.387
    endloop
  endfacet
  facet normal 0 1 0
    outer loop
      vertex -4.70286 72.8 -1.68711
      vertex -4.70286 72.8 104.387
      vertex -4.59217 72.8 -1.50649
    endloop
  endfacet
  facet normal 0 1 0
    outer loop
      vertex -4.70286 72.8 104.387
      vertex -4.70286 72.8 -1.68711
      vertex -4.78393 72.8 104.583
    endloop
  endfacet
  facet normal 0 1 0
    outer loop
      vertex -4.78393 72.8 -1.88283
      vertex -4.78393 72.8 104.583
      vertex -4.70286 72.8 -1.68711
    endloop
  endfacet
  facet normal 0 1 0
    outer loop
      vertex -4.78393 72.8 104.583
      vertex -4.78393 72.8 -1.88283
      vertex -6.5 72.8 110
    endloop
  endfacet
  facet normal 0 1 -0
    outer loop
      vertex -4.83338 72.8 -2.08881
      vertex -6.5 72.8 110
      vertex -4.78393 72.8 -1.88283
    endloop
  endfacet
  facet normal 0 1 0
    outer loop
      vertex -6.5 72.8 -10.3
      vertex -4.83338 72.8 -2.08881
      vertex -4.85 72.8 -2.3
    endloop
  endfacet
  facet normal 0 1 0
    outer loop
      vertex -4.83338 72.8 -2.08881
      vertex -6.5 72.8 -10.3
      vertex -6.5 72.8 110
    endloop
  endfacet
  facet normal 0 1 0
    outer loop
      vertex -4.83338 72.8 -2.51119
      vertex -6.5 72.8 -10.3
      vertex -4.85 72.8 -2.3
    endloop
  endfacet
  facet normal 0 1 0
    outer loop
      vertex -4.78393 72.8 -2.71717
      vertex -6.5 72.8 -10.3
      vertex -4.83338 72.8 -2.51119
    endloop
  endfacet
  facet normal 0 1 0
    outer loop
      vertex -4.70286 72.8 -2.91289
      vertex -6.5 72.8 -10.3
      vertex -4.78393 72.8 -2.71717
    endloop
  endfacet
  facet normal 0 1 0
    outer loop
      vertex -4.59217 72.8 -3.09351
      vertex -6.5 72.8 -10.3
      vertex -4.70286 72.8 -2.91289
    endloop
  endfacet
  facet normal 0 1 0
    outer loop
      vertex -4.45459 72.8 -3.25459
      vertex -6.5 72.8 -10.3
      vertex -4.59217 72.8 -3.09351
    endloop
  endfacet
  facet normal 0 1 0
    outer loop
      vertex -4.29351 72.8 -3.39217
      vertex -6.5 72.8 -10.3
      vertex -4.45459 72.8 -3.25459
    endloop
  endfacet
  facet normal 0 1 0
    outer loop
      vertex -4.11289 72.8 -3.50286
      vertex -6.5 72.8 -10.3
      vertex -4.29351 72.8 -3.39217
    endloop
  endfacet
  facet normal 0 1 0
    outer loop
      vertex -3.91717 72.8 -3.58393
      vertex -6.5 72.8 -10.3
      vertex -4.11289 72.8 -3.50286
    endloop
  endfacet
  facet normal 0 1 0
    outer loop
      vertex -3.71119 72.8 -3.63338
      vertex -6.5 72.8 -10.3
      vertex -3.91717 72.8 -3.58393
    endloop
  endfacet
  facet normal 0 1 0
    outer loop
      vertex -3.5 72.8 -3.65
      vertex -6.5 72.8 -10.3
      vertex -3.71119 72.8 -3.63338
    endloop
  endfacet
  facet normal 0 1 0
    outer loop
      vertex -3.28881 72.8 -3.63338
      vertex -6.5 72.8 -10.3
      vertex -3.5 72.8 -3.65
    endloop
  endfacet
  facet normal 0 -1 0
    outer loop
      vertex -2.54541 71.2 -1.34541
      vertex 100.076 71.2 85.6173
      vertex -2.70649 71.2 -1.20783
    endloop
  endfacet
  facet normal 0 -1 0
    outer loop
      vertex 101 71.2 85
      vertex 179.289 71.2 -0.96662
      vertex 179.5 71.2 -0.95
    endloop
  endfacet
  facet normal 0 -1 -0
    outer loop
      vertex 100.076 71.2 85.6173
      vertex -2.54541 71.2 -1.34541
      vertex 100.293 71.2 85.2929
    endloop
  endfacet
  facet normal 0 -1 0
    outer loop
      vertex 101 71.2 85
      vertex 179.083 71.2 -1.01607
      vertex 179.289 71.2 -0.96662
    endloop
  endfacet
  facet normal 0 -1 0
    outer loop
      vertex -2.40783 71.2 -1.50649
      vertex 100.293 71.2 85.2929
      vertex -2.54541 71.2 -1.34541
    endloop
  endfacet
  facet normal 0 -1 0
    outer loop
      vertex 101 71.2 85
      vertex 178.887 71.2 -1.09714
      vertex 179.083 71.2 -1.01607
    endloop
  endfacet
  facet normal 0 -1 0
    outer loop
      vertex -2.29714 71.2 -1.68711
      vertex 100.293 71.2 85.2929
      vertex -2.40783 71.2 -1.50649
    endloop
  endfacet
  facet normal 0 -1 0
    outer loop
      vertex 101 71.2 85
      vertex 178.706 71.2 -1.20783
      vertex 178.887 71.2 -1.09714
    endloop
  endfacet
  facet normal 0 -1 -0
    outer loop
      vertex 100.293 71.2 85.2929
      vertex -2.29714 71.2 -1.68711
      vertex 100.617 71.2 85.0761
    endloop
  endfacet
  facet normal 0 -1 0
    outer loop
      vertex 101 71.2 85
      vertex 178.545 71.2 -1.34541
      vertex 178.706 71.2 -1.20783
    endloop
  endfacet
  facet normal 0 -1 0
    outer loop
      vertex -2.21607 71.2 -1.88283
      vertex 100.617 71.2 85.0761
      vertex -2.29714 71.2 -1.68711
    endloop
  endfacet
  facet normal 0 -1 0
    outer loop
      vertex 101 71.2 85
      vertex 178.408 71.2 -1.50649
      vertex 178.545 71.2 -1.34541
    endloop
  endfacet
  facet normal 0 -1 0
    outer loop
      vertex -2.16662 71.2 -2.08881
      vertex 100.617 71.2 85.0761
      vertex -2.21607 71.2 -1.88283
    endloop
  endfacet
  facet normal 0 -1 0
    outer loop
      vertex 101 71.2 85
      vertex 178.297 71.2 -1.68711
      vertex 178.408 71.2 -1.50649
    endloop
  endfacet
  facet normal 0 -1 0
    outer loop
      vertex -2.15 71.2 -2.3
      vertex 100.617 71.2 85.0761
      vertex -2.16662 71.2 -2.08881
    endloop
  endfacet
  facet normal 0 -1 0
    outer loop
      vertex 101 71.2 85
      vertex 178.216 71.2 -1.88283
      vertex 178.297 71.2 -1.68711
    endloop
  endfacet
  facet normal 0 -1 -0
    outer loop
      vertex 100.617 71.2 85.0761
      vertex -2.15 71.2 -2.3
      vertex 101 71.2 85
    endloop
  endfacet
  facet normal 0 -1 0
    outer loop
      vertex 101 71.2 85
      vertex 178.167 71.2 -2.08881
      vertex 178.216 71.2 -1.88283
    endloop
  endfacet
  facet normal 0 -1 0
    outer loop
      vertex 178.15 71.2 -2.3
      vertex 101 71.2 85
      vertex -2.15 71.2 -2.3
    endloop
  endfacet
  facet normal 0 -1 0
    outer loop
      vertex 101 71.2 85
      vertex 178.15 71.2 -2.3
      vertex 178.167 71.2 -2.08881
    endloop
  endfacet
  facet normal 0 -1 0
    outer loop
      vertex -2.16662 71.2 -2.51119
      vertex 178.15 71.2 -2.3
      vertex -2.15 71.2 -2.3
    endloop
  endfacet
  facet normal 0 -1 0
    outer loop
      vertex -2.16662 71.2 -2.51119
      vertex 178.167 71.2 -2.51119
      vertex 178.15 71.2 -2.3
    endloop
  endfacet
  facet normal 0 -1 0
    outer loop
      vertex -2.21607 71.2 -2.71717
      vertex 178.167 71.2 -2.51119
      vertex -2.16662 71.2 -2.51119
    endloop
  endfacet
  facet normal 0 -1 0
    outer loop
      vertex -2.21607 71.2 -2.71717
      vertex 178.216 71.2 -2.71717
      vertex 178.167 71.2 -2.51119
    endloop
  endfacet
  facet normal 0 -1 0
    outer loop
      vertex -2.29714 71.2 -2.91289
      vertex 178.216 71.2 -2.71717
      vertex -2.21607 71.2 -2.71717
    endloop
  endfacet
  facet normal 0 -1 0
    outer loop
      vertex -2.29714 71.2 -2.91289
      vertex 178.297 71.2 -2.91289
      vertex 178.216 71.2 -2.71717
    endloop
  endfacet
  facet normal 0 -1 0
    outer loop
      vertex -2.40783 71.2 -3.09351
      vertex 178.297 71.2 -2.91289
      vertex -2.29714 71.2 -2.91289
    endloop
  endfacet
  facet normal 0 -1 0
    outer loop
      vertex -2.40783 71.2 -3.09351
      vertex 178.408 71.2 -3.09351
      vertex 178.297 71.2 -2.91289
    endloop
  endfacet
  facet normal 0 -1 0
    outer loop
      vertex -6.5 71.2 -10.3
      vertex -2.40783 71.2 -3.09351
      vertex -2.54541 71.2 -3.25459
    endloop
  endfacet
  facet normal 0 -1 -0
    outer loop
      vertex -2.40783 71.2 -3.09351
      vertex -6.5 71.2 -10.3
      vertex 178.408 71.2 -3.09351
    endloop
  endfacet
  facet normal 0 -1 0
    outer loop
      vertex -6.5 71.2 -10.3
      vertex -2.54541 71.2 -3.25459
      vertex -2.70649 71.2 -3.39217
    endloop
  endfacet
  facet normal 0 -1 0
    outer loop
      vertex 182.5 71.2 -10.3
      vertex 178.408 71.2 -3.09351
      vertex -6.5 71.2 -10.3
    endloop
  endfacet
  facet normal 0 -1 0
    outer loop
      vertex -6.5 71.2 -10.3
      vertex -2.70649 71.2 -3.39217
      vertex -2.88711 71.2 -3.50286
    endloop
  endfacet
  facet normal 0 -1 0
    outer loop
      vertex 178.408 71.2 -3.09351
      vertex 182.5 71.2 -10.3
      vertex 178.545 71.2 -3.25459
    endloop
  endfacet
  facet normal 0 -1 0
    outer loop
      vertex -6.5 71.2 -10.3
      vertex -2.88711 71.2 -3.50286
      vertex -3.08283 71.2 -3.58393
    endloop
  endfacet
  facet normal 0 -1 0
    outer loop
      vertex 178.545 71.2 -3.25459
      vertex 182.5 71.2 -10.3
      vertex 178.706 71.2 -3.39217
    endloop
  endfacet
  facet normal 0 -1 0
    outer loop
      vertex -6.5 71.2 -10.3
      vertex -3.08283 71.2 -3.58393
      vertex -3.28881 71.2 -3.63338
    endloop
  endfacet
  facet normal 0 -1 0
    outer loop
      vertex 178.706 71.2 -3.39217
      vertex 182.5 71.2 -10.3
      vertex 178.887 71.2 -3.50286
    endloop
  endfacet
  facet normal 0 -1 0
    outer loop
      vertex -6.5 71.2 -10.3
      vertex -3.28881 71.2 -3.63338
      vertex -3.5 71.2 -3.65
    endloop
  endfacet
  facet normal 0 -1 0
    outer loop
      vertex 178.887 71.2 -3.50286
      vertex 182.5 71.2 -10.3
      vertex 179.083 71.2 -3.58393
    endloop
  endfacet
  facet normal 0 -1 0
    outer loop
      vertex 123.883 71.2 99.9239
      vertex 128 71.2 100
      vertex 123.5 71.2 100
    endloop
  endfacet
  facet normal 0 -1 0
    outer loop
      vertex 123.883 71.2 99.9239
      vertex 127.617 71.2 99.9239
      vertex 128 71.2 100
    endloop
  endfacet
  facet normal 0 -1 0
    outer loop
      vertex 124.207 71.2 99.7071
      vertex 127.617 71.2 99.9239
      vertex 123.883 71.2 99.9239
    endloop
  endfacet
  facet normal 0 -1 0
    outer loop
      vertex 124.207 71.2 99.7071
      vertex 127.293 71.2 99.7071
      vertex 127.617 71.2 99.9239
    endloop
  endfacet
  facet normal 0 -1 0
    outer loop
      vertex 124.424 71.2 99.3827
      vertex 127.293 71.2 99.7071
      vertex 124.207 71.2 99.7071
    endloop
  endfacet
  facet normal 0 -1 0
    outer loop
      vertex 124.424 71.2 99.3827
      vertex 127.076 71.2 99.3827
      vertex 127.293 71.2 99.7071
    endloop
  endfacet
  facet normal 0 -1 0
    outer loop
      vertex 124.5 71.2 99
      vertex 127.076 71.2 99.3827
      vertex 124.424 71.2 99.3827
    endloop
  endfacet
  facet normal 0 -1 0
    outer loop
      vertex 124.5 71.2 99
      vertex 127 71.2 99
      vertex 127.076 71.2 99.3827
    endloop
  endfacet
  facet normal 0 -1 0
    outer loop
      vertex 124.5 71.2 86
      vertex 127 71.2 99
      vertex 124.5 71.2 99
    endloop
  endfacet
  facet normal 0 -1 0
    outer loop
      vertex 124.5 71.2 86
      vertex 127 71.2 86
      vertex 127 71.2 99
    endloop
  endfacet
  facet normal 0 -1 0
    outer loop
      vertex 124.424 71.2 85.6173
      vertex 127 71.2 86
      vertex 124.5 71.2 86
    endloop
  endfacet
  facet normal 0 -1 0
    outer loop
      vertex 124.424 71.2 85.6173
      vertex 127.076 71.2 85.6173
      vertex 127 71.2 86
    endloop
  endfacet
  facet normal 0 -1 0
    outer loop
      vertex 124.207 71.2 85.2929
      vertex 127.076 71.2 85.6173
      vertex 124.424 71.2 85.6173
    endloop
  endfacet
  facet normal 0 -1 0
    outer loop
      vertex 124.207 71.2 85.2929
      vertex 127.293 71.2 85.2929
      vertex 127.076 71.2 85.6173
    endloop
  endfacet
  facet normal 0 -1 0
    outer loop
      vertex 123.883 71.2 85.0761
      vertex 127.293 71.2 85.2929
      vertex 124.207 71.2 85.2929
    endloop
  endfacet
  facet normal 0 -1 0
    outer loop
      vertex 123.883 71.2 85.0761
      vertex 127.617 71.2 85.0761
      vertex 127.293 71.2 85.2929
    endloop
  endfacet
  facet normal 0 -1 0
    outer loop
      vertex 123.5 71.2 85
      vertex 127.617 71.2 85.0761
      vertex 123.883 71.2 85.0761
    endloop
  endfacet
  facet normal 0 -1 -0
    outer loop
      vertex 127.617 71.2 85.0761
      vertex 123.5 71.2 85
      vertex 128 71.2 85
    endloop
  endfacet
  facet normal 0 -1 0
    outer loop
      vertex 119.383 71.2 99.9239
      vertex 123.5 71.2 100
      vertex 119 71.2 100
    endloop
  endfacet
  facet normal 0 -1 0
    outer loop
      vertex 119.383 71.2 99.9239
      vertex 123.117 71.2 99.9239
      vertex 123.5 71.2 100
    endloop
  endfacet
  facet normal 0 -1 0
    outer loop
      vertex 119.707 71.2 99.7071
      vertex 123.117 71.2 99.9239
      vertex 119.383 71.2 99.9239
    endloop
  endfacet
  facet normal 0 -1 0
    outer loop
      vertex 119.707 71.2 99.7071
      vertex 122.793 71.2 99.7071
      vertex 123.117 71.2 99.9239
    endloop
  endfacet
  facet normal 0 -1 0
    outer loop
      vertex 119.924 71.2 99.3827
      vertex 122.793 71.2 99.7071
      vertex 119.707 71.2 99.7071
    endloop
  endfacet
  facet normal 0 -1 0
    outer loop
      vertex 119.924 71.2 99.3827
      vertex 122.576 71.2 99.3827
      vertex 122.793 71.2 99.7071
    endloop
  endfacet
  facet normal 0 -1 0
    outer loop
      vertex 120 71.2 99
      vertex 122.576 71.2 99.3827
      vertex 119.924 71.2 99.3827
    endloop
  endfacet
  facet normal 0 -1 0
    outer loop
      vertex 120 71.2 99
      vertex 122.5 71.2 99
      vertex 122.576 71.2 99.3827
    endloop
  endfacet
  facet normal 0 -1 0
    outer loop
      vertex 120 71.2 86
      vertex 122.5 71.2 99
      vertex 120 71.2 99
    endloop
  endfacet
  facet normal 0 -1 0
    outer loop
      vertex 120 71.2 86
      vertex 122.5 71.2 86
      vertex 122.5 71.2 99
    endloop
  endfacet
  facet normal 0 -1 0
    outer loop
      vertex 119.924 71.2 85.6173
      vertex 122.5 71.2 86
      vertex 120 71.2 86
    endloop
  endfacet
  facet normal 0 -1 0
    outer loop
      vertex 119.924 71.2 85.6173
      vertex 122.576 71.2 85.6173
      vertex 122.5 71.2 86
    endloop
  endfacet
  facet normal 0 -1 0
    outer loop
      vertex 119.707 71.2 85.2929
      vertex 122.576 71.2 85.6173
      vertex 119.924 71.2 85.6173
    endloop
  endfacet
  facet normal 0 -1 0
    outer loop
      vertex 119.707 71.2 85.2929
      vertex 122.793 71.2 85.2929
      vertex 122.576 71.2 85.6173
    endloop
  endfacet
  facet normal 0 -1 0
    outer loop
      vertex 119.383 71.2 85.0761
      vertex 122.793 71.2 85.2929
      vertex 119.707 71.2 85.2929
    endloop
  endfacet
  facet normal 0 -1 0
    outer loop
      vertex 119.383 71.2 85.0761
      vertex 123.117 71.2 85.0761
      vertex 122.793 71.2 85.2929
    endloop
  endfacet
  facet normal 0 -1 0
    outer loop
      vertex 119 71.2 85
      vertex 123.117 71.2 85.0761
      vertex 119.383 71.2 85.0761
    endloop
  endfacet
  facet normal 0 -1 -0
    outer loop
      vertex 123.117 71.2 85.0761
      vertex 119 71.2 85
      vertex 123.5 71.2 85
    endloop
  endfacet
  facet normal 0 -1 0
    outer loop
      vertex 114.883 71.2 99.9239
      vertex 119 71.2 100
      vertex 114.5 71.2 100
    endloop
  endfacet
  facet normal 0 -1 0
    outer loop
      vertex 114.883 71.2 99.9239
      vertex 118.617 71.2 99.9239
      vertex 119 71.2 100
    endloop
  endfacet
  facet normal 0 -1 0
    outer loop
      vertex 115.207 71.2 99.7071
      vertex 118.617 71.2 99.9239
      vertex 114.883 71.2 99.9239
    endloop
  endfacet
  facet normal 0 -1 0
    outer loop
      vertex 115.207 71.2 99.7071
      vertex 118.293 71.2 99.7071
      vertex 118.617 71.2 99.9239
    endloop
  endfacet
  facet normal 0 -1 0
    outer loop
      vertex 115.424 71.2 99.3827
      vertex 118.293 71.2 99.7071
      vertex 115.207 71.2 99.7071
    endloop
  endfacet
  facet normal 0 -1 0
    outer loop
      vertex 115.424 71.2 99.3827
      vertex 118.076 71.2 99.3827
      vertex 118.293 71.2 99.7071
    endloop
  endfacet
  facet normal 0 -1 0
    outer loop
      vertex 115.5 71.2 99
      vertex 118.076 71.2 99.3827
      vertex 115.424 71.2 99.3827
    endloop
  endfacet
  facet normal 0 -1 0
    outer loop
      vertex 115.5 71.2 99
      vertex 118 71.2 99
      vertex 118.076 71.2 99.3827
    endloop
  endfacet
  facet normal 0 -1 0
    outer loop
      vertex 115.5 71.2 86
      vertex 118 71.2 99
      vertex 115.5 71.2 99
    endloop
  endfacet
  facet normal 0 -1 0
    outer loop
      vertex 115.5 71.2 86
      vertex 118 71.2 86
      vertex 118 71.2 99
    endloop
  endfacet
  facet normal 0 -1 0
    outer loop
      vertex 115.424 71.2 85.6173
      vertex 118 71.2 86
      vertex 115.5 71.2 86
    endloop
  endfacet
  facet normal 0 -1 0
    outer loop
      vertex 115.424 71.2 85.6173
      vertex 118.076 71.2 85.6173
      vertex 118 71.2 86
    endloop
  endfacet
  facet normal 0 -1 0
    outer loop
      vertex 115.207 71.2 85.2929
      vertex 118.076 71.2 85.6173
      vertex 115.424 71.2 85.6173
    endloop
  endfacet
  facet normal 0 -1 0
    outer loop
      vertex 115.207 71.2 85.2929
      vertex 118.293 71.2 85.2929
      vertex 118.076 71.2 85.6173
    endloop
  endfacet
  facet normal 0 -1 0
    outer loop
      vertex 114.883 71.2 85.0761
      vertex 118.293 71.2 85.2929
      vertex 115.207 71.2 85.2929
    endloop
  endfacet
  facet normal 0 -1 0
    outer loop
      vertex 114.883 71.2 85.0761
      vertex 118.617 71.2 85.0761
      vertex 118.293 71.2 85.2929
    endloop
  endfacet
  facet normal 0 -1 0
    outer loop
      vertex 114.5 71.2 85
      vertex 118.617 71.2 85.0761
      vertex 114.883 71.2 85.0761
    endloop
  endfacet
  facet normal 0 -1 -0
    outer loop
      vertex 118.617 71.2 85.0761
      vertex 114.5 71.2 85
      vertex 119 71.2 85
    endloop
  endfacet
  facet normal 0 -1 0
    outer loop
      vertex 110.383 71.2 99.9239
      vertex 114.5 71.2 100
      vertex 110 71.2 100
    endloop
  endfacet
  facet normal 0 -1 0
    outer loop
      vertex 110.383 71.2 99.9239
      vertex 114.117 71.2 99.9239
      vertex 114.5 71.2 100
    endloop
  endfacet
  facet normal 0 -1 0
    outer loop
      vertex 110.707 71.2 99.7071
      vertex 114.117 71.2 99.9239
      vertex 110.383 71.2 99.9239
    endloop
  endfacet
  facet normal 0 -1 0
    outer loop
      vertex 110.707 71.2 99.7071
      vertex 113.793 71.2 99.7071
      vertex 114.117 71.2 99.9239
    endloop
  endfacet
  facet normal 0 -1 0
    outer loop
      vertex 110.924 71.2 99.3827
      vertex 113.793 71.2 99.7071
      vertex 110.707 71.2 99.7071
    endloop
  endfacet
  facet normal 0 -1 0
    outer loop
      vertex 110.924 71.2 99.3827
      vertex 113.576 71.2 99.3827
      vertex 113.793 71.2 99.7071
    endloop
  endfacet
  facet normal 0 -1 0
    outer loop
      vertex 111 71.2 99
      vertex 113.576 71.2 99.3827
      vertex 110.924 71.2 99.3827
    endloop
  endfacet
  facet normal 0 -1 0
    outer loop
      vertex 111 71.2 99
      vertex 113.5 71.2 99
      vertex 113.576 71.2 99.3827
    endloop
  endfacet
  facet normal 0 -1 0
    outer loop
      vertex 111 71.2 86
      vertex 113.5 71.2 99
      vertex 111 71.2 99
    endloop
  endfacet
  facet normal 0 -1 0
    outer loop
      vertex 111 71.2 86
      vertex 113.5 71.2 86
      vertex 113.5 71.2 99
    endloop
  endfacet
  facet normal 0 -1 0
    outer loop
      vertex 110.924 71.2 85.6173
      vertex 113.5 71.2 86
      vertex 111 71.2 86
    endloop
  endfacet
  facet normal 0 -1 0
    outer loop
      vertex 110.924 71.2 85.6173
      vertex 113.576 71.2 85.6173
      vertex 113.5 71.2 86
    endloop
  endfacet
  facet normal 0 -1 0
    outer loop
      vertex 110.707 71.2 85.2929
      vertex 113.576 71.2 85.6173
      vertex 110.924 71.2 85.6173
    endloop
  endfacet
  facet normal 0 -1 0
    outer loop
      vertex 110.707 71.2 85.2929
      vertex 113.793 71.2 85.2929
      vertex 113.576 71.2 85.6173
    endloop
  endfacet
  facet normal 0 -1 0
    outer loop
      vertex 110.383 71.2 85.0761
      vertex 113.793 71.2 85.2929
      vertex 110.707 71.2 85.2929
    endloop
  endfacet
  facet normal 0 -1 0
    outer loop
      vertex 110.383 71.2 85.0761
      vertex 114.117 71.2 85.0761
      vertex 113.793 71.2 85.2929
    endloop
  endfacet
  facet normal 0 -1 0
    outer loop
      vertex 110 71.2 85
      vertex 114.117 71.2 85.0761
      vertex 110.383 71.2 85.0761
    endloop
  endfacet
  facet normal 0 -1 -0
    outer loop
      vertex 114.117 71.2 85.0761
      vertex 110 71.2 85
      vertex 114.5 71.2 85
    endloop
  endfacet
  facet normal 0 -1 0
    outer loop
      vertex 105.883 71.2 99.9239
      vertex 110 71.2 100
      vertex 105.5 71.2 100
    endloop
  endfacet
  facet normal 0 -1 0
    outer loop
      vertex 105.883 71.2 99.9239
      vertex 109.617 71.2 99.9239
      vertex 110 71.2 100
    endloop
  endfacet
  facet normal 0 -1 0
    outer loop
      vertex 106.207 71.2 99.7071
      vertex 109.617 71.2 99.9239
      vertex 105.883 71.2 99.9239
    endloop
  endfacet
  facet normal 0 -1 0
    outer loop
      vertex 106.207 71.2 99.7071
      vertex 109.293 71.2 99.7071
      vertex 109.617 71.2 99.9239
    endloop
  endfacet
  facet normal 0 -1 0
    outer loop
      vertex 106.424 71.2 99.3827
      vertex 109.293 71.2 99.7071
      vertex 106.207 71.2 99.7071
    endloop
  endfacet
  facet normal 0 -1 0
    outer loop
      vertex 106.424 71.2 99.3827
      vertex 109.076 71.2 99.3827
      vertex 109.293 71.2 99.7071
    endloop
  endfacet
  facet normal 0 -1 0
    outer loop
      vertex 106.5 71.2 99
      vertex 109.076 71.2 99.3827
      vertex 106.424 71.2 99.3827
    endloop
  endfacet
  facet normal 0 -1 0
    outer loop
      vertex 106.5 71.2 99
      vertex 109 71.2 99
      vertex 109.076 71.2 99.3827
    endloop
  endfacet
  facet normal 0 -1 0
    outer loop
      vertex 106.5 71.2 86
      vertex 109 71.2 99
      vertex 106.5 71.2 99
    endloop
  endfacet
  facet normal 0 -1 0
    outer loop
      vertex 106.5 71.2 86
      vertex 109 71.2 86
      vertex 109 71.2 99
    endloop
  endfacet
  facet normal 0 -1 0
    outer loop
      vertex 106.424 71.2 85.6173
      vertex 109 71.2 86
      vertex 106.5 71.2 86
    endloop
  endfacet
  facet normal 0 -1 0
    outer loop
      vertex 106.424 71.2 85.6173
      vertex 109.076 71.2 85.6173
      vertex 109 71.2 86
    endloop
  endfacet
  facet normal 0 -1 0
    outer loop
      vertex 106.207 71.2 85.2929
      vertex 109.076 71.2 85.6173
      vertex 106.424 71.2 85.6173
    endloop
  endfacet
  facet normal 0 -1 0
    outer loop
      vertex 106.207 71.2 85.2929
      vertex 109.293 71.2 85.2929
      vertex 109.076 71.2 85.6173
    endloop
  endfacet
  facet normal 0 -1 0
    outer loop
      vertex 105.883 71.2 85.0761
      vertex 109.293 71.2 85.2929
      vertex 106.207 71.2 85.2929
    endloop
  endfacet
  facet normal 0 -1 0
    outer loop
      vertex 105.883 71.2 85.0761
      vertex 109.617 71.2 85.0761
      vertex 109.293 71.2 85.2929
    endloop
  endfacet
  facet normal 0 -1 0
    outer loop
      vertex 105.5 71.2 85
      vertex 109.617 71.2 85.0761
      vertex 105.883 71.2 85.0761
    endloop
  endfacet
  facet normal 0 -1 -0
    outer loop
      vertex 109.617 71.2 85.0761
      vertex 105.5 71.2 85
      vertex 110 71.2 85
    endloop
  endfacet
  facet normal 0 -1 0
    outer loop
      vertex 101.383 71.2 99.9239
      vertex 105.5 71.2 100
      vertex 101 71.2 100
    endloop
  endfacet
  facet normal 0 -1 0
    outer loop
      vertex 101.383 71.2 99.9239
      vertex 105.117 71.2 99.9239
      vertex 105.5 71.2 100
    endloop
  endfacet
  facet normal 0 -1 0
    outer loop
      vertex 101.707 71.2 99.7071
      vertex 105.117 71.2 99.9239
      vertex 101.383 71.2 99.9239
    endloop
  endfacet
  facet normal 0 -1 0
    outer loop
      vertex 101.707 71.2 99.7071
      vertex 104.793 71.2 99.7071
      vertex 105.117 71.2 99.9239
    endloop
  endfacet
  facet normal 0 -1 0
    outer loop
      vertex 101.924 71.2 99.3827
      vertex 104.793 71.2 99.7071
      vertex 101.707 71.2 99.7071
    endloop
  endfacet
  facet normal 0 -1 0
    outer loop
      vertex 101.924 71.2 99.3827
      vertex 104.576 71.2 99.3827
      vertex 104.793 71.2 99.7071
    endloop
  endfacet
  facet normal 0 -1 0
    outer loop
      vertex 102 71.2 99
      vertex 104.576 71.2 99.3827
      vertex 101.924 71.2 99.3827
    endloop
  endfacet
  facet normal 0 -1 0
    outer loop
      vertex 102 71.2 99
      vertex 104.5 71.2 99
      vertex 104.576 71.2 99.3827
    endloop
  endfacet
  facet normal 0 -1 0
    outer loop
      vertex 102 71.2 86
      vertex 104.5 71.2 99
      vertex 102 71.2 99
    endloop
  endfacet
  facet normal 0 -1 0
    outer loop
      vertex 102 71.2 86
      vertex 104.5 71.2 86
      vertex 104.5 71.2 99
    endloop
  endfacet
  facet normal 0 -1 0
    outer loop
      vertex 101.924 71.2 85.6173
      vertex 104.5 71.2 86
      vertex 102 71.2 86
    endloop
  endfacet
  facet normal 0 -1 0
    outer loop
      vertex 101.924 71.2 85.6173
      vertex 104.576 71.2 85.6173
      vertex 104.5 71.2 86
    endloop
  endfacet
  facet normal 0 -1 0
    outer loop
      vertex 101.707 71.2 85.2929
      vertex 104.576 71.2 85.6173
      vertex 101.924 71.2 85.6173
    endloop
  endfacet
  facet normal 0 -1 0
    outer loop
      vertex 101.707 71.2 85.2929
      vertex 104.793 71.2 85.2929
      vertex 104.576 71.2 85.6173
    endloop
  endfacet
  facet normal 0 -1 0
    outer loop
      vertex 101.383 71.2 85.0761
      vertex 104.793 71.2 85.2929
      vertex 101.707 71.2 85.2929
    endloop
  endfacet
  facet normal 0 -1 0
    outer loop
      vertex 101.383 71.2 85.0761
      vertex 105.117 71.2 85.0761
      vertex 104.793 71.2 85.2929
    endloop
  endfacet
  facet normal 0 -1 0
    outer loop
      vertex 101 71.2 85
      vertex 105.117 71.2 85.0761
      vertex 101.383 71.2 85.0761
    endloop
  endfacet
  facet normal 0 -1 -0
    outer loop
      vertex 105.117 71.2 85.0761
      vertex 101 71.2 85
      vertex 105.5 71.2 85
    endloop
  endfacet
  facet normal 0 -1 0
    outer loop
      vertex -6.5 71.2 110
      vertex 101 71.2 100
      vertex 182.5 71.2 110
    endloop
  endfacet
  facet normal 0 -1 0
    outer loop
      vertex 182.5 71.2 110
      vertex 179.289 71.2 106.333
      vertex 179.5 71.2 106.35
    endloop
  endfacet
  facet normal 0 -1 0
    outer loop
      vertex 101 71.2 100
      vertex -3.28881 71.2 106.333
      vertex -3.08283 71.2 106.284
    endloop
  endfacet
  facet normal 0 -1 0
    outer loop
      vertex 105.5 71.2 100
      vertex 182.5 71.2 110
      vertex 101 71.2 100
    endloop
  endfacet
  facet normal 0 -1 0
    outer loop
      vertex 100.617 71.2 99.9239
      vertex -3.08283 71.2 106.284
      vertex -2.88711 71.2 106.203
    endloop
  endfacet
  facet normal 0 -1 0
    outer loop
      vertex 110 71.2 100
      vertex 182.5 71.2 110
      vertex 105.5 71.2 100
    endloop
  endfacet
  facet normal 0 -1 0
    outer loop
      vertex 100.617 71.2 99.9239
      vertex -2.88711 71.2 106.203
      vertex -2.70649 71.2 106.092
    endloop
  endfacet
  facet normal 0 -1 0
    outer loop
      vertex 114.5 71.2 100
      vertex 182.5 71.2 110
      vertex 110 71.2 100
    endloop
  endfacet
  facet normal 0 -1 0
    outer loop
      vertex 100.617 71.2 99.9239
      vertex -2.70649 71.2 106.092
      vertex -2.54541 71.2 105.955
    endloop
  endfacet
  facet normal 0 -1 0
    outer loop
      vertex 119 71.2 100
      vertex 182.5 71.2 110
      vertex 114.5 71.2 100
    endloop
  endfacet
  facet normal 0 -1 0
    outer loop
      vertex 100.293 71.2 99.7071
      vertex -2.54541 71.2 105.955
      vertex -2.40783 71.2 105.794
    endloop
  endfacet
  facet normal 0 -1 0
    outer loop
      vertex 123.5 71.2 100
      vertex 182.5 71.2 110
      vertex 119 71.2 100
    endloop
  endfacet
  facet normal 0 -1 0
    outer loop
      vertex 100.293 71.2 99.7071
      vertex -2.40783 71.2 105.794
      vertex -2.29714 71.2 105.613
    endloop
  endfacet
  facet normal 0 -1 0
    outer loop
      vertex 128 71.2 100
      vertex 182.5 71.2 110
      vertex 123.5 71.2 100
    endloop
  endfacet
  facet normal 0 -1 0
    outer loop
      vertex 100.076 71.2 99.3827
      vertex -2.29714 71.2 105.613
      vertex -2.21607 71.2 105.417
    endloop
  endfacet
  facet normal 0 -1 0
    outer loop
      vertex 182.5 71.2 110
      vertex 179.083 71.2 106.284
      vertex 179.289 71.2 106.333
    endloop
  endfacet
  facet normal 0 -1 0
    outer loop
      vertex 100.076 71.2 99.3827
      vertex -2.21607 71.2 105.417
      vertex -2.16662 71.2 105.211
    endloop
  endfacet
  facet normal 0 -1 0
    outer loop
      vertex 128.383 71.2 99.9239
      vertex 182.5 71.2 110
      vertex 128 71.2 100
    endloop
  endfacet
  facet normal 0 -1 0
    outer loop
      vertex 100.076 71.2 99.3827
      vertex -2.16662 71.2 105.211
      vertex -2.15 71.2 105
    endloop
  endfacet
  facet normal 0 -1 0
    outer loop
      vertex 182.5 71.2 110
      vertex 178.887 71.2 106.203
      vertex 179.083 71.2 106.284
    endloop
  endfacet
  facet normal 0 -1 0
    outer loop
      vertex 100 71.2 99
      vertex -2.15 71.2 105
      vertex -2.16662 71.2 104.789
    endloop
  endfacet
  facet normal -0 -1 0
    outer loop
      vertex 178.545 71.2 105.955
      vertex 182.5 71.2 110
      vertex 128.383 71.2 99.9239
    endloop
  endfacet
  facet normal 0 -1 0
    outer loop
      vertex 100 71.2 99
      vertex -2.16662 71.2 104.789
      vertex -2.21607 71.2 104.583
    endloop
  endfacet
  facet normal 0 -1 0
    outer loop
      vertex 182.5 71.2 110
      vertex 178.706 71.2 106.092
      vertex 178.887 71.2 106.203
    endloop
  endfacet
  facet normal 0 -1 0
    outer loop
      vertex 100 71.2 86
      vertex -2.21607 71.2 104.583
      vertex -2.29714 71.2 104.387
    endloop
  endfacet
  facet normal 0 -1 0
    outer loop
      vertex 182.5 71.2 110
      vertex 178.545 71.2 105.955
      vertex 178.706 71.2 106.092
    endloop
  endfacet
  facet normal 0 -1 0
    outer loop
      vertex 100 71.2 86
      vertex -2.29714 71.2 104.387
      vertex -2.40783 71.2 104.206
    endloop
  endfacet
  facet normal 0 -1 0
    outer loop
      vertex 128.707 71.2 99.7071
      vertex 178.545 71.2 105.955
      vertex 128.383 71.2 99.9239
    endloop
  endfacet
  facet normal 0 -1 0
    outer loop
      vertex 100.076 71.2 85.6173
      vertex -2.40783 71.2 104.206
      vertex -2.54541 71.2 104.045
    endloop
  endfacet
  facet normal 0 -1 0
    outer loop
      vertex 178.545 71.2 105.955
      vertex 128.707 71.2 99.7071
      vertex 178.408 71.2 105.794
    endloop
  endfacet
  facet normal 0 -1 0
    outer loop
      vertex 100.076 71.2 85.6173
      vertex -2.54541 71.2 104.045
      vertex -2.70649 71.2 103.908
    endloop
  endfacet
  facet normal 0 -1 0
    outer loop
      vertex 178.408 71.2 105.794
      vertex 128.707 71.2 99.7071
      vertex 178.297 71.2 105.613
    endloop
  endfacet
  facet normal 0 -1 0
    outer loop
      vertex -3.08283 71.2 -1.01607
      vertex -3.08283 71.2 103.716
      vertex -3.28881 71.2 -0.96662
    endloop
  endfacet
  facet normal 0 -1 0
    outer loop
      vertex 178.297 71.2 105.613
      vertex 128.707 71.2 99.7071
      vertex 178.216 71.2 105.417
    endloop
  endfacet
  facet normal 0 -1 0
    outer loop
      vertex -3.28881 71.2 103.667
      vertex -3.28881 71.2 -0.96662
      vertex -3.08283 71.2 103.716
    endloop
  endfacet
  facet normal 0 -1 0
    outer loop
      vertex 128.924 71.2 99.3827
      vertex 178.216 71.2 105.417
      vertex 128.707 71.2 99.7071
    endloop
  endfacet
  facet normal 0 -1 0
    outer loop
      vertex -3.28881 71.2 -0.96662
      vertex -3.28881 71.2 103.667
      vertex -3.5 71.2 -0.95
    endloop
  endfacet
  facet normal 0 -1 0
    outer loop
      vertex 178.216 71.2 105.417
      vertex 128.924 71.2 99.3827
      vertex 178.167 71.2 105.211
    endloop
  endfacet
  facet normal 0 -1 0
    outer loop
      vertex -3.5 71.2 -0.95
      vertex -3.28881 71.2 103.667
      vertex -3.5 71.2 103.65
    endloop
  endfacet
  facet normal 0 -1 0
    outer loop
      vertex 178.167 71.2 105.211
      vertex 128.924 71.2 99.3827
      vertex 178.15 71.2 105
    endloop
  endfacet
  facet normal 0 -1 0
    outer loop
      vertex -3.28881 71.2 106.333
      vertex -6.5 71.2 110
      vertex -3.5 71.2 106.35
    endloop
  endfacet
  facet normal 0 -1 0
    outer loop
      vertex -6.5 71.2 110
      vertex -3.71119 71.2 106.333
      vertex -3.5 71.2 106.35
    endloop
  endfacet
  facet normal 0 -1 0
    outer loop
      vertex -6.5 71.2 110
      vertex -3.91717 71.2 106.284
      vertex -3.71119 71.2 106.333
    endloop
  endfacet
  facet normal 0 -1 0
    outer loop
      vertex -6.5 71.2 110
      vertex -4.11289 71.2 106.203
      vertex -3.91717 71.2 106.284
    endloop
  endfacet
  facet normal 0 -1 0
    outer loop
      vertex -6.5 71.2 110
      vertex -4.29351 71.2 106.092
      vertex -4.11289 71.2 106.203
    endloop
  endfacet
  facet normal 0 -1 0
    outer loop
      vertex -6.5 71.2 110
      vertex -4.45459 71.2 105.955
      vertex -4.29351 71.2 106.092
    endloop
  endfacet
  facet normal 0 -1 0
    outer loop
      vertex -6.5 71.2 110
      vertex -4.59217 71.2 105.794
      vertex -4.45459 71.2 105.955
    endloop
  endfacet
  facet normal 0 -1 0
    outer loop
      vertex -6.5 71.2 110
      vertex -4.70286 71.2 105.613
      vertex -4.59217 71.2 105.794
    endloop
  endfacet
  facet normal 0 -1 0
    outer loop
      vertex -6.5 71.2 110
      vertex -4.78393 71.2 105.417
      vertex -4.70286 71.2 105.613
    endloop
  endfacet
  facet normal 0 -1 0
    outer loop
      vertex -6.5 71.2 110
      vertex -4.83338 71.2 105.211
      vertex -4.78393 71.2 105.417
    endloop
  endfacet
  facet normal 0 -1 0
    outer loop
      vertex -6.5 71.2 110
      vertex -4.85 71.2 105
      vertex -4.83338 71.2 105.211
    endloop
  endfacet
  facet normal 0 -1 0
    outer loop
      vertex -6.5 71.2 110
      vertex -4.83338 71.2 104.789
      vertex -4.85 71.2 105
    endloop
  endfacet
  facet normal 0 -1 0
    outer loop
      vertex -6.5 71.2 110
      vertex -4.78393 71.2 104.583
      vertex -4.83338 71.2 104.789
    endloop
  endfacet
  facet normal 0 -1 0
    outer loop
      vertex 129 71.2 99
      vertex 178.15 71.2 105
      vertex 128.924 71.2 99.3827
    endloop
  endfacet
  facet normal 0 -1 0
    outer loop
      vertex -3.08283 71.2 106.284
      vertex 100.617 71.2 99.9239
      vertex 101 71.2 100
    endloop
  endfacet
  facet normal 0 -1 0
    outer loop
      vertex -2.54541 71.2 105.955
      vertex 100.293 71.2 99.7071
      vertex 100.617 71.2 99.9239
    endloop
  endfacet
  facet normal 0 -1 0
    outer loop
      vertex -2.29714 71.2 105.613
      vertex 100.076 71.2 99.3827
      vertex 100.293 71.2 99.7071
    endloop
  endfacet
  facet normal 0 -1 0
    outer loop
      vertex -2.15 71.2 105
      vertex 100 71.2 99
      vertex 100.076 71.2 99.3827
    endloop
  endfacet
  facet normal 0 -1 0
    outer loop
      vertex -2.21607 71.2 104.583
      vertex 100 71.2 86
      vertex 100 71.2 99
    endloop
  endfacet
  facet normal 0 -1 0
    outer loop
      vertex -3.5 71.2 -0.95
      vertex -3.5 71.2 103.65
      vertex -3.71119 71.2 103.667
    endloop
  endfacet
  facet normal 0 -1 0
    outer loop
      vertex -2.40783 71.2 104.206
      vertex 100.076 71.2 85.6173
      vertex 100 71.2 86
    endloop
  endfacet
  facet normal 0 -1 0
    outer loop
      vertex -3.08283 71.2 103.716
      vertex -3.08283 71.2 -1.01607
      vertex -2.88711 71.2 103.797
    endloop
  endfacet
  facet normal 0 -1 0
    outer loop
      vertex -2.88711 71.2 -1.09714
      vertex -2.88711 71.2 103.797
      vertex -3.08283 71.2 -1.01607
    endloop
  endfacet
  facet normal 0 -1 0
    outer loop
      vertex -2.88711 71.2 103.797
      vertex -2.88711 71.2 -1.09714
      vertex -2.70649 71.2 103.908
    endloop
  endfacet
  facet normal 0 -1 0
    outer loop
      vertex 179.5 71.2 -0.95
      vertex 105.5 71.2 85
      vertex 101 71.2 85
    endloop
  endfacet
  facet normal 0 -1 0
    outer loop
      vertex 105.5 71.2 85
      vertex 179.5 71.2 -0.95
      vertex 110 71.2 85
    endloop
  endfacet
  facet normal 0 -1 0
    outer loop
      vertex 110 71.2 85
      vertex 179.5 71.2 -0.95
      vertex 114.5 71.2 85
    endloop
  endfacet
  facet normal 0 -1 0
    outer loop
      vertex 114.5 71.2 85
      vertex 179.5 71.2 -0.95
      vertex 119 71.2 85
    endloop
  endfacet
  facet normal 0 -1 0
    outer loop
      vertex 119 71.2 85
      vertex 179.5 71.2 -0.95
      vertex 123.5 71.2 85
    endloop
  endfacet
  facet normal 0 -1 0
    outer loop
      vertex -2.70649 71.2 103.908
      vertex -2.70649 71.2 -1.20783
      vertex 100.076 71.2 85.6173
    endloop
  endfacet
  facet normal 0 -1 0
    outer loop
      vertex -2.70649 71.2 -1.20783
      vertex -2.70649 71.2 103.908
      vertex -2.88711 71.2 -1.09714
    endloop
  endfacet
  facet normal 0 -1 0
    outer loop
      vertex -3.71119 71.2 -0.96662
      vertex -3.71119 71.2 103.667
      vertex -3.91717 71.2 103.716
    endloop
  endfacet
  facet normal 0 -1 0
    outer loop
      vertex -3.91717 71.2 -1.01607
      vertex -3.91717 71.2 103.716
      vertex -4.11289 71.2 103.797
    endloop
  endfacet
  facet normal 0 -1 0
    outer loop
      vertex -4.11289 71.2 -1.09714
      vertex -4.11289 71.2 103.797
      vertex -4.29351 71.2 103.908
    endloop
  endfacet
  facet normal 0 -1 0
    outer loop
      vertex -4.29351 71.2 -1.20783
      vertex -4.29351 71.2 103.908
      vertex -4.45459 71.2 104.045
    endloop
  endfacet
  facet normal 0 -1 0
    outer loop
      vertex -4.45459 71.2 -1.34541
      vertex -4.45459 71.2 104.045
      vertex -4.59217 71.2 104.206
    endloop
  endfacet
  facet normal 0 -1 0
    outer loop
      vertex -4.59217 71.2 -1.50649
      vertex -4.59217 71.2 104.206
      vertex -4.70286 71.2 104.387
    endloop
  endfacet
  facet normal 0 -1 0
    outer loop
      vertex -4.70286 71.2 -1.68711
      vertex -4.70286 71.2 104.387
      vertex -4.78393 71.2 104.583
    endloop
  endfacet
  facet normal 0 -1 0
    outer loop
      vertex -4.78393 71.2 -1.88283
      vertex -4.78393 71.2 104.583
      vertex -6.5 71.2 110
    endloop
  endfacet
  facet normal 0 -1 0
    outer loop
      vertex -3.71119 71.2 103.667
      vertex -3.71119 71.2 -0.96662
      vertex -3.5 71.2 -0.95
    endloop
  endfacet
  facet normal 0 -1 0
    outer loop
      vertex -3.91717 71.2 103.716
      vertex -3.91717 71.2 -1.01607
      vertex -3.71119 71.2 -0.96662
    endloop
  endfacet
  facet normal 0 -1 0
    outer loop
      vertex -4.11289 71.2 103.797
      vertex -4.11289 71.2 -1.09714
      vertex -3.91717 71.2 -1.01607
    endloop
  endfacet
  facet normal 0 -1 0
    outer loop
      vertex -4.29351 71.2 103.908
      vertex -4.29351 71.2 -1.20783
      vertex -4.11289 71.2 -1.09714
    endloop
  endfacet
  facet normal 0 -1 0
    outer loop
      vertex -4.45459 71.2 104.045
      vertex -4.45459 71.2 -1.34541
      vertex -4.29351 71.2 -1.20783
    endloop
  endfacet
  facet normal 0 -1 0
    outer loop
      vertex -4.59217 71.2 104.206
      vertex -4.59217 71.2 -1.50649
      vertex -4.45459 71.2 -1.34541
    endloop
  endfacet
  facet normal 0 -1 0
    outer loop
      vertex -4.70286 71.2 104.387
      vertex -4.70286 71.2 -1.68711
      vertex -4.59217 71.2 -1.50649
    endloop
  endfacet
  facet normal 0 -1 0
    outer loop
      vertex -4.78393 71.2 104.583
      vertex -4.78393 71.2 -1.88283
      vertex -4.70286 71.2 -1.68711
    endloop
  endfacet
  facet normal 0 -1 0
    outer loop
      vertex -6.5 71.2 110
      vertex -4.83338 71.2 -2.08881
      vertex -4.78393 71.2 -1.88283
    endloop
  endfacet
  facet normal 0 -1 0
    outer loop
      vertex -6.5 71.2 -10.3
      vertex -4.83338 71.2 -2.08881
      vertex -6.5 71.2 110
    endloop
  endfacet
  facet normal 0 -1 0
    outer loop
      vertex 179.083 71.2 -3.58393
      vertex 182.5 71.2 -10.3
      vertex 179.289 71.2 -3.63338
    endloop
  endfacet
  facet normal 0 -1 -0
    outer loop
      vertex -3.71119 71.2 -3.63338
      vertex -6.5 71.2 -10.3
      vertex -3.5 71.2 -3.65
    endloop
  endfacet
  facet normal 0 -1 -0
    outer loop
      vertex -3.91717 71.2 -3.58393
      vertex -6.5 71.2 -10.3
      vertex -3.71119 71.2 -3.63338
    endloop
  endfacet
  facet normal 0 -1 -0
    outer loop
      vertex -4.11289 71.2 -3.50286
      vertex -6.5 71.2 -10.3
      vertex -3.91717 71.2 -3.58393
    endloop
  endfacet
  facet normal 0 -1 -0
    outer loop
      vertex -4.29351 71.2 -3.39217
      vertex -6.5 71.2 -10.3
      vertex -4.11289 71.2 -3.50286
    endloop
  endfacet
  facet normal 0 -1 -0
    outer loop
      vertex -4.45459 71.2 -3.25459
      vertex -6.5 71.2 -10.3
      vertex -4.29351 71.2 -3.39217
    endloop
  endfacet
  facet normal 0 -1 -0
    outer loop
      vertex -4.59217 71.2 -3.09351
      vertex -6.5 71.2 -10.3
      vertex -4.45459 71.2 -3.25459
    endloop
  endfacet
  facet normal 0 -1 -0
    outer loop
      vertex -4.70286 71.2 -2.91289
      vertex -6.5 71.2 -10.3
      vertex -4.59217 71.2 -3.09351
    endloop
  endfacet
  facet normal 0 -1 -0
    outer loop
      vertex -4.78393 71.2 -2.71717
      vertex -6.5 71.2 -10.3
      vertex -4.70286 71.2 -2.91289
    endloop
  endfacet
  facet normal 0 -1 -0
    outer loop
      vertex -4.83338 71.2 -2.51119
      vertex -6.5 71.2 -10.3
      vertex -4.78393 71.2 -2.71717
    endloop
  endfacet
  facet normal 0 -1 -0
    outer loop
      vertex -4.85 71.2 -2.3
      vertex -6.5 71.2 -10.3
      vertex -4.83338 71.2 -2.51119
    endloop
  endfacet
  facet normal 0 -1 0
    outer loop
      vertex -4.83338 71.2 -2.08881
      vertex -6.5 71.2 -10.3
      vertex -4.85 71.2 -2.3
    endloop
  endfacet
  facet normal 0 -1 0
    outer loop
      vertex 101 71.2 100
      vertex -6.5 71.2 110
      vertex -3.28881 71.2 106.333
    endloop
  endfacet
  facet normal 0 -1 0
    outer loop
      vertex 179.711 71.2 106.333
      vertex 182.5 71.2 110
      vertex 179.5 71.2 106.35
    endloop
  endfacet
  facet normal 0 -1 0
    outer loop
      vertex 179.917 71.2 106.284
      vertex 182.5 71.2 110
      vertex 179.711 71.2 106.333
    endloop
  endfacet
  facet normal 0 -1 0
    outer loop
      vertex 180.113 71.2 106.203
      vertex 182.5 71.2 110
      vertex 179.917 71.2 106.284
    endloop
  endfacet
  facet normal 0 -1 0
    outer loop
      vertex 180.294 71.2 106.092
      vertex 182.5 71.2 110
      vertex 180.113 71.2 106.203
    endloop
  endfacet
  facet normal 0 -1 0
    outer loop
      vertex 180.455 71.2 105.955
      vertex 182.5 71.2 110
      vertex 180.294 71.2 106.092
    endloop
  endfacet
  facet normal 0 -1 0
    outer loop
      vertex 180.592 71.2 105.794
      vertex 182.5 71.2 110
      vertex 180.455 71.2 105.955
    endloop
  endfacet
  facet normal 0 -1 0
    outer loop
      vertex 180.703 71.2 105.613
      vertex 182.5 71.2 110
      vertex 180.592 71.2 105.794
    endloop
  endfacet
  facet normal 0 -1 0
    outer loop
      vertex 180.784 71.2 105.417
      vertex 182.5 71.2 110
      vertex 180.703 71.2 105.613
    endloop
  endfacet
  facet normal 0 -1 0
    outer loop
      vertex 180.833 71.2 105.211
      vertex 182.5 71.2 110
      vertex 180.784 71.2 105.417
    endloop
  endfacet
  facet normal 0 -1 0
    outer loop
      vertex 180.85 71.2 105
      vertex 182.5 71.2 110
      vertex 180.833 71.2 105.211
    endloop
  endfacet
  facet normal 0 -1 0
    outer loop
      vertex 180.833 71.2 104.789
      vertex 182.5 71.2 110
      vertex 180.85 71.2 105
    endloop
  endfacet
  facet normal 0 -1 0
    outer loop
      vertex 180.784 71.2 104.583
      vertex 182.5 71.2 110
      vertex 180.833 71.2 104.789
    endloop
  endfacet
  facet normal 0 -1 -0
    outer loop
      vertex 178.15 71.2 105
      vertex 129 71.2 99
      vertex 178.167 71.2 104.789
    endloop
  endfacet
  facet normal 0 -1 -0
    outer loop
      vertex 178.167 71.2 104.789
      vertex 129 71.2 99
      vertex 178.216 71.2 104.583
    endloop
  endfacet
  facet normal 0 -1 -0
    outer loop
      vertex 178.216 71.2 104.583
      vertex 129 71.2 99
      vertex 178.297 71.2 104.387
    endloop
  endfacet
  facet normal 0 -1 0
    outer loop
      vertex 129 71.2 86
      vertex 178.297 71.2 104.387
      vertex 129 71.2 99
    endloop
  endfacet
  facet normal 0 -1 -0
    outer loop
      vertex 178.297 71.2 104.387
      vertex 129 71.2 86
      vertex 178.408 71.2 104.206
    endloop
  endfacet
  facet normal 0 -1 -0
    outer loop
      vertex 178.408 71.2 104.206
      vertex 129 71.2 86
      vertex 178.545 71.2 104.045
    endloop
  endfacet
  facet normal 0 -1 -0
    outer loop
      vertex 178.545 71.2 104.045
      vertex 129 71.2 86
      vertex 178.706 71.2 103.908
    endloop
  endfacet
  facet normal 0 -1 0
    outer loop
      vertex 128.924 71.2 85.6173
      vertex 178.706 71.2 103.908
      vertex 129 71.2 86
    endloop
  endfacet
  facet normal 0 -1 -0
    outer loop
      vertex 178.706 71.2 103.908
      vertex 128.924 71.2 85.6173
      vertex 178.887 71.2 103.797
    endloop
  endfacet
  facet normal 0 -1 -0
    outer loop
      vertex 178.887 71.2 103.797
      vertex 128.924 71.2 85.6173
      vertex 179.083 71.2 103.716
    endloop
  endfacet
  facet normal 0 -1 0
    outer loop
      vertex 128.707 71.2 85.2929
      vertex 179.083 71.2 103.716
      vertex 128.924 71.2 85.6173
    endloop
  endfacet
  facet normal 0 -1 -0
    outer loop
      vertex 179.083 71.2 103.716
      vertex 128.707 71.2 85.2929
      vertex 179.289 71.2 103.667
    endloop
  endfacet
  facet normal 0 -1 0
    outer loop
      vertex 179.5 71.2 -0.95
      vertex 179.289 71.2 103.667
      vertex 128.707 71.2 85.2929
    endloop
  endfacet
  facet normal 0 -1 0
    outer loop
      vertex 179.289 71.2 103.667
      vertex 179.5 71.2 -0.95
      vertex 179.5 71.2 103.65
    endloop
  endfacet
  facet normal 0 -1 0
    outer loop
      vertex 179.5 71.2 103.65
      vertex 179.5 71.2 -0.95
      vertex 179.711 71.2 103.667
    endloop
  endfacet
  facet normal 0 -1 0
    outer loop
      vertex 179.5 71.2 -0.95
      vertex 128.707 71.2 85.2929
      vertex 128.383 71.2 85.0761
    endloop
  endfacet
  facet normal 0 -1 0
    outer loop
      vertex 123.5 71.2 85
      vertex 179.5 71.2 -0.95
      vertex 128 71.2 85
    endloop
  endfacet
  facet normal 0 -1 0
    outer loop
      vertex 128 71.2 85
      vertex 179.5 71.2 -0.95
      vertex 128.383 71.2 85.0761
    endloop
  endfacet
  facet normal 0 -1 0
    outer loop
      vertex 179.711 71.2 -0.96662
      vertex 179.711 71.2 103.667
      vertex 179.5 71.2 -0.95
    endloop
  endfacet
  facet normal 0 -1 0
    outer loop
      vertex 179.711 71.2 103.667
      vertex 179.711 71.2 -0.96662
      vertex 179.917 71.2 103.716
    endloop
  endfacet
  facet normal 0 -1 0
    outer loop
      vertex 179.917 71.2 -1.01607
      vertex 179.917 71.2 103.716
      vertex 179.711 71.2 -0.96662
    endloop
  endfacet
  facet normal 0 -1 0
    outer loop
      vertex 179.917 71.2 103.716
      vertex 179.917 71.2 -1.01607
      vertex 180.113 71.2 103.797
    endloop
  endfacet
  facet normal 0 -1 0
    outer loop
      vertex 180.113 71.2 -1.09714
      vertex 180.113 71.2 103.797
      vertex 179.917 71.2 -1.01607
    endloop
  endfacet
  facet normal 0 -1 0
    outer loop
      vertex 180.113 71.2 103.797
      vertex 180.113 71.2 -1.09714
      vertex 180.294 71.2 103.908
    endloop
  endfacet
  facet normal 0 -1 0
    outer loop
      vertex 180.294 71.2 -1.20783
      vertex 180.294 71.2 103.908
      vertex 180.113 71.2 -1.09714
    endloop
  endfacet
  facet normal 0 -1 0
    outer loop
      vertex 180.294 71.2 103.908
      vertex 180.294 71.2 -1.20783
      vertex 180.455 71.2 104.045
    endloop
  endfacet
  facet normal 0 -1 0
    outer loop
      vertex 180.455 71.2 -1.34541
      vertex 180.455 71.2 104.045
      vertex 180.294 71.2 -1.20783
    endloop
  endfacet
  facet normal 0 -1 0
    outer loop
      vertex 180.455 71.2 104.045
      vertex 180.455 71.2 -1.34541
      vertex 180.592 71.2 104.206
    endloop
  endfacet
  facet normal 0 -1 0
    outer loop
      vertex 180.592 71.2 -1.50649
      vertex 180.592 71.2 104.206
      vertex 180.455 71.2 -1.34541
    endloop
  endfacet
  facet normal 0 -1 0
    outer loop
      vertex 180.592 71.2 104.206
      vertex 180.592 71.2 -1.50649
      vertex 180.703 71.2 104.387
    endloop
  endfacet
  facet normal 0 -1 0
    outer loop
      vertex 180.703 71.2 -1.68711
      vertex 180.703 71.2 104.387
      vertex 180.592 71.2 -1.50649
    endloop
  endfacet
  facet normal 0 -1 0
    outer loop
      vertex 180.703 71.2 104.387
      vertex 180.703 71.2 -1.68711
      vertex 180.784 71.2 104.583
    endloop
  endfacet
  facet normal 0 -1 0
    outer loop
      vertex 180.784 71.2 -1.88283
      vertex 180.784 71.2 104.583
      vertex 180.703 71.2 -1.68711
    endloop
  endfacet
  facet normal 0 -1 0
    outer loop
      vertex 180.784 71.2 104.583
      vertex 180.784 71.2 -1.88283
      vertex 182.5 71.2 110
    endloop
  endfacet
  facet normal 0 -1 0
    outer loop
      vertex 180.833 71.2 -2.08881
      vertex 182.5 71.2 110
      vertex 180.784 71.2 -1.88283
    endloop
  endfacet
  facet normal 0 -1 0
    outer loop
      vertex 182.5 71.2 -10.3
      vertex 180.833 71.2 -2.08881
      vertex 180.85 71.2 -2.3
    endloop
  endfacet
  facet normal 0 -1 0
    outer loop
      vertex 180.833 71.2 -2.08881
      vertex 182.5 71.2 -10.3
      vertex 182.5 71.2 110
    endloop
  endfacet
  facet normal 0 -1 0
    outer loop
      vertex 180.833 71.2 -2.51119
      vertex 182.5 71.2 -10.3
      vertex 180.85 71.2 -2.3
    endloop
  endfacet
  facet normal 0 -1 0
    outer loop
      vertex 180.784 71.2 -2.71717
      vertex 182.5 71.2 -10.3
      vertex 180.833 71.2 -2.51119
    endloop
  endfacet
  facet normal 0 -1 0
    outer loop
      vertex 180.703 71.2 -2.91289
      vertex 182.5 71.2 -10.3
      vertex 180.784 71.2 -2.71717
    endloop
  endfacet
  facet normal 0 -1 0
    outer loop
      vertex 180.592 71.2 -3.09351
      vertex 182.5 71.2 -10.3
      vertex 180.703 71.2 -2.91289
    endloop
  endfacet
  facet normal 0 -1 0
    outer loop
      vertex 180.455 71.2 -3.25459
      vertex 182.5 71.2 -10.3
      vertex 180.592 71.2 -3.09351
    endloop
  endfacet
  facet normal 0 -1 0
    outer loop
      vertex 180.294 71.2 -3.39217
      vertex 182.5 71.2 -10.3
      vertex 180.455 71.2 -3.25459
    endloop
  endfacet
  facet normal 0 -1 0
    outer loop
      vertex 180.113 71.2 -3.50286
      vertex 182.5 71.2 -10.3
      vertex 180.294 71.2 -3.39217
    endloop
  endfacet
  facet normal 0 -1 0
    outer loop
      vertex 179.917 71.2 -3.58393
      vertex 182.5 71.2 -10.3
      vertex 180.113 71.2 -3.50286
    endloop
  endfacet
  facet normal 0 -1 0
    outer loop
      vertex 179.711 71.2 -3.63338
      vertex 182.5 71.2 -10.3
      vertex 179.917 71.2 -3.58393
    endloop
  endfacet
  facet normal 0 -1 0
    outer loop
      vertex 179.5 71.2 -3.65
      vertex 182.5 71.2 -10.3
      vertex 179.711 71.2 -3.63338
    endloop
  endfacet
  facet normal 0 -1 0
    outer loop
      vertex 179.289 71.2 -3.63338
      vertex 182.5 71.2 -10.3
      vertex 179.5 71.2 -3.65
    endloop
  endfacet
endsolid OpenSCAD_Model
